country_name,country_code,year,nominal_gdp_usd,is_aggregate
Aruba,ABW,1986,405586592.18,false
Aruba,ABW,1987,487709497.21,false
Aruba,ABW,1988,596648044.69,false
Aruba,ABW,1989,695530726.26,false
Aruba,ABW,1990,764804469.27,false
Aruba,ABW,1991,872067039.11,false
Aruba,ABW,1992,958659217.88,false
Aruba,ABW,1993,1083240223.46,false
Aruba,ABW,1994,1245810055.87,false
Aruba,ABW,1995,1320670391.06,false
Aruba,ABW,1996,1379888268.16,false
Aruba,ABW,1997,1531843575.42,false
Aruba,ABW,1998,1665363128.49,false
Aruba,ABW,1999,1722905027.93,false
Aruba,ABW,2000,1873184357.54,false
Aruba,ABW,2001,1896648044.69,false
Aruba,ABW,2002,1962011173.18,false
Aruba,ABW,2003,2044134078.21,false
Aruba,ABW,2004,2254748603.35,false
Aruba,ABW,2005,2359776536.31,false
Aruba,ABW,2006,2469832402.23,false
Aruba,ABW,2007,2677653631.28,false
Aruba,ABW,2008,2843016759.78,false
Aruba,ABW,2009,2553631284.92,false
Aruba,ABW,2010,2453631284.92,false
Aruba,ABW,2011,2637988826.82,false
Aruba,ABW,2012,2615083798.88,false
Aruba,ABW,2013,2727932960.89,false
Aruba,ABW,2014,2791061452.51,false
Aruba,ABW,2015,2963128491.62,false
Aruba,ABW,2016,2983798882.68,false
Aruba,ABW,2017,3092178770.95,false
Aruba,ABW,2018,3276187709.50,false
Aruba,ABW,2019,3395793854.75,false
Aruba,ABW,2020,2610038938.55,false
Aruba,ABW,2021,3126019385.47,false
Africa Eastern and Southern,AFE,1960,21125015452.20,true
Africa Eastern and Southern,AFE,1961,21616228139.04,true
Africa Eastern and Southern,AFE,1962,23506279899.97,true
Africa Eastern and Southern,AFE,1963,28048360188.28,true
Africa Eastern and Southern,AFE,1964,25920665259.89,true
Africa Eastern and Southern,AFE,1965,29472103269.74,true
Africa Eastern and Southern,AFE,1966,32014368121.37,true
Africa Eastern and Southern,AFE,1967,33269509510.46,true
Africa Eastern and Southern,AFE,1968,36327785494.93,true
Africa Eastern and Southern,AFE,1969,41638967621.00,true
Africa Eastern and Southern,AFE,1970,44629891648.97,true
Africa Eastern and Southern,AFE,1971,49173371528.94,true
Africa Eastern and Southern,AFE,1972,53123459911.65,true
Africa Eastern and Southern,AFE,1973,69482723443.65,true
Africa Eastern and Southern,AFE,1974,85380645042.24,true
Africa Eastern and Southern,AFE,1975,90835426418.48,true
Africa Eastern and Southern,AFE,1976,90212747243.32,true
Africa Eastern and Southern,AFE,1977,102240575582.94,true
Africa Eastern and Southern,AFE,1978,116084638702.25,true
Africa Eastern and Southern,AFE,1979,134256827127.36,true
Africa Eastern and Southern,AFE,1980,171217790780.76,true
Africa Eastern and Southern,AFE,1981,175859256874.36,true
Africa Eastern and Southern,AFE,1982,168095657215.23,true
Africa Eastern and Southern,AFE,1983,175564912386.05,true
Africa Eastern and Southern,AFE,1984,160646748724.36,true
Africa Eastern and Southern,AFE,1985,136759437909.95,true
Africa Eastern and Southern,AFE,1986,153050335915.69,true
Africa Eastern and Southern,AFE,1987,186658478814.26,true
Africa Eastern and Southern,AFE,1988,204765985926.28,true
Africa Eastern and Southern,AFE,1989,218241607366.27,true
Africa Eastern and Southern,AFE,1990,254062093241.87,true
Africa Eastern and Southern,AFE,1991,276856728335.50,true
Africa Eastern and Southern,AFE,1992,246088124935.72,true
Africa Eastern and Southern,AFE,1993,242926405780.19,true
Africa Eastern and Southern,AFE,1994,239610677916.95,true
Africa Eastern and Southern,AFE,1995,270327154574.64,true
Africa Eastern and Southern,AFE,1996,269490833464.82,true
Africa Eastern and Southern,AFE,1997,283446224788.41,true
Africa Eastern and Southern,AFE,1998,266652333830.51,true
Africa Eastern and Southern,AFE,1999,263024788889.79,true
Africa Eastern and Southern,AFE,2000,284759318602.87,true
Africa Eastern and Southern,AFE,2001,259643121973.10,true
Africa Eastern and Southern,AFE,2002,266529432166.38,true
Africa Eastern and Southern,AFE,2003,354176768091.41,true
Africa Eastern and Southern,AFE,2004,440481795990.95,true
Africa Eastern and Southern,AFE,2005,513941625353.73,true
Africa Eastern and Southern,AFE,2006,577586931666.75,true
Africa Eastern and Southern,AFE,2007,662868036074.35,true
Africa Eastern and Southern,AFE,2008,710536227816.54,true
Africa Eastern and Southern,AFE,2009,721901168421.28,true
Africa Eastern and Southern,AFE,2010,863519541417.77,true
Africa Eastern and Southern,AFE,2011,967824566958.79,true
Africa Eastern and Southern,AFE,2012,975354777362.37,true
Africa Eastern and Southern,AFE,2013,985987130726.70,true
Africa Eastern and Southern,AFE,2014,1006526390112.83,true
Africa Eastern and Southern,AFE,2015,927348469903.12,true
Africa Eastern and Southern,AFE,2016,885176429223.51,true
Africa Eastern and Southern,AFE,2017,1021043200767.01,true
Africa Eastern and Southern,AFE,2018,1007196197587.41,true
Africa Eastern and Southern,AFE,2019,1000834077088.55,true
Africa Eastern and Southern,AFE,2020,927593321647.66,true
Africa Eastern and Southern,AFE,2021,1081998139192.47,true
Africa Eastern and Southern,AFE,2022,1169483734191.46,true
Afghanistan,AFG,1960,537777811.11,false
Afghanistan,AFG,1961,548888895.56,false
Afghanistan,AFG,1962,546666677.78,false
Afghanistan,AFG,1963,751111191.11,false
Afghanistan,AFG,1964,800000044.44,false
Afghanistan,AFG,1965,1006666637.78,false
Afghanistan,AFG,1966,1399999966.67,false
Afghanistan,AFG,1967,1673333417.78,false
Afghanistan,AFG,1968,1373333366.67,false
Afghanistan,AFG,1969,1408888922.22,false
Afghanistan,AFG,1970,1748886595.56,false
Afghanistan,AFG,1971,1831108971.11,false
Afghanistan,AFG,1972,1595555475.56,false
Afghanistan,AFG,1973,1733333264.44,false
Afghanistan,AFG,1974,2155555497.78,false
Afghanistan,AFG,1975,2366666615.56,false
Afghanistan,AFG,1976,2555555566.67,false
Afghanistan,AFG,1977,2953333417.78,false
Afghanistan,AFG,1978,3300000108.89,false
Afghanistan,AFG,1979,3697940409.61,false
Afghanistan,AFG,1980,3641723322.00,false
Afghanistan,AFG,1981,3478787909.09,false
Afghanistan,AFG,2002,3854235264.37,false
Afghanistan,AFG,2003,4539496562.95,false
Afghanistan,AFG,2004,5220825048.65,false
Afghanistan,AFG,2005,6226198934.83,false
Afghanistan,AFG,2006,6971383338.71,false
Afghanistan,AFG,2007,9715765105.48,false
Afghanistan,AFG,2008,10249770318.57,false
Afghanistan,AFG,2009,12154835707.90,false
Afghanistan,AFG,2010,15633843661.81,false
Afghanistan,AFG,2011,18190413831.90,false
Afghanistan,AFG,2012,20203572959.50,false
Afghanistan,AFG,2013,20564485419.17,false
Afghanistan,AFG,2014,20550582746.84,false
Afghanistan,AFG,2015,19998143635.87,false
Afghanistan,AFG,2016,18019554403.45,false
Afghanistan,AFG,2017,18896353155.88,false
Afghanistan,AFG,2018,18418860354.42,false
Afghanistan,AFG,2019,18904502222.21,false
Afghanistan,AFG,2020,20143451705.75,false
Afghanistan,AFG,2021,14583135236.57,false
Africa Western and Central,AFW,1960,10447637852.92,true
Africa Western and Central,AFW,1961,11173212080.39,true
Africa Western and Central,AFW,1962,11990534017.87,true
Africa Western and Central,AFW,1963,12727688165.45,true
Africa Western and Central,AFW,1964,13898109284.02,true
Africa Western and Central,AFW,1965,14929792387.52,true
Africa Western and Central,AFW,1966,15910837741.97,true
Africa Western and Central,AFW,1967,14510579888.72,true
Africa Western and Central,AFW,1968,14968235781.96,true
Africa Western and Central,AFW,1969,16979315745.39,true
Africa Western and Central,AFW,1970,23596163865.32,true
Africa Western and Central,AFW,1971,20936358634.33,true
Africa Western and Central,AFW,1972,25386169423.28,true
Africa Western and Central,AFW,1973,31975594564.71,true
Africa Western and Central,AFW,1974,44416677334.57,true
Africa Western and Central,AFW,1975,51667190241.55,true
Africa Western and Central,AFW,1976,62351622299.61,true
Africa Western and Central,AFW,1977,65595122955.59,true
Africa Western and Central,AFW,1978,71496496574.33,true
Africa Western and Central,AFW,1979,88948338390.39,true
Africa Western and Central,AFW,1980,112439126385.11,true
Africa Western and Central,AFW,1981,211338060014.60,true
Africa Western and Central,AFW,1982,187448724919.93,true
Africa Western and Central,AFW,1983,138384182006.55,true
Africa Western and Central,AFW,1984,114516348920.80,true
Africa Western and Central,AFW,1985,116776995132.66,true
Africa Western and Central,AFW,1986,107886511308.92,true
Africa Western and Central,AFW,1987,110728825941.60,true
Africa Western and Central,AFW,1988,109438851253.75,true
Africa Western and Central,AFW,1989,102254998562.58,true
Africa Western and Central,AFW,1990,122387353859.46,true
Africa Western and Central,AFW,1991,118039698015.64,true
Africa Western and Central,AFW,1992,118893094121.79,true
Africa Western and Central,AFW,1993,99272180411.25,true
Africa Western and Central,AFW,1994,86636400265.84,true
Africa Western and Central,AFW,1995,108690885030.36,true
Africa Western and Central,AFW,1996,126287285162.71,true
Africa Western and Central,AFW,1997,127602388366.02,true
Africa Western and Central,AFW,1998,130678128885.18,true
Africa Western and Central,AFW,1999,138085971819.81,true
Africa Western and Central,AFW,2000,140945759313.81,true
Africa Western and Central,AFW,2001,148529518712.34,true
Africa Western and Central,AFW,2002,177201164643.36,true
Africa Western and Central,AFW,2003,205214466071.12,true
Africa Western and Central,AFW,2004,254264799898.51,true
Africa Western and Central,AFW,2005,310889578636.23,true
Africa Western and Central,AFW,2006,396921040009.47,true
Africa Western and Central,AFW,2007,465485534968.54,true
Africa Western and Central,AFW,2008,567791156729.13,true
Africa Western and Central,AFW,2009,508362731366.63,true
Africa Western and Central,AFW,2010,598521555565.84,true
Africa Western and Central,AFW,2011,682015858791.68,true
Africa Western and Central,AFW,2012,737589473577.07,true
Africa Western and Central,AFW,2013,833948054767.44,true
Africa Western and Central,AFW,2014,894322482190.28,true
Africa Western and Central,AFW,2015,768644740597.12,true
Africa Western and Central,AFW,2016,691363412188.46,true
Africa Western and Central,AFW,2017,684898755570.72,true
Africa Western and Central,AFW,2018,767025741475.04,true
Africa Western and Central,AFW,2019,822538393591.45,true
Africa Western and Central,AFW,2020,786460035395.03,true
Africa Western and Central,AFW,2021,844459722152.99,true
Africa Western and Central,AFW,2022,877863284874.07,true
Angola,AGO,1980,5930503400.96,false
Angola,AGO,1981,5550483035.96,false
Angola,AGO,1982,5550483035.96,false
Angola,AGO,1983,5784341596.36,false
Angola,AGO,1984,6131475065.18,false
Angola,AGO,1985,7554065410.12,false
Angola,AGO,1986,7072536108.70,false
Angola,AGO,1987,8084412414.27,false
Angola,AGO,1988,8769836768.83,false
Angola,AGO,1989,10201780976.67,false
Angola,AGO,1990,11229515599.30,false
Angola,AGO,1991,12704558516.59,false
Angola,AGO,1992,15114352005.30,false
Angola,AGO,1993,11051939101.56,false
Angola,AGO,1994,3390500000.00,false
Angola,AGO,1995,5561222222.22,false
Angola,AGO,1996,7526963963.96,false
Angola,AGO,1997,7648377412.83,false
Angola,AGO,1998,6506229607.29,false
Angola,AGO,1999,6152922942.98,false
Angola,AGO,2000,9129594818.61,false
Angola,AGO,2001,8936079252.77,false
Angola,AGO,2002,15285592487.42,false
Angola,AGO,2003,17812704626.23,false
Angola,AGO,2004,23552057820.46,false
Angola,AGO,2005,36970901025.20,false
Angola,AGO,2006,52381025105.22,false
Angola,AGO,2007,65266415706.97,false
Angola,AGO,2008,88538664888.20,false
Angola,AGO,2009,70307196477.08,false
Angola,AGO,2010,81699526880.81,false
Angola,AGO,2011,109436566876.42,false
Angola,AGO,2012,124998210652.24,false
Angola,AGO,2013,133401582620.49,false
Angola,AGO,2014,137244439121.37,false
Angola,AGO,2015,87219300384.51,false
Angola,AGO,2016,49840491178.15,false
Angola,AGO,2017,68972769395.63,false
Angola,AGO,2018,77792944471.95,false
Angola,AGO,2019,69309110145.77,false
Angola,AGO,2020,50241368243.63,false
Angola,AGO,2021,65685435100.50,false
Angola,AGO,2022,106713618735.43,false
Albania,ALB,1984,1857338011.85,false
Albania,ALB,1985,1897050133.42,false
Albania,ALB,1986,2097326250.00,false
Albania,ALB,1987,2080796250.00,false
Albania,ALB,1988,2051236250.00,false
Albania,ALB,1989,2253090000.00,false
Albania,ALB,1990,2028553750.00,false
Albania,ALB,1991,1099559027.78,false
Albania,ALB,1992,652174990.84,false
Albania,ALB,1993,1185315468.46,false
Albania,ALB,1994,1880950857.79,false
Albania,ALB,1995,2392764853.42,false
Albania,ALB,1996,3199640825.62,false
Albania,ALB,1997,2258513974.10,false
Albania,ALB,1998,2545964540.88,false
Albania,ALB,1999,3212121650.98,false
Albania,ALB,2000,3480355258.04,false
Albania,ALB,2001,3922100793.54,false
Albania,ALB,2002,4348068242.20,false
Albania,ALB,2003,5611496257.14,false
Albania,ALB,2004,7184685781.52,false
Albania,ALB,2005,8052077209.37,false
Albania,ALB,2006,8896074996.36,false
Albania,ALB,2007,10677324872.83,false
Albania,ALB,2008,12881352878.25,false
Albania,ALB,2009,12044205572.43,false
Albania,ALB,2010,11926926654.05,false
Albania,ALB,2011,12890760272.56,false
Albania,ALB,2012,12319834233.29,false
Albania,ALB,2013,12776224537.27,false
Albania,ALB,2014,13228147516.12,false
Albania,ALB,2015,11386853143.15,false
Albania,ALB,2016,11861199830.84,false
Albania,ALB,2017,13019726211.74,false
Albania,ALB,2018,15156424061.98,false
Albania,ALB,2019,15401826080.52,false
Albania,ALB,2020,15162734205.25,false
Albania,ALB,2021,17930565118.82,false
Albania,ALB,2022,18882095517.88,false
Andorra,AND,1970,78617622.62,false
Andorra,AND,1971,89406587.66,false
Andorra,AND,1972,113414399.18,false
Andorra,AND,1973,150841573.45,false
Andorra,AND,1974,186557164.01,false
Andorra,AND,1975,220112879.76,false
Andorra,AND,1976,227284061.47,false
Andorra,AND,1977,253998001.24,false
Andorra,AND,1978,308020288.91,false
Andorra,AND,1979,411548365.74,false
Andorra,AND,1980,446377571.46,false
Andorra,AND,1981,388982990.47,false
Andorra,AND,1982,375914806.53,false
Andorra,AND,1983,327849981.48,false
Andorra,AND,1984,330073057.02,false
Andorra,AND,1985,346742876.30,false
Andorra,AND,1986,481996191.30,false
Andorra,AND,1987,611300147.25,false
Andorra,AND,1988,721425971.77,false
Andorra,AND,1989,795489464.03,false
Andorra,AND,1990,1028989393.70,false
Andorra,AND,1991,1106891024.79,false
Andorra,AND,1992,1209992649.57,false
Andorra,AND,1993,1007090915.06,false
Andorra,AND,1994,1017544675.50,false
Andorra,AND,1995,1178745314.33,false
Andorra,AND,1996,1224023415.65,false
Andorra,AND,1997,1180646068.29,false
Andorra,AND,1998,1211953953.56,false
Andorra,AND,1999,1239840269.72,false
Andorra,AND,2000,1429048105.67,false
Andorra,AND,2001,1546912331.88,false
Andorra,AND,2002,1755989899.30,false
Andorra,AND,2003,2361635782.06,false
Andorra,AND,2004,2895047587.12,false
Andorra,AND,2005,3159826891.51,false
Andorra,AND,2006,3456265061.72,false
Andorra,AND,2007,3952397734.85,false
Andorra,AND,2008,4085781938.52,false
Andorra,AND,2009,3674188228.95,false
Andorra,AND,2010,3449925738.83,false
Andorra,AND,2011,3629133574.51,false
Andorra,AND,2012,3188652765.29,false
Andorra,AND,2013,3193512950.02,false
Andorra,AND,2014,3271685596.52,false
Andorra,AND,2015,2789881258.61,false
Andorra,AND,2016,2896610479.87,false
Andorra,AND,2017,3000162081.22,false
Andorra,AND,2018,3218419896.93,false
Andorra,AND,2019,3155149347.92,false
Andorra,AND,2020,2891001149.40,false
Andorra,AND,2021,3325145406.77,false
Andorra,AND,2022,3352032737.04,false
Arab World,ARB,1968,34715404210.85,true
Arab World,ARB,1969,37827652252.00,true
Arab World,ARB,1970,42768536550.70,true
Arab World,ARB,1971,49428519673.46,true
Arab World,ARB,1972,58935857748.53,true
Arab World,ARB,1973,74780454402.09,true
Arab World,ARB,1974,142137633612.98,true
Arab World,ARB,1975,157069227730.64,true
Arab World,ARB,1976,195513756716.27,true
Arab World,ARB,1977,225676459936.30,true
Arab World,ARB,1978,249608263403.05,true
Arab World,ARB,1979,337961752414.98,true
Arab World,ARB,1980,459804598569.46,true
Arab World,ARB,1981,474812142540.10,true
Arab World,ARB,1982,444575870914.34,true
Arab World,ARB,1983,418462069813.76,true
Arab World,ARB,1984,425899415741.84,true
Arab World,ARB,1985,419485435098.32,true
Arab World,ARB,1986,406982702169.50,true
Arab World,ARB,1987,440607629311.65,true
Arab World,ARB,1988,424896194402.90,true
Arab World,ARB,1989,455822667744.98,true
Arab World,ARB,1990,644062569659.78,true
Arab World,ARB,1991,471800078473.11,true
Arab World,ARB,1992,473811268023.86,true
Arab World,ARB,1993,482764256146.68,true
Arab World,ARB,1994,507764942792.86,true
Arab World,ARB,1995,556046395850.07,true
Arab World,ARB,1996,614186085021.48,true
Arab World,ARB,1997,662308062161.07,true
Arab World,ARB,1998,649192024190.98,true
Arab World,ARB,1999,717469440493.50,true
Arab World,ARB,2000,820185610129.24,true
Arab World,ARB,2001,802881110720.16,true
Arab World,ARB,2002,807961558719.85,true
Arab World,ARB,2003,893818030124.46,true
Arab World,ARB,2004,1062736962989.39,true
Arab World,ARB,2005,1304401465632.94,true
Arab World,ARB,2006,1545539138979.41,true
Arab World,ARB,2007,1797932187931.83,true
Arab World,ARB,2008,2263028942886.32,true
Arab World,ARB,2009,1987053424430.17,true
Arab World,ARB,2010,2334637959849.48,true
Arab World,ARB,2011,2555979378991.65,true
Arab World,ARB,2012,2801697577805.59,true
Arab World,ARB,2013,2859669252729.58,true
Arab World,ARB,2014,2905732745187.01,true
Arab World,ARB,2015,2554156134622.59,true
Arab World,ARB,2016,2537536661584.81,true
Arab World,ARB,2017,2637111521998.13,true
Arab World,ARB,2018,2843476105063.80,true
Arab World,ARB,2019,2868890920845.12,true
Arab World,ARB,2020,2533377484136.87,true
Arab World,ARB,2021,2928455523439.88,true
Arab World,ARB,2022,3557557256270.59,true
United Arab Emirates,ARE,1975,14720728252.25,false
United Arab Emirates,ARE,1976,19213156353.50,false
United Arab Emirates,ARE,1977,24871775164.60,false
United Arab Emirates,ARE,1978,23775765254.44,false
United Arab Emirates,ARE,1979,31225660993.10,false
United Arab Emirates,ARE,1980,43599160062.09,false
United Arab Emirates,ARE,1981,49333424148.55,false
United Arab Emirates,ARE,1982,46622718617.98,false
United Arab Emirates,ARE,1983,42803323356.80,false
United Arab Emirates,ARE,1984,41807954240.65,false
United Arab Emirates,ARE,1985,40603650231.54,false
United Arab Emirates,ARE,1986,33943612094.80,false
United Arab Emirates,ARE,1987,36384908744.21,false
United Arab Emirates,ARE,1988,36275674203.21,false
United Arab Emirates,ARE,1989,41464995913.92,false
United Arab Emirates,ARE,1990,50701443748.30,false
United Arab Emirates,ARE,1991,51552165622.45,false
United Arab Emirates,ARE,1992,54239171887.77,false
United Arab Emirates,ARE,1993,55625170253.34,false
United Arab Emirates,ARE,1994,59305093979.84,false
United Arab Emirates,ARE,1995,65743666575.86,false
United Arab Emirates,ARE,1996,73571233996.19,false
United Arab Emirates,ARE,1997,78839008444.57,false
United Arab Emirates,ARE,1998,75674336283.19,false
United Arab Emirates,ARE,1999,84445473110.96,false
United Arab Emirates,ARE,2000,104337372362.15,false
United Arab Emirates,ARE,2001,103311640571.82,false
United Arab Emirates,ARE,2002,109816201497.62,false
United Arab Emirates,ARE,2003,124346358066.71,false
United Arab Emirates,ARE,2004,147824370319.95,false
United Arab Emirates,ARE,2005,180617467964.60,false
United Arab Emirates,ARE,2006,222116541865.21,false
United Arab Emirates,ARE,2007,257916133424.10,false
United Arab Emirates,ARE,2008,315474615738.60,false
United Arab Emirates,ARE,2009,253547358747.45,false
United Arab Emirates,ARE,2010,289787452661.68,false
United Arab Emirates,ARE,2011,350666058379.85,false
United Arab Emirates,ARE,2012,384610125391.42,false
United Arab Emirates,ARE,2013,400218529748.13,false
United Arab Emirates,ARE,2014,414105366752.89,false
United Arab Emirates,ARE,2015,370275469571.14,false
United Arab Emirates,ARE,2016,369255326235.53,false
United Arab Emirates,ARE,2017,390516804029.95,false
United Arab Emirates,ARE,2018,427049432157.93,false
United Arab Emirates,ARE,2019,417989721742.68,false
United Arab Emirates,ARE,2020,349473015330.16,false
United Arab Emirates,ARE,2021,415021590687.54,false
United Arab Emirates,ARE,2022,507534921715.45,false
Argentina,ARG,1962,24450604877.61,false
Argentina,ARG,1963,18272123664.47,false
Argentina,ARG,1964,25605249381.76,false
Argentina,ARG,1965,28344705966.64,false
Argentina,ARG,1966,28630474727.90,false
Argentina,ARG,1967,24256667553.26,false
Argentina,ARG,1968,26436857247.50,false
Argentina,ARG,1969,31256284543.62,false
Argentina,ARG,1970,31584210365.54,false
Argentina,ARG,1971,33293199095.49,false
Argentina,ARG,1972,34733000536.29,false
Argentina,ARG,1973,52544000116.90,false
Argentina,ARG,1974,72436777342.46,false
Argentina,ARG,1975,52438647921.92,false
Argentina,ARG,1976,51169499892.17,false
Argentina,ARG,1977,56781000101.08,false
Argentina,ARG,1978,89049453088.33,false
Argentina,ARG,1979,69252328951.64,false
Argentina,ARG,1980,76961923741.07,false
Argentina,ARG,1981,78676842366.55,false
Argentina,ARG,1982,84307486836.72,false
Argentina,ARG,1983,103979106777.91,false
Argentina,ARG,1984,116915052107.03,false
Argentina,ARG,1985,88150891728.11,false
Argentina,ARG,1986,105872372613.86,false
Argentina,ARG,1987,108810885301.25,false
Argentina,ARG,1988,126890235049.09,false
Argentina,ARG,1989,76629728760.12,false
Argentina,ARG,1990,141352630146.73,false
Argentina,ARG,1991,189719984268.48,false
Argentina,ARG,1992,228778994288.21,false
Argentina,ARG,1993,236741715015.02,false
Argentina,ARG,1994,257440000000.00,false
Argentina,ARG,1995,258031750000.00,false
Argentina,ARG,1996,272149750000.00,false
Argentina,ARG,1997,292859000000.00,false
Argentina,ARG,1998,298948250000.00,false
Argentina,ARG,1999,283523000000.00,false
Argentina,ARG,2000,284203750000.00,false
Argentina,ARG,2001,268696750000.00,false
Argentina,ARG,2002,97724004251.86,false
Argentina,ARG,2003,127586973492.18,false
Argentina,ARG,2004,164657930452.79,false
Argentina,ARG,2005,198737095012.28,false
Argentina,ARG,2006,232557260817.31,false
Argentina,ARG,2007,287530508430.57,false
Argentina,ARG,2008,361558037110.42,false
Argentina,ARG,2009,332976484577.62,false
Argentina,ARG,2010,423627422092.49,false
Argentina,ARG,2011,530158176673.79,false
Argentina,ARG,2012,545982375701.13,false
Argentina,ARG,2013,552025140252.25,false
Argentina,ARG,2014,526319673731.64,false
Argentina,ARG,2015,594749285413.21,false
Argentina,ARG,2016,557532317363.45,false
Argentina,ARG,2017,643628396190.39,false
Argentina,ARG,2018,524819898586.91,false
Argentina,ARG,2019,447754686715.08,false
Argentina,ARG,2020,385540406815.60,false
Argentina,ARG,2021,487227125385.64,false
Argentina,ARG,2022,632770284408.51,false
Armenia,ARM,1990,2256838857.61,false
Armenia,ARM,1991,2069870129.87,false
Armenia,ARM,1992,1272835453.43,false
Armenia,ARM,1993,1201312829.28,false
Armenia,ARM,1994,1315158636.68,false
Armenia,ARM,1995,1468317435.20,false
Armenia,ARM,1996,1596968946.24,false
Armenia,ARM,1997,1639492444.76,false
Armenia,ARM,1998,1893726437.26,false
Armenia,ARM,1999,1845482173.03,false
Armenia,ARM,2000,1911563668.85,false
Armenia,ARM,2001,2118467913.38,false
Armenia,ARM,2002,2376335048.40,false
Armenia,ARM,2003,2807061008.69,false
Armenia,ARM,2004,3576615240.42,false
Armenia,ARM,2005,4900469515.07,false
Armenia,ARM,2006,6384452070.74,false
Armenia,ARM,2007,9206301264.18,false
Armenia,ARM,2008,11662040703.89,false
Armenia,ARM,2009,8647937090.63,false
Armenia,ARM,2010,9260285762.10,false
Armenia,ARM,2011,10142111812.37,false
Armenia,ARM,2012,10619320692.81,false
Armenia,ARM,2013,11121464429.70,false
Armenia,ARM,2014,11609513241.08,false
Armenia,ARM,2015,10553337527.77,false
Armenia,ARM,2016,10546136240.40,false
Armenia,ARM,2017,11527458712.62,false
Armenia,ARM,2018,12457940705.31,false
Armenia,ARM,2019,13619290545.81,false
Armenia,ARM,2020,12641698593.79,false
Armenia,ARM,2021,13861409968.84,false
Armenia,ARM,2022,19502783987.88,false
American Samoa,ASM,2002,512000000.00,false
American Samoa,ASM,2003,524000000.00,false
American Samoa,ASM,2004,509000000.00,false
American Samoa,ASM,2005,500000000.00,false
American Samoa,ASM,2006,493000000.00,false
American Samoa,ASM,2007,518000000.00,false
American Samoa,ASM,2008,560000000.00,false
American Samoa,ASM,2009,675000000.00,false
American Samoa,ASM,2010,573000000.00,false
American Samoa,ASM,2011,570000000.00,false
American Samoa,ASM,2012,640000000.00,false
American Samoa,ASM,2013,638000000.00,false
American Samoa,ASM,2014,643000000.00,false
American Samoa,ASM,2015,673000000.00,false
American Samoa,ASM,2016,671000000.00,false
American Samoa,ASM,2017,612000000.00,false
American Samoa,ASM,2018,639000000.00,false
American Samoa,ASM,2019,647000000.00,false
American Samoa,ASM,2020,716000000.00,false
American Samoa,ASM,2021,709000000.00,false
Antigua and Barbuda,ATG,1977,77496753.70,false
Antigua and Barbuda,ATG,1978,87879341.48,false
Antigua and Barbuda,ATG,1979,109079978.89,false
Antigua and Barbuda,ATG,1980,131431026.67,false
Antigua and Barbuda,ATG,1981,147841734.44,false
Antigua and Barbuda,ATG,1982,164369278.89,false
Antigua and Barbuda,ATG,1983,182144092.96,false
Antigua and Barbuda,ATG,1984,208372846.30,false
Antigua and Barbuda,ATG,1985,240923924.81,false
Antigua and Barbuda,ATG,1986,290440140.74,false
Antigua and Barbuda,ATG,1987,337174861.85,false
Antigua and Barbuda,ATG,1988,398637727.78,false
Antigua and Barbuda,ATG,1989,438794788.52,false
Antigua and Barbuda,ATG,1990,459470370.37,false
Antigua and Barbuda,ATG,1991,481707407.41,false
Antigua and Barbuda,ATG,1992,499281481.48,false
Antigua and Barbuda,ATG,1993,535174074.07,false
Antigua and Barbuda,ATG,1994,589429629.63,false
Antigua and Barbuda,ATG,1995,577281481.48,false
Antigua and Barbuda,ATG,1996,633729629.63,false
Antigua and Barbuda,ATG,1997,680618518.52,false
Antigua and Barbuda,ATG,1998,727859259.26,false
Antigua and Barbuda,ATG,1999,766200000.00,false
Antigua and Barbuda,ATG,2000,826370370.37,false
Antigua and Barbuda,ATG,2001,800481481.48,false
Antigua and Barbuda,ATG,2002,814381481.48,false
Antigua and Barbuda,ATG,2003,856396296.30,false
Antigua and Barbuda,ATG,2004,919729629.63,false
Antigua and Barbuda,ATG,2005,1022962962.96,false
Antigua and Barbuda,ATG,2006,1157662962.96,false
Antigua and Barbuda,ATG,2007,1312759259.26,false
Antigua and Barbuda,ATG,2008,1370070370.37,false
Antigua and Barbuda,ATG,2009,1228329629.63,false
Antigua and Barbuda,ATG,2010,1148700000.00,false
Antigua and Barbuda,ATG,2011,1137637037.04,false
Antigua and Barbuda,ATG,2012,1199948148.15,false
Antigua and Barbuda,ATG,2013,1181448148.15,false
Antigua and Barbuda,ATG,2014,1249733333.33,false
Antigua and Barbuda,ATG,2015,1336692592.59,false
Antigua and Barbuda,ATG,2016,1436585185.19,false
Antigua and Barbuda,ATG,2017,1467955555.56,false
Antigua and Barbuda,ATG,2018,1604770370.37,false
Antigua and Barbuda,ATG,2019,1675403703.70,false
Antigua and Barbuda,ATG,2020,1416348148.15,false
Antigua and Barbuda,ATG,2021,1560518518.52,false
Antigua and Barbuda,ATG,2022,1757603703.70,false
Australia,AUS,1960,18606562979.28,false
Australia,AUS,1961,19682883151.62,false
Australia,AUS,1962,19922563190.00,false
Australia,AUS,1963,21539843448.96,false
Australia,AUS,1964,23801123811.04,false
Australia,AUS,1965,25976164159.30,false
Australia,AUS,1966,27307844372.53,false
Australia,AUS,1967,30442724874.49,false
Australia,AUS,1968,32714085238.18,false
Australia,AUS,1969,36683365873.74,false
Australia,AUS,1970,41333606618.34,false
Australia,AUS,1971,45216647240.09,false
Australia,AUS,1972,52042056074.77,false
Australia,AUS,1973,63832158872.52,false
Australia,AUS,1974,88963890935.89,false
Australia,AUS,1975,97304383449.41,false
Australia,AUS,1976,105060650224.27,false
Australia,AUS,1977,110350997935.31,false
Australia,AUS,1978,118491577918.81,false
Australia,AUS,1979,134898330114.73,false
Australia,AUS,1980,149984401114.21,false
Australia,AUS,1981,176891907581.56,false
Australia,AUS,1982,194037294494.10,false
Australia,AUS,1983,177263464407.83,false
Australia,AUS,1984,193517245510.16,false
Australia,AUS,1985,180634851530.18,false
Australia,AUS,1986,182472020145.50,false
Australia,AUS,1987,189487824245.63,false
Australia,AUS,1988,236152526238.56,false
Australia,AUS,1989,299875825286.86,false
Australia,AUS,1990,311430632641.09,false
Australia,AUS,1991,325981640935.42,false
Australia,AUS,1992,325532426233.23,false
Australia,AUS,1993,312138139404.16,false
Australia,AUS,1994,322809408509.17,false
Australia,AUS,1995,368140778140.78,false
Australia,AUS,1996,401310823652.74,false
Australia,AUS,1997,435613768959.97,false
Australia,AUS,1998,399660855999.46,false
Australia,AUS,1999,389389647825.54,false
Australia,AUS,2000,415844972940.50,false
Australia,AUS,2001,379357823192.53,false
Australia,AUS,2002,395573025330.45,false
Australia,AUS,2003,467497961560.86,false
Australia,AUS,2004,614326362213.69,false
Australia,AUS,2005,695305000206.73,false
Australia,AUS,2006,747907432136.60,false
Australia,AUS,2007,854427259166.21,false
Australia,AUS,2008,1055686110665.53,false
Australia,AUS,2009,928629769751.88,false
Australia,AUS,2010,1148569537284.62,false
Australia,AUS,2011,1398456161407.85,false
Australia,AUS,2012,1546952690139.99,false
Australia,AUS,2013,1576329690003.93,false
Australia,AUS,2014,1467589901175.46,false
Australia,AUS,2015,1350580336316.75,false
Australia,AUS,2016,1206562910556.58,false
Australia,AUS,2017,1326467487376.42,false
Australia,AUS,2018,1428266513154.48,false
Australia,AUS,2019,1392218527563.26,false
Australia,AUS,2020,1326944627876.87,false
Australia,AUS,2021,1552703151616.01,false
Australia,AUS,2022,1675418665067.09,false
Austria,AUT,1960,6592693841.18,false
Austria,AUT,1961,7311749633.36,false
Austria,AUT,1962,7756110210.12,false
Austria,AUT,1963,8374175257.73,false
Austria,AUT,1964,9169983885.71,false
Austria,AUT,1965,9994070615.86,false
Austria,AUT,1966,10887682273.10,false
Austria,AUT,1967,11579431668.92,false
Austria,AUT,1968,12440625312.87,false
Austria,AUT,1969,13582798556.24,false
Austria,AUT,1970,15373005557.03,false
Austria,AUT,1971,17858486066.75,false
Austria,AUT,1972,22059612476.93,false
Austria,AUT,1973,29515467706.80,false
Austria,AUT,1974,35189299911.66,false
Austria,AUT,1975,40059206763.06,false
Austria,AUT,1976,42959976221.52,false
Austria,AUT,1977,51545758887.69,false
Austria,AUT,1978,62052259073.25,false
Austria,AUT,1979,73937296963.46,false
Austria,AUT,1980,82058912997.23,false
Austria,AUT,1981,71034228443.06,false
Austria,AUT,1982,71275287569.57,false
Austria,AUT,1983,72121016546.65,false
Austria,AUT,1984,67985344886.87,false
Austria,AUT,1985,69386774408.09,false
Austria,AUT,1986,99036164939.16,false
Austria,AUT,1987,124168442533.74,false
Austria,AUT,1988,133339397080.13,false
Austria,AUT,1989,133105805512.22,false
Austria,AUT,1990,166463386179.35,false
Austria,AUT,1991,173794177961.11,false
Austria,AUT,1992,195078126721.76,false
Austria,AUT,1993,190379720809.18,false
Austria,AUT,1994,203535242741.84,false
Austria,AUT,1995,241038283062.64,false
Austria,AUT,1996,237250948791.27,false
Austria,AUT,1997,212790348404.56,false
Austria,AUT,1998,218259904401.96,false
Austria,AUT,1999,217259147049.95,false
Austria,AUT,2000,197289625479.91,false
Austria,AUT,2001,197508773215.32,false
Austria,AUT,2002,214394866675.24,false
Austria,AUT,2003,262273631180.05,false
Austria,AUT,2004,301457562038.54,false
Austria,AUT,2005,316092273276.02,false
Austria,AUT,2006,336280064332.41,false
Austria,AUT,2007,389185571506.05,false
Austria,AUT,2008,432051935642.94,false
Austria,AUT,2009,401758735822.21,false
Austria,AUT,2010,392275107258.68,false
Austria,AUT,2011,431685217367.51,false
Austria,AUT,2012,409401816050.53,false
Austria,AUT,2013,430190979705.96,false
Austria,AUT,2014,442584815286.03,false
Austria,AUT,2015,381971148530.54,false
Austria,AUT,2016,395837353031.51,false
Austria,AUT,2017,417261151844.98,false
Austria,AUT,2018,454991174096.09,false
Austria,AUT,2019,444621176100.54,false
Austria,AUT,2020,435225238000.43,false
Austria,AUT,2021,480368403893.36,false
Austria,AUT,2022,471400066091.25,false
Azerbaijan,AZE,1990,8858006042.30,false
Azerbaijan,AZE,1991,5344000000.00,false
Azerbaijan,AZE,1992,444658671.59,false
Azerbaijan,AZE,1993,1570392598.15,false
Azerbaijan,AZE,1994,1193141110.35,false
Azerbaijan,AZE,1995,2417332562.22,false
Azerbaijan,AZE,1996,3176507991.74,false
Azerbaijan,AZE,1997,3962362387.48,false
Azerbaijan,AZE,1998,4446370371.15,false
Azerbaijan,AZE,1999,4581246713.32,false
Azerbaijan,AZE,2000,5272617196.05,false
Azerbaijan,AZE,2001,5707618246.57,false
Azerbaijan,AZE,2002,6236086669.18,false
Azerbaijan,AZE,2003,7276413079.11,false
Azerbaijan,AZE,2004,8680410157.57,false
Azerbaijan,AZE,2005,13245421880.83,false
Azerbaijan,AZE,2006,20981929497.62,false
Azerbaijan,AZE,2007,33049426816.44,false
Azerbaijan,AZE,2008,48851318825.72,false
Azerbaijan,AZE,2009,44292408816.64,false
Azerbaijan,AZE,2010,52909294791.93,false
Azerbaijan,AZE,2011,65952763948.84,false
Azerbaijan,AZE,2012,69679913509.91,false
Azerbaijan,AZE,2013,74160553008.73,false
Azerbaijan,AZE,2014,75239737488.80,false
Azerbaijan,AZE,2015,53076244754.50,false
Azerbaijan,AZE,2016,37867007022.78,false
Azerbaijan,AZE,2017,40866632047.84,false
Azerbaijan,AZE,2018,47112479289.42,false
Azerbaijan,AZE,2019,48174235294.12,false
Azerbaijan,AZE,2020,42693000000.00,false
Azerbaijan,AZE,2021,54825411764.71,false
Azerbaijan,AZE,2022,78721058823.53,false
Burundi,BDI,1960,195999989.81,false
Burundi,BDI,1961,202999991.80,false
Burundi,BDI,1962,213500005.79,false
Burundi,BDI,1963,232749997.77,false
Burundi,BDI,1964,260750007.74,false
Burundi,BDI,1965,158994962.81,false
Burundi,BDI,1966,165444571.26,false
Burundi,BDI,1967,178297142.68,false
Burundi,BDI,1968,183199999.82,false
Burundi,BDI,1969,190205714.10,false
Burundi,BDI,1970,242732571.19,false
Burundi,BDI,1971,252842285.48,false
Burundi,BDI,1972,246804571.43,false
Burundi,BDI,1973,304339839.55,false
Burundi,BDI,1974,345263492.06,false
Burundi,BDI,1975,420986666.67,false
Burundi,BDI,1976,448412753.62,false
Burundi,BDI,1977,547535555.56,false
Burundi,BDI,1978,610225555.56,false
Burundi,BDI,1979,782496666.67,false
Burundi,BDI,1980,919726666.67,false
Burundi,BDI,1981,969046666.67,false
Burundi,BDI,1982,1013222222.22,false
Burundi,BDI,1983,1082926304.46,false
Burundi,BDI,1984,987143931.17,false
Burundi,BDI,1985,1149979285.77,false
Burundi,BDI,1986,1201725497.07,false
Burundi,BDI,1987,1131466494.01,false
Burundi,BDI,1988,1082403219.49,false
Burundi,BDI,1989,1113924130.41,false
Burundi,BDI,1990,1132101252.52,false
Burundi,BDI,1991,1167398478.35,false
Burundi,BDI,1992,1083037670.60,false
Burundi,BDI,1993,938632612.03,false
Burundi,BDI,1994,925030590.15,false
Burundi,BDI,1995,1000428393.89,false
Burundi,BDI,1996,869033856.32,false
Burundi,BDI,1997,972896267.92,false
Burundi,BDI,1998,893770739.54,false
Burundi,BDI,1999,808077223.37,false
Burundi,BDI,2000,870486065.88,false
Burundi,BDI,2001,876794723.07,false
Burundi,BDI,2002,825394519.72,false
Burundi,BDI,2003,784654423.62,false
Burundi,BDI,2004,915257323.40,false
Burundi,BDI,2005,1117113080.08,false
Burundi,BDI,2006,1273375078.45,false
Burundi,BDI,2007,1356199386.80,false
Burundi,BDI,2008,1611835856.59,false
Burundi,BDI,2009,1781455140.34,false
Burundi,BDI,2010,2032135191.46,false
Burundi,BDI,2011,2235820808.73,false
Burundi,BDI,2012,2333341334.46,false
Burundi,BDI,2013,2451606631.77,false
Burundi,BDI,2014,2705783330.39,false
Burundi,BDI,2015,3104003545.61,false
Burundi,BDI,2016,2644487777.24,false
Burundi,BDI,2017,2723586962.19,false
Burundi,BDI,2018,2667182198.98,false
Burundi,BDI,2019,2576518879.40,false
Burundi,BDI,2020,2649680261.01,false
Burundi,BDI,2021,2775798697.16,false
Burundi,BDI,2022,3073414677.84,false
Belgium,BEL,1960,11658722590.99,false
Belgium,BEL,1961,12400145221.60,false
Belgium,BEL,1962,13264015675.32,false
Belgium,BEL,1963,14260017387.05,false
Belgium,BEL,1964,15960106680.67,false
Belgium,BEL,1965,17371457607.94,false
Belgium,BEL,1966,18651883472.48,false
Belgium,BEL,1967,19992040788.46,false
Belgium,BEL,1968,21376353113.47,false
Belgium,BEL,1969,23710735894.70,false
Belgium,BEL,1970,26706196046.79,false
Belgium,BEL,1971,29821661869.91,false
Belgium,BEL,1972,37209418018.51,false
Belgium,BEL,1973,47743801490.37,false
Belgium,BEL,1974,56033077879.04,false
Belgium,BEL,1975,65678189097.29,false
Belgium,BEL,1976,71113882967.61,false
Belgium,BEL,1977,82839905458.64,false
Belgium,BEL,1978,101246526194.44,false
Belgium,BEL,1979,116315456796.92,false
Belgium,BEL,1980,126829314388.19,false
Belgium,BEL,1981,104730018470.23,false
Belgium,BEL,1982,92095926187.53,false
Belgium,BEL,1983,87184239053.25,false
Belgium,BEL,1984,83349530159.17,false
Belgium,BEL,1985,86268264148.38,false
Belgium,BEL,1986,120018787249.41,false
Belgium,BEL,1987,149394404105.89,false
Belgium,BEL,1988,162299103675.26,false
Belgium,BEL,1989,164221056511.06,false
Belgium,BEL,1990,205331747947.85,false
Belgium,BEL,1991,210510999409.33,false
Belgium,BEL,1992,234781652446.68,false
Belgium,BEL,1993,224721795708.96,false
Belgium,BEL,1994,244884129491.20,false
Belgium,BEL,1995,288025588396.28,false
Belgium,BEL,1996,279201433224.76,false
Belgium,BEL,1997,252708051420.84,false
Belgium,BEL,1998,258528339631.03,false
Belgium,BEL,1999,258245733221.47,false
Belgium,BEL,2000,236792460312.47,false
Belgium,BEL,2001,236746141604.37,false
Belgium,BEL,2002,258383599375.18,false
Belgium,BEL,2003,318082528506.59,false
Belgium,BEL,2004,369214712443.21,false
Belgium,BEL,2005,385714762230.04,false
Belgium,BEL,2006,408259840868.82,false
Belgium,BEL,2007,470922156309.45,false
Belgium,BEL,2008,517328087920.08,false
Belgium,BEL,2009,483254171097.81,false
Belgium,BEL,2010,481420882905.01,false
Belgium,BEL,2011,523330354138.14,false
Belgium,BEL,2012,496152879924.73,false
Belgium,BEL,2013,521791015247.06,false
Belgium,BEL,2014,535390200131.01,false
Belgium,BEL,2015,462335574841.48,false
Belgium,BEL,2016,476062757356.94,false
Belgium,BEL,2017,502764720556.36,false
Belgium,BEL,2018,543299066998.89,false
Belgium,BEL,2019,535865692402.34,false
Belgium,BEL,2020,525213067068.32,false
Belgium,BEL,2021,594351961634.49,false
Belgium,BEL,2022,578604103123.35,false
Benin,BEN,1960,226195578.07,false
Benin,BEN,1961,235668220.87,false
Benin,BEN,1962,236434954.34,false
Benin,BEN,1963,253927697.57,false
Benin,BEN,1964,269819005.79,false
Benin,BEN,1965,289908680.18,false
Benin,BEN,1966,302925235.70,false
Benin,BEN,1967,306221953.36,false
Benin,BEN,1968,326323105.59,false
Benin,BEN,1969,330748244.09,false
Benin,BEN,1970,333627713.46,false
Benin,BEN,1971,335073027.92,false
Benin,BEN,1972,410331856.24,false
Benin,BEN,1973,504376074.07,false
Benin,BEN,1974,554654861.54,false
Benin,BEN,1975,676870139.26,false
Benin,BEN,1976,698408261.14,false
Benin,BEN,1977,750049780.16,false
Benin,BEN,1978,928843468.47,false
Benin,BEN,1979,1186231018.36,false
Benin,BEN,1980,1405251843.78,false
Benin,BEN,1981,1291120190.57,false
Benin,BEN,1982,1267778671.52,false
Benin,BEN,1983,1095348199.37,false
Benin,BEN,1984,1051134009.30,false
Benin,BEN,1985,1045712789.82,false
Benin,BEN,1986,1336102027.00,false
Benin,BEN,1987,1562412225.81,false
Benin,BEN,1988,1620246084.78,false
Benin,BEN,1989,1502294413.87,false
Benin,BEN,1990,1959965330.48,false
Benin,BEN,1991,1986437797.88,false
Benin,BEN,1992,1695315305.70,false
Benin,BEN,1993,2274558078.74,false
Benin,BEN,1994,1598075944.86,false
Benin,BEN,1995,2169627138.35,false
Benin,BEN,1996,2361116448.14,false
Benin,BEN,1997,2268301645.09,false
Benin,BEN,1998,2455092688.15,false
Benin,BEN,1999,3677393996.84,false
Benin,BEN,2000,3519991440.32,false
Benin,BEN,2001,3666222633.84,false
Benin,BEN,2002,4194342689.26,false
Benin,BEN,2003,5349258092.89,false
Benin,BEN,2004,6190270377.08,false
Benin,BEN,2005,6567654958.75,false
Benin,BEN,2006,7034111316.30,false
Benin,BEN,2007,8169048374.71,false
Benin,BEN,2008,9787734516.74,false
Benin,BEN,2009,9738626509.93,false
Benin,BEN,2010,9535345011.49,false
Benin,BEN,2011,10693321370.04,false
Benin,BEN,2012,11141358105.99,false
Benin,BEN,2013,12517845127.68,false
Benin,BEN,2014,13284527850.26,false
Benin,BEN,2015,11388160997.11,false
Benin,BEN,2016,11821065852.13,false
Benin,BEN,2017,12701655845.96,false
Benin,BEN,2018,14262408079.70,false
Benin,BEN,2019,14391686309.03,false
Benin,BEN,2020,15651545208.88,false
Benin,BEN,2021,17690083519.93,false
Benin,BEN,2022,17401746309.27,false
Burkina Faso,BFA,1960,330442815.28,false
Burkina Faso,BFA,1961,350247234.80,false
Burkina Faso,BFA,1962,379567099.74,false
Burkina Faso,BFA,1963,394040667.60,false
Burkina Faso,BFA,1964,410321644.83,false
Burkina Faso,BFA,1965,422916789.39,false
Burkina Faso,BFA,1966,433889767.02,false
Burkina Faso,BFA,1967,450753923.93,false
Burkina Faso,BFA,1968,460442689.83,false
Burkina Faso,BFA,1969,478298644.75,false
Burkina Faso,BFA,1970,458404268.72,false
Burkina Faso,BFA,1971,482411179.67,false
Burkina Faso,BFA,1972,578595520.93,false
Burkina Faso,BFA,1973,674773569.72,false
Burkina Faso,BFA,1974,751133431.58,false
Burkina Faso,BFA,1975,939972701.97,false
Burkina Faso,BFA,1976,976547186.96,false
Burkina Faso,BFA,1977,1131224880.18,false
Burkina Faso,BFA,1978,1475583643.41,false
Burkina Faso,BFA,1979,1748480618.37,false
Burkina Faso,BFA,1980,1928719884.42,false
Burkina Faso,BFA,1981,1775842336.51,false
Burkina Faso,BFA,1982,1754450097.84,false
Burkina Faso,BFA,1983,1600278605.15,false
Burkina Faso,BFA,1984,1459880132.85,false
Burkina Faso,BFA,1985,1552493197.28,false
Burkina Faso,BFA,1986,2036303360.30,false
Burkina Faso,BFA,1987,2369834946.57,false
Burkina Faso,BFA,1988,2616040480.58,false
Burkina Faso,BFA,1989,2615587729.97,false
Burkina Faso,BFA,1990,3101300779.08,false
Burkina Faso,BFA,1991,3135045586.21,false
Burkina Faso,BFA,1992,3356692508.35,false
Burkina Faso,BFA,1993,3199536459.58,false
Burkina Faso,BFA,1994,1895290638.27,false
Burkina Faso,BFA,1995,2379517975.75,false
Burkina Faso,BFA,1996,2586550594.03,false
Burkina Faso,BFA,1997,2447669100.47,false
Burkina Faso,BFA,1998,2804902369.20,false
Burkina Faso,BFA,1999,3389566710.90,false
Burkina Faso,BFA,2000,2968370087.47,false
Burkina Faso,BFA,2001,3190371079.81,false
Burkina Faso,BFA,2002,3622350065.59,false
Burkina Faso,BFA,2003,4740768141.27,false
Burkina Faso,BFA,2004,5451688534.60,false
Burkina Faso,BFA,2005,6146353177.43,false
Burkina Faso,BFA,2006,6547419821.69,false
Burkina Faso,BFA,2007,7625722829.18,false
Burkina Faso,BFA,2008,9451435480.94,false
Burkina Faso,BFA,2009,9450696866.48,false
Burkina Faso,BFA,2010,10109619736.14,false
Burkina Faso,BFA,2011,12080295984.77,false
Burkina Faso,BFA,2012,12561015145.39,false
Burkina Faso,BFA,2013,13444300489.86,false
Burkina Faso,BFA,2014,13943016080.26,false
Burkina Faso,BFA,2015,11832159315.98,false
Burkina Faso,BFA,2016,12833363043.97,false
Burkina Faso,BFA,2017,14106955625.36,false
Burkina Faso,BFA,2018,15890066209.90,false
Burkina Faso,BFA,2019,16178161666.13,false
Burkina Faso,BFA,2020,17933606212.63,false
Burkina Faso,BFA,2021,19737616003.02,false
Burkina Faso,BFA,2022,18884619613.44,false
Bangladesh,BGD,1960,4274893913.50,false
Bangladesh,BGD,1961,4817580183.60,false
Bangladesh,BGD,1962,5081413339.79,false
Bangladesh,BGD,1963,5319458351.16,false
Bangladesh,BGD,1964,5386054619.35,false
Bangladesh,BGD,1965,5906636557.00,false
Bangladesh,BGD,1966,6439687598.32,false
Bangladesh,BGD,1967,7253575399.32,false
Bangladesh,BGD,1968,7483685473.51,false
Bangladesh,BGD,1969,8471006100.95,false
Bangladesh,BGD,1970,8992721809.39,false
Bangladesh,BGD,1971,8751842839.80,false
Bangladesh,BGD,1972,6288245866.67,false
Bangladesh,BGD,1973,8086725729.34,false
Bangladesh,BGD,1974,12512460519.71,false
Bangladesh,BGD,1975,19448348073.46,false
Bangladesh,BGD,1976,10117113333.33,false
Bangladesh,BGD,1977,9651149301.87,false
Bangladesh,BGD,1978,13281767142.86,false
Bangladesh,BGD,1979,15565480321.94,false
Bangladesh,BGD,1980,18138049095.61,false
Bangladesh,BGD,1981,20249694002.45,false
Bangladesh,BGD,1982,18525399201.60,false
Bangladesh,BGD,1983,17609048821.55,false
Bangladesh,BGD,1984,18920840000.00,false
Bangladesh,BGD,1985,22278423076.92,false
Bangladesh,BGD,1986,21774033333.33,false
Bangladesh,BGD,1987,24298032258.06,false
Bangladesh,BGD,1988,26579005760.26,false
Bangladesh,BGD,1989,28781714763.89,false
Bangladesh,BGD,1990,31598341233.46,false
Bangladesh,BGD,1991,30957483949.58,false
Bangladesh,BGD,1992,31708874594.16,false
Bangladesh,BGD,1993,33166519417.99,false
Bangladesh,BGD,1994,33768660882.79,false
Bangladesh,BGD,1995,37939748768.66,false
Bangladesh,BGD,1996,46438484107.58,false
Bangladesh,BGD,1997,48244309133.49,false
Bangladesh,BGD,1998,49984559471.37,false
Bangladesh,BGD,1999,51270569883.53,false
Bangladesh,BGD,2000,53369787318.62,false
Bangladesh,BGD,2001,53991289844.33,false
Bangladesh,BGD,2002,54724081490.51,false
Bangladesh,BGD,2003,60158929188.26,false
Bangladesh,BGD,2004,65108544250.04,false
Bangladesh,BGD,2005,69442943089.43,false
Bangladesh,BGD,2006,71819083683.74,false
Bangladesh,BGD,2007,79611888213.15,false
Bangladesh,BGD,2008,91631278239.32,false
Bangladesh,BGD,2009,102477779060.30,false
Bangladesh,BGD,2010,115279077465.23,false
Bangladesh,BGD,2011,128637983882.83,false
Bangladesh,BGD,2012,133355819704.94,false
Bangladesh,BGD,2013,149990529207.54,false
Bangladesh,BGD,2014,172885432686.94,false
Bangladesh,BGD,2015,195078574089.07,false
Bangladesh,BGD,2016,265236389198.95,false
Bangladesh,BGD,2017,293754769935.15,false
Bangladesh,BGD,2018,321379163135.65,false
Bangladesh,BGD,2019,351238397263.80,false
Bangladesh,BGD,2020,373902196399.32,false
Bangladesh,BGD,2021,416264802185.17,false
Bangladesh,BGD,2022,460201000095.10,false
Bulgaria,BGR,1980,19839230769.23,false
Bulgaria,BGR,1981,19870000000.00,false
Bulgaria,BGR,1982,19342000000.00,false
Bulgaria,BGR,1983,16563666666.67,false
Bulgaria,BGR,1984,17594944444.44,false
Bulgaria,BGR,1985,17155421052.63,false
Bulgaria,BGR,1986,20249294117.65,false
Bulgaria,BGR,1987,28101000000.00,false
Bulgaria,BGR,1988,22555941176.47,false
Bulgaria,BGR,1989,21988444444.44,false
Bulgaria,BGR,1990,20632090909.09,false
Bulgaria,BGR,1991,10943548387.10,false
Bulgaria,BGR,1992,10350515463.92,false
Bulgaria,BGR,1993,10832228507.23,false
Bulgaria,BGR,1994,9697416974.17,false
Bulgaria,BGR,1995,18991531542.71,false
Bulgaria,BGR,1996,12294987876.31,false
Bulgaria,BGR,1997,11316126257.58,false
Bulgaria,BGR,1998,15031052200.55,false
Bulgaria,BGR,1999,13627325461.17,false
Bulgaria,BGR,2000,13245990274.46,false
Bulgaria,BGR,2001,14183443861.69,false
Bulgaria,BGR,2002,16403043849.83,false
Bulgaria,BGR,2003,21144962058.29,false
Bulgaria,BGR,2004,26157744752.78,false
Bulgaria,BGR,2005,29868651533.12,false
Bulgaria,BGR,2006,34380543845.40,false
Bulgaria,BGR,2007,44432811756.47,false
Bulgaria,BGR,2008,54480697770.08,false
Bulgaria,BGR,2009,52023813557.82,false
Bulgaria,BGR,2010,50754203890.73,false
Bulgaria,BGR,2011,57735709913.89,false
Bulgaria,BGR,2012,54290156342.38,false
Bulgaria,BGR,2013,55844245263.80,false
Bulgaria,BGR,2014,57159557804.65,false
Bulgaria,BGR,2015,50828088835.94,false
Bulgaria,BGR,2016,53987487124.34,false
Bulgaria,BGR,2017,59343060705.83,false
Bulgaria,BGR,2018,66399602077.17,false
Bulgaria,BGR,2019,68911930627.90,false
Bulgaria,BGR,2020,70404359049.23,false
Bulgaria,BGR,2021,84061395658.22,false
Bulgaria,BGR,2022,89040398406.37,false
Bahrain,BHR,1980,3072698328.47,false
Bahrain,BHR,1981,3467819158.16,false
Bahrain,BHR,1982,3645744690.55,false
Bahrain,BHR,1983,3735106392.91,false
Bahrain,BHR,1984,3905585110.71,false
Bahrain,BHR,1985,3651861702.13,false
Bahrain,BHR,1986,3052393617.02,false
Bahrain,BHR,1987,3392021010.64,false
Bahrain,BHR,1988,3702393617.02,false
Bahrain,BHR,1989,3863563829.79,false
Bahrain,BHR,1990,4229787234.04,false
Bahrain,BHR,1991,4616223404.26,false
Bahrain,BHR,1992,4751063829.79,false
Bahrain,BHR,1993,5200266107.28,false
Bahrain,BHR,1994,5567553975.70,false
Bahrain,BHR,1995,5849468272.90,false
Bahrain,BHR,1996,6101861963.59,false
Bahrain,BHR,1997,6349202984.63,false
Bahrain,BHR,1998,6183777212.48,false
Bahrain,BHR,1999,6621010739.20,false
Bahrain,BHR,2000,9062898936.17,false
Bahrain,BHR,2001,8976196808.51,false
Bahrain,BHR,2002,9593510638.30,false
Bahrain,BHR,2003,11074813829.79,false
Bahrain,BHR,2004,13150159574.47,false
Bahrain,BHR,2005,15968723404.26,false
Bahrain,BHR,2006,18504760638.30,false
Bahrain,BHR,2007,21730000000.00,false
Bahrain,BHR,2008,25710904255.32,false
Bahrain,BHR,2009,22938218085.11,false
Bahrain,BHR,2010,25713271276.60,false
Bahrain,BHR,2011,28776595744.68,false
Bahrain,BHR,2012,30749308510.64,false
Bahrain,BHR,2013,32539468085.11,false
Bahrain,BHR,2014,33387712765.96,false
Bahrain,BHR,2015,31050638297.87,false
Bahrain,BHR,2016,32234973404.26,false
Bahrain,BHR,2017,35473776595.74,false
Bahrain,BHR,2018,37802005319.15,false
Bahrain,BHR,2019,38653318085.11,false
Bahrain,BHR,2020,34621807712.77,false
Bahrain,BHR,2021,39303403989.36,false
Bahrain,BHR,2022,44390820478.72,false
"Bahamas, The",BHS,1960,169803921.57,false
"Bahamas, The",BHS,1961,190098039.22,false
"Bahamas, The",BHS,1962,212254901.96,false
"Bahamas, The",BHS,1963,237745098.04,false
"Bahamas, The",BHS,1964,266666666.67,false
"Bahamas, The",BHS,1965,300392156.86,false
"Bahamas, The",BHS,1966,340000000.00,false
"Bahamas, The",BHS,1967,390196078.43,false
"Bahamas, The",BHS,1968,444901960.78,false
"Bahamas, The",BHS,1969,528137254.90,false
"Bahamas, The",BHS,1970,538423153.69,false
"Bahamas, The",BHS,1971,573400000.00,false
"Bahamas, The",BHS,1972,590900000.00,false
"Bahamas, The",BHS,1973,670900000.00,false
"Bahamas, The",BHS,1974,632400000.00,false
"Bahamas, The",BHS,1975,596200000.00,false
"Bahamas, The",BHS,1976,642100000.00,false
"Bahamas, The",BHS,1977,713000000.00,false
"Bahamas, The",BHS,1978,832400000.00,false
"Bahamas, The",BHS,1979,1139800100.00,false
"Bahamas, The",BHS,1980,1335300000.00,false
"Bahamas, The",BHS,1981,1426500000.00,false
"Bahamas, The",BHS,1982,1578300000.00,false
"Bahamas, The",BHS,1983,1732800000.00,false
"Bahamas, The",BHS,1984,2041100000.00,false
"Bahamas, The",BHS,1985,2320699900.00,false
"Bahamas, The",BHS,1986,2472500000.00,false
"Bahamas, The",BHS,1987,2713999900.00,false
"Bahamas, The",BHS,1988,2817900000.00,false
"Bahamas, The",BHS,1989,3062000000.00,false
"Bahamas, The",BHS,1990,3166000000.00,false
"Bahamas, The",BHS,1991,3111160000.00,false
"Bahamas, The",BHS,1992,3109000000.00,false
"Bahamas, The",BHS,1993,3092000000.00,false
"Bahamas, The",BHS,1994,3259000000.00,false
"Bahamas, The",BHS,1995,3429000000.00,false
"Bahamas, The",BHS,1996,3609000000.00,false
"Bahamas, The",BHS,1997,6332360000.00,false
"Bahamas, The",BHS,1998,6833220000.00,false
"Bahamas, The",BHS,1999,7683870000.00,false
"Bahamas, The",BHS,2000,8076470000.00,false
"Bahamas, The",BHS,2001,8317830000.00,false
"Bahamas, The",BHS,2002,8881160000.00,false
"Bahamas, The",BHS,2003,8870090000.00,false
"Bahamas, The",BHS,2004,9055290000.00,false
"Bahamas, The",BHS,2005,9836200000.00,false
"Bahamas, The",BHS,2006,10167250000.00,false
"Bahamas, The",BHS,2007,10618340000.00,false
"Bahamas, The",BHS,2008,10526000000.00,false
"Bahamas, The",BHS,2009,9981960000.00,false
"Bahamas, The",BHS,2010,10095760000.00,false
"Bahamas, The",BHS,2011,10070450000.00,false
"Bahamas, The",BHS,2012,10720500000.00,false
"Bahamas, The",BHS,2013,10562800000.00,false
"Bahamas, The",BHS,2014,11176100000.00,false
"Bahamas, The",BHS,2015,11672900000.00,false
"Bahamas, The",BHS,2016,11750800000.00,false
"Bahamas, The",BHS,2017,12253500000.00,false
"Bahamas, The",BHS,2018,12653600000.00,false
"Bahamas, The",BHS,2019,13058700000.00,false
"Bahamas, The",BHS,2020,9754600000.00,false
"Bahamas, The",BHS,2021,11527600000.00,false
"Bahamas, The",BHS,2022,12897400000.00,false
Bosnia and Herzegovina,BIH,1994,1255802469.14,false
Bosnia and Herzegovina,BIH,1995,1866572953.74,false
Bosnia and Herzegovina,BIH,1996,2786045321.64,false
Bosnia and Herzegovina,BIH,1997,3671910025.97,false
Bosnia and Herzegovina,BIH,1998,4116775275.41,false
Bosnia and Herzegovina,BIH,1999,4686255380.53,false
Bosnia and Herzegovina,BIH,2000,5567774049.10,false
Bosnia and Herzegovina,BIH,2001,5800616572.16,false
Bosnia and Herzegovina,BIH,2002,6728219506.74,false
Bosnia and Herzegovina,BIH,2003,8498893357.96,false
Bosnia and Herzegovina,BIH,2004,10156541358.18,false
Bosnia and Herzegovina,BIH,2005,11222796196.68,false
Bosnia and Herzegovina,BIH,2006,12864842268.54,false
Bosnia and Herzegovina,BIH,2007,15778737117.30,false
Bosnia and Herzegovina,BIH,2008,19112801196.86,false
Bosnia and Herzegovina,BIH,2009,17613946109.02,false
Bosnia and Herzegovina,BIH,2010,17176320823.19,false
Bosnia and Herzegovina,BIH,2011,18644239027.71,false
Bosnia and Herzegovina,BIH,2012,17226736284.82,false
Bosnia and Herzegovina,BIH,2013,18179104548.88,false
Bosnia and Herzegovina,BIH,2014,18558731212.87,false
Bosnia and Herzegovina,BIH,2015,16404352155.61,false
Bosnia and Herzegovina,BIH,2016,17116926092.39,false
Bosnia and Herzegovina,BIH,2017,18326376394.08,false
Bosnia and Herzegovina,BIH,2018,20484048415.50,false
Bosnia and Herzegovina,BIH,2019,20482603346.45,false
Bosnia and Herzegovina,BIH,2020,20226030731.01,false
Bosnia and Herzegovina,BIH,2021,23649566069.24,false
Bosnia and Herzegovina,BIH,2022,24527507287.80,false
Belarus,BLR,1990,21650000000.00,false
Belarus,BLR,1991,18000000000.00,false
Belarus,BLR,1992,17037037037.04,false
Belarus,BLR,1993,16280991735.54,false
Belarus,BLR,1994,14932024169.18,false
Belarus,BLR,1995,13972676840.92,false
Belarus,BLR,1996,14756846153.85,false
Belarus,BLR,1997,14128408565.71,false
Belarus,BLR,1998,15222012660.42,false
Belarus,BLR,1999,12138486532.02,false
Belarus,BLR,2000,12736856827.98,false
Belarus,BLR,2001,12354820143.88,false
Belarus,BLR,2002,14594928109.44,false
Belarus,BLR,2003,17825437482.86,false
Belarus,BLR,2004,23141593073.97,false
Belarus,BLR,2005,30210091836.83,false
Belarus,BLR,2006,36961822468.20,false
Belarus,BLR,2007,45275747157.41,false
Belarus,BLR,2008,60752177438.89,false
Belarus,BLR,2009,50873181571.65,false
Belarus,BLR,2010,57231904542.88,false
Belarus,BLR,2011,61762340943.05,false
Belarus,BLR,2012,65685903570.45,false
Belarus,BLR,2013,75527537703.18,false
Belarus,BLR,2014,78812785767.75,false
Belarus,BLR,2015,56454895054.66,false
Belarus,BLR,2016,47723549319.08,false
Belarus,BLR,2017,54725311690.05,false
Belarus,BLR,2018,60031163987.19,false
Belarus,BLR,2019,64410112583.36,false
Belarus,BLR,2020,61371755326.24,false
Belarus,BLR,2021,69673747131.87,false
Belarus,BLR,2022,72793457588.44,false
Belize,BLZ,1960,28072478.06,false
Belize,BLZ,1961,29964999.96,false
Belize,BLZ,1962,31857591.85,false
Belize,BLZ,1963,33750113.74,false
Belize,BLZ,1964,36194586.18,false
Belize,BLZ,1965,40110040.10,false
Belize,BLZ,1966,44450044.44,false
Belize,BLZ,1967,47431266.65,false
Belize,BLZ,1968,44999909.98,false
Belize,BLZ,1969,47399905.18,false
Belize,BLZ,1970,53339893.30,false
Belize,BLZ,1971,59074682.95,false
Belize,BLZ,1972,65998075.73,false
Belize,BLZ,1973,78214778.31,false
Belize,BLZ,1974,103160463.46,false
Belize,BLZ,1975,118194045.56,false
Belize,BLZ,1976,97094221.49,false
Belize,BLZ,1977,117650000.00,false
Belize,BLZ,1978,136300000.00,false
Belize,BLZ,1979,151800000.00,false
Belize,BLZ,1980,197938222.43,false
Belize,BLZ,1981,196089854.66,false
Belize,BLZ,1982,182206326.98,false
Belize,BLZ,1983,192103185.96,false
Belize,BLZ,1984,214381949.02,false
Belize,BLZ,1985,212643742.66,false
Belize,BLZ,1986,231638320.54,false
Belize,BLZ,1987,281082558.58,false
Belize,BLZ,1988,320093360.27,false
Belize,BLZ,1989,369133890.70,false
Belize,BLZ,1990,549500000.00,false
Belize,BLZ,1991,599000000.00,false
Belize,BLZ,1992,693500000.00,false
Belize,BLZ,1993,751000000.00,false
Belize,BLZ,1994,771500000.00,false
Belize,BLZ,1995,818500000.00,false
Belize,BLZ,1996,851500000.00,false
Belize,BLZ,1997,868000000.00,false
Belize,BLZ,1998,914000000.00,false
Belize,BLZ,1999,975000000.00,false
Belize,BLZ,2000,1116000000.00,false
Belize,BLZ,2001,1163000000.00,false
Belize,BLZ,2002,1233000000.00,false
Belize,BLZ,2003,1298000000.00,false
Belize,BLZ,2004,1389500000.00,false
Belize,BLZ,2005,1461500000.00,false
Belize,BLZ,2006,1581000000.00,false
Belize,BLZ,2007,1696000000.00,false
Belize,BLZ,2008,1729000000.00,false
Belize,BLZ,2009,1680500000.00,false
Belize,BLZ,2010,1738500000.00,false
Belize,BLZ,2011,1819500000.00,false
Belize,BLZ,2012,1903000000.00,false
Belize,BLZ,2013,2029500000.00,false
Belize,BLZ,2014,2138000000.00,false
Belize,BLZ,2015,2210500000.00,false
Belize,BLZ,2016,2258500000.00,false
Belize,BLZ,2017,2286000000.00,false
Belize,BLZ,2018,2315000000.00,false
Belize,BLZ,2019,2416500000.00,false
Belize,BLZ,2020,2080000000.00,false
Belize,BLZ,2021,2491500000.00,false
Belize,BLZ,2022,2824081836.20,false
Bermuda,BMU,1960,84466654.08,false
Bermuda,BMU,1961,89249986.70,false
Bermuda,BMU,1962,94149985.97,false
Bermuda,BMU,1963,96366652.30,false
Bermuda,BMU,1964,107566650.63,false
Bermuda,BMU,1965,114339048.97,false
Bermuda,BMU,1966,134173373.79,false
Bermuda,BMU,1967,155102984.63,false
Bermuda,BMU,1968,150000000.00,false
Bermuda,BMU,1969,164900000.00,false
Bermuda,BMU,1970,186300000.00,false
Bermuda,BMU,1971,211100000.00,false
Bermuda,BMU,1972,235400000.00,false
Bermuda,BMU,1973,269500000.00,false
Bermuda,BMU,1974,312600000.00,false
Bermuda,BMU,1975,345000000.00,false
Bermuda,BMU,1976,386300000.00,false
Bermuda,BMU,1977,447000000.00,false
Bermuda,BMU,1978,475800000.00,false
Bermuda,BMU,1979,517200000.00,false
Bermuda,BMU,1980,613299968.00,false
Bermuda,BMU,1981,739100032.00,false
Bermuda,BMU,1982,785500032.00,false
Bermuda,BMU,1983,889400000.00,false
Bermuda,BMU,1984,985699968.00,false
Bermuda,BMU,1985,1039500032.00,false
Bermuda,BMU,1986,1173500032.00,false
Bermuda,BMU,1987,1296499968.00,false
Bermuda,BMU,1988,1415100032.00,false
Bermuda,BMU,1989,1501500032.00,false
Bermuda,BMU,1990,1592400000.00,false
Bermuda,BMU,1991,1634900000.00,false
Bermuda,BMU,1992,1679900000.00,false
Bermuda,BMU,1993,1820359900.00,false
Bermuda,BMU,1994,1867160100.00,false
Bermuda,BMU,1995,2030750000.00,false
Bermuda,BMU,1996,2695390000.00,false
Bermuda,BMU,1997,2932827000.00,false
Bermuda,BMU,1998,3130748000.00,false
Bermuda,BMU,1999,3324433000.00,false
Bermuda,BMU,2000,3480219000.00,false
Bermuda,BMU,2001,3680483000.00,false
Bermuda,BMU,2002,3937228000.00,false
Bermuda,BMU,2003,4186525000.00,false
Bermuda,BMU,2004,4484703000.00,false
Bermuda,BMU,2005,4868136000.00,false
Bermuda,BMU,2006,6144000000.00,false
Bermuda,BMU,2007,6767000000.00,false
Bermuda,BMU,2008,6980000000.00,false
Bermuda,BMU,2009,6656000000.00,false
Bermuda,BMU,2010,6634526000.00,false
Bermuda,BMU,2011,6312691000.00,false
Bermuda,BMU,2012,6378188000.00,false
Bermuda,BMU,2013,6465756000.00,false
Bermuda,BMU,2014,6413988000.00,false
Bermuda,BMU,2015,6654541000.00,false
Bermuda,BMU,2016,6899911000.00,false
Bermuda,BMU,2017,7142316000.00,false
Bermuda,BMU,2018,7225977000.00,false
Bermuda,BMU,2019,7423465000.00,false
Bermuda,BMU,2020,6887147000.00,false
Bermuda,BMU,2021,7127200000.00,false
Bermuda,BMU,2022,7550500000.00,false
Bolivia,BOL,1960,377020202.02,false
Bolivia,BOL,1961,410101010.10,false
Bolivia,BOL,1962,448400673.40,false
Bolivia,BOL,1963,482828282.83,false
Bolivia,BOL,1964,544023569.02,false
Bolivia,BOL,1965,604377104.38,false
Bolivia,BOL,1966,669191919.19,false
Bolivia,BOL,1967,755808080.81,false
Bolivia,BOL,1968,857912457.91,false
Bolivia,BOL,1969,929629629.63,false
Bolivia,BOL,1970,1017003367.00,false
Bolivia,BOL,1971,1095622895.62,false
Bolivia,BOL,1972,1257615644.98,false
Bolivia,BOL,1973,1262968515.74,false
Bolivia,BOL,1974,2100249875.06,false
Bolivia,BOL,1975,2404697651.17,false
Bolivia,BOL,1976,2731984008.00,false
Bolivia,BOL,1977,3227436281.86,false
Bolivia,BOL,1978,3758220889.56,false
Bolivia,BOL,1979,4421336382.94,false
Bolivia,BOL,1980,4537487802.50,false
Bolivia,BOL,1981,5891606684.89,false
Bolivia,BOL,1982,5594121317.37,false
Bolivia,BOL,1983,5422656265.84,false
Bolivia,BOL,1984,6169483188.83,false
Bolivia,BOL,1985,5377276555.07,false
Bolivia,BOL,1986,3959382833.09,false
Bolivia,BOL,1987,4347956337.83,false
Bolivia,BOL,1988,4597612362.10,false
Bolivia,BOL,1989,4715972853.38,false
Bolivia,BOL,1990,4867582597.52,false
Bolivia,BOL,1991,5343261959.68,false
Bolivia,BOL,1992,5643869231.00,false
Bolivia,BOL,1993,5734699040.66,false
Bolivia,BOL,1994,5981223290.32,false
Bolivia,BOL,1995,6715162198.52,false
Bolivia,BOL,1996,7396948397.54,false
Bolivia,BOL,1997,7925736318.64,false
Bolivia,BOL,1998,8497494138.07,false
Bolivia,BOL,1999,8285063959.43,false
Bolivia,BOL,2000,8397855937.47,false
Bolivia,BOL,2001,8141517339.15,false
Bolivia,BOL,2002,7905485146.44,false
Bolivia,BOL,2003,8082399991.30,false
Bolivia,BOL,2004,8773451751.51,false
Bolivia,BOL,2005,9549122313.40,false
Bolivia,BOL,2006,11451845378.69,false
Bolivia,BOL,2007,13120107738.89,false
Bolivia,BOL,2008,16674276979.47,false
Bolivia,BOL,2009,17339992193.73,false
Bolivia,BOL,2010,19649724655.58,false
Bolivia,BOL,2011,23963162969.38,false
Bolivia,BOL,2012,27084497481.91,false
Bolivia,BOL,2013,30659338885.67,false
Bolivia,BOL,2014,32996188017.37,false
Bolivia,BOL,2015,33000198248.91,false
Bolivia,BOL,2016,33941126193.92,false
Bolivia,BOL,2017,37508642170.77,false
Bolivia,BOL,2018,40287647930.54,false
Bolivia,BOL,2019,40895322850.94,false
Bolivia,BOL,2020,36629843806.08,false
Bolivia,BOL,2021,40408208523.88,false
Bolivia,BOL,2022,43068885672.94,false
Brazil,BRA,1960,17030465539.39,false
Brazil,BRA,1961,17275940449.38,false
Brazil,BRA,1962,19231747851.53,false
Brazil,BRA,1963,23287712878.20,false
Brazil,BRA,1964,20963733694.97,false
Brazil,BRA,1965,22465522884.10,false
Brazil,BRA,1966,28283323733.11,false
Brazil,BRA,1967,31086389194.96,false
Brazil,BRA,1968,33930457425.26,false
Brazil,BRA,1969,37171640818.59,false
Brazil,BRA,1970,42327664793.69,false
Brazil,BRA,1971,48869830901.79,false
Brazil,BRA,1972,58434858374.87,false
Brazil,BRA,1973,83592275863.00,false
Brazil,BRA,1974,109794519727.54,false
Brazil,BRA,1975,129203555238.83,false
Brazil,BRA,1976,153168949208.21,false
Brazil,BRA,1977,176344101401.94,false
Brazil,BRA,1978,200278646123.58,false
Brazil,BRA,1979,221338204480.22,false
Brazil,BRA,1980,237393489892.64,false
Brazil,BRA,1981,258015174748.65,false
Brazil,BRA,1982,271314113768.42,false
Brazil,BRA,1983,189656506321.43,false
Brazil,BRA,1984,188339974086.58,false
Brazil,BRA,1985,210879844638.88,false
Brazil,BRA,1986,256480852471.13,false
Brazil,BRA,1987,283056836893.84,false
Brazil,BRA,1988,307881930752.27,false
Brazil,BRA,1989,412990820287.42,false
Brazil,BRA,1990,464989098144.85,false
Brazil,BRA,1991,407729053018.91,false
Brazil,BRA,1992,390566561752.67,false
Brazil,BRA,1993,438299504463.02,false
Brazil,BRA,1994,546229749726.26,false
Brazil,BRA,1995,769333330439.52,false
Brazil,BRA,1996,850426432991.74,false
Brazil,BRA,1997,883206452832.81,false
Brazil,BRA,1998,863711007338.68,false
Brazil,BRA,1999,599642075039.05,false
Brazil,BRA,2000,655448188246.11,false
Brazil,BRA,2001,559983704075.66,false
Brazil,BRA,2002,509795270707.27,false
Brazil,BRA,2003,558233724160.74,false
Brazil,BRA,2004,669289321953.68,false
Brazil,BRA,2005,891633826582.61,false
Brazil,BRA,2006,1107626711436.44,false
Brazil,BRA,2007,1397114247287.58,false
Brazil,BRA,2008,1695855391816.48,false
Brazil,BRA,2009,1666996294324.76,false
Brazil,BRA,2010,2208838108593.19,false
Brazil,BRA,2011,2616156606734.51,false
Brazil,BRA,2012,2465228293862.62,false
Brazil,BRA,2013,2472819362259.00,false
Brazil,BRA,2014,2456043766063.50,false
Brazil,BRA,2015,1802211999555.59,false
Brazil,BRA,2016,1795693265824.27,false
Brazil,BRA,2017,2063514688761.67,false
Brazil,BRA,2018,1916933708404.16,false
Brazil,BRA,2019,1873288159000.64,false
Brazil,BRA,2020,1476107292036.59,false
Brazil,BRA,2021,1649622972159.35,false
Brazil,BRA,2022,1920095560995.06,false
Barbados,BRB,1974,311804643.28,false
Barbados,BRB,1975,402178605.02,false
Barbados,BRB,1976,435911268.59,false
Barbados,BRB,1977,495097667.93,false
Barbados,BRB,1978,552883707.06,false
Barbados,BRB,1979,670362452.15,false
Barbados,BRB,1980,1012280614.53,false
Barbados,BRB,1981,1114204743.20,false
Barbados,BRB,1982,1163923830.36,false
Barbados,BRB,1983,1236016506.74,false
Barbados,BRB,1984,1346890071.10,false
Barbados,BRB,1985,1409536120.92,false
Barbados,BRB,1986,1547755183.21,false
Barbados,BRB,1987,1704370307.76,false
Barbados,BRB,1988,1812757917.76,false
Barbados,BRB,1989,2006165166.81,false
Barbados,BRB,1990,2012131457.27,false
Barbados,BRB,1991,2020583702.08,false
Barbados,BRB,1992,1957000000.00,false
Barbados,BRB,1993,2063342117.04,false
Barbados,BRB,1994,2151344901.31,false
Barbados,BRB,1995,2216974096.36,false
Barbados,BRB,1996,2363645403.47,false
Barbados,BRB,1997,2498384129.67,false
Barbados,BRB,1998,2817083478.35,false
Barbados,BRB,1999,2951822204.54,false
Barbados,BRB,2000,3059500000.00,false
Barbados,BRB,2001,3054500000.00,false
Barbados,BRB,2002,3106500000.00,false
Barbados,BRB,2003,3209500000.00,false
Barbados,BRB,2004,3444500000.00,false
Barbados,BRB,2005,3819500000.00,false
Barbados,BRB,2006,4217450800.00,false
Barbados,BRB,2007,4674007450.00,false
Barbados,BRB,2008,4784925100.00,false
Barbados,BRB,2009,4465657300.00,false
Barbados,BRB,2010,4529928300.00,false
Barbados,BRB,2011,4657699450.00,false
Barbados,BRB,2012,4610096000.00,false
Barbados,BRB,2013,4677248300.00,false
Barbados,BRB,2014,4696344350.00,false
Barbados,BRB,2015,4724691200.00,false
Barbados,BRB,2016,4832811750.00,false
Barbados,BRB,2017,4981588900.00,false
Barbados,BRB,2018,5097283200.00,false
Barbados,BRB,2019,5324250000.00,false
Barbados,BRB,2020,4671800000.00,false
Barbados,BRB,2021,4843800000.00,false
Barbados,BRB,2022,5637914514.64,false
Brunei Darussalam,BRN,1965,114039500.51,false
Brunei Darussalam,BRN,1966,132757527.95,false
Brunei Darussalam,BRN,1967,139029537.15,false
Brunei Darussalam,BRN,1968,160818235.76,false
Brunei Darussalam,BRN,1969,161210236.33,false
Brunei Darussalam,BRN,1970,179078929.20,false
Brunei Darussalam,BRN,1971,197525739.98,false
Brunei Darussalam,BRN,1972,270822794.67,false
Brunei Darussalam,BRN,1973,433095587.47,false
Brunei Darussalam,BRN,1974,1073591771.22,false
Brunei Darussalam,BRN,1975,1168304306.11,false
Brunei Darussalam,BRN,1976,1423037359.50,false
Brunei Darussalam,BRN,1977,1732721161.47,false
Brunei Darussalam,BRN,1978,1941579358.90,false
Brunei Darussalam,BRN,1979,2803833729.76,false
Brunei Darussalam,BRN,1980,4928805777.28,false
Brunei Darussalam,BRN,1981,4366231073.11,false
Brunei Darussalam,BRN,1982,4264202522.66,false
Brunei Darussalam,BRN,1983,3844632168.59,false
Brunei Darussalam,BRN,1984,3782552643.48,false
Brunei Darussalam,BRN,1985,3523532486.96,false
Brunei Darussalam,BRN,1986,2358574763.85,false
Brunei Darussalam,BRN,1987,2754485236.51,false
Brunei Darussalam,BRN,1988,2690684124.87,false
Brunei Darussalam,BRN,1989,2985531762.89,false
Brunei Darussalam,BRN,1990,3520486979.55,false
Brunei Darussalam,BRN,1991,3701774188.88,false
Brunei Darussalam,BRN,1992,4183633796.48,false
Brunei Darussalam,BRN,1993,4105729444.15,false
Brunei Darussalam,BRN,1994,4087219772.90,false
Brunei Darussalam,BRN,1995,4734103536.47,false
Brunei Darussalam,BRN,1996,5115454694.28,false
Brunei Darussalam,BRN,1997,5197312555.46,false
Brunei Darussalam,BRN,1998,4051143193.17,false
Brunei Darussalam,BRN,1999,4600117603.79,false
Brunei Darussalam,BRN,2000,6001280943.72,false
Brunei Darussalam,BRN,2001,5601020247.28,false
Brunei Darussalam,BRN,2002,5843367180.06,false
Brunei Darussalam,BRN,2003,6557395815.60,false
Brunei Darussalam,BRN,2004,7872201250.92,false
Brunei Darussalam,BRN,2005,9531417164.47,false
Brunei Darussalam,BRN,2006,11470462364.69,false
Brunei Darussalam,BRN,2007,12247680702.81,false
Brunei Darussalam,BRN,2008,14393437610.26,false
Brunei Darussalam,BRN,2009,10732592999.39,false
Brunei Darussalam,BRN,2010,13707275498.06,false
Brunei Darussalam,BRN,2011,18525128229.68,false
Brunei Darussalam,BRN,2012,19048443089.25,false
Brunei Darussalam,BRN,2013,18094326392.71,false
Brunei Darussalam,BRN,2014,17097801091.98,false
Brunei Darussalam,BRN,2015,12930292949.42,false
Brunei Darussalam,BRN,2016,11400467372.49,false
Brunei Darussalam,BRN,2017,12128182463.60,false
Brunei Darussalam,BRN,2018,13567164444.97,false
Brunei Darussalam,BRN,2019,13469240162.55,false
Brunei Darussalam,BRN,2020,12005795914.73,false
Brunei Darussalam,BRN,2021,14006497000.25,false
Brunei Darussalam,BRN,2022,16681531645.73,false
Bhutan,BTN,1980,128669205.78,false
Bhutan,BTN,1981,139174181.00,false
Bhutan,BTN,1982,141439318.40,false
Bhutan,BTN,1983,156704286.12,false
Bhutan,BTN,1984,160423489.27,false
Bhutan,BTN,1985,163288815.33,false
Bhutan,BTN,1986,191218110.44,false
Bhutan,BTN,1987,242742766.35,false
Bhutan,BTN,1988,272298060.02,false
Bhutan,BTN,1989,264798626.16,false
Bhutan,BTN,1990,287765007.11,false
Bhutan,BTN,1991,240294282.49,false
Bhutan,BTN,1992,240233528.07,false
Bhutan,BTN,1993,225973695.31,false
Bhutan,BTN,1994,258954703.92,false
Bhutan,BTN,1995,290490986.80,false
Bhutan,BTN,1996,303408342.77,false
Bhutan,BTN,1997,352229078.32,false
Bhutan,BTN,1998,363458380.90,false
Bhutan,BTN,1999,399311196.42,false
Bhutan,BTN,2000,424448931.01,false
Bhutan,BTN,2001,461479580.18,false
Bhutan,BTN,2002,520846131.73,false
Bhutan,BTN,2003,603999372.38,false
Bhutan,BTN,2004,682577073.53,false
Bhutan,BTN,2005,796938571.96,false
Bhutan,BTN,2006,874989734.66,false
Bhutan,BTN,2007,1168307574.80,false
Bhutan,BTN,2008,1227809261.04,false
Bhutan,BTN,2009,1234015141.60,false
Bhutan,BTN,2010,1547990907.46,false
Bhutan,BTN,2011,1777102585.93,false
Bhutan,BTN,2012,1781280170.44,false
Bhutan,BTN,2013,1756214303.93,false
Bhutan,BTN,2014,1907090361.58,false
Bhutan,BTN,2015,2003596824.31,false
Bhutan,BTN,2016,2158971717.50,false
Bhutan,BTN,2017,2450366107.88,false
Bhutan,BTN,2018,2446867582.27,false
Bhutan,BTN,2019,2535655609.46,false
Bhutan,BTN,2020,2325185520.59,false
Bhutan,BTN,2021,2539551327.48,false
Botswana,BWA,1960,30411418.68,false
Botswana,BWA,1961,32902592.84,false
Botswana,BWA,1962,35644931.94,false
Botswana,BWA,1963,38091832.99,false
Botswana,BWA,1964,41616368.32,false
Botswana,BWA,1965,45788670.69,false
Botswana,BWA,1966,51465624.41,false
Botswana,BWA,1967,58642385.24,false
Botswana,BWA,1968,66248426.99,false
Botswana,BWA,1969,77361532.99,false
Botswana,BWA,1970,96243298.14,false
Botswana,BWA,1971,127448656.13,false
Botswana,BWA,1972,164460827.51,false
Botswana,BWA,1973,244124115.65,false
Botswana,BWA,1974,306044205.92,false
Botswana,BWA,1975,355168715.38,false
Botswana,BWA,1976,372025093.43,false
Botswana,BWA,1977,451624959.61,false
Botswana,BWA,1978,590407375.16,false
Botswana,BWA,1979,819870595.11,false
Botswana,BWA,1980,1060889705.12,false
Botswana,BWA,1981,1073812403.81,false
Botswana,BWA,1982,1014945860.83,false
Botswana,BWA,1983,1172230575.58,false
Botswana,BWA,1984,1240821849.28,false
Botswana,BWA,1985,1114783538.17,false
Botswana,BWA,1986,1392602040.15,false
Botswana,BWA,1987,1965227085.13,false
Botswana,BWA,1988,2644554881.84,false
Botswana,BWA,1989,3083822367.11,false
Botswana,BWA,1990,3790636664.03,false
Botswana,BWA,1991,3942877353.59,false
Botswana,BWA,1992,4146464586.62,false
Botswana,BWA,1993,4160129174.71,false
Botswana,BWA,1994,4259258810.89,false
Botswana,BWA,1995,4730599690.74,false
Botswana,BWA,1996,4847757703.87,false
Botswana,BWA,1997,5020265168.29,false
Botswana,BWA,1998,4790481509.18,false
Botswana,BWA,1999,5484263050.40,false
Botswana,BWA,2000,5788329609.16,false
Botswana,BWA,2001,5489608299.66,false
Botswana,BWA,2002,5438864269.39,false
Botswana,BWA,2003,7511582173.38,false
Botswana,BWA,2004,8957467706.54,false
Botswana,BWA,2005,9918907108.10,false
Botswana,BWA,2006,9919158482.41,false
Botswana,BWA,2007,10567270655.50,false
Botswana,BWA,2008,10730828592.46,false
Botswana,BWA,2009,10118459713.70,false
Botswana,BWA,2010,12637273429.13,false
Botswana,BWA,2011,15110642875.60,false
Botswana,BWA,2012,13907464500.15,false
Botswana,BWA,2013,14271738366.79,false
Botswana,BWA,2014,15470087926.25,false
Botswana,BWA,2015,13530749289.79,false
Botswana,BWA,2016,15082636722.86,false
Botswana,BWA,2017,16105156375.58,false
Botswana,BWA,2018,17031943186.14,false
Botswana,BWA,2019,16725908661.94,false
Botswana,BWA,2020,14960291540.53,false
Botswana,BWA,2021,18737066306.97,false
Botswana,BWA,2022,20352322157.15,false
Central African Republic,CAF,1960,112155598.31,false
Central African Republic,CAF,1961,123134583.65,false
Central African Republic,CAF,1962,124482773.99,false
Central African Republic,CAF,1963,129379123.92,false
Central African Republic,CAF,1964,142025078.69,false
Central African Republic,CAF,1965,150574795.28,false
Central African Republic,CAF,1966,157930018.38,false
Central African Republic,CAF,1967,163820513.70,false
Central African Republic,CAF,1968,191767441.79,false
Central African Republic,CAF,1969,188039209.88,false
Central African Republic,CAF,1970,189106529.19,false
Central African Republic,CAF,1971,201450800.06,false
Central African Republic,CAF,1972,230317882.94,false
Central African Republic,CAF,1973,271183081.98,false
Central African Republic,CAF,1974,281398705.99,false
Central African Republic,CAF,1975,378660015.66,false
Central African Republic,CAF,1976,451152460.81,false
Central African Republic,CAF,1977,507298148.42,false
Central African Republic,CAF,1978,610578631.36,false
Central African Republic,CAF,1979,700764746.89,false
Central African Republic,CAF,1980,797048196.97,false
Central African Republic,CAF,1981,694803624.05,false
Central African Republic,CAF,1982,748312391.44,false
Central African Republic,CAF,1983,658679332.64,false
Central African Republic,CAF,1984,637820670.61,false
Central African Republic,CAF,1985,864849836.84,false
Central African Republic,CAF,1986,1122265014.86,false
Central African Republic,CAF,1987,1200991976.20,false
Central African Republic,CAF,1988,1264899288.28,false
Central African Republic,CAF,1989,1233930279.03,false
Central African Republic,CAF,1990,1440711459.41,false
Central African Republic,CAF,1991,1377374987.52,false
Central African Republic,CAF,1992,1411917554.45,false
Central African Republic,CAF,1993,1278781259.30,false
Central African Republic,CAF,1994,851174357.31,false
Central African Republic,CAF,1995,1115389673.91,false
Central African Republic,CAF,1996,1007791126.56,false
Central African Republic,CAF,1997,937741512.45,false
Central African Republic,CAF,1998,967338390.36,false
Central African Republic,CAF,1999,999477510.69,false
Central African Republic,CAF,2000,916777282.65,false
Central African Republic,CAF,2001,932648604.42,false
Central African Republic,CAF,2002,996068145.61,false
Central African Republic,CAF,2003,1142315522.20,false
Central African Republic,CAF,2004,1272360516.62,false
Central African Republic,CAF,2005,1337894379.63,false
Central African Republic,CAF,2006,1461859762.63,false
Central African Republic,CAF,2007,1699811293.26,false
Central African Republic,CAF,2008,1993407886.56,false
Central African Republic,CAF,2009,2067381663.75,false
Central African Republic,CAF,2010,2142591539.44,false
Central African Republic,CAF,2011,2437982706.57,false
Central African Republic,CAF,2012,2510126510.00,false
Central African Republic,CAF,2013,1691544110.69,false
Central African Republic,CAF,2014,1894813389.88,false
Central African Republic,CAF,2015,1695825714.24,false
Central African Republic,CAF,2016,1825018144.46,false
Central African Republic,CAF,2017,2072349974.15,false
Central African Republic,CAF,2018,2220979144.52,false
Central African Republic,CAF,2019,2221301350.76,false
Central African Republic,CAF,2020,2326720902.36,false
Central African Republic,CAF,2021,2516498412.31,false
Central African Republic,CAF,2022,2382618615.36,false
Canada,CAN,1960,40462398501.89,false
Canada,CAN,1961,40935133543.16,false
Canada,CAN,1962,42227357845.30,false
Canada,CAN,1963,45029724490.39,false
Canada,CAN,1964,49377963148.98,false
Canada,CAN,1965,54515115736.00,false
Canada,CAN,1966,61086991001.55,false
Canada,CAN,1967,65668511127.26,false
Canada,CAN,1968,71830047239.01,false
Canada,CAN,1969,79148003144.71,false
Canada,CAN,1970,88192257632.31,false
Canada,CAN,1971,99605414680.04,false
Canada,CAN,1972,113463848873.62,false
Canada,CAN,1973,131765642644.97,false
Canada,CAN,1974,160946304010.36,false
Canada,CAN,1975,174426742591.50,false
Canada,CAN,1976,207265662814.82,false
Canada,CAN,1977,212325176304.65,false
Canada,CAN,1978,219377394594.98,false
Canada,CAN,1979,243886024251.83,false
Canada,CAN,1980,274770252171.76,false
Canada,CAN,1981,307245842970.17,false
Canada,CAN,1982,314638903648.76,false
Canada,CAN,1983,341862996303.07,false
Canada,CAN,1984,356727872422.41,false
Canada,CAN,1985,366184030237.80,false
Canada,CAN,1986,379014731199.83,false
Canada,CAN,1987,433139928035.93,false
Canada,CAN,1988,509379677196.07,false
Canada,CAN,1989,567225367034.46,false
Canada,CAN,1990,596089064840.25,false
Canada,CAN,1991,612513895512.61,false
Canada,CAN,1992,594376087449.39,false
Canada,CAN,1993,579059001030.92,false
Canada,CAN,1994,579944346807.26,false
Canada,CAN,1995,605941036992.13,false
Canada,CAN,1996,630597987889.28,false
Canada,CAN,1997,654987932556.60,false
Canada,CAN,1998,633997734246.94,false
Canada,CAN,1999,678409995711.89,false
Canada,CAN,2000,744773415931.59,false
Canada,CAN,2001,738962729044.52,false
Canada,CAN,2002,760649334098.00,false
Canada,CAN,2003,895540646634.79,false
Canada,CAN,2004,1026690238278.25,false
Canada,CAN,2005,1173108598778.68,false
Canada,CAN,2006,1319264809590.97,false
Canada,CAN,2007,1468820407783.26,false
Canada,CAN,2008,1552989690721.65,false
Canada,CAN,2009,1374625142157.29,false
Canada,CAN,2010,1617343367486.26,false
Canada,CAN,2011,1793326630174.52,false
Canada,CAN,2012,1828366481521.60,false
Canada,CAN,2013,1846597421834.98,false
Canada,CAN,2014,1805749878439.94,false
Canada,CAN,2015,1556508816217.14,false
Canada,CAN,2016,1527994741907.43,false
Canada,CAN,2017,1649265644244.09,false
Canada,CAN,2018,1725297938435.76,false
Canada,CAN,2019,1743725183672.52,false
Canada,CAN,2020,1647598402302.68,false
Canada,CAN,2021,2001486745423.92,false
Canada,CAN,2022,2139840023673.81,false
Central Europe and the Baltics,CEB,1990,255337810802.76,true
Central Europe and the Baltics,CEB,1991,242591400512.37,true
Central Europe and the Baltics,CEB,1992,260007368667.58,true
Central Europe and the Baltics,CEB,1993,274156327273.21,true
Central Europe and the Baltics,CEB,1994,310993244630.08,true
Central Europe and the Baltics,CEB,1995,393416788946.66,true
Central Europe and the Baltics,CEB,1996,416196157690.06,true
Central Europe and the Baltics,CEB,1997,410169715860.15,true
Central Europe and the Baltics,CEB,1998,448894610521.33,true
Central Europe and the Baltics,CEB,1999,435065044494.68,true
Central Europe and the Baltics,CEB,2000,428593201404.54,true
Central Europe and the Baltics,CEB,2001,468615587873.48,true
Central Europe and the Baltics,CEB,2002,528073833481.44,true
Central Europe and the Baltics,CEB,2003,634392770405.70,true
Central Europe and the Baltics,CEB,2004,763090766153.59,true
Central Europe and the Baltics,CEB,2005,886071848815.60,true
Central Europe and the Baltics,CEB,2006,1001568223853.49,true
Central Europe and the Baltics,CEB,2007,1265418819111.26,true
Central Europe and the Baltics,CEB,2008,1530535154238.88,true
Central Europe and the Baltics,CEB,2009,1289701858873.64,true
Central Europe and the Baltics,CEB,2010,1316398490312.28,true
Central Europe and the Baltics,CEB,2011,1454558246006.23,true
Central Europe and the Baltics,CEB,2012,1358875109415.34,true
Central Europe and the Baltics,CEB,2013,1417323424010.04,true
Central Europe and the Baltics,CEB,2014,1463549880656.80,true
Central Europe and the Baltics,CEB,2015,1293370353419.53,true
Central Europe and the Baltics,CEB,2016,1316495750803.65,true
Central Europe and the Baltics,CEB,2017,1461216063229.79,true
Central Europe and the Baltics,CEB,2018,1648513132166.16,true
Central Europe and the Baltics,CEB,2019,1674114230083.25,true
Central Europe and the Baltics,CEB,2020,1665358949113.72,true
Central Europe and the Baltics,CEB,2021,1905555039662.64,true
Central Europe and the Baltics,CEB,2022,1946330897134.16,true
Switzerland,CHE,1960,9522746879.77,false
Switzerland,CHE,1961,10712712645.67,false
Switzerland,CHE,1962,11879982958.86,false
Switzerland,CHE,1963,13063644016.04,false
Switzerland,CHE,1964,14480556815.69,false
Switzerland,CHE,1965,15346741928.50,false
Switzerland,CHE,1966,16480058982.70,false
Switzerland,CHE,1967,17740013478.35,false
Switzerland,CHE,1968,18942730098.47,false
Switzerland,CHE,1969,20524886962.52,false
Switzerland,CHE,1980,122557234458.22,false
Switzerland,CHE,1981,112242424557.83,false
Switzerland,CHE,1982,115044782162.74,false
Switzerland,CHE,1983,114632083163.39,false
Switzerland,CHE,1984,109456088574.23,false
Switzerland,CHE,1985,110979185023.15,false
Switzerland,CHE,1986,159088447135.69,false
Switzerland,CHE,1987,199237483444.45,false
Switzerland,CHE,1988,215540625298.98,false
Switzerland,CHE,1989,208102666687.04,false
Switzerland,CHE,1990,265771545360.20,false
Switzerland,CHE,1991,268903256527.52,false
Switzerland,CHE,1992,279917776400.30,false
Switzerland,CHE,1993,272234456388.10,false
Switzerland,CHE,1994,301376707849.17,false
Switzerland,CHE,1995,352845006670.36,false
Switzerland,CHE,1996,340101207919.03,false
Switzerland,CHE,1997,294785659876.84,false
Switzerland,CHE,1998,303456228792.49,false
Switzerland,CHE,1999,297882566712.49,false
Switzerland,CHE,2000,279209007352.67,false
Switzerland,CHE,2001,286580125206.28,false
Switzerland,CHE,2002,309299934075.77,false
Switzerland,CHE,2003,362088305988.75,false
Switzerland,CHE,2004,403914244451.97,false
Switzerland,CHE,2005,418292704114.28,false
Switzerland,CHE,2006,441619409123.42,false
Switzerland,CHE,2007,490754683815.14,false
Switzerland,CHE,2008,567273005013.43,false
Switzerland,CHE,2009,554191679308.88,false
Switzerland,CHE,2010,598851028906.58,false
Switzerland,CHE,2011,715888126682.40,false
Switzerland,CHE,2012,686420221557.99,false
Switzerland,CHE,2013,706234937370.97,false
Switzerland,CHE,2014,726537808338.00,false
Switzerland,CHE,2015,694118186379.63,false
Switzerland,CHE,2016,687895460902.71,false
Switzerland,CHE,2017,695200833086.50,false
Switzerland,CHE,2018,725562534363.90,false
Switzerland,CHE,2019,721369112726.72,false
Switzerland,CHE,2020,739913619797.44,false
Switzerland,CHE,2021,800640155387.26,false
Switzerland,CHE,2022,807706035351.75,false
Channel Islands,CHI,1998,5945677376.61,false
Channel Islands,CHI,1999,6262740656.85,false
Channel Islands,CHI,2000,6439703434.71,false
Channel Islands,CHI,2001,6232906290.49,false
Channel Islands,CHI,2002,6663669064.75,false
Channel Islands,CHI,2003,7332244897.96,false
Channel Islands,CHI,2004,8553643354.08,false
Channel Islands,CHI,2005,8827272727.27,false
Channel Islands,CHI,2006,9676172953.08,false
Channel Islands,CHI,2007,11514605842.34,false
Channel Islands,CHI,2016,9511207129.35,false
Channel Islands,CHI,2017,9530244530.24,false
Channel Islands,CHI,2018,10422948632.42,false
Channel Islands,CHI,2019,10381669645.14,false
Channel Islands,CHI,2020,9811538461.54,false
Channel Islands,CHI,2021,11735662219.78,false
Chile,CHL,1960,4110000000.00,false
Chile,CHL,1961,4828612639.18,false
Chile,CHL,1962,5633224652.59,false
Chile,CHL,1963,5592044870.52,false
Chile,CHL,1964,5963077661.56,false
Chile,CHL,1965,6109341260.46,false
Chile,CHL,1966,7162377224.64,false
Chile,CHL,1967,7057104134.49,false
Chile,CHL,1968,7191615669.99,false
Chile,CHL,1969,8360001925.61,false
Chile,CHL,1970,9144514527.22,false
Chile,CHL,1971,10876408930.36,false
Chile,CHL,1972,11833776659.23,false
Chile,CHL,1973,16826412445.34,false
Chile,CHL,1974,16209686087.63,false
Chile,CHL,1975,7621570579.55,false
Chile,CHL,1976,10338624283.43,false
Chile,CHL,1977,13965594906.16,false
Chile,CHL,1978,15992038366.81,false
Chile,CHL,1979,21806136150.35,false
Chile,CHL,1980,29036709871.79,false
Chile,CHL,1981,34509878043.59,false
Chile,CHL,1982,25326722339.50,false
Chile,CHL,1983,20356389841.56,false
Chile,CHL,1984,19623025627.17,false
Chile,CHL,1985,17702885393.52,false
Chile,CHL,1986,18891048818.78,false
Chile,CHL,1987,22255745799.73,false
Chile,CHL,1988,26040052657.08,false
Chile,CHL,1989,29885218681.98,false
Chile,CHL,1990,33113525803.81,false
Chile,CHL,1991,37835245155.93,false
Chile,CHL,1992,45964855773.99,false
Chile,CHL,1993,49298281355.63,false
Chile,CHL,1994,57008877553.41,false
Chile,CHL,1995,73446446283.02,false
Chile,CHL,1996,78575020639.47,false
Chile,CHL,1997,85728899954.45,false
Chile,CHL,1998,81995749804.42,false
Chile,CHL,1999,75596598517.36,false
Chile,CHL,2000,78249883995.63,false
Chile,CHL,2001,71517267767.74,false
Chile,CHL,2002,70295232513.05,false
Chile,CHL,2003,76507853875.66,false
Chile,CHL,2004,99079365628.33,false
Chile,CHL,2005,122314960843.92,false
Chile,CHL,2006,153840051814.06,false
Chile,CHL,2007,172565861848.90,false
Chile,CHL,2008,179663390874.65,false
Chile,CHL,2009,171412643623.96,false
Chile,CHL,2010,217105434199.50,false
Chile,CHL,2011,251224856981.29,false
Chile,CHL,2012,267175870677.66,false
Chile,CHL,2013,277239473853.81,false
Chile,CHL,2014,259405194672.94,false
Chile,CHL,2015,242496655711.52,false
Chile,CHL,2016,249298706449.18,false
Chile,CHL,2017,276364936832.33,false
Chile,CHL,2018,295402646018.15,false
Chile,CHL,2019,278493308134.10,false
Chile,CHL,2020,254096103516.32,false
Chile,CHL,2021,316713577508.67,false
Chile,CHL,2022,301025249437.95,false
China,CHN,1960,59716251765.18,false
China,CHN,1961,50056688014.57,false
China,CHN,1962,47209188355.55,false
China,CHN,1963,50706616610.07,false
China,CHN,1964,59708127657.73,false
China,CHN,1965,70436011537.18,false
China,CHN,1966,76720008644.91,false
China,CHN,1967,72881367877.75,false
China,CHN,1968,70846278963.09,false
China,CHN,1969,79705618130.49,false
China,CHN,1970,92602638697.42,false
China,CHN,1971,99800597892.56,false
China,CHN,1972,113689285303.38,false
China,CHN,1973,138543203562.72,false
China,CHN,1974,144188964286.50,false
China,CHN,1975,163429496442.80,false
China,CHN,1976,153939238114.52,false
China,CHN,1977,174935897086.31,false
China,CHN,1978,149540752829.27,false
China,CHN,1979,178280594413.04,false
China,CHN,1980,191149211575.00,false
China,CHN,1981,195866382432.54,false
China,CHN,1982,205089699858.78,false
China,CHN,1983,230686747153.26,false
China,CHN,1984,259946510957.14,false
China,CHN,1985,309488028132.65,false
China,CHN,1986,300758100107.25,false
China,CHN,1987,272972974764.57,false
China,CHN,1988,312353631207.82,false
China,CHN,1989,347768051311.74,false
China,CHN,1990,360857912565.97,false
China,CHN,1991,383373318083.62,false
China,CHN,1992,426915712715.86,false
China,CHN,1993,444731282435.52,false
China,CHN,1994,564321876346.39,false
China,CHN,1995,734484863889.36,false
China,CHN,1996,863749314718.54,false
China,CHN,1997,961602019650.62,false
China,CHN,1998,1029060706187.88,false
China,CHN,1999,1094010482677.39,false
China,CHN,2000,1211331627479.00,false
China,CHN,2001,1339400843164.88,false
China,CHN,2002,1470557565965.51,false
China,CHN,2003,1660280610709.71,false
China,CHN,2004,1955346808095.44,false
China,CHN,2005,2285961242869.55,false
China,CHN,2006,2752118542130.40,false
China,CHN,2007,3550327569655.47,false
China,CHN,2008,4594336785737.67,false
China,CHN,2009,5101691085625.95,false
China,CHN,2010,6087191720866.69,false
China,CHN,2011,7551545321799.88,false
China,CHN,2012,8532185615746.62,false
China,CHN,2013,9570470577244.86,false
China,CHN,2014,10475624783235.60,false
China,CHN,2015,11061573199439.70,false
China,CHN,2016,11233314018690.10,false
China,CHN,2017,12310491176727.30,false
China,CHN,2018,13894907485398.90,false
China,CHN,2019,14279968485748.00,false
China,CHN,2020,14687743556969.60,false
China,CHN,2021,17820459342451.20,false
China,CHN,2022,17963170521079.80,false
Cote d'Ivoire,CIV,1960,546203558.46,false
Cote d'Ivoire,CIV,1961,618245635.13,false
Cote d'Ivoire,CIV,1962,645284474.56,false
Cote d'Ivoire,CIV,1963,761047198.97,false
Cote d'Ivoire,CIV,1964,921063326.29,false
Cote d'Ivoire,CIV,1965,919771228.04,false
Cote d'Ivoire,CIV,1966,1024102881.90,false
Cote d'Ivoire,CIV,1967,1082922725.79,false
Cote d'Ivoire,CIV,1968,1281281277.98,false
Cote d'Ivoire,CIV,1969,1361360291.59,false
Cote d'Ivoire,CIV,1970,1455482795.27,false
Cote d'Ivoire,CIV,1971,1584128511.28,false
Cote d'Ivoire,CIV,1972,1849400398.25,false
Cote d'Ivoire,CIV,1973,2508421425.58,false
Cote d'Ivoire,CIV,1974,3070152313.84,false
Cote d'Ivoire,CIV,1975,3893839184.07,false
Cote d'Ivoire,CIV,1976,4662053819.63,false
Cote d'Ivoire,CIV,1977,6265068200.43,false
Cote d'Ivoire,CIV,1978,7900526290.13,false
Cote d'Ivoire,CIV,1979,9142933955.52,false
Cote d'Ivoire,CIV,1980,10175617589.12,false
Cote d'Ivoire,CIV,1981,8432589956.35,false
Cote d'Ivoire,CIV,1982,7567110855.85,false
Cote d'Ivoire,CIV,1983,6838184772.08,false
Cote d'Ivoire,CIV,1984,6841639250.22,false
Cote d'Ivoire,CIV,1985,6977650648.47,false
Cote d'Ivoire,CIV,1986,9158302111.36,false
Cote d'Ivoire,CIV,1987,10087654451.34,false
Cote d'Ivoire,CIV,1988,10255169812.02,false
Cote d'Ivoire,CIV,1989,9757410629.74,false
Cote d'Ivoire,CIV,1990,10795850584.59,false
Cote d'Ivoire,CIV,1991,10492628587.86,false
Cote d'Ivoire,CIV,1992,11152971284.45,false
Cote d'Ivoire,CIV,1993,11045760268.62,false
Cote d'Ivoire,CIV,1994,8313557515.30,false
Cote d'Ivoire,CIV,1995,11000146268.69,false
Cote d'Ivoire,CIV,1996,18071152820.98,false
Cote d'Ivoire,CIV,1997,18047558026.60,false
Cote d'Ivoire,CIV,1998,19619654770.07,false
Cote d'Ivoire,CIV,1999,18870992455.73,false
Cote d'Ivoire,CIV,2000,16577533891.57,false
Cote d'Ivoire,CIV,2001,16810537038.41,false
Cote d'Ivoire,CIV,2002,18054383333.52,false
Cote d'Ivoire,CIV,2003,21251754334.80,false
Cote d'Ivoire,CIV,2004,23510575668.56,false
Cote d'Ivoire,CIV,2005,24036918719.34,false
Cote d'Ivoire,CIV,2006,25281413268.25,false
Cote d'Ivoire,CIV,2007,28760090924.27,false
Cote d'Ivoire,CIV,2008,34078240260.19,false
Cote d'Ivoire,CIV,2009,33886813225.18,false
Cote d'Ivoire,CIV,2010,34936307964.32,false
Cote d'Ivoire,CIV,2011,36693710822.22,false
Cote d'Ivoire,CIV,2012,36302302844.02,false
Cote d'Ivoire,CIV,2013,42760235496.39,false
Cote d'Ivoire,CIV,2014,48843005625.03,false
Cote d'Ivoire,CIV,2015,45815005170.61,false
Cote d'Ivoire,CIV,2016,48407761031.68,false
Cote d'Ivoire,CIV,2017,52512344033.96,false
Cote d'Ivoire,CIV,2018,58522477744.73,false
Cote d'Ivoire,CIV,2019,59898479821.19,false
Cote d'Ivoire,CIV,2020,62982768371.52,false
Cote d'Ivoire,CIV,2021,71811075954.68,false
Cote d'Ivoire,CIV,2022,70018715016.70,false
Cameroon,CMR,1960,614206067.50,false
Cameroon,CMR,1961,652777609.33,false
Cameroon,CMR,1962,694247865.27,false
Cameroon,CMR,1963,718320845.94,false
Cameroon,CMR,1964,776650176.65,false
Cameroon,CMR,1965,814083264.82,false
Cameroon,CMR,1966,851112536.09,false
Cameroon,CMR,1967,936175260.83,false
Cameroon,CMR,1968,1046191218.83,false
Cameroon,CMR,1969,1100551487.14,false
Cameroon,CMR,1970,1151216992.77,false
Cameroon,CMR,1971,1236941395.53,false
Cameroon,CMR,1972,1498251886.91,false
Cameroon,CMR,1973,1901393360.57,false
Cameroon,CMR,1974,2157415535.79,false
Cameroon,CMR,1975,2857037366.51,false
Cameroon,CMR,1976,2898089998.62,false
Cameroon,CMR,1977,3394664030.04,false
Cameroon,CMR,1978,4662852578.30,false
Cameroon,CMR,1979,5919002975.30,false
Cameroon,CMR,1980,6674569033.58,false
Cameroon,CMR,1981,6610938627.60,false
Cameroon,CMR,1982,6611255969.89,false
Cameroon,CMR,1983,6870200009.46,false
Cameroon,CMR,1984,7311938029.91,false
Cameroon,CMR,1985,8544810503.47,false
Cameroon,CMR,1986,11857056214.33,false
Cameroon,CMR,1987,13049659963.70,false
Cameroon,CMR,1988,12236057369.91,false
Cameroon,CMR,1989,11012566178.18,false
Cameroon,CMR,1990,12314482629.91,false
Cameroon,CMR,1991,11840192304.41,false
Cameroon,CMR,1992,12071775346.42,false
Cameroon,CMR,1993,16181814683.96,false
Cameroon,CMR,1994,8902446257.70,false
Cameroon,CMR,1995,10864772473.05,false
Cameroon,CMR,1996,11093538840.54,false
Cameroon,CMR,1997,10789458426.11,false
Cameroon,CMR,1998,11298144998.70,false
Cameroon,CMR,1999,11565826458.89,false
Cameroon,CMR,2000,10566579294.52,false
Cameroon,CMR,2001,10953485345.22,false
Cameroon,CMR,2002,12417251341.60,false
Cameroon,CMR,2003,15970315030.24,false
Cameroon,CMR,2004,18826214125.23,false
Cameroon,CMR,2005,19509852219.33,false
Cameroon,CMR,2006,20910512978.17,false
Cameroon,CMR,2007,23928250410.06,false
Cameroon,CMR,2008,27715142005.57,false
Cameroon,CMR,2009,27932970297.06,false
Cameroon,CMR,2010,27507501809.24,false
Cameroon,CMR,2011,30630910513.06,false
Cameroon,CMR,2012,30155062302.84,false
Cameroon,CMR,2013,33728621190.21,false
Cameroon,CMR,2014,36386544716.08,false
Cameroon,CMR,2015,32210233021.57,false
Cameroon,CMR,2016,33814337040.78,false
Cameroon,CMR,2017,36098547058.79,false
Cameroon,CMR,2018,39973842058.56,false
Cameroon,CMR,2019,39670976440.32,false
Cameroon,CMR,2020,40773241211.69,false
Cameroon,CMR,2021,45338285386.10,false
Cameroon,CMR,2022,44341646509.22,false
"Congo, Dem. Rep.",COD,1960,3359404117.65,false
"Congo, Dem. Rep.",COD,1961,3086746857.14,false
"Congo, Dem. Rep.",COD,1962,3779841428.57,false
"Congo, Dem. Rep.",COD,1963,6213185742.57,false
"Congo, Dem. Rep.",COD,1964,2881545272.73,false
"Congo, Dem. Rep.",COD,1965,4043901818.18,false
"Congo, Dem. Rep.",COD,1966,4532660181.82,false
"Congo, Dem. Rep.",COD,1967,3384063371.76,false
"Congo, Dem. Rep.",COD,1968,3909780538.92,false
"Congo, Dem. Rep.",COD,1969,5032434970.06,false
"Congo, Dem. Rep.",COD,1970,4877684910.18,false
"Congo, Dem. Rep.",COD,1971,5594770359.28,false
"Congo, Dem. Rep.",COD,1972,6173712814.37,false
"Congo, Dem. Rep.",COD,1973,7870239461.08,false
"Congo, Dem. Rep.",COD,1974,9596960179.64,false
"Congo, Dem. Rep.",COD,1975,10237343173.65,false
"Congo, Dem. Rep.",COD,1976,9648583224.99,false
"Congo, Dem. Rep.",COD,1977,12344424763.57,false
"Congo, Dem. Rep.",COD,1978,15372608002.39,false
"Congo, Dem. Rep.",COD,1979,15068422236.37,false
"Congo, Dem. Rep.",COD,1980,14394927494.86,false
"Congo, Dem. Rep.",COD,1981,12537821038.22,false
"Congo, Dem. Rep.",COD,1982,13651667371.17,false
"Congo, Dem. Rep.",COD,1983,11006712650.45,false
"Congo, Dem. Rep.",COD,1984,7857729193.20,false
"Congo, Dem. Rep.",COD,1985,7195042616.01,false
"Congo, Dem. Rep.",COD,1986,8095367168.22,false
"Congo, Dem. Rep.",COD,1987,7661625472.58,false
"Congo, Dem. Rep.",COD,1988,8861299976.74,false
"Congo, Dem. Rep.",COD,1989,9021862775.18,false
"Congo, Dem. Rep.",COD,1990,9349764580.41,false
"Congo, Dem. Rep.",COD,1991,9625436872.51,false
"Congo, Dem. Rep.",COD,1992,8227343907.27,false
"Congo, Dem. Rep.",COD,1993,10706259936.74,false
"Congo, Dem. Rep.",COD,1994,5820382248.28,false
"Congo, Dem. Rep.",COD,1995,5643439376.10,false
"Congo, Dem. Rep.",COD,1996,5771454939.62,false
"Congo, Dem. Rep.",COD,1997,6090840548.19,false
"Congo, Dem. Rep.",COD,1998,6217806273.31,false
"Congo, Dem. Rep.",COD,1999,4711259427.27,false
"Congo, Dem. Rep.",COD,2000,19088046305.80,false
"Congo, Dem. Rep.",COD,2001,7438189100.33,false
"Congo, Dem. Rep.",COD,2002,8728038525.14,false
"Congo, Dem. Rep.",COD,2003,8937567059.88,false
"Congo, Dem. Rep.",COD,2004,10297483481.22,false
"Congo, Dem. Rep.",COD,2005,11964484457.52,false
"Congo, Dem. Rep.",COD,2006,14451901696.39,false
"Congo, Dem. Rep.",COD,2007,16737071816.38,false
"Congo, Dem. Rep.",COD,2008,19788515579.05,false
"Congo, Dem. Rep.",COD,2009,18648372544.80,false
"Congo, Dem. Rep.",COD,2010,21565721036.36,false
"Congo, Dem. Rep.",COD,2011,25839749198.82,false
"Congo, Dem. Rep.",COD,2012,29306235295.34,false
"Congo, Dem. Rep.",COD,2013,32679745036.27,false
"Congo, Dem. Rep.",COD,2014,35909040943.88,false
"Congo, Dem. Rep.",COD,2015,37917706485.59,false
"Congo, Dem. Rep.",COD,2016,37134801548.84,false
"Congo, Dem. Rep.",COD,2017,38019264804.51,false
"Congo, Dem. Rep.",COD,2018,47568210020.93,false
"Congo, Dem. Rep.",COD,2019,51775829868.77,false
"Congo, Dem. Rep.",COD,2020,48716961864.54,false
"Congo, Dem. Rep.",COD,2021,55350968593.06,false
"Congo, Dem. Rep.",COD,2022,58065953573.32,false
"Congo, Rep.",COG,1960,131731862.57,false
"Congo, Rep.",COG,1961,151675739.16,false
"Congo, Rep.",COG,1962,166521239.86,false
"Congo, Rep.",COG,1963,172233430.87,false
"Congo, Rep.",COG,1964,185693724.85,false
"Congo, Rep.",COG,1965,198318063.86,false
"Congo, Rep.",COG,1966,220613582.37,false
"Congo, Rep.",COG,1967,237397428.34,false
"Congo, Rep.",COG,1968,251247458.01,false
"Congo, Rep.",COG,1969,265040036.06,false
"Congo, Rep.",COG,1970,274960699.86,false
"Congo, Rep.",COG,1971,322128019.32,false
"Congo, Rep.",COG,1972,410669262.90,false
"Congo, Rep.",COG,1973,541973362.48,false
"Congo, Rep.",COG,1974,585364635.35,false
"Congo, Rep.",COG,1975,767102679.02,false
"Congo, Rep.",COG,1976,754549600.55,false
"Congo, Rep.",COG,1977,765224030.64,false
"Congo, Rep.",COG,1978,878771771.29,false
"Congo, Rep.",COG,1979,1198749665.95,false
"Congo, Rep.",COG,1980,1705796849.55,false
"Congo, Rep.",COG,1981,1993512325.92,false
"Congo, Rep.",COG,1982,2160640566.54,false
"Congo, Rep.",COG,1983,2097274289.62,false
"Congo, Rep.",COG,1984,2193581366.41,false
"Congo, Rep.",COG,1985,2160872541.42,false
"Congo, Rep.",COG,1986,1849268214.68,false
"Congo, Rep.",COG,1987,2297753649.28,false
"Congo, Rep.",COG,1988,2212536313.33,false
"Congo, Rep.",COG,1989,2389593021.95,false
"Congo, Rep.",COG,1990,2798746050.58,false
"Congo, Rep.",COG,1991,2724853507.65,false
"Congo, Rep.",COG,1992,2933222705.80,false
"Congo, Rep.",COG,1993,2684323618.40,false
"Congo, Rep.",COG,1994,1769365438.89,false
"Congo, Rep.",COG,1995,2116003868.17,false
"Congo, Rep.",COG,1996,2540697537.70,false
"Congo, Rep.",COG,1997,2322719101.28,false
"Congo, Rep.",COG,1998,1949481380.65,false
"Congo, Rep.",COG,1999,2354772959.06,false
"Congo, Rep.",COG,2000,3227927697.44,false
"Congo, Rep.",COG,2001,2796704603.04,false
"Congo, Rep.",COG,2002,3034250926.18,false
"Congo, Rep.",COG,2003,3503723086.70,false
"Congo, Rep.",COG,2004,4656974937.55,false
"Congo, Rep.",COG,2005,6650001684.90,false
"Congo, Rep.",COG,2006,8072305030.68,false
"Congo, Rep.",COG,2007,8782703427.96,false
"Congo, Rep.",COG,2008,11649857662.14,false
"Congo, Rep.",COG,2009,9723299908.19,false
"Congo, Rep.",COG,2010,13148396205.67,false
"Congo, Rep.",COG,2011,15655383585.99,false
"Congo, Rep.",COG,2012,17692911280.56,false
"Congo, Rep.",COG,2013,17958720704.46,false
"Congo, Rep.",COG,2014,17912907682.07,false
"Congo, Rep.",COG,2015,11890259176.68,false
"Congo, Rep.",COG,2016,10219341017.14,false
"Congo, Rep.",COG,2017,11094823676.59,false
"Congo, Rep.",COG,2018,13670038019.86,false
"Congo, Rep.",COG,2019,12750338736.17,false
"Congo, Rep.",COG,2020,10483151093.69,false
"Congo, Rep.",COG,2021,13366230821.33,false
"Congo, Rep.",COG,2022,14615532210.05,false
Colombia,COL,1960,4031152977.25,false
Colombia,COL,1961,4540447761.87,false
Colombia,COL,1962,4955537980.06,false
Colombia,COL,1963,4836166666.67,false
Colombia,COL,1964,5973366666.67,false
Colombia,COL,1965,5760761904.76,false
Colombia,COL,1966,5428518518.52,false
Colombia,COL,1967,5825170438.49,false
Colombia,COL,1968,5960212869.13,false
Colombia,COL,1969,6450175213.75,false
Colombia,COL,1970,7198360460.20,false
Colombia,COL,1971,7820380970.54,false
Colombia,COL,1972,8671358732.68,false
Colombia,COL,1973,10315760000.34,false
Colombia,COL,1974,12370029583.64,false
Colombia,COL,1975,13098633901.87,false
Colombia,COL,1976,15341403660.47,false
Colombia,COL,1977,19470960619.13,false
Colombia,COL,1978,23263511958.05,false
Colombia,COL,1979,27940411250.27,false
Colombia,COL,1980,33400735644.05,false
Colombia,COL,1981,36388366869.03,false
Colombia,COL,1982,38968039721.75,false
Colombia,COL,1983,38729822781.60,false
Colombia,COL,1984,38253120737.97,false
Colombia,COL,1985,34894419525.28,false
Colombia,COL,1986,34942489683.97,false
Colombia,COL,1987,36373307085.09,false
Colombia,COL,1988,39212550050.42,false
Colombia,COL,1989,39540080200.39,false
Colombia,COL,1990,47844090709.99,false
Colombia,COL,1991,49637993948.84,false
Colombia,COL,1992,58394443348.93,false
Colombia,COL,1993,66474101329.35,false
Colombia,COL,1994,81705497616.57,false
Colombia,COL,1995,92495970511.40,false
Colombia,COL,1996,97153389010.95,false
Colombia,COL,1997,106656492324.77,false
Colombia,COL,1998,98486358604.18,false
Colombia,COL,1999,86278947620.59,false
Colombia,COL,2000,99875074935.08,false
Colombia,COL,2001,98200641189.16,false
Colombia,COL,2002,97945812789.85,false
Colombia,COL,2003,94644969146.14,false
Colombia,COL,2004,117092416651.40,false
Colombia,COL,2005,145600527535.77,false
Colombia,COL,2006,161792959247.85,false
Colombia,COL,2007,206229536757.67,false
Colombia,COL,2008,242504150472.93,false
Colombia,COL,2009,232468666665.15,false
Colombia,COL,2010,286498534094.96,false
Colombia,COL,2011,334966134865.30,false
Colombia,COL,2012,370691143086.76,false
Colombia,COL,2013,382093697077.68,false
Colombia,COL,2014,381240864422.41,false
Colombia,COL,2015,293492370228.85,false
Colombia,COL,2016,282720100286.23,false
Colombia,COL,2017,311866875135.58,false
Colombia,COL,2018,334198218100.72,false
Colombia,COL,2019,323031701210.77,false
Colombia,COL,2020,270150956772.57,false
Colombia,COL,2021,318511813576.97,false
Colombia,COL,2022,343939445259.49,false
Comoros,COM,1980,212218261.54,false
Comoros,COM,1981,196349931.60,false
Comoros,COM,1982,184009013.50,false
Comoros,COM,1983,191621954.91,false
Comoros,COM,1984,184697225.62,false
Comoros,COM,1985,196726096.47,false
Comoros,COM,1986,279197721.82,false
Comoros,COM,1987,337525853.02,false
Comoros,COM,1988,356500032.83,false
Comoros,COM,1989,341476768.08,false
Comoros,COM,1990,429622178.04,false
Comoros,COM,1991,424108769.12,false
Comoros,COM,1992,457388651.90,false
Comoros,COM,1993,452881475.08,false
Comoros,COM,1994,319189184.29,false
Comoros,COM,1995,398461796.74,false
Comoros,COM,1996,396053806.40,false
Comoros,COM,1997,364445600.13,false
Comoros,COM,1998,370106745.98,false
Comoros,COM,1999,382454989.95,false
Comoros,COM,2000,351136579.80,false
Comoros,COM,2001,378512024.12,false
Comoros,COM,2002,425964681.15,false
Comoros,COM,2003,546885223.18,false
Comoros,COM,2004,633706110.45,false
Comoros,COM,2005,653845169.19,false
Comoros,COM,2006,698431794.46,false
Comoros,COM,2007,795673153.18,false
Comoros,COM,2008,915659107.76,false
Comoros,COM,2009,905341173.97,false
Comoros,COM,2010,907978731.70,false
Comoros,COM,2011,1023086272.70,false
Comoros,COM,2012,1015843491.25,false
Comoros,COM,2013,1116224107.17,false
Comoros,COM,2014,1149587659.75,false
Comoros,COM,2015,966029599.80,false
Comoros,COM,2016,1012835492.52,false
Comoros,COM,2017,1077439756.12,false
Comoros,COM,2018,1188797449.96,false
Comoros,COM,2019,1195019531.04,false
Comoros,COM,2020,1225039195.94,false
Comoros,COM,2021,1296089479.46,false
Comoros,COM,2022,1242519407.28,false
Cabo Verde,CPV,1980,142246816.53,false
Cabo Verde,CPV,1981,139468210.07,false
Cabo Verde,CPV,1982,140630678.18,false
Cabo Verde,CPV,1983,138476174.98,false
Cabo Verde,CPV,1984,132019039.11,false
Cabo Verde,CPV,1985,137728205.32,false
Cabo Verde,CPV,1986,190651168.35,false
Cabo Verde,CPV,1987,235253063.63,false
Cabo Verde,CPV,1988,264308140.29,false
Cabo Verde,CPV,1989,267448570.27,false
Cabo Verde,CPV,1990,306890961.19,false
Cabo Verde,CPV,1991,319827058.59,false
Cabo Verde,CPV,1992,357160985.33,false
Cabo Verde,CPV,1993,490417389.68,false
Cabo Verde,CPV,1994,406580652.33,false
Cabo Verde,CPV,1995,487148993.53,false
Cabo Verde,CPV,1996,501979271.87,false
Cabo Verde,CPV,1997,490608657.92,false
Cabo Verde,CPV,1998,521910560.52,false
Cabo Verde,CPV,1999,592416703.06,false
Cabo Verde,CPV,2000,539227277.63,false
Cabo Verde,CPV,2001,563090488.85,false
Cabo Verde,CPV,2002,620507385.70,false
Cabo Verde,CPV,2003,813260468.87,false
Cabo Verde,CPV,2004,924940012.86,false
Cabo Verde,CPV,2005,972241682.10,false
Cabo Verde,CPV,2006,1107571459.02,false
Cabo Verde,CPV,2007,1649621735.41,false
Cabo Verde,CPV,2008,1959620652.51,false
Cabo Verde,CPV,2009,1852334581.48,false
Cabo Verde,CPV,2010,1824751459.69,false
Cabo Verde,CPV,2011,2046817974.91,false
Cabo Verde,CPV,2012,1913081206.32,false
Cabo Verde,CPV,2013,2028910915.16,false
Cabo Verde,CPV,2014,2041930125.43,false
Cabo Verde,CPV,2015,1749857628.41,false
Cabo Verde,CPV,2016,1849789992.74,false
Cabo Verde,CPV,2017,1996741544.62,false
Cabo Verde,CPV,2018,2205099509.16,false
Cabo Verde,CPV,2019,2266752197.43,false
Cabo Verde,CPV,2020,1878277311.23,false
Cabo Verde,CPV,2021,2091741774.11,false
Cabo Verde,CPV,2022,2314816792.06,false
Costa Rica,CRI,1960,507513829.99,false
Costa Rica,CRI,1961,490325181.61,false
Costa Rica,CRI,1962,479180824.35,false
Costa Rica,CRI,1963,511902136.81,false
Costa Rica,CRI,1964,542578367.24,false
Costa Rica,CRI,1965,592981161.76,false
Costa Rica,CRI,1966,647305629.64,false
Costa Rica,CRI,1967,699456618.27,false
Costa Rica,CRI,1968,773841493.68,false
Costa Rica,CRI,1969,853630203.05,false
Costa Rica,CRI,1970,984830157.65,false
Costa Rica,CRI,1971,1077147482.51,false
Costa Rica,CRI,1972,1238251695.74,false
Costa Rica,CRI,1973,1528925769.81,false
Costa Rica,CRI,1974,1666544754.31,false
Costa Rica,CRI,1975,1960863465.81,false
Costa Rica,CRI,1976,2412555426.19,false
Costa Rica,CRI,1977,3072427013.19,false
Costa Rica,CRI,1978,3523208810.21,false
Costa Rica,CRI,1979,4035519323.69,false
Costa Rica,CRI,1980,4831447001.68,false
Costa Rica,CRI,1981,2623803055.70,false
Costa Rica,CRI,1982,2606623577.86,false
Costa Rica,CRI,1983,3146772656.37,false
Costa Rica,CRI,1984,3660477828.86,false
Costa Rica,CRI,1985,3919203960.40,false
Costa Rica,CRI,1986,4418983870.97,false
Costa Rica,CRI,1987,4532952047.16,false
Costa Rica,CRI,1988,4614629898.40,false
Costa Rica,CRI,1989,5251025767.48,false
Costa Rica,CRI,1990,5711687786.76,false
Costa Rica,CRI,1991,7196276092.46,false
Costa Rica,CRI,1992,8564041894.93,false
Costa Rica,CRI,1993,9582868509.90,false
Costa Rica,CRI,1994,10486787030.35,false
Costa Rica,CRI,1995,11578594259.87,false
Costa Rica,CRI,1996,11678424507.25,false
Costa Rica,CRI,1997,12614602382.20,false
Costa Rica,CRI,1998,13684255946.58,false
Costa Rica,CRI,1999,14254866281.15,false
Costa Rica,CRI,2000,15013629658.65,false
Costa Rica,CRI,2001,15976174336.97,false
Costa Rica,CRI,2002,16578820687.29,false
Costa Rica,CRI,2003,17271760506.95,false
Costa Rica,CRI,2004,18610594846.21,false
Costa Rica,CRI,2005,20040642476.98,false
Costa Rica,CRI,2006,22715540324.30,false
Costa Rica,CRI,2007,26884700345.03,false
Costa Rica,CRI,2008,30801744881.00,false
Costa Rica,CRI,2009,30745714326.95,false
Costa Rica,CRI,2010,37658614803.28,false
Costa Rica,CRI,2011,42762613705.78,false
Costa Rica,CRI,2012,47231655433.47,false
Costa Rica,CRI,2013,50949668885.99,false
Costa Rica,CRI,2014,52016408923.93,false
Costa Rica,CRI,2015,56441920823.76,false
Costa Rica,CRI,2016,58847019584.91,false
Costa Rica,CRI,2017,60516044623.49,false
Costa Rica,CRI,2018,62420164964.70,false
Costa Rica,CRI,2019,64417670555.78,false
Costa Rica,CRI,2020,62395610764.07,false
Costa Rica,CRI,2021,64616482167.75,false
Costa Rica,CRI,2022,68380838316.28,false
Caribbean small states,CSS,1960,1880325752.28,true
Caribbean small states,CSS,1961,2038322827.28,true
Caribbean small states,CSS,1962,2153917654.87,true
Caribbean small states,CSS,1963,2290336890.92,true
Caribbean small states,CSS,1964,2470289708.54,true
Caribbean small states,CSS,1965,2661014415.86,true
Caribbean small states,CSS,1966,2888723567.10,true
Caribbean small states,CSS,1967,3102559321.59,true
Caribbean small states,CSS,1968,3083639279.16,true
Caribbean small states,CSS,1969,3359755873.65,true
Caribbean small states,CSS,1970,3695311705.18,true
Caribbean small states,CSS,1971,4017469942.97,true
Caribbean small states,CSS,1972,4639346339.93,true
Caribbean small states,CSS,1973,5076128906.85,true
Caribbean small states,CSS,1974,6595536763.87,true
Caribbean small states,CSS,1975,7706927757.59,true
Caribbean small states,CSS,1976,7932366003.35,true
Caribbean small states,CSS,1977,9210519153.48,true
Caribbean small states,CSS,1978,9433730362.32,true
Caribbean small states,CSS,1979,10835454135.43,true
Caribbean small states,CSS,1980,13495237652.20,true
Caribbean small states,CSS,1981,14890283926.41,true
Caribbean small states,CSS,1982,16517790345.79,true
Caribbean small states,CSS,1983,16735543669.62,true
Caribbean small states,CSS,1984,15982824810.11,true
Caribbean small states,CSS,1985,15814763265.96,true
Caribbean small states,CSS,1986,14441261965.78,true
Caribbean small states,CSS,1987,15521767449.36,true
Caribbean small states,CSS,1988,16459954911.61,true
Caribbean small states,CSS,1989,16872865240.85,true
Caribbean small states,CSS,1990,18149076125.77,true
Caribbean small states,CSS,1991,18032792661.64,true
Caribbean small states,CSS,1992,17750354024.32,true
Caribbean small states,CSS,1993,19224165269.24,true
Caribbean small states,CSS,1994,20205168289.83,true
Caribbean small states,CSS,1995,22270861759.54,true
Caribbean small states,CSS,1996,24291634283.20,true
Caribbean small states,CSS,1997,28416253263.31,true
Caribbean small states,CSS,1998,30354024137.65,true
Caribbean small states,CSS,1999,32186912968.84,true
Caribbean small states,CSS,2000,34533836399.50,true
Caribbean small states,CSS,2001,35575792426.04,true
Caribbean small states,CSS,2002,37324429141.85,true
Caribbean small states,CSS,2003,39887632895.12,true
Caribbean small states,CSS,2004,43625669537.96,true
Caribbean small states,CSS,2005,49307227387.14,true
Caribbean small states,CSS,2006,56074290119.34,true
Caribbean small states,CSS,2007,62328938789.32,true
Caribbean small states,CSS,2008,70781391356.04,true
Caribbean small states,CSS,2009,59840574173.76,true
Caribbean small states,CSS,2010,64939019150.20,true
Caribbean small states,CSS,2011,70074558334.33,true
Caribbean small states,CSS,2012,73844945660.75,true
Caribbean small states,CSS,2013,75227025825.66,true
Caribbean small states,CSS,2014,76921753855.81,true
Caribbean small states,CSS,2015,75480329446.95,true
Caribbean small states,CSS,2016,70977854236.85,true
Caribbean small states,CSS,2017,73482494257.10,true
Caribbean small states,CSS,2018,76247249561.30,true
Caribbean small states,CSS,2019,77282796215.92,true
Caribbean small states,CSS,2020,65994922945.39,true
Caribbean small states,CSS,2021,75672802626.70,true
Caribbean small states,CSS,2022,92935645972.96,true
Cuba,CUB,1970,5693005200.00,false
Cuba,CUB,1971,6914658400.00,false
Cuba,CUB,1972,8135150891.92,false
Cuba,CUB,1973,9987709650.18,false
Cuba,CUB,1974,11405957317.07,false
Cuba,CUB,1975,13027415243.90,false
Cuba,CUB,1976,13789579902.56,false
Cuba,CUB,1977,14206158674.70,false
Cuba,CUB,1978,17844705324.68,false
Cuba,CUB,1979,19584443287.67,false
Cuba,CUB,1980,19912889861.11,false
Cuba,CUB,1981,20150254096.39,false
Cuba,CUB,1982,20953510235.29,false
Cuba,CUB,1983,22204940512.22,false
Cuba,CUB,1984,24039383608.42,false
Cuba,CUB,1985,22920490774.10,false
Cuba,CUB,1986,24226574634.03,false
Cuba,CUB,1987,25213935012.08,false
Cuba,CUB,1988,27458999472.30,false
Cuba,CUB,1989,27023468665.90,false
Cuba,CUB,1990,28645436569.15,false
Cuba,CUB,1991,24316556025.66,false
Cuba,CUB,1992,22085858243.24,false
Cuba,CUB,1993,22367254864.86,false
Cuba,CUB,1994,28448326756.76,false
Cuba,CUB,1995,30429803651.22,false
Cuba,CUB,1996,25017368700.00,false
Cuba,CUB,1997,25365908100.00,false
Cuba,CUB,1998,25736331200.00,false
Cuba,CUB,1999,28364615200.00,false
Cuba,CUB,2000,30565400000.00,false
Cuba,CUB,2001,31682400000.00,false
Cuba,CUB,2002,33590500000.00,false
Cuba,CUB,2003,35901200000.00,false
Cuba,CUB,2004,38203000000.00,false
Cuba,CUB,2005,42643836100.00,false
Cuba,CUB,2006,48835925925.93,false
Cuba,CUB,2007,54262870370.37,false
Cuba,CUB,2008,56302129629.63,false
Cuba,CUB,2009,57481481481.48,false
Cuba,CUB,2010,59562962962.96,false
Cuba,CUB,2011,68990000000.00,false
Cuba,CUB,2012,73141000000.00,false
Cuba,CUB,2013,77148000000.00,false
Cuba,CUB,2014,80656000000.00,false
Cuba,CUB,2015,87133000000.00,false
Cuba,CUB,2016,91370000000.00,false
Cuba,CUB,2017,96851000000.00,false
Cuba,CUB,2018,100050000000.00,false
Cuba,CUB,2019,103428000000.00,false
Cuba,CUB,2020,107352000000.00,false
Curacao,CUW,2011,2933128491.62,false
Curacao,CUW,2012,3024525139.66,false
Curacao,CUW,2013,3039944134.08,false
Curacao,CUW,2014,3048435754.19,false
Curacao,CUW,2015,3042737430.17,false
Curacao,CUW,2016,3014748603.35,false
Curacao,CUW,2017,3009497206.70,false
Curacao,CUW,2018,3020388826.82,false
Curacao,CUW,2019,2995185474.86,false
Curacao,CUW,2020,2496174748.60,false
Curacao,CUW,2021,2699612458.10,false
Cayman Islands,CYM,2006,4200288282.10,false
Cayman Islands,CYM,2007,4466278030.59,false
Cayman Islands,CYM,2008,4585948969.33,false
Cayman Islands,CYM,2009,4281714618.03,false
Cayman Islands,CYM,2010,4156841163.78,false
Cayman Islands,CYM,2011,4186073160.18,false
Cayman Islands,CYM,2012,4291004485.57,false
Cayman Islands,CYM,2013,4405796081.16,false
Cayman Islands,CYM,2014,4562853582.32,false
Cayman Islands,CYM,2015,4708167255.29,false
Cayman Islands,CYM,2016,4909322200.00,false
Cayman Islands,CYM,2017,5166281293.19,false
Cayman Islands,CYM,2018,5530178498.91,false
Cayman Islands,CYM,2019,5941896599.57,false
Cayman Islands,CYM,2020,5647224973.04,false
Cayman Islands,CYM,2021,6028373541.47,false
Cyprus,CYP,1975,489914760.68,false
Cyprus,CYP,1976,576090073.72,false
Cyprus,CYP,1977,734887973.98,false
Cyprus,CYP,1978,964026512.20,false
Cyprus,CYP,1979,1288715209.58,false
Cyprus,CYP,1980,2154311276.95,false
Cyprus,CYP,1981,2087496373.78,false
Cyprus,CYP,1982,2159242416.77,false
Cyprus,CYP,1983,2160364071.19,false
Cyprus,CYP,1984,2278248953.14,false
Cyprus,CYP,1985,2430411900.19,false
Cyprus,CYP,1986,3090734463.28,false
Cyprus,CYP,1987,3704813885.51,false
Cyprus,CYP,1988,4278792597.24,false
Cyprus,CYP,1989,4563482603.55,false
Cyprus,CYP,1990,5591130217.67,false
Cyprus,CYP,1991,5770197348.48,false
Cyprus,CYP,1992,6912150456.32,false
Cyprus,CYP,1993,6590291048.29,false
Cyprus,CYP,1994,7425703928.57,false
Cyprus,CYP,1995,9933133247.09,false
Cyprus,CYP,1996,10011918444.17,false
Cyprus,CYP,1997,9547818700.11,false
Cyprus,CYP,1998,10248617647.06,false
Cyprus,CYP,1999,10497908306.36,false
Cyprus,CYP,2000,9985844486.33,false
Cyprus,CYP,2001,10397897085.61,false
Cyprus,CYP,2002,11420227884.62,false
Cyprus,CYP,2003,14547325028.31,false
Cyprus,CYP,2004,17320552500.00,false
Cyprus,CYP,2005,18433411267.26,false
Cyprus,CYP,2006,20072786350.52,false
Cyprus,CYP,2007,23968764029.56,false
Cyprus,CYP,2008,27844698989.31,false
Cyprus,CYP,2009,25945391775.49,false
Cyprus,CYP,2010,25799940416.02,false
Cyprus,CYP,2011,27641551809.10,false
Cyprus,CYP,2012,25047433099.59,false
Cyprus,CYP,2013,23959708956.29,false
Cyprus,CYP,2014,23225912183.50,false
Cyprus,CYP,2015,19909269064.85,false
Cyprus,CYP,2016,21046452117.38,false
Cyprus,CYP,2017,22946583375.55,false
Cyprus,CYP,2018,25597301190.68,false
Cyprus,CYP,2019,25945194240.45,false
Cyprus,CYP,2020,25008266159.25,false
Cyprus,CYP,2021,28408064462.19,false
Cyprus,CYP,2022,28439052740.86,false
Czechia,CZE,1990,40728950704.62,false
Czechia,CZE,1991,29859921158.87,false
Czechia,CZE,1992,34805013229.57,false
Czechia,CZE,1993,40866982340.20,false
Czechia,CZE,1994,47850065328.98,false
Czechia,CZE,1995,60145663258.90,false
Czechia,CZE,1996,67388492013.54,false
Czechia,CZE,1997,62180519005.94,false
Czechia,CZE,1998,66807498696.35,false
Czechia,CZE,1999,65173036730.62,false
Czechia,CZE,2000,61823494487.04,false
Czechia,CZE,2001,67808695573.68,false
Czechia,CZE,2002,82196206089.76,false
Czechia,CZE,2003,100090467581.27,false
Czechia,CZE,2004,119814667457.86,false
Czechia,CZE,2005,137143375920.47,false
Czechia,CZE,2006,156264210926.18,false
Czechia,CZE,2007,190184113270.15,false
Czechia,CZE,2008,236816948159.72,false
Czechia,CZE,2009,207434296805.33,false
Czechia,CZE,2010,209069940963.18,false
Czechia,CZE,2011,229562733398.95,false
Czechia,CZE,2012,208857719320.65,false
Czechia,CZE,2013,211685616592.93,false
Czechia,CZE,2014,209358834156.33,false
Czechia,CZE,2015,188033050459.88,false
Czechia,CZE,2016,196272068576.34,false
Czechia,CZE,2017,218628940951.68,false
Czechia,CZE,2018,249000540729.18,false
Czechia,CZE,2019,252548179964.90,false
Czechia,CZE,2020,245974558654.04,false
Czechia,CZE,2021,281791218507.10,false
Czechia,CZE,2022,290923534700.52,false
Germany,DEU,1970,215838448137.66,false
Germany,DEU,1971,249985055484.30,false
Germany,DEU,1972,299801542047.48,false
Germany,DEU,1973,398374021953.90,false
Germany,DEU,1974,445303484241.55,false
Germany,DEU,1975,490636517211.22,false
Germany,DEU,1976,519754453161.41,false
Germany,DEU,1977,600498238019.04,false
Germany,DEU,1978,740469983446.93,false
Germany,DEU,1979,881345176608.69,false
Germany,DEU,1980,950290856466.54,false
Germany,DEU,1981,800472055387.28,false
Germany,DEU,1982,776576439106.96,false
Germany,DEU,1983,770684323247.80,false
Germany,DEU,1984,725111123634.12,false
Germany,DEU,1985,732534887058.20,false
Germany,DEU,1986,1046259374943.71,false
Germany,DEU,1987,1298176105549.51,false
Germany,DEU,1988,1401233225303.49,false
Germany,DEU,1989,1398967436804.33,false
Germany,DEU,1990,1771671206875.68,false
Germany,DEU,1991,1868945197407.19,false
Germany,DEU,1992,2131571696931.75,false
Germany,DEU,1993,2071323790370.28,false
Germany,DEU,1994,2205074123177.05,false
Germany,DEU,1995,2585792275146.72,false
Germany,DEU,1996,2497244606186.64,false
Germany,DEU,1997,2211989623279.95,false
Germany,DEU,1998,2238990774702.68,false
Germany,DEU,1999,2194945278872.59,false
Germany,DEU,2000,1947981991011.77,false
Germany,DEU,2001,1945790973803.15,false
Germany,DEU,2002,2078484517474.51,false
Germany,DEU,2003,2501640388482.35,false
Germany,DEU,2004,2814353869359.08,false
Germany,DEU,2005,2846864211175.10,false
Germany,DEU,2006,2994703642023.53,false
Germany,DEU,2007,3425578382921.58,false
Germany,DEU,2008,3745264093617.19,false
Germany,DEU,2009,3411261212652.34,false
Germany,DEU,2010,3399667820000.09,false
Germany,DEU,2011,3749314991050.62,false
Germany,DEU,2012,3527143188785.16,false
Germany,DEU,2013,3733804649549.06,false
Germany,DEU,2014,3889093051023.45,false
Germany,DEU,2015,3357585719351.56,false
Germany,DEU,2016,3469853463945.63,false
Germany,DEU,2017,3690849152517.69,false
Germany,DEU,2018,3974443355019.53,false
Germany,DEU,2019,3888226035921.49,false
Germany,DEU,2020,3889668895299.56,false
Germany,DEU,2021,4259934911821.64,false
Germany,DEU,2022,4072191736089.51,false
Djibouti,DJI,1985,340989527.97,false
Djibouti,DJI,1987,373371738.29,false
Djibouti,DJI,1988,395794538.63,false
Djibouti,DJI,1989,409220087.10,false
Djibouti,DJI,1990,452328087.28,false
Djibouti,DJI,1991,462421998.53,false
Djibouti,DJI,1992,478058304.87,false
Djibouti,DJI,1993,466048469.23,false
Djibouti,DJI,1994,491689220.74,false
Djibouti,DJI,1995,497723960.59,false
Djibouti,DJI,1996,494004647.73,false
Djibouti,DJI,1997,502675542.00,false
Djibouti,DJI,1998,514267869.30,false
Djibouti,DJI,1999,536080148.10,false
Djibouti,DJI,2000,551230861.86,false
Djibouti,DJI,2001,572417440.82,false
Djibouti,DJI,2002,591122039.60,false
Djibouti,DJI,2003,622044665.52,false
Djibouti,DJI,2004,666072101.78,false
Djibouti,DJI,2005,708633194.73,false
Djibouti,DJI,2006,768873684.03,false
Djibouti,DJI,2007,847918929.11,false
Djibouti,DJI,2008,999105339.27,false
Djibouti,DJI,2009,1049110684.72,false
Djibouti,DJI,2010,1128611700.36,false
Djibouti,DJI,2011,1239144501.78,false
Djibouti,DJI,2012,1353632941.52,false
Djibouti,DJI,2013,2042817162.86,false
Djibouti,DJI,2014,2214679081.26,false
Djibouti,DJI,2015,2424391785.44,false
Djibouti,DJI,2016,2604955228.70,false
Djibouti,DJI,2017,2762581334.23,false
Djibouti,DJI,2018,2913466732.13,false
Djibouti,DJI,2019,3088853638.57,false
Djibouti,DJI,2020,3181071153.66,false
Djibouti,DJI,2021,3372287461.81,false
Djibouti,DJI,2022,3515109075.46,false
Dominica,DMA,1977,45872947.41,false
Dominica,DMA,1978,57130215.56,false
Dominica,DMA,1979,55017758.89,false
Dominica,DMA,1980,72804653.33,false
Dominica,DMA,1981,82107391.11,false
Dominica,DMA,1982,89527576.67,false
Dominica,DMA,1983,98665191.48,false
Dominica,DMA,1984,109157070.74,false
Dominica,DMA,1985,119491932.96,false
Dominica,DMA,1986,135161958.52,false
Dominica,DMA,1987,151868754.44,false
Dominica,DMA,1988,171106184.07,false
Dominica,DMA,1989,185137242.96,false
Dominica,DMA,1990,201429629.63,false
Dominica,DMA,1991,219762962.96,false
Dominica,DMA,1992,234059259.26,false
Dominica,DMA,1993,245525925.93,false
Dominica,DMA,1994,264374074.07,false
Dominica,DMA,1995,274522222.22,false
Dominica,DMA,1996,292285185.19,false
Dominica,DMA,1997,302988888.89,false
Dominica,DMA,1998,322411111.11,false
Dominica,DMA,1999,331759259.26,false
Dominica,DMA,2000,333470370.37,false
Dominica,DMA,2001,340203703.70,false
Dominica,DMA,2002,333196296.30,false
Dominica,DMA,2003,343311111.11,false
Dominica,DMA,2004,367200000.00,false
Dominica,DMA,2005,364255555.56,false
Dominica,DMA,2006,390251851.85,false
Dominica,DMA,2007,421374074.07,false
Dominica,DMA,2008,458188888.89,false
Dominica,DMA,2009,489074074.07,false
Dominica,DMA,2010,493825925.93,false
Dominica,DMA,2011,501025925.93,false
Dominica,DMA,2012,485996296.30,false
Dominica,DMA,2013,498296296.30,false
Dominica,DMA,2014,520207407.41,false
Dominica,DMA,2015,540737037.04,false
Dominica,DMA,2016,576229629.63,false
Dominica,DMA,2017,521551851.85,false
Dominica,DMA,2018,554770370.37,false
Dominica,DMA,2019,611537037.04,false
Dominica,DMA,2020,504214814.81,false
Dominica,DMA,2021,555266666.67,false
Dominica,DMA,2022,612048148.15,false
Denmark,DNK,1966,11931739465.18,false
Denmark,DNK,1967,13059065018.62,false
Denmark,DNK,1968,13505573854.96,false
Denmark,DNK,1969,15414902253.31,false
Denmark,DNK,1970,17075457585.20,false
Denmark,DNK,1971,19085633672.63,false
Denmark,DNK,1972,23232407814.69,false
Denmark,DNK,1973,30730626668.44,false
Denmark,DNK,1974,34160444803.71,false
Denmark,DNK,1975,40474406216.28,false
Denmark,DNK,1976,44575708131.00,false
Denmark,DNK,1977,49784407635.90,false
Denmark,DNK,1978,60362658215.27,false
Denmark,DNK,1979,70366799281.57,false
Denmark,DNK,1980,71127002864.85,false
Denmark,DNK,1981,61878103527.15,false
Denmark,DNK,1982,60412542585.68,false
Denmark,DNK,1983,60644837444.42,false
Denmark,DNK,1984,59105284414.64,false
Denmark,DNK,1985,62658617565.48,false
Denmark,DNK,1986,88078850821.62,false
Denmark,DNK,1987,109414157336.77,false
Denmark,DNK,1988,115552417468.55,false
Denmark,DNK,1989,112409606609.96,false
Denmark,DNK,1990,138248216614.80,false
Denmark,DNK,1991,139225595726.80,false
Denmark,DNK,1992,152914810032.91,false
Denmark,DNK,1993,143194762031.88,false
Denmark,DNK,1994,156163573390.25,false
Denmark,DNK,1995,185007982281.30,false
Denmark,DNK,1996,187633263192.75,false
Denmark,DNK,1997,173538719988.55,false
Denmark,DNK,1998,176991230634.23,false
Denmark,DNK,1999,177964167947.20,false
Denmark,DNK,2000,164157842126.82,false
Denmark,DNK,2001,164791096044.10,false
Denmark,DNK,2002,178634843165.63,false
Denmark,DNK,2003,218096916361.97,false
Denmark,DNK,2004,251374821136.17,false
Denmark,DNK,2005,264466895451.16,false
Denmark,DNK,2006,282885978374.28,false
Denmark,DNK,2007,319423375611.05,false
Denmark,DNK,2008,353358901702.05,false
Denmark,DNK,2009,321243301145.34,false
Denmark,DNK,2010,321995279401.50,false
Denmark,DNK,2011,344003137611.27,false
Denmark,DNK,2012,327148943812.14,false
Denmark,DNK,2013,343584391647.93,false
Denmark,DNK,2014,352993631617.71,false
Denmark,DNK,2015,302673070846.86,false
Denmark,DNK,2016,313115929314.34,false
Denmark,DNK,2017,332121063806.39,false
Denmark,DNK,2018,356841216410.07,false
Denmark,DNK,2019,346498737961.64,false
Denmark,DNK,2020,355222449505.21,false
Denmark,DNK,2021,398303272764.46,false
Denmark,DNK,2022,395403906582.00,false
Dominican Republic,DOM,1960,672399700.00,false
Dominican Republic,DOM,1961,654100200.00,false
Dominican Republic,DOM,1962,824100000.00,false
Dominican Republic,DOM,1963,940799900.00,false
Dominican Republic,DOM,1964,1025599900.00,false
Dominican Republic,DOM,1965,888100000.00,false
Dominican Republic,DOM,1966,983900000.00,false
Dominican Republic,DOM,1967,1034800000.00,false
Dominican Republic,DOM,1968,1079100000.00,false
Dominican Republic,DOM,1969,1230500000.00,false
Dominican Republic,DOM,1970,1485500000.00,false
Dominican Republic,DOM,1971,1666500000.14,false
Dominican Republic,DOM,1972,1987400000.00,false
Dominican Republic,DOM,1973,2344800000.20,false
Dominican Republic,DOM,1974,2925700001.46,false
Dominican Republic,DOM,1975,3599200003.60,false
Dominican Republic,DOM,1976,3951500003.95,false
Dominican Republic,DOM,1977,4587100004.59,false
Dominican Republic,DOM,1978,4734400004.73,false
Dominican Republic,DOM,1979,5498800005.50,false
Dominican Republic,DOM,1980,6761300006.76,false
Dominican Republic,DOM,1981,7561300007.56,false
Dominican Republic,DOM,1982,8267400008.27,false
Dominican Republic,DOM,1983,9220600009.22,false
Dominican Republic,DOM,1984,11594000004.83,false
Dominican Republic,DOM,1985,5044579439.00,false
Dominican Republic,DOM,1986,6122127855.11,false
Dominican Republic,DOM,1987,5827050248.07,false
Dominican Republic,DOM,1988,5374300274.57,false
Dominican Republic,DOM,1989,6686593059.94,false
Dominican Republic,DOM,1990,7073675544.79,false
Dominican Republic,DOM,1991,9824483368.01,false
Dominican Republic,DOM,1992,11605382504.00,false
Dominican Republic,DOM,1993,13081042400.00,false
Dominican Republic,DOM,1994,14644734247.74,false
Dominican Republic,DOM,1995,16637370839.16,false
Dominican Republic,DOM,1996,18241622255.71,false
Dominican Republic,DOM,1997,20017449966.09,false
Dominican Republic,DOM,1998,21672215776.01,false
Dominican Republic,DOM,1999,22136579527.50,false
Dominican Republic,DOM,2000,24305781111.91,false
Dominican Republic,DOM,2001,25601824419.04,false
Dominican Republic,DOM,2002,27137441266.34,false
Dominican Republic,DOM,2003,21403168127.88,false
Dominican Republic,DOM,2004,22322387609.85,false
Dominican Republic,DOM,2005,35777560474.81,false
Dominican Republic,DOM,2006,37879829854.80,false
Dominican Republic,DOM,2007,43965459071.07,false
Dominican Republic,DOM,2008,48122601589.77,false
Dominican Republic,DOM,2009,48261079523.82,false
Dominican Republic,DOM,2010,53860187452.39,false
Dominican Republic,DOM,2011,58029773802.38,false
Dominican Republic,DOM,2012,60681535894.48,false
Dominican Republic,DOM,2013,62682158700.29,false
Dominican Republic,DOM,2014,67179956264.94,false
Dominican Republic,DOM,2015,71164826719.50,false
Dominican Republic,DOM,2016,75704647977.26,false
Dominican Republic,DOM,2017,79998045975.51,false
Dominican Republic,DOM,2018,85555390385.98,false
Dominican Republic,DOM,2019,88941371980.27,false
Dominican Republic,DOM,2020,78844655833.22,false
Dominican Republic,DOM,2021,94243426487.08,false
Dominican Republic,DOM,2022,113641857434.00,false
Algeria,DZA,1960,2723615449.13,false
Algeria,DZA,1961,2434747054.00,false
Algeria,DZA,1962,2001444542.32,false
Algeria,DZA,1963,2702982015.48,false
Algeria,DZA,1964,2909316432.97,false
Algeria,DZA,1965,3136284304.35,false
Algeria,DZA,1966,3039859185.03,false
Algeria,DZA,1967,3370870373.61,false
Algeria,DZA,1968,3852147023.70,false
Algeria,DZA,1969,4257253260.69,false
Algeria,DZA,1970,4863526892.70,false
Algeria,DZA,1971,5077182745.75,false
Algeria,DZA,1972,6766744027.55,false
Algeria,DZA,1973,8707858006.19,false
Algeria,DZA,1974,13209871629.06,false
Algeria,DZA,1975,15557901444.87,false
Algeria,DZA,1976,17728240936.57,false
Algeria,DZA,1977,20972112004.19,false
Algeria,DZA,1978,26364491320.09,false
Algeria,DZA,1979,33243709744.09,false
Algeria,DZA,1980,42345829090.24,false
Algeria,DZA,1981,44348587045.92,false
Algeria,DZA,1982,45207170761.65,false
Algeria,DZA,1983,48801369810.56,false
Algeria,DZA,1984,53698548297.56,false
Algeria,DZA,1985,57937868670.19,false
Algeria,DZA,1986,63692012412.32,false
Algeria,DZA,1987,66745822963.08,false
Algeria,DZA,1988,59089400190.48,false
Algeria,DZA,1989,55634719135.36,false
Algeria,DZA,1990,62048505222.34,false
Algeria,DZA,1991,45715676428.28,false
Algeria,DZA,1992,48003133347.00,false
Algeria,DZA,1993,49945585165.79,false
Algeria,DZA,1994,42543177031.17,false
Algeria,DZA,1995,41764291963.85,false
Algeria,DZA,1996,46941553939.56,false
Algeria,DZA,1997,48177612042.15,false
Algeria,DZA,1998,48187781711.03,false
Algeria,DZA,1999,48640671734.97,false
Algeria,DZA,2000,54790398813.00,false
Algeria,DZA,2001,54744698044.23,false
Algeria,DZA,2002,56760355865.01,false
Algeria,DZA,2003,67863850333.95,false
Algeria,DZA,2004,85332581188.61,false
Algeria,DZA,2005,103198211973.24,false
Algeria,DZA,2006,117027280692.36,false
Algeria,DZA,2007,134977082623.78,false
Algeria,DZA,2008,171000699876.75,false
Algeria,DZA,2009,137211004291.27,false
Algeria,DZA,2010,161207306304.79,false
Algeria,DZA,2011,200013097903.17,false
Algeria,DZA,2012,209059081828.26,false
Algeria,DZA,2013,209755003250.66,false
Algeria,DZA,2014,213809980720.79,false
Algeria,DZA,2015,165979224316.67,false
Algeria,DZA,2016,160034212613.44,false
Algeria,DZA,2017,170096989042.83,false
Algeria,DZA,2018,174910891124.49,false
Algeria,DZA,2019,171760290068.16,false
Algeria,DZA,2020,145743722826.26,false
Algeria,DZA,2021,163472233245.77,false
Algeria,DZA,2022,191912889420.91,false
East Asia & Pacific (excluding high income),EAP,1960,81326348985.76,true
East Asia & Pacific (excluding high income),EAP,1961,71596255522.20,true
East Asia & Pacific (excluding high income),EAP,1962,65380076109.97,true
East Asia & Pacific (excluding high income),EAP,1963,70825945772.77,true
East Asia & Pacific (excluding high income),EAP,1964,81742063326.97,true
East Asia & Pacific (excluding high income),EAP,1965,95156520863.46,true
East Asia & Pacific (excluding high income),EAP,1966,104051083523.86,true
East Asia & Pacific (excluding high income),EAP,1967,100981200429.95,true
East Asia & Pacific (excluding high income),EAP,1968,102253082476.35,true
East Asia & Pacific (excluding high income),EAP,1969,114766750932.52,true
East Asia & Pacific (excluding high income),EAP,1970,127454919352.34,true
East Asia & Pacific (excluding high income),EAP,1971,137030062986.26,true
East Asia & Pacific (excluding high income),EAP,1972,155408666772.34,true
East Asia & Pacific (excluding high income),EAP,1973,195534127614.96,true
East Asia & Pacific (excluding high income),EAP,1974,221206099178.33,true
East Asia & Pacific (excluding high income),EAP,1975,248600838593.22,true
East Asia & Pacific (excluding high income),EAP,1976,252627347577.80,true
East Asia & Pacific (excluding high income),EAP,1977,291576300239.87,true
East Asia & Pacific (excluding high income),EAP,1978,282751871491.91,true
East Asia & Pacific (excluding high income),EAP,1979,327551775854.46,true
East Asia & Pacific (excluding high income),EAP,1980,378033865488.36,true
East Asia & Pacific (excluding high income),EAP,1981,403550370494.58,true
East Asia & Pacific (excluding high income),EAP,1982,423685722452.22,true
East Asia & Pacific (excluding high income),EAP,1983,443837445351.95,true
East Asia & Pacific (excluding high income),EAP,1984,480900837963.17,true
East Asia & Pacific (excluding high income),EAP,1985,526325244782.65,true
East Asia & Pacific (excluding high income),EAP,1986,525026601298.33,true
East Asia & Pacific (excluding high income),EAP,1987,518938502263.92,true
East Asia & Pacific (excluding high income),EAP,1988,575483688565.98,true
East Asia & Pacific (excluding high income),EAP,1989,622373424237.77,true
East Asia & Pacific (excluding high income),EAP,1990,667200070409.87,true
East Asia & Pacific (excluding high income),EAP,1991,723660415505.29,true
East Asia & Pacific (excluding high income),EAP,1992,811064516905.33,true
East Asia & Pacific (excluding high income),EAP,1993,890298100067.92,true
East Asia & Pacific (excluding high income),EAP,1994,1071324397430.25,true
East Asia & Pacific (excluding high income),EAP,1995,1321735880770.36,true
East Asia & Pacific (excluding high income),EAP,1996,1518091688363.74,true
East Asia & Pacific (excluding high income),EAP,1997,1571653095184.72,true
East Asia & Pacific (excluding high income),EAP,1998,1431442362415.69,true
East Asia & Pacific (excluding high income),EAP,1999,1575310857166.59,true
East Asia & Pacific (excluding high income),EAP,2000,1734224222956.66,true
East Asia & Pacific (excluding high income),EAP,2001,1847017054394.22,true
East Asia & Pacific (excluding high income),EAP,2002,2043852782637.27,true
East Asia & Pacific (excluding high income),EAP,2003,2311295448247.12,true
East Asia & Pacific (excluding high income),EAP,2004,2681922543395.70,true
East Asia & Pacific (excluding high income),EAP,2005,3106483464947.14,true
East Asia & Pacific (excluding high income),EAP,2006,3740321729010.93,true
East Asia & Pacific (excluding high income),EAP,2007,4727369211702.72,true
East Asia & Pacific (excluding high income),EAP,2008,5978428072955.47,true
East Asia & Pacific (excluding high income),EAP,2009,6483977394715.25,true
East Asia & Pacific (excluding high income),EAP,2010,7888957749541.36,true
East Asia & Pacific (excluding high income),EAP,2011,9645008222753.37,true
East Asia & Pacific (excluding high income),EAP,2012,10758481557851.80,true
East Asia & Pacific (excluding high income),EAP,2013,11870565646660.70,true
East Asia & Pacific (excluding high income),EAP,2014,12798136833357.70,true
East Asia & Pacific (excluding high income),EAP,2015,13326936591373.30,true
East Asia & Pacific (excluding high income),EAP,2016,13611836958159.30,true
East Asia & Pacific (excluding high income),EAP,2017,14876744560573.50,true
East Asia & Pacific (excluding high income),EAP,2018,16639892731999.30,true
East Asia & Pacific (excluding high income),EAP,2019,17207134431205.90,true
East Asia & Pacific (excluding high income),EAP,2020,17487420266794.30,true
East Asia & Pacific (excluding high income),EAP,2021,20837352063117.50,true
East Asia & Pacific (excluding high income),EAP,2022,21189324409148.30,true
Early-demographic dividend,EAR,1960,150325406857.62,true
Early-demographic dividend,EAR,1961,159940391122.29,true
Early-demographic dividend,EAR,1962,164426987482.15,true
Early-demographic dividend,EAR,1963,174329767924.92,true
Early-demographic dividend,EAR,1964,199945297628.86,true
Early-demographic dividend,EAR,1965,216446892673.54,true
Early-demographic dividend,EAR,1966,213717585174.22,true
Early-demographic dividend,EAR,1967,224481783366.10,true
Early-demographic dividend,EAR,1968,242649043703.58,true
Early-demographic dividend,EAR,1969,270732689849.84,true
Early-demographic dividend,EAR,1970,286772120540.82,true
Early-demographic dividend,EAR,1971,310202914047.88,true
Early-demographic dividend,EAR,1972,339147957048.17,true
Early-demographic dividend,EAR,1973,433956554432.37,true
Early-demographic dividend,EAR,1974,606060392680.64,true
Early-demographic dividend,EAR,1975,651462397679.96,true
Early-demographic dividend,EAR,1976,711513664102.47,true
Early-demographic dividend,EAR,1977,794834487670.36,true
Early-demographic dividend,EAR,1978,914896533738.63,true
Early-demographic dividend,EAR,1979,1072741942109.17,true
Early-demographic dividend,EAR,1980,1334955732224.65,true
Early-demographic dividend,EAR,1981,1491022453297.72,true
Early-demographic dividend,EAR,1982,1418937141151.78,true
Early-demographic dividend,EAR,1983,1429300176950.80,true
Early-demographic dividend,EAR,1984,1457264926621.25,true
Early-demographic dividend,EAR,1985,1455540349922.63,true
Early-demographic dividend,EAR,1986,1471507593965.89,true
Early-demographic dividend,EAR,1987,1495076737734.36,true
Early-demographic dividend,EAR,1988,1555302003152.91,true
Early-demographic dividend,EAR,1989,1584652248354.85,true
Early-demographic dividend,EAR,1990,1860056796275.85,true
Early-demographic dividend,EAR,1991,1968877107462.78,true
Early-demographic dividend,EAR,1992,2163166983544.97,true
Early-demographic dividend,EAR,1993,2376229055511.09,true
Early-demographic dividend,EAR,1994,2497962203210.62,true
Early-demographic dividend,EAR,1995,2560945788026.81,true
Early-demographic dividend,EAR,1996,2792350894378.17,true
Early-demographic dividend,EAR,1997,2984903627916.20,true
Early-demographic dividend,EAR,1998,2942800566756.13,true
Early-demographic dividend,EAR,1999,3112677522884.36,true
Early-demographic dividend,EAR,2000,3386374511009.56,true
Early-demographic dividend,EAR,2001,3357006119628.59,true
Early-demographic dividend,EAR,2002,3264336980104.44,true
Early-demographic dividend,EAR,2003,3633102752693.61,true
Early-demographic dividend,EAR,2004,4229767093661.89,true
Early-demographic dividend,EAR,2005,4931859588770.03,true
Early-demographic dividend,EAR,2006,5639663592981.58,true
Early-demographic dividend,EAR,2007,6671943375191.41,true
Early-demographic dividend,EAR,2008,7524219026102.23,true
Early-demographic dividend,EAR,2009,7262366408336.00,true
Early-demographic dividend,EAR,2010,8804986202942.55,true
Early-demographic dividend,EAR,2011,9724222961681.76,true
Early-demographic dividend,EAR,2012,10162396987594.30,true
Early-demographic dividend,EAR,2013,10305214092089.60,true
Early-demographic dividend,EAR,2014,10661877094591.40,true
Early-demographic dividend,EAR,2015,10147533368060.60,true
Early-demographic dividend,EAR,2016,10480129806000.40,true
Early-demographic dividend,EAR,2017,11335422969863.60,true
Early-demographic dividend,EAR,2018,11465084494129.50,true
Early-demographic dividend,EAR,2019,11696252034573.30,true
Early-demographic dividend,EAR,2020,10909268111328.20,true
Early-demographic dividend,EAR,2021,12674194364881.80,true
Early-demographic dividend,EAR,2022,14029514129086.90,true
East Asia & Pacific,EAS,1960,154635572036.74,true
East Asia & Pacific,EAS,1961,155171539971.90,true
East Asia & Pacific,EAS,1962,158388453382.13,true
East Asia & Pacific,EAS,1963,176730177978.80,true
East Asia & Pacific,EAS,1964,202714831720.70,true
East Asia & Pacific,EAS,1965,225621661980.28,true
East Asia & Pacific,EAS,1966,252106640604.13,true
East Asia & Pacific,EAS,1967,273182977872.02,true
East Asia & Pacific,EAS,1968,301204253595.28,true
East Asia & Pacific,EAS,1969,346861784582.22,true
East Asia & Pacific,EAS,1970,408898138223.85,true
East Asia & Pacific,EAS,1971,453726954329.13,true
East Asia & Pacific,EAS,1972,563010907247.16,true
East Asia & Pacific,EAS,1973,741889900791.10,true
East Asia & Pacific,EAS,1974,854713010143.85,true
East Asia & Pacific,EAS,1975,935819191485.15,true
East Asia & Pacific,EAS,1976,1028846516914.69,true
East Asia & Pacific,EAS,1977,1225988932220.26,true
East Asia & Pacific,EAS,1978,1546792686267.23,true
East Asia & Pacific,EAS,1979,1679992908986.78,true
East Asia & Pacific,EAS,1980,1815967653285.01,true
East Asia & Pacific,EAS,1981,2001890806303.94,true
East Asia & Pacific,EAS,1982,1962329472988.37,true
East Asia & Pacific,EAS,1983,2087904294838.24,true
East Asia & Pacific,EAS,1984,2235982147816.93,true
East Asia & Pacific,EAS,1985,2359536624595.28,true
East Asia & Pacific,EAS,1986,3082609431901.86,true
East Asia & Pacific,EAS,1987,3619762729461.22,true
East Asia & Pacific,EAS,1988,4354920545659.52,true
East Asia & Pacific,EAS,1989,4536212294968.80,true
East Asia & Pacific,EAS,1990,4738184774160.96,true
East Asia & Pacific,EAS,1991,5349238155317.49,true
East Asia & Pacific,EAS,1992,5844850958070.33,true
East Asia & Pacific,EAS,1993,6536237529932.07,true
East Asia & Pacific,EAS,1994,7403854162598.85,true
East Asia & Pacific,EAS,1995,8407270073236.73,true
East Asia & Pacific,EAS,1996,8101132439890.58,true
East Asia & Pacific,EAS,1997,7744674417552.83,true
East Asia & Pacific,EAS,1998,6929788830686.52,true
East Asia & Pacific,EAS,1999,7740389071255.50,true
East Asia & Pacific,EAS,2000,8374967389221.68,true
East Asia & Pacific,EAS,2001,7788979324780.60,true
East Asia & Pacific,EAS,2002,7911872939399.31,true
East Asia & Pacific,EAS,2003,8699256032059.13,true
East Asia & Pacific,EAS,2004,9756921956173.96,true
East Asia & Pacific,EAS,2005,10409529158921.50,true
East Asia & Pacific,EAS,2006,11031655622225.10,true
East Asia & Pacific,EAS,2007,12325978560532.80,true
East Asia & Pacific,EAS,2008,14210859901527.20,true
East Asia & Pacific,EAS,2009,14623038565206.70,true
East Asia & Pacific,EAS,2010,17066365173220.00,true
East Asia & Pacific,EAS,2011,19790735702384.00,true
East Asia & Pacific,EAS,2012,21172217151488.20,true
East Asia & Pacific,EAS,2013,21410751038294.30,true
East Asia & Pacific,EAS,2014,22086203629928.30,true
East Asia & Pacific,EAS,2015,21997190975438.60,true
East Asia & Pacific,EAS,2016,22772302203840.80,true
East Asia & Pacific,EAS,2017,24324925891393.00,true
East Asia & Pacific,EAS,2018,26485229927652.40,true
East Asia & Pacific,EAS,2019,27023995393949.00,true
East Asia & Pacific,EAS,2020,27144860679483.90,true
East Asia & Pacific,EAS,2021,31095572987690.80,true
East Asia & Pacific,EAS,2022,30655246030297.70,true
Europe & Central Asia (excluding high income),ECA,1988,862085298434.65,true
Europe & Central Asia (excluding high income),ECA,1989,834089891182.10,true
Europe & Central Asia (excluding high income),ECA,1990,893030485494.28,true
Europe & Central Asia (excluding high income),ECA,1991,868754964105.51,true
Europe & Central Asia (excluding high income),ECA,1992,799090648379.37,true
Europe & Central Asia (excluding high income),ECA,1993,785130736517.82,true
Europe & Central Asia (excluding high income),ECA,1994,674026502861.23,true
Europe & Central Asia (excluding high income),ECA,1995,721539047178.55,true
Europe & Central Asia (excluding high income),ECA,1996,729341868564.71,true
Europe & Central Asia (excluding high income),ECA,1997,761415145986.36,true
Europe & Central Asia (excluding high income),ECA,1998,705490554240.30,true
Europe & Central Asia (excluding high income),ECA,1999,591797958891.09,true
Europe & Central Asia (excluding high income),ECA,2000,662865829213.56,true
Europe & Central Asia (excluding high income),ECA,2001,655068103160.57,true
Europe & Central Asia (excluding high income),ECA,2002,750707698399.93,true
Europe & Central Asia (excluding high income),ECA,2003,947224168366.44,true
Europe & Central Asia (excluding high income),ECA,2004,1256021604553.75,true
Europe & Central Asia (excluding high income),ECA,2005,1589623215078.92,true
Europe & Central Asia (excluding high income),ECA,2006,1950105723610.70,true
Europe & Central Asia (excluding high income),ECA,2007,2509469361144.89,true
Europe & Central Asia (excluding high income),ECA,2008,3110393199188.08,true
Europe & Central Asia (excluding high income),ECA,2009,2437810986692.64,true
Europe & Central Asia (excluding high income),ECA,2010,2953116796718.19,true
Europe & Central Asia (excluding high income),ECA,2011,3670089875344.11,true
Europe & Central Asia (excluding high income),ECA,2012,3914684841121.45,true
Europe & Central Asia (excluding high income),ECA,2013,4150272500477.57,true
Europe & Central Asia (excluding high income),ECA,2014,3845774153167.21,true
Europe & Central Asia (excluding high income),ECA,2015,2921688285552.26,true
Europe & Central Asia (excluding high income),ECA,2016,2777867803805.59,true
Europe & Central Asia (excluding high income),ECA,2017,3118424956384.82,true
Europe & Central Asia (excluding high income),ECA,2018,3182909933137.88,true
Europe & Central Asia (excluding high income),ECA,2019,3248044237780.69,true
Europe & Central Asia (excluding high income),ECA,2020,2990896567052.31,true
Europe & Central Asia (excluding high income),ECA,2021,3581677715819.85,true
Europe & Central Asia (excluding high income),ECA,2022,4124699980830.46,true
Europe & Central Asia,ECS,1966,739191741175.27,true
Europe & Central Asia,ECS,1967,796059940230.19,true
Europe & Central Asia,ECS,1968,832721275093.08,true
Europe & Central Asia,ECS,1969,921043624554.66,true
Europe & Central Asia,ECS,1970,1019416869668.74,true
Europe & Central Asia,ECS,1971,1149365465569.76,true
Europe & Central Asia,ECS,1972,1377130817922.61,true
Europe & Central Asia,ECS,1973,1749169483519.02,true
Europe & Central Asia,ECS,1974,1976490376080.63,true
Europe & Central Asia,ECS,1975,2308913172421.84,true
Europe & Central Asia,ECS,1976,2400124921855.17,true
Europe & Central Asia,ECS,1977,2720075903675.63,true
Europe & Central Asia,ECS,1978,3319817103756.09,true
Europe & Central Asia,ECS,1979,4061208581428.34,true
Europe & Central Asia,ECS,1980,4599944656870.69,true
Europe & Central Asia,ECS,1981,4093971565028.19,true
Europe & Central Asia,ECS,1982,3945237401488.66,true
Europe & Central Asia,ECS,1983,3827325614602.15,true
Europe & Central Asia,ECS,1984,3678603570653.75,true
Europe & Central Asia,ECS,1985,3806796130068.03,true
Europe & Central Asia,ECS,1986,5196005238392.34,true
Europe & Central Asia,ECS,1987,6420601838951.33,true
Europe & Central Asia,ECS,1988,7147035857245.47,true
Europe & Central Asia,ECS,1989,7242068229580.14,true
Europe & Central Asia,ECS,1990,8860001405151.17,true
Europe & Central Asia,ECS,1991,9139950356709.03,true
Europe & Central Asia,ECS,1992,9801538419939.59,true
Europe & Central Asia,ECS,1993,9003041853259.34,true
Europe & Central Asia,ECS,1994,9412894014587.88,true
Europe & Central Asia,ECS,1995,10871362174018.70,true
Europe & Central Asia,ECS,1996,11096209984371.20,true
Europe & Central Asia,ECS,1997,10522983199953.40,true
Europe & Central Asia,ECS,1998,10795976125256.90,true
Europe & Central Asia,ECS,1999,10678007624358.80,true
Europe & Central Asia,ECS,2000,10066421859249.20,true
Europe & Central Asia,ECS,2001,10167228168694.50,true
Europe & Central Asia,ECS,2002,11134372565307.20,true
Europe & Central Asia,ECS,2003,13536888371227.60,true
Europe & Central Asia,ECS,2004,15777100065927.40,true
Europe & Central Asia,ECS,2005,16782544224445.10,true
Europe & Central Asia,ECS,2006,18169184200684.10,true
Europe & Central Asia,ECS,2007,21230055608752.90,true
Europe & Central Asia,ECS,2008,23365417649314.70,true
Europe & Central Asia,ECS,2009,20549545129765.70,true
Europe & Central Asia,ECS,2010,21022097952360.30,true
Europe & Central Asia,ECS,2011,23307862167328.80,true
Europe & Central Asia,ECS,2012,22452882595862.30,true
Europe & Central Asia,ECS,2013,23456119535713.40,true
Europe & Central Asia,ECS,2014,23783762693462.80,true
Europe & Central Asia,ECS,2015,20487299241754.50,true
Europe & Central Asia,ECS,2016,20419509740630.10,true
Europe & Central Asia,ECS,2017,21655200512836.20,true
Europe & Central Asia,ECS,2018,23193777815580.40,true
Europe & Central Asia,ECS,2019,22910270792580.60,true
Europe & Central Asia,ECS,2020,22150021659550.10,true
Europe & Central Asia,ECS,2021,25153884144575.60,true
Europe & Central Asia,ECS,2022,25192037594848.60,true
Ecuador,ECU,1960,2069465326.42,false
Ecuador,ECU,1961,1753850416.76,false
Ecuador,ECU,1962,1518208221.24,false
Ecuador,ECU,1963,1824344492.08,false
Ecuador,ECU,1964,2244146867.91,false
Ecuador,ECU,1965,2387048255.45,false
Ecuador,ECU,1966,2429309513.81,false
Ecuador,ECU,1967,2553596091.82,false
Ecuador,ECU,1968,2582180794.19,false
Ecuador,ECU,1969,3112166848.30,false
Ecuador,ECU,1970,2862504170.00,false
Ecuador,ECU,1971,2754220263.03,false
Ecuador,ECU,1972,3185987234.84,false
Ecuador,ECU,1973,3891755551.94,false
Ecuador,ECU,1974,6599259421.00,false
Ecuador,ECU,1975,7731677256.81,false
Ecuador,ECU,1976,9091924304.83,false
Ecuador,ECU,1977,11026346589.50,false
Ecuador,ECU,1978,11922502170.64,false
Ecuador,ECU,1979,14175166007.58,false
Ecuador,ECU,1980,17881514682.88,false
Ecuador,ECU,1981,21810767209.37,false
Ecuador,ECU,1982,19929853574.61,false
Ecuador,ECU,1983,17152483214.35,false
Ecuador,ECU,1984,16912515183.28,false
Ecuador,ECU,1985,17149094589.98,false
Ecuador,ECU,1986,15314143988.06,false
Ecuador,ECU,1987,13945431882.23,false
Ecuador,ECU,1988,13051886552.34,false
Ecuador,ECU,1989,13890828707.65,false
Ecuador,ECU,1990,15239278100.35,false
Ecuador,ECU,1991,16988535267.63,false
Ecuador,ECU,1992,18094238119.06,false
Ecuador,ECU,1993,18938717358.68,false
Ecuador,ECU,1994,22708673336.67,false
Ecuador,ECU,1995,24432884442.22,false
Ecuador,ECU,1996,25226393196.60,false
Ecuador,ECU,1997,28162053026.51,false
Ecuador,ECU,1998,27981896948.47,false
Ecuador,ECU,1999,19645272636.32,false
Ecuador,ECU,2000,18327764882.44,false
Ecuador,ECU,2001,24468324000.00,false
Ecuador,ECU,2002,28548945000.00,false
Ecuador,ECU,2003,32432858000.00,false
Ecuador,ECU,2004,36591661000.00,false
Ecuador,ECU,2005,41507085000.00,false
Ecuador,ECU,2006,46802044000.00,false
Ecuador,ECU,2007,51007777000.00,false
Ecuador,ECU,2008,61762635000.00,false
Ecuador,ECU,2009,62519686000.00,false
Ecuador,ECU,2010,69555367000.00,false
Ecuador,ECU,2011,79276664000.00,false
Ecuador,ECU,2012,87924544000.00,false
Ecuador,ECU,2013,95129659000.00,false
Ecuador,ECU,2014,101726331000.00,false
Ecuador,ECU,2015,99290381000.00,false
Ecuador,ECU,2016,99937696000.00,false
Ecuador,ECU,2017,104295862000.00,false
Ecuador,ECU,2018,107562008000.00,false
Ecuador,ECU,2019,108108009000.00,false
Ecuador,ECU,2020,99291124000.00,false
Ecuador,ECU,2021,106165866000.00,false
Ecuador,ECU,2022,115049476000.00,false
"Egypt, Arab Rep.",EGY,1965,4948667540.41,false
"Egypt, Arab Rep.",EGY,1966,5278005611.91,false
"Egypt, Arab Rep.",EGY,1967,5605484298.98,false
"Egypt, Arab Rep.",EGY,1968,5932242990.65,false
"Egypt, Arab Rep.",EGY,1969,6524455205.81,false
"Egypt, Arab Rep.",EGY,1970,8042200452.15,false
"Egypt, Arab Rep.",EGY,1971,8609283346.09,false
"Egypt, Arab Rep.",EGY,1972,9299638055.84,false
"Egypt, Arab Rep.",EGY,1973,10098534613.44,false
"Egypt, Arab Rep.",EGY,1974,9228963224.60,false
"Egypt, Arab Rep.",EGY,1975,11632178868.92,false
"Egypt, Arab Rep.",EGY,1976,13315988083.42,false
"Egypt, Arab Rep.",EGY,1977,14400806875.99,false
"Egypt, Arab Rep.",EGY,1978,14811704063.07,false
"Egypt, Arab Rep.",EGY,1979,18020571428.57,false
"Egypt, Arab Rep.",EGY,1980,21669908176.39,false
"Egypt, Arab Rep.",EGY,1981,22136081081.08,false
"Egypt, Arab Rep.",EGY,1982,27655172413.79,false
"Egypt, Arab Rep.",EGY,1983,30966239813.74,false
"Egypt, Arab Rep.",EGY,1984,33971188991.61,false
"Egypt, Arab Rep.",EGY,1985,39053502251.07,false
"Egypt, Arab Rep.",EGY,1986,41253507951.36,false
"Egypt, Arab Rep.",EGY,1987,40455616653.57,false
"Egypt, Arab Rep.",EGY,1988,34980124929.02,false
"Egypt, Arab Rep.",EGY,1989,39756299049.98,false
"Egypt, Arab Rep.",EGY,1990,42978914311.35,false
"Egypt, Arab Rep.",EGY,1991,37387836490.53,false
"Egypt, Arab Rep.",EGY,1992,41855986519.42,false
"Egypt, Arab Rep.",EGY,1993,46578631452.58,false
"Egypt, Arab Rep.",EGY,1994,51897983392.65,false
"Egypt, Arab Rep.",EGY,1995,60159245060.45,false
"Egypt, Arab Rep.",EGY,1996,67629716981.13,false
"Egypt, Arab Rep.",EGY,1997,78436578171.09,false
"Egypt, Arab Rep.",EGY,1998,84828807556.08,false
"Egypt, Arab Rep.",EGY,1999,90710704806.84,false
"Egypt, Arab Rep.",EGY,2000,99838543960.08,false
"Egypt, Arab Rep.",EGY,2001,96684636118.60,false
"Egypt, Arab Rep.",EGY,2002,85146067415.73,false
"Egypt, Arab Rep.",EGY,2003,80288461538.46,false
"Egypt, Arab Rep.",EGY,2004,78782467532.47,false
"Egypt, Arab Rep.",EGY,2005,89600665557.40,false
"Egypt, Arab Rep.",EGY,2006,107426086956.52,false
"Egypt, Arab Rep.",EGY,2007,130437828371.28,false
"Egypt, Arab Rep.",EGY,2008,162818181818.18,false
"Egypt, Arab Rep.",EGY,2009,189147005444.65,false
"Egypt, Arab Rep.",EGY,2010,218983666061.71,false
"Egypt, Arab Rep.",EGY,2011,235989672977.62,false
"Egypt, Arab Rep.",EGY,2012,279116666666.67,false
"Egypt, Arab Rep.",EGY,2013,288434108527.13,false
"Egypt, Arab Rep.",EGY,2014,305595408895.26,false
"Egypt, Arab Rep.",EGY,2015,329366576819.41,false
"Egypt, Arab Rep.",EGY,2016,332441717791.41,false
"Egypt, Arab Rep.",EGY,2017,248362771739.13,false
"Egypt, Arab Rep.",EGY,2018,262588632526.73,false
"Egypt, Arab Rep.",EGY,2019,318678815489.75,false
"Egypt, Arab Rep.",EGY,2020,383817841547.10,false
"Egypt, Arab Rep.",EGY,2021,424671765455.70,false
"Egypt, Arab Rep.",EGY,2022,476747720364.74,false
Euro area,EMU,1960,244832979621.29,true
Euro area,EMU,1961,268965206140.92,true
Euro area,EMU,1962,298819073251.18,true
Euro area,EMU,1963,335341767111.30,true
Euro area,EMU,1964,373024154759.55,true
Euro area,EMU,1965,407740569138.29,true
Euro area,EMU,1966,444882753309.62,true
Euro area,EMU,1967,483418609566.27,true
Euro area,EMU,1968,518991679523.80,true
Euro area,EMU,1969,579332897735.76,true
Euro area,EMU,1970,642618205440.97,true
Euro area,EMU,1971,728350687665.19,true
Euro area,EMU,1972,879866451210.21,true
Euro area,EMU,1973,1142236798783.01,true
Euro area,EMU,1974,1295369935840.44,true
Euro area,EMU,1975,1501998691902.07,true
Euro area,EMU,1976,1567495790394.23,true
Euro area,EMU,1977,1782978319993.57,true
Euro area,EMU,1978,2183343936515.71,true
Euro area,EMU,1979,2644833842318.66,true
Euro area,EMU,1980,2962181083319.03,true
Euro area,EMU,1981,2574375219647.74,true
Euro area,EMU,1982,2492495326231.07,true
Euro area,EMU,1983,2431611024346.65,true
Euro area,EMU,1984,2332403164199.50,true
Euro area,EMU,1985,2396184860778.49,true
Euro area,EMU,1986,3362907352245.57,true
Euro area,EMU,1987,4159431451515.90,true
Euro area,EMU,1988,4574521460012.74,true
Euro area,EMU,1989,4672689376253.42,true
Euro area,EMU,1990,5880688023843.26,true
Euro area,EMU,1991,6114122875186.22,true
Euro area,EMU,1992,6745618204470.38,true
Euro area,EMU,1993,6172471796791.99,true
Euro area,EMU,1994,6515617848992.98,true
Euro area,EMU,1995,7515452849974.94,true
Euro area,EMU,1996,7604358498831.92,true
Euro area,EMU,1997,6952189647138.43,true
Euro area,EMU,1998,7149215002406.38,true
Euro area,EMU,1999,7116212677298.50,true
Euro area,EMU,2000,6495755148668.91,true
Euro area,EMU,2001,6596586819720.33,true
Euro area,EMU,2002,7200156656955.42,true
Euro area,EMU,2003,8862330817568.42,true
Euro area,EMU,2004,10160398631608.80,true
Euro area,EMU,2005,10523525439926.80,true
Euro area,EMU,2006,11184044960382.40,true
Euro area,EMU,2007,12879111960143.50,true
Euro area,EMU,2008,14158257793140.40,true
Euro area,EMU,2009,12938506838994.80,true
Euro area,EMU,2010,12641745700258.50,true
Euro area,EMU,2011,13637891491638.90,true
Euro area,EMU,2012,12638777298888.50,true
Euro area,EMU,2013,13196293606325.50,true
Euro area,EMU,2014,13510069962193.70,true
Euro area,EMU,2015,11675505777208.60,true
Euro area,EMU,2016,11973696253892.80,true
Euro area,EMU,2017,12679719055232.60,true
Euro area,EMU,2018,13698192927474.50,true
Euro area,EMU,2019,13418360523881.50,true
Euro area,EMU,2020,13086148411425.10,true
Euro area,EMU,2021,14570891691511.70,true
Euro area,EMU,2022,14040893546587.30,true
Eritrea,ERI,1992,477101651.65,false
Eritrea,ERI,1993,467872714.76,false
Eritrea,ERI,1994,531688311.69,false
Eritrea,ERI,1995,578015625.00,false
Eritrea,ERI,1996,693535954.19,false
Eritrea,ERI,1997,686490090.14,false
Eritrea,ERI,1998,745523074.71,false
Eritrea,ERI,1999,688918508.95,false
Eritrea,ERI,2000,706370815.58,false
Eritrea,ERI,2001,752371683.20,false
Eritrea,ERI,2002,729321671.45,false
Eritrea,ERI,2003,870248293.68,false
Eritrea,ERI,2004,1109054005.44,false
Eritrea,ERI,2005,1098424709.49,false
Eritrea,ERI,2006,1211161879.67,false
Eritrea,ERI,2007,1317974491.06,false
Eritrea,ERI,2008,1380188800.00,false
Eritrea,ERI,2009,1856695551.22,false
Eritrea,ERI,2010,1589515447.15,false
Eritrea,ERI,2011,2065001626.02,false
Spain,ESP,1960,12072126075.40,false
Spain,ESP,1961,13834300571.48,false
Spain,ESP,1962,16138545209.25,false
Spain,ESP,1963,19074913947.72,false
Spain,ESP,1964,21343844643.73,false
Spain,ESP,1965,24756958694.92,false
Spain,ESP,1966,28721062242.16,false
Spain,ESP,1967,31647119228.20,false
Spain,ESP,1968,31475548481.41,false
Spain,ESP,1969,36038711599.54,false
Spain,ESP,1970,40992995008.32,false
Spain,ESP,1971,46619420359.28,false
Spain,ESP,1972,59132415221.33,false
Spain,ESP,1973,78639525985.15,false
Spain,ESP,1974,97274006345.54,false
Spain,ESP,1975,114777046376.81,false
Spain,ESP,1976,118507184779.90,false
Spain,ESP,1977,132449277108.43,false
Spain,ESP,1978,160599687500.00,false
Spain,ESP,1979,214601955875.06,false
Spain,ESP,1980,232766822928.75,false
Spain,ESP,1981,202807891511.98,false
Spain,ESP,1982,195996754505.53,false
Spain,ESP,1983,170951185614.85,false
Spain,ESP,1984,172102910370.52,false
Spain,ESP,1985,180793463796.48,false
Spain,ESP,1986,251321075204.94,false
Spain,ESP,1987,318747935588.20,false
Spain,ESP,1988,376160409941.44,false
Spain,ESP,1989,414757056922.00,false
Spain,ESP,1990,536558591250.41,false
Spain,ESP,1991,577166174539.63,false
Spain,ESP,1992,630916018202.50,false
Spain,ESP,1993,525075636030.85,false
Spain,ESP,1994,530562634455.35,false
Spain,ESP,1995,614609020549.77,false
Spain,ESP,1996,642588992512.81,false
Spain,ESP,1997,590077272727.27,false
Spain,ESP,1998,619214834614.10,false
Spain,ESP,1999,634907542858.30,false
Spain,ESP,2000,598363313494.90,false
Spain,ESP,2001,627830029412.20,false
Spain,ESP,2002,708756677088.63,false
Spain,ESP,2003,907491523174.12,false
Spain,ESP,2004,1069055675273.75,false
Spain,ESP,2005,1153715822717.51,false
Spain,ESP,2006,1260398977831.76,false
Spain,ESP,2007,1474002579820.00,false
Spain,ESP,2008,1631863493552.34,false
Spain,ESP,2009,1491472923706.64,false
Spain,ESP,2010,1422108199783.37,false
Spain,ESP,2011,1480710495710.13,false
Spain,ESP,2012,1324750738725.00,false
Spain,ESP,2013,1355579535912.56,false
Spain,ESP,2014,1371820537888.60,false
Spain,ESP,2015,1196156971279.69,false
Spain,ESP,2016,1233554967011.71,false
Spain,ESP,2017,1313245330197.66,false
Spain,ESP,2018,1421702715218.01,false
Spain,ESP,2019,1394320055129.38,false
Spain,ESP,2020,1276962685648.23,false
Spain,ESP,2021,1427380681294.55,false
Spain,ESP,2022,1397509272054.48,false
Estonia,EST,1995,4502970889.06,false
Estonia,EST,1996,4786018988.16,false
Estonia,EST,1997,5154420649.23,false
Estonia,EST,1998,5674080542.89,false
Estonia,EST,1999,5756912265.76,false
Estonia,EST,2000,5686579747.54,false
Estonia,EST,2001,6254649538.98,false
Estonia,EST,2002,7367975887.73,false
Estonia,EST,2003,9874013098.46,false
Estonia,EST,2004,12145911801.24,false
Estonia,EST,2005,14106790200.22,false
Estonia,EST,2006,17022870405.22,false
Estonia,EST,2007,22449129482.62,false
Estonia,EST,2008,24341678628.97,false
Estonia,EST,2009,19633031397.61,false
Estonia,EST,2010,19523477325.62,false
Estonia,EST,2011,23213994093.46,false
Estonia,EST,2012,23019150071.19,false
Estonia,EST,2013,25115753366.11,false
Estonia,EST,2014,26634083965.10,false
Estonia,EST,2015,22890762090.15,false
Estonia,EST,2016,24072829276.78,false
Estonia,EST,2017,26924385103.07,false
Estonia,EST,2018,30624720196.23,false
Estonia,EST,2019,31081901909.22,false
Estonia,EST,2020,31370395572.77,false
Estonia,EST,2021,37191166151.98,false
Estonia,EST,2022,38100812958.52,false
Ethiopia,ETH,1981,7324903191.94,false
Ethiopia,ETH,1982,7707678023.05,false
Ethiopia,ETH,1983,8567890825.40,false
Ethiopia,ETH,1984,8096302370.74,false
Ethiopia,ETH,1985,9480840483.09,false
Ethiopia,ETH,1986,9848600869.57,false
Ethiopia,ETH,1987,10527338647.34,false
Ethiopia,ETH,1988,10908935748.79,false
Ethiopia,ETH,1989,11476584879.23,false
Ethiopia,ETH,1990,12175166763.28,false
Ethiopia,ETH,1991,13463868357.49,false
Ethiopia,ETH,1992,10492993077.61,false
Ethiopia,ETH,1993,8830712713.91,false
Ethiopia,ETH,1994,6927950564.56,false
Ethiopia,ETH,1995,7663984567.90,false
Ethiopia,ETH,1996,8547939730.62,false
Ethiopia,ETH,1997,8589233419.59,false
Ethiopia,ETH,1998,7818205971.60,false
Ethiopia,ETH,1999,7700833482.01,false
Ethiopia,ETH,2000,8242349955.05,false
Ethiopia,ETH,2001,8231326016.47,false
Ethiopia,ETH,2002,7850809498.17,false
Ethiopia,ETH,2003,8623691300.04,false
Ethiopia,ETH,2004,10131187261.44,false
Ethiopia,ETH,2005,12401139453.97,false
Ethiopia,ETH,2006,15280861834.60,false
Ethiopia,ETH,2007,19707616772.80,false
Ethiopia,ETH,2008,27066912635.22,false
Ethiopia,ETH,2009,32437389116.04,false
Ethiopia,ETH,2010,29933790334.34,false
Ethiopia,ETH,2011,31952763089.33,false
Ethiopia,ETH,2012,43310721414.08,false
Ethiopia,ETH,2013,47648276190.30,false
Ethiopia,ETH,2014,55612228233.52,false
Ethiopia,ETH,2015,64589329344.69,false
Ethiopia,ETH,2016,74296745599.00,false
Ethiopia,ETH,2017,81770886908.52,false
Ethiopia,ETH,2018,84269196152.03,false
Ethiopia,ETH,2019,95912607970.17,false
Ethiopia,ETH,2020,107657734392.45,false
Ethiopia,ETH,2021,111261882913.34,false
Ethiopia,ETH,2022,126783472501.13,false
European Union,EUU,1970,725882274752.55,true
European Union,EUU,1971,820757717773.02,true
European Union,EUU,1972,990362028045.84,true
European Union,EUU,1973,1281934388219.46,true
European Union,EUU,1974,1451652145420.38,true
European Union,EUU,1975,1690761678269.72,true
European Union,EUU,1976,1769935314570.55,true
European Union,EUU,1977,2004764968389.22,true
European Union,EUU,1978,2442532706245.08,true
European Union,EUU,1979,2952641158090.90,true
European Union,EUU,1980,3302960284315.51,true
European Union,EUU,1981,2879789914532.56,true
European Union,EUU,1982,2777189622000.29,true
European Union,EUU,1983,2701887926641.80,true
European Union,EUU,1984,2603220657105.87,true
European Union,EUU,1985,2677480780323.40,true
European Union,EUU,1986,3743790927546.53,true
European Union,EUU,1987,4630938021004.69,true
European Union,EUU,1988,5083942710178.23,true
European Union,EUU,1989,5193046311962.75,true
European Union,EUU,1990,6497762738132.15,true
European Union,EUU,1991,6735921579249.33,true
European Union,EUU,1992,7406344155354.12,true
European Union,EUU,1993,6761163265087.02,true
European Union,EUU,1994,7161927357609.80,true
European Union,EUU,1995,8295833072767.39,true
European Union,EUU,1996,8431357595824.37,true
European Union,EUU,1997,7733774323755.39,true
European Union,EUU,1998,7969828858391.95,true
European Union,EUU,1999,7925875793536.15,true
European Union,EUU,2000,7276637983680.52,true
European Union,EUU,2001,7393878987404.84,true
European Union,EUU,2002,8083741282668.47,true
European Union,EUU,2003,9932175155886.00,true
European Union,EUU,2004,11418921613749.30,true
European Union,EUU,2005,11910059838304.00,true
European Union,EUU,2006,12712564874685.10,true
European Union,EUU,2007,14727376164775.50,true
European Union,EUU,2008,16295205228567.30,true
European Union,EUU,2009,14762588819490.10,true
European Union,EUU,2010,14555972617838.30,true
European Union,EUU,2011,15764817006877.00,true
European Union,EUU,2012,14641967048097.10,true
European Union,EUU,2013,15294848407438.20,true
European Union,EUU,2014,15650588620202.00,true
European Union,EUU,2015,13553055207692.00,true
European Union,EUU,2016,13889039447069.80,true
European Union,EUU,2017,14764668937681.10,true
European Union,EUU,2018,15979881686055.60,true
European Union,EUU,2019,15692624900173.00,true
European Union,EUU,2020,15370461303996.40,true
European Union,EUU,2021,17187869517145.90,true
European Union,EUU,2022,16641391923811.10,true
Fragile and conflict affected situations,FCS,1968,47573059713.53,true
Fragile and conflict affected situations,FCS,1969,53047000528.58,true
Fragile and conflict affected situations,FCS,1970,64779731305.45,true
Fragile and conflict affected situations,FCS,1971,65674584279.19,true
Fragile and conflict affected situations,FCS,1972,75186521183.91,true
Fragile and conflict affected situations,FCS,1973,92162608018.10,true
Fragile and conflict affected situations,FCS,1974,137116311356.89,true
Fragile and conflict affected situations,FCS,1975,153853392733.67,true
Fragile and conflict affected situations,FCS,1976,181038395800.65,true
Fragile and conflict affected situations,FCS,1977,199022597842.86,true
Fragile and conflict affected situations,FCS,1978,221696773332.21,true
Fragile and conflict affected situations,FCS,1979,278371860287.19,true
Fragile and conflict affected situations,FCS,1980,349251273241.36,true
Fragile and conflict affected situations,FCS,1981,487073667103.67,true
Fragile and conflict affected situations,FCS,1982,466093357291.10,true
Fragile and conflict affected situations,FCS,1983,396969411755.86,true
Fragile and conflict affected situations,FCS,1984,358699789769.64,true
Fragile and conflict affected situations,FCS,1985,366451346774.28,true
Fragile and conflict affected situations,FCS,1986,355576918851.84,true
Fragile and conflict affected situations,FCS,1987,366343472514.84,true
Fragile and conflict affected situations,FCS,1988,383895976989.38,true
Fragile and conflict affected situations,FCS,1989,381331068433.65,true
Fragile and conflict affected situations,FCS,1990,551464186619.22,true
Fragile and conflict affected situations,FCS,1991,381634234040.42,true
Fragile and conflict affected situations,FCS,1992,347774614446.07,true
Fragile and conflict affected situations,FCS,1993,326482644976.69,true
Fragile and conflict affected situations,FCS,1994,314380122163.76,true
Fragile and conflict affected situations,FCS,1995,361978544842.32,true
Fragile and conflict affected situations,FCS,1996,374178361217.67,true
Fragile and conflict affected situations,FCS,1997,424021947033.94,true
Fragile and conflict affected situations,FCS,1998,419787608120.25,true
Fragile and conflict affected situations,FCS,1999,452381438866.94,true
Fragile and conflict affected situations,FCS,2000,525923492617.64,true
Fragile and conflict affected situations,FCS,2001,524820607656.16,true
Fragile and conflict affected situations,FCS,2002,515128617521.84,true
Fragile and conflict affected situations,FCS,2003,540101886447.47,true
Fragile and conflict affected situations,FCS,2004,681202193967.18,true
Fragile and conflict affected situations,FCS,2005,856243749366.61,true
Fragile and conflict affected situations,FCS,2006,1060626418683.60,true
Fragile and conflict affected situations,FCS,2007,1291580794819.04,true
Fragile and conflict affected situations,FCS,2008,1636226107510.35,true
Fragile and conflict affected situations,FCS,2009,1512317017807.70,true
Fragile and conflict affected situations,FCS,2010,1789423802005.32,true
Fragile and conflict affected situations,FCS,2011,1682954992313.16,true
Fragile and conflict affected situations,FCS,2012,1886027758540.50,true
Fragile and conflict affected situations,FCS,2013,1957737559888.94,true
Fragile and conflict affected situations,FCS,2014,2077047395313.54,true
Fragile and conflict affected situations,FCS,2015,1659059960949.31,true
Fragile and conflict affected situations,FCS,2016,1555352426735.14,true
Fragile and conflict affected situations,FCS,2017,1645540777006.25,true
Fragile and conflict affected situations,FCS,2018,1730287221140.22,true
Fragile and conflict affected situations,FCS,2019,1826389026348.85,true
Fragile and conflict affected situations,FCS,2020,1663072394700.79,true
Fragile and conflict affected situations,FCS,2021,1783491556983.20,true
Fragile and conflict affected situations,FCS,2022,1892553416324.00,true
Finland,FIN,1960,5224102195.53,false
Finland,FIN,1961,5921659485.03,false
Finland,FIN,1962,6340580854.39,false
Finland,FIN,1963,6885920328.66,false
Finland,FIN,1964,7766655085.79,false
Finland,FIN,1965,8589340019.03,false
Finland,FIN,1966,9208524504.88,false
Finland,FIN,1967,9368954010.31,false
Finland,FIN,1968,8823033880.33,false
Finland,FIN,1969,10070766720.50,false
Finland,FIN,1970,11357516987.54,false
Finland,FIN,1971,12527405512.93,false
Finland,FIN,1972,14743186119.87,false
Finland,FIN,1973,19472363466.63,false
Finland,FIN,1974,24848821490.47,false
Finland,FIN,1975,29472623242.28,false
Finland,FIN,1976,31849513771.35,false
Finland,FIN,1977,33499799321.23,false
Finland,FIN,1978,36256160288.81,false
Finland,FIN,1979,44465255686.15,false
Finland,FIN,1980,53645202422.70,false
Finland,FIN,1981,52448332874.07,false
Finland,FIN,1982,52797582336.25,false
Finland,FIN,1983,50973526900.09,false
Finland,FIN,1984,52888800949.74,false
Finland,FIN,1985,55875863392.17,false
Finland,FIN,1986,73531550551.26,false
Finland,FIN,1987,91594751792.24,false
Finland,FIN,1988,109058990760.48,false
Finland,FIN,1989,119012054870.44,false
Finland,FIN,1990,141438345513.92,false
Finland,FIN,1991,127773856785.77,false
Finland,FIN,1992,112532519246.08,false
Finland,FIN,1993,89214114708.03,false
Finland,FIN,1994,103299943084.80,false
Finland,FIN,1995,134189814814.82,false
Finland,FIN,1996,132129174216.93,false
Finland,FIN,1997,126912152101.71,false
Finland,FIN,1998,134038718291.06,false
Finland,FIN,1999,135264083658.69,false
Finland,FIN,2000,126019543413.33,false
Finland,FIN,2001,129533107311.81,false
Finland,FIN,2002,140404460203.14,false
Finland,FIN,2003,171652458349.41,false
Finland,FIN,2004,197479443979.15,false
Finland,FIN,2005,204885494686.38,false
Finland,FIN,2006,217089269791.76,false
Finland,FIN,2007,256378067752.16,false
Finland,FIN,2008,285716311136.72,false
Finland,FIN,2009,253497520828.52,false
Finland,FIN,2010,249424310816.67,false
Finland,FIN,2011,275604356167.32,false
Finland,FIN,2012,258290060227.73,false
Finland,FIN,2013,271362405890.59,false
Finland,FIN,2014,274862826772.15,false
Finland,FIN,2015,234534382384.77,false
Finland,FIN,2016,240771351298.84,false
Finland,FIN,2017,255647979916.47,false
Finland,FIN,2018,275708001767.84,false
Finland,FIN,2019,268514916972.54,false
Finland,FIN,2020,271886077382.10,false
Finland,FIN,2021,296387625263.56,false
Finland,FIN,2022,280825957768.48,false
Fiji,FJI,1960,112328422.11,false
Fiji,FJI,1961,116987784.91,false
Fiji,FJI,1962,122906434.96,false
Fiji,FJI,1963,129454728.62,false
Fiji,FJI,1964,140032741.47,false
Fiji,FJI,1965,147084750.03,false
Fiji,FJI,1966,150603925.52,false
Fiji,FJI,1967,162625885.86,false
Fiji,FJI,1968,166952937.14,false
Fiji,FJI,1969,182182067.70,false
Fiji,FJI,1970,219878482.17,false
Fiji,FJI,1971,247749327.72,false
Fiji,FJI,1972,316656759.38,false
Fiji,FJI,1973,425950581.26,false
Fiji,FJI,1974,558587216.57,false
Fiji,FJI,1975,684282380.89,false
Fiji,FJI,1976,694540494.57,false
Fiji,FJI,1977,719501505.15,false
Fiji,FJI,1978,829268135.24,false
Fiji,FJI,1979,1019691156.37,false
Fiji,FJI,1980,1202619307.76,false
Fiji,FJI,1981,1235627374.38,false
Fiji,FJI,1982,1194060371.36,false
Fiji,FJI,1983,1123084823.07,false
Fiji,FJI,1984,1178001041.34,false
Fiji,FJI,1985,1141168779.51,false
Fiji,FJI,1986,1290267529.57,false
Fiji,FJI,1987,1177947649.45,false
Fiji,FJI,1988,1110009264.06,false
Fiji,FJI,1989,1182660000.00,false
Fiji,FJI,1990,1337017258.55,false
Fiji,FJI,1991,1383883718.53,false
Fiji,FJI,1992,1532411208.98,false
Fiji,FJI,1993,1636101246.94,false
Fiji,FJI,1994,1825732092.55,false
Fiji,FJI,1995,1970301019.20,false
Fiji,FJI,1996,2128696643.63,false
Fiji,FJI,1997,2090221137.03,false
Fiji,FJI,1998,1653146993.94,false
Fiji,FJI,1999,1936459986.04,false
Fiji,FJI,2000,1678219507.90,false
Fiji,FJI,2001,1652462062.64,false
Fiji,FJI,2002,1833279985.37,false
Fiji,FJI,2003,2300492002.01,false
Fiji,FJI,2004,2708078476.63,false
Fiji,FJI,2005,2980403464.53,false
Fiji,FJI,2006,3076305452.87,false
Fiji,FJI,2007,3378314599.76,false
Fiji,FJI,2008,3523185919.56,false
Fiji,FJI,2009,2870624635.68,false
Fiji,FJI,2010,3140167239.47,false
Fiji,FJI,2011,3779412255.48,false
Fiji,FJI,2012,3972028509.66,false
Fiji,FJI,2013,4189968869.82,false
Fiji,FJI,2014,4857103846.73,false
Fiji,FJI,2015,4682480303.97,false
Fiji,FJI,2016,4930213787.50,false
Fiji,FJI,2017,5353468387.56,false
Fiji,FJI,2018,5581425890.97,false
Fiji,FJI,2019,5481692621.61,false
Fiji,FJI,2020,4477030179.83,false
Fiji,FJI,2021,4296235427.52,false
Fiji,FJI,2022,4943248200.04,false
France,FRA,1960,62225478000.88,false
France,FRA,1961,67461644222.04,false
France,FRA,1962,75607529809.93,false
France,FRA,1963,84759195105.87,false
France,FRA,1964,94007851047.37,false
France,FRA,1965,101537248148.43,false
France,FRA,1966,110045852177.93,false
France,FRA,1967,118972977486.21,false
France,FRA,1968,129785441507.46,false
France,FRA,1969,141903068680.31,false
France,FRA,1970,148456359985.83,false
France,FRA,1971,165966615366.40,false
France,FRA,1972,203494148244.47,false
France,FRA,1973,264429876252.21,false
France,FRA,1974,285552373158.76,false
France,FRA,1975,360832186018.05,false
France,FRA,1976,372319038514.07,false
France,FRA,1977,410279486493.72,false
France,FRA,1978,506707848837.21,false
France,FRA,1979,613953129818.07,false
France,FRA,1980,701288419745.42,false
France,FRA,1981,615552202776.10,false
France,FRA,1982,584877732308.61,false
France,FRA,1983,559869179791.72,false
France,FRA,1984,530683779929.44,false
France,FRA,1985,553138414367.06,false
France,FRA,1986,771470783218.11,false
France,FRA,1987,934173305685.91,false
France,FRA,1988,1018847043277.17,false
France,FRA,1989,1025211803413.53,false
France,FRA,1990,1269179616913.63,false
France,FRA,1991,1269276828275.78,false
France,FRA,1992,1401465923172.24,false
France,FRA,1993,1322815612694.00,false
France,FRA,1994,1393982750472.59,false
France,FRA,1995,1601094756209.75,false
France,FRA,1996,1605675086549.56,false
France,FRA,1997,1452884917959.09,false
France,FRA,1998,1503108739159.44,false
France,FRA,1999,1493151737698.46,false
France,FRA,2000,1365639660792.16,false
France,FRA,2001,1377657339291.34,false
France,FRA,2002,1501409382971.38,false
France,FRA,2003,1844544792036.86,false
France,FRA,2004,2119633181634.37,false
France,FRA,2005,2196945232435.80,false
France,FRA,2006,2320536221304.70,false
France,FRA,2007,2660591246211.77,false
France,FRA,2008,2930303780828.12,false
France,FRA,2009,2700887366932.03,false
France,FRA,2010,2645187882116.73,false
France,FRA,2011,2865157541994.19,false
France,FRA,2012,2683671716967.19,false
France,FRA,2013,2811876903329.05,false
France,FRA,2014,2855964488590.14,false
France,FRA,2015,2439188643162.50,false
France,FRA,2016,2472964344587.23,false
France,FRA,2017,2595151045197.67,false
France,FRA,2018,2790956878746.61,false
France,FRA,2019,2728870246705.83,false
France,FRA,2020,2639008701648.21,false
France,FRA,2021,2957879759263.52,false
France,FRA,2022,2782905325624.52,false
Faroe Islands,FRO,1998,1104744290.26,false
Faroe Islands,FRO,1999,1127684827.36,false
Faroe Islands,FRO,2000,1067109508.65,false
Faroe Islands,FRO,2001,1160268142.37,false
Faroe Islands,FRO,2002,1275093662.35,false
Faroe Islands,FRO,2003,1501941504.89,false
Faroe Islands,FRO,2004,1724770866.80,false
Faroe Islands,FRO,2005,1759739599.23,false
Faroe Islands,FRO,2006,2017680721.80,false
Faroe Islands,FRO,2007,2339015384.91,false
Faroe Islands,FRO,2008,2489873331.03,false
Faroe Islands,FRO,2009,2296065312.82,false
Faroe Islands,FRO,2010,2331796784.36,false
Faroe Islands,FRO,2011,2505740886.26,false
Faroe Islands,FRO,2012,2427200582.91,false
Faroe Islands,FRO,2013,2690110671.24,false
Faroe Islands,FRO,2014,2914012852.34,false
Faroe Islands,FRO,2015,2573906035.60,false
Faroe Islands,FRO,2016,2813278761.28,false
Faroe Islands,FRO,2017,2980057167.74,false
Faroe Islands,FRO,2018,3188601035.19,false
Faroe Islands,FRO,2019,3275684065.13,false
Faroe Islands,FRO,2020,3248670978.10,false
Faroe Islands,FRO,2021,3649878680.23,false
"Micronesia, Fed. Sts.",FSM,1983,106500000.00,false
"Micronesia, Fed. Sts.",FSM,1986,112210000.00,false
"Micronesia, Fed. Sts.",FSM,1987,116700000.00,false
"Micronesia, Fed. Sts.",FSM,1988,124700000.00,false
"Micronesia, Fed. Sts.",FSM,1989,135200000.00,false
"Micronesia, Fed. Sts.",FSM,1990,147200000.00,false
"Micronesia, Fed. Sts.",FSM,1991,166200000.00,false
"Micronesia, Fed. Sts.",FSM,1992,178100000.00,false
"Micronesia, Fed. Sts.",FSM,1993,198400000.00,false
"Micronesia, Fed. Sts.",FSM,1994,202500000.00,false
"Micronesia, Fed. Sts.",FSM,1995,221575300.00,false
"Micronesia, Fed. Sts.",FSM,1996,218534700.00,false
"Micronesia, Fed. Sts.",FSM,1997,206626300.00,false
"Micronesia, Fed. Sts.",FSM,1998,218873100.00,false
"Micronesia, Fed. Sts.",FSM,1999,220140500.00,false
"Micronesia, Fed. Sts.",FSM,2000,233271800.00,false
"Micronesia, Fed. Sts.",FSM,2001,240970900.00,false
"Micronesia, Fed. Sts.",FSM,2002,242517200.00,false
"Micronesia, Fed. Sts.",FSM,2003,245432900.00,false
"Micronesia, Fed. Sts.",FSM,2004,240236000.00,false
"Micronesia, Fed. Sts.",FSM,2005,250281900.00,false
"Micronesia, Fed. Sts.",FSM,2006,253541900.00,false
"Micronesia, Fed. Sts.",FSM,2007,256787200.00,false
"Micronesia, Fed. Sts.",FSM,2008,263145100.00,false
"Micronesia, Fed. Sts.",FSM,2009,280284600.00,false
"Micronesia, Fed. Sts.",FSM,2010,296944100.00,false
"Micronesia, Fed. Sts.",FSM,2011,311301600.00,false
"Micronesia, Fed. Sts.",FSM,2012,327248700.00,false
"Micronesia, Fed. Sts.",FSM,2013,317214400.00,false
"Micronesia, Fed. Sts.",FSM,2014,319271200.00,false
"Micronesia, Fed. Sts.",FSM,2015,316489900.00,false
"Micronesia, Fed. Sts.",FSM,2016,332265200.00,false
"Micronesia, Fed. Sts.",FSM,2017,366666800.00,false
"Micronesia, Fed. Sts.",FSM,2018,401932300.00,false
"Micronesia, Fed. Sts.",FSM,2019,412000000.00,false
"Micronesia, Fed. Sts.",FSM,2020,408000000.00,false
"Micronesia, Fed. Sts.",FSM,2021,404028900.00,false
"Micronesia, Fed. Sts.",FSM,2022,427094119.11,false
Gabon,GAB,1960,141468977.57,false
Gabon,GAB,1961,167637907.38,false
Gabon,GAB,1962,182796536.50,false
Gabon,GAB,1963,154480244.25,false
Gabon,GAB,1964,215679855.27,false
Gabon,GAB,1965,226474285.59,false
Gabon,GAB,1966,245849781.72,false
Gabon,GAB,1967,271543680.28,false
Gabon,GAB,1968,294468564.53,false
Gabon,GAB,1969,318124701.05,false
Gabon,GAB,1970,323802475.48,false
Gabon,GAB,1971,381687073.06,false
Gabon,GAB,1972,430508357.72,false
Gabon,GAB,1973,722780701.12,false
Gabon,GAB,1974,1544216003.98,false
Gabon,GAB,1975,2157592936.61,false
Gabon,GAB,1976,3009409970.91,false
Gabon,GAB,1977,2809349074.18,false
Gabon,GAB,1978,2389479269.19,false
Gabon,GAB,1979,3030251116.36,false
Gabon,GAB,1980,4279637933.85,false
Gabon,GAB,1981,3862269126.93,false
Gabon,GAB,1982,3618007844.45,false
Gabon,GAB,1983,3391275731.32,false
Gabon,GAB,1984,3561451562.24,false
Gabon,GAB,1985,3339914759.37,false
Gabon,GAB,1986,3403638193.58,false
Gabon,GAB,1987,3281797038.67,false
Gabon,GAB,1988,3834503378.36,false
Gabon,GAB,1989,4186411457.46,false
Gabon,GAB,1990,5952293765.84,false
Gabon,GAB,1991,5402919788.23,false
Gabon,GAB,1992,5592390832.67,false
Gabon,GAB,1993,4378645081.02,false
Gabon,GAB,1994,4190819346.82,false
Gabon,GAB,1995,4958845649.03,false
Gabon,GAB,1996,5694039999.87,false
Gabon,GAB,1997,5326817111.31,false
Gabon,GAB,1998,4483417313.12,false
Gabon,GAB,1999,4662992036.21,false
Gabon,GAB,2000,5080483628.31,false
Gabon,GAB,2001,5023265411.48,false
Gabon,GAB,2002,5335451103.76,false
Gabon,GAB,2003,6511903363.54,false
Gabon,GAB,2004,7770219003.92,false
Gabon,GAB,2005,9582783997.22,false
Gabon,GAB,2006,10327598308.53,false
Gabon,GAB,2007,12455409574.94,false
Gabon,GAB,2008,15571348329.23,false
Gabon,GAB,2009,12113699059.46,false
Gabon,GAB,2010,14372593013.81,false
Gabon,GAB,2011,18210307754.44,false
Gabon,GAB,2012,17170464000.78,false
Gabon,GAB,2013,17595744803.60,false
Gabon,GAB,2014,18203966900.44,false
Gabon,GAB,2015,14383107763.12,false
Gabon,GAB,2016,14023890263.88,false
Gabon,GAB,2017,14929487495.76,false
Gabon,GAB,2018,16867326389.87,false
Gabon,GAB,2019,16874405460.20,false
Gabon,GAB,2020,15314577167.82,false
Gabon,GAB,2021,20217946921.21,false
Gabon,GAB,2022,21071739227.94,false
United Kingdom,GBR,1960,73233970838.23,false
United Kingdom,GBR,1961,77741969043.15,false
United Kingdom,GBR,1962,81247567647.22,false
United Kingdom,GBR,1963,86561965531.03,false
United Kingdom,GBR,1964,94407562406.91,false
United Kingdom,GBR,1965,101824759453.38,false
United Kingdom,GBR,1966,108572756766.33,false
United Kingdom,GBR,1967,113116882129.94,false
United Kingdom,GBR,1968,107759913942.93,false
United Kingdom,GBR,1969,116464706991.28,false
United Kingdom,GBR,1970,130682295637.12,false
United Kingdom,GBR,1971,148106601857.14,false
United Kingdom,GBR,1972,169969084028.49,false
United Kingdom,GBR,1973,192551676950.86,false
United Kingdom,GBR,1974,206152361030.54,false
United Kingdom,GBR,1975,241734621312.30,false
United Kingdom,GBR,1976,232610445456.54,false
United Kingdom,GBR,1977,263079306617.24,false
United Kingdom,GBR,1978,335880078399.85,false
United Kingdom,GBR,1979,439011580877.70,false
United Kingdom,GBR,1980,564954276868.09,false
United Kingdom,GBR,1981,540720761152.05,false
United Kingdom,GBR,1982,515006780277.42,false
United Kingdom,GBR,1983,489599764279.82,false
United Kingdom,GBR,1984,461483005638.35,false
United Kingdom,GBR,1985,489256281228.67,false
United Kingdom,GBR,1986,601455004221.65,false
United Kingdom,GBR,1987,745130338365.80,false
United Kingdom,GBR,1988,910171030657.68,false
United Kingdom,GBR,1989,926926143222.19,false
United Kingdom,GBR,1990,1093213710428.01,false
United Kingdom,GBR,1991,1142766274398.22,false
United Kingdom,GBR,1992,1179713014951.83,false
United Kingdom,GBR,1993,1061457883633.55,false
United Kingdom,GBR,1994,1140443311074.50,false
United Kingdom,GBR,1995,1346252041210.47,false
United Kingdom,GBR,1996,1421711933486.21,false
United Kingdom,GBR,1997,1561715127635.22,false
United Kingdom,GBR,1998,1654996607708.19,false
United Kingdom,GBR,1999,1689407711357.04,false
United Kingdom,GBR,2000,1666048767079.76,false
United Kingdom,GBR,2001,1648765214387.00,false
United Kingdom,GBR,2002,1785781372553.92,false
United Kingdom,GBR,2003,2056704586736.55,false
United Kingdom,GBR,2004,2423047347028.45,false
United Kingdom,GBR,2005,2544813166100.50,false
United Kingdom,GBR,2006,2709978165671.04,false
United Kingdom,GBR,2007,3092996468387.23,false
United Kingdom,GBR,2008,2931683721186.75,false
United Kingdom,GBR,2009,2417565709974.49,false
United Kingdom,GBR,2010,2491397494467.95,false
United Kingdom,GBR,2011,2666403005061.42,false
United Kingdom,GBR,2012,2706340967030.68,false
United Kingdom,GBR,2013,2786315215249.95,false
United Kingdom,GBR,2014,3065223279583.79,false
United Kingdom,GBR,2015,2934857946213.47,false
United Kingdom,GBR,2016,2699659680997.20,false
United Kingdom,GBR,2017,2683488510504.04,false
United Kingdom,GBR,2018,2878152147315.82,false
United Kingdom,GBR,2019,2857057847953.02,false
United Kingdom,GBR,2020,2704609160088.15,false
United Kingdom,GBR,2021,3122480345924.54,false
United Kingdom,GBR,2022,3070667732359.21,false
Georgia,GEO,1990,7753501867.76,false
Georgia,GEO,1991,6357615894.04,false
Georgia,GEO,1992,3690328963.64,false
Georgia,GEO,1993,2701181331.31,false
Georgia,GEO,1994,2514070771.80,false
Georgia,GEO,1995,2693768412.89,false
Georgia,GEO,1996,3095047603.81,false
Georgia,GEO,1997,3510520231.21,false
Georgia,GEO,1998,3613498183.21,false
Georgia,GEO,1999,2800026343.74,false
Georgia,GEO,2000,3057475335.19,false
Georgia,GEO,2001,3219462779.68,false
Georgia,GEO,2002,3395766677.67,false
Georgia,GEO,2003,3991377904.13,false
Georgia,GEO,2004,5125365191.99,false
Georgia,GEO,2005,6410912049.87,false
Georgia,GEO,2006,7745249283.88,false
Georgia,GEO,2007,10172933118.49,false
Georgia,GEO,2008,12795147991.84,false
Georgia,GEO,2009,10766919442.08,false
Georgia,GEO,2010,12243219360.30,false
Georgia,GEO,2011,15107482383.38,false
Georgia,GEO,2012,16488819132.88,false
Georgia,GEO,2013,17190068235.79,false
Georgia,GEO,2014,17627336228.05,false
Georgia,GEO,2015,14953675992.67,false
Georgia,GEO,2016,15141598622.57,false
Georgia,GEO,2017,16242647229.74,false
Georgia,GEO,2018,17596922469.92,false
Georgia,GEO,2019,17470436258.51,false
Georgia,GEO,2020,15842922532.72,false
Georgia,GEO,2021,18629365612.10,false
Georgia,GEO,2022,24605375420.07,false
Ghana,GHA,1960,1217230094.97,false
Ghana,GHA,1961,1302674324.88,false
Ghana,GHA,1962,1382515654.47,false
Ghana,GHA,1963,1540797588.57,false
Ghana,GHA,1964,1731296199.52,false
Ghana,GHA,1965,2053462968.04,false
Ghana,GHA,1966,2126300672.23,false
Ghana,GHA,1967,1747187644.90,false
Ghana,GHA,1968,1666909517.65,false
Ghana,GHA,1969,1962050555.78,false
Ghana,GHA,1970,2215028588.46,false
Ghana,GHA,1971,2417108577.53,false
Ghana,GHA,1972,2112293279.99,false
Ghana,GHA,1973,3006766758.44,false
Ghana,GHA,1974,2894409937.89,false
Ghana,GHA,1975,2810106382.98,false
Ghana,GHA,1976,2765254237.29,false
Ghana,GHA,1977,3189428571.43,false
Ghana,GHA,1978,3662478184.99,false
Ghana,GHA,1979,4020227920.23,false
Ghana,GHA,1980,4445228215.77,false
Ghana,GHA,1981,4222441614.97,false
Ghana,GHA,1982,4035994397.76,false
Ghana,GHA,1983,4057275042.83,false
Ghana,GHA,1984,4412279843.44,false
Ghana,GHA,1985,4504342149.43,false
Ghana,GHA,1986,5735921420.39,false
Ghana,GHA,1987,5074829931.97,false
Ghana,GHA,1988,5197840972.69,false
Ghana,GHA,1989,5251764269.92,false
Ghana,GHA,1990,5889174833.90,false
Ghana,GHA,1991,6603130039.87,false
Ghana,GHA,1992,6416079341.97,false
Ghana,GHA,1993,5968905678.89,false
Ghana,GHA,1994,5446370114.58,false
Ghana,GHA,1995,6464389656.21,false
Ghana,GHA,1996,6932984635.63,false
Ghana,GHA,1997,6891433840.91,false
Ghana,GHA,1998,7482072380.24,false
Ghana,GHA,1999,7718110780.95,false
Ghana,GHA,2000,4982849054.03,false
Ghana,GHA,2001,5314871683.52,false
Ghana,GHA,2002,6166197191.77,false
Ghana,GHA,2003,7632720680.28,false
Ghana,GHA,2004,8881419348.22,false
Ghana,GHA,2005,10744562614.75,false
Ghana,GHA,2006,20885042153.02,false
Ghana,GHA,2007,24827333947.38,false
Ghana,GHA,2008,28679383241.07,false
Ghana,GHA,2009,26048726185.67,false
Ghana,GHA,2010,32197648061.17,false
Ghana,GHA,2011,39336668080.56,false
Ghana,GHA,2012,41271708599.71,false
Ghana,GHA,2013,62824629066.04,false
Ghana,GHA,2014,54783320576.89,false
Ghana,GHA,2015,49406014245.43,false
Ghana,GHA,2016,56164933479.40,false
Ghana,GHA,2017,60405920071.10,false
Ghana,GHA,2018,67298913752.02,false
Ghana,GHA,2019,68337974418.77,false
Ghana,GHA,2020,70043095503.25,false
Ghana,GHA,2021,79156409409.86,false
Ghana,GHA,2022,72838798787.71,false
Guinea,GIN,1986,1995186720.75,false
Guinea,GIN,1987,2041538039.58,false
Guinea,GIN,1988,2384295814.85,false
Guinea,GIN,1989,2432029296.81,false
Guinea,GIN,1990,2666750820.50,false
Guinea,GIN,1991,3015058205.58,false
Guinea,GIN,1992,3284620421.85,false
Guinea,GIN,1993,3279096491.82,false
Guinea,GIN,1994,3383092769.85,false
Guinea,GIN,1995,3693710532.91,false
Guinea,GIN,1996,3868968366.14,false
Guinea,GIN,1997,3783700461.64,false
Guinea,GIN,1998,3588375621.83,false
Guinea,GIN,1999,3461282459.97,false
Guinea,GIN,2000,2995361112.05,false
Guinea,GIN,2001,2829435908.16,false
Guinea,GIN,2002,2950198723.61,false
Guinea,GIN,2003,3446441784.82,false
Guinea,GIN,2004,3635458213.66,false
Guinea,GIN,2005,2937071740.39,false
Guinea,GIN,2006,4220019242.75,false
Guinea,GIN,2007,6281917649.67,false
Guinea,GIN,2008,6964179187.54,false
Guinea,GIN,2009,6716904516.30,false
Guinea,GIN,2010,6853467832.68,false
Guinea,GIN,2011,6785137215.23,false
Guinea,GIN,2012,7638045225.64,false
Guinea,GIN,2013,8376613880.26,false
Guinea,GIN,2014,8778473643.02,false
Guinea,GIN,2015,8794202394.72,false
Guinea,GIN,2016,8595955600.79,false
Guinea,GIN,2017,10324668270.88,false
Guinea,GIN,2018,11857030366.46,false
Guinea,GIN,2019,13442861496.57,false
Guinea,GIN,2020,14177835840.83,false
Guinea,GIN,2021,16091817842.23,false
Guinea,GIN,2022,21227749388.73,false
"Gambia, The",GMB,1966,44212088.42,false
"Gambia, The",GMB,1967,46695008.77,false
"Gambia, The",GMB,1968,41160065.83,false
"Gambia, The",GMB,1969,45168072.25,false
"Gambia, The",GMB,1970,52296083.65,false
"Gambia, The",GMB,1971,55728655.80,false
"Gambia, The",GMB,1972,59160575.51,false
"Gambia, The",GMB,1973,75187768.35,false
"Gambia, The",GMB,1974,95796033.66,false
"Gambia, The",GMB,1975,115179737.74,false
"Gambia, The",GMB,1976,112190822.65,false
"Gambia, The",GMB,1977,138093106.28,false
"Gambia, The",GMB,1978,171833061.58,false
"Gambia, The",GMB,1979,207112649.70,false
"Gambia, The",GMB,1980,241083112.73,false
"Gambia, The",GMB,1981,218767720.45,false
"Gambia, The",GMB,1982,216050534.81,false
"Gambia, The",GMB,1983,213448615.75,false
"Gambia, The",GMB,1984,177340879.46,false
"Gambia, The",GMB,1985,225726370.23,false
"Gambia, The",GMB,1986,185646984.46,false
"Gambia, The",GMB,1987,220626480.94,false
"Gambia, The",GMB,1988,266672202.48,false
"Gambia, The",GMB,1989,284120331.65,false
"Gambia, The",GMB,1990,317083688.20,false
"Gambia, The",GMB,1991,690311093.17,false
"Gambia, The",GMB,1992,714254263.10,false
"Gambia, The",GMB,1993,755040935.02,false
"Gambia, The",GMB,1994,746493955.01,false
"Gambia, The",GMB,1995,785999879.72,false
"Gambia, The",GMB,1996,848239405.57,false
"Gambia, The",GMB,1997,803633368.74,false
"Gambia, The",GMB,1998,840285264.63,false
"Gambia, The",GMB,1999,814724055.90,false
"Gambia, The",GMB,2000,782913865.99,false
"Gambia, The",GMB,2001,687410630.46,false
"Gambia, The",GMB,2002,578235309.33,false
"Gambia, The",GMB,2003,487038679.36,false
"Gambia, The",GMB,2004,961900640.75,false
"Gambia, The",GMB,2005,1027701055.57,false
"Gambia, The",GMB,2006,1054112487.74,false
"Gambia, The",GMB,2007,1279703029.87,false
"Gambia, The",GMB,2008,1561766955.73,false
"Gambia, The",GMB,2009,1450142497.46,false
"Gambia, The",GMB,2010,1543294945.46,false
"Gambia, The",GMB,2011,1409693594.06,false
"Gambia, The",GMB,2012,1415004743.18,false
"Gambia, The",GMB,2013,1375609459.78,false
"Gambia, The",GMB,2014,1229461731.70,false
"Gambia, The",GMB,2015,1378176605.94,false
"Gambia, The",GMB,2016,1484578897.16,false
"Gambia, The",GMB,2017,1504909447.77,false
"Gambia, The",GMB,2018,1670671340.38,false
"Gambia, The",GMB,2019,1813609679.15,false
"Gambia, The",GMB,2020,1812170878.31,false
"Gambia, The",GMB,2021,2038414973.57,false
"Gambia, The",GMB,2022,2273060863.14,false
Guinea-Bissau,GNB,1970,78733594.84,false
Guinea-Bissau,GNB,1971,78540057.14,false
Guinea-Bissau,GNB,1972,87702828.57,false
Guinea-Bissau,GNB,1973,89374237.29,false
Guinea-Bissau,GNB,1974,98775328.95,false
Guinea-Bissau,GNB,1975,108985740.16,false
Guinea-Bissau,GNB,1976,112386489.01,false
Guinea-Bissau,GNB,1977,114971207.21,false
Guinea-Bissau,GNB,1978,122666858.79,false
Guinea-Bissau,GNB,1979,118537875.13,false
Guinea-Bissau,GNB,1980,110653830.72,false
Guinea-Bissau,GNB,1981,154731969.70,false
Guinea-Bissau,GNB,1982,165523634.50,false
Guinea-Bissau,GNB,1983,163577538.33,false
Guinea-Bissau,GNB,1984,138478900.63,false
Guinea-Bissau,GNB,1985,143856253.13,false
Guinea-Bissau,GNB,1986,130225018.75,false
Guinea-Bissau,GNB,1987,173836362.01,false
Guinea-Bissau,GNB,1988,164458120.32,false
Guinea-Bissau,GNB,1989,213143016.45,false
Guinea-Bissau,GNB,1990,243961995.51,false
Guinea-Bissau,GNB,1991,257150374.07,false
Guinea-Bissau,GNB,1992,226313443.75,false
Guinea-Bissau,GNB,1993,236880821.66,false
Guinea-Bissau,GNB,1994,235620043.50,false
Guinea-Bissau,GNB,1995,253966922.28,false
Guinea-Bissau,GNB,1996,270419779.42,false
Guinea-Bissau,GNB,1997,268551010.94,false
Guinea-Bissau,GNB,1998,206457553.40,false
Guinea-Bissau,GNB,1999,224446663.80,false
Guinea-Bissau,GNB,2000,371095522.05,false
Guinea-Bissau,GNB,2001,392621389.51,false
Guinea-Bissau,GNB,2002,417806651.12,false
Guinea-Bissau,GNB,2003,477458577.16,false
Guinea-Bissau,GNB,2004,532062894.80,false
Guinea-Bissau,GNB,2005,587029096.03,false
Guinea-Bissau,GNB,2006,592365659.82,false
Guinea-Bissau,GNB,2007,696910784.02,false
Guinea-Bissau,GNB,2008,868154627.87,false
Guinea-Bissau,GNB,2009,830126428.79,false
Guinea-Bissau,GNB,2010,849878489.11,false
Guinea-Bissau,GNB,2011,1099818591.96,false
Guinea-Bissau,GNB,2012,989271155.13,false
Guinea-Bissau,GNB,2013,1046087367.45,false
Guinea-Bissau,GNB,2014,1054915581.37,false
Guinea-Bissau,GNB,2015,1048229633.00,false
Guinea-Bissau,GNB,2016,1179004911.26,false
Guinea-Bissau,GNB,2017,1350177012.25,false
Guinea-Bissau,GNB,2018,1504630233.69,false
Guinea-Bissau,GNB,2019,1439638411.00,false
Guinea-Bissau,GNB,2020,1431758231.68,false
Guinea-Bissau,GNB,2021,1638517606.89,false
Guinea-Bissau,GNB,2022,1633559092.07,false
Equatorial Guinea,GNQ,1962,9122751.45,false
Equatorial Guinea,GNQ,1963,10840095.13,false
Equatorial Guinea,GNQ,1964,12712471.40,false
Equatorial Guinea,GNQ,1965,64748333.33,false
Equatorial Guinea,GNQ,1966,69110000.00,false
Equatorial Guinea,GNQ,1967,72317446.93,false
Equatorial Guinea,GNQ,1968,67514285.71,false
Equatorial Guinea,GNQ,1969,67225714.29,false
Equatorial Guinea,GNQ,1970,66331428.57,false
Equatorial Guinea,GNQ,1971,64946954.76,false
Equatorial Guinea,GNQ,1972,65429198.24,false
Equatorial Guinea,GNQ,1973,81203226.91,false
Equatorial Guinea,GNQ,1974,94159862.71,false
Equatorial Guinea,GNQ,1975,104295643.39,false
Equatorial Guinea,GNQ,1976,103653049.94,false
Equatorial Guinea,GNQ,1977,103987520.08,false
Equatorial Guinea,GNQ,1980,50642880.77,false
Equatorial Guinea,GNQ,1981,36731422.85,false
Equatorial Guinea,GNQ,1982,44294647.73,false
Equatorial Guinea,GNQ,1983,44442456.95,false
Equatorial Guinea,GNQ,1984,50320914.41,false
Equatorial Guinea,GNQ,1985,62118570.01,false
Equatorial Guinea,GNQ,1986,76407395.97,false
Equatorial Guinea,GNQ,1987,93345859.41,false
Equatorial Guinea,GNQ,1988,100534656.94,false
Equatorial Guinea,GNQ,1989,88265974.73,false
Equatorial Guinea,GNQ,1990,112119411.51,false
Equatorial Guinea,GNQ,1991,110906028.61,false
Equatorial Guinea,GNQ,1992,134707183.97,false
Equatorial Guinea,GNQ,1993,136047906.01,false
Equatorial Guinea,GNQ,1994,100807002.60,false
Equatorial Guinea,GNQ,1995,141853360.90,false
Equatorial Guinea,GNQ,1996,232463022.68,false
Equatorial Guinea,GNQ,1997,442337870.43,false
Equatorial Guinea,GNQ,1998,370687634.70,false
Equatorial Guinea,GNQ,1999,621117885.67,false
Equatorial Guinea,GNQ,2000,1045998496.44,false
Equatorial Guinea,GNQ,2001,1461139022.03,false
Equatorial Guinea,GNQ,2002,1806742742.27,false
Equatorial Guinea,GNQ,2003,2484745935.09,false
Equatorial Guinea,GNQ,2004,4410764338.67,false
Equatorial Guinea,GNQ,2005,8217369092.65,false
Equatorial Guinea,GNQ,2006,10086528698.86,false
Equatorial Guinea,GNQ,2007,13071718758.74,false
Equatorial Guinea,GNQ,2008,19749893536.32,false
Equatorial Guinea,GNQ,2009,15027795173.22,false
Equatorial Guinea,GNQ,2010,16314443428.94,false
Equatorial Guinea,GNQ,2011,21357343681.89,false
Equatorial Guinea,GNQ,2012,22388344123.99,false
Equatorial Guinea,GNQ,2013,21948834290.35,false
Equatorial Guinea,GNQ,2014,21765453087.48,false
Equatorial Guinea,GNQ,2015,13185496881.41,false
Equatorial Guinea,GNQ,2016,11240808846.69,false
Equatorial Guinea,GNQ,2017,12200913887.64,false
Equatorial Guinea,GNQ,2018,13097012124.23,false
Equatorial Guinea,GNQ,2019,11364133546.25,false
Equatorial Guinea,GNQ,2020,10099157995.58,false
Equatorial Guinea,GNQ,2021,12269393392.16,false
Equatorial Guinea,GNQ,2022,11813908447.81,false
Greece,GRC,1960,4335186016.84,false
Greece,GRC,1961,4961400439.32,false
Greece,GRC,1962,5213047711.43,false
Greece,GRC,1963,5895278024.09,false
Greece,GRC,1964,6669673257.12,false
Greece,GRC,1965,7689154053.36,false
Greece,GRC,1966,8591517943.60,false
Greece,GRC,1967,9275600800.36,false
Greece,GRC,1968,10090675902.54,false
Greece,GRC,1969,11615657031.24,false
Greece,GRC,1970,13139863636.36,false
Greece,GRC,1971,14591750000.00,false
Greece,GRC,1972,16885511363.64,false
Greece,GRC,1973,22347848101.27,false
Greece,GRC,1974,25351306818.18,false
Greece,GRC,1975,28525876726.89,false
Greece,GRC,1976,31152835820.90,false
Greece,GRC,1977,36176234967.62,false
Greece,GRC,1978,44270204081.63,false
Greece,GRC,1979,54481876724.93,false
Greece,GRC,1980,56829664268.59,false
Greece,GRC,1981,52346506765.07,false
Greece,GRC,1982,54617989795.92,false
Greece,GRC,1983,49428873839.01,false
Greece,GRC,1984,48020024183.80,false
Greece,GRC,1985,47820851221.32,false
Greece,GRC,1986,56379593476.14,false
Greece,GRC,1987,65652750377.45,false
Greece,GRC,1988,76261277924.57,false
Greece,GRC,1989,79169043222.83,false
Greece,GRC,1990,97891092003.44,false
Greece,GRC,1991,105143232379.88,false
Greece,GRC,1992,116224672863.78,false
Greece,GRC,1993,108809059155.77,false
Greece,GRC,1994,116601801966.29,false
Greece,GRC,1995,136878365936.17,false
Greece,GRC,1996,145861612400.91,false
Greece,GRC,1997,143157600149.76,false
Greece,GRC,1998,144428172489.34,false
Greece,GRC,1999,142588875293.75,false
Greece,GRC,2000,130457756628.44,false
Greece,GRC,2001,136309295225.34,false
Greece,GRC,2002,154564203586.95,false
Greece,GRC,2003,202370140236.26,false
Greece,GRC,2004,240963562236.13,false
Greece,GRC,2005,247875422204.41,false
Greece,GRC,2006,273546728473.07,false
Greece,GRC,2007,318902829550.73,false
Greece,GRC,2008,355908689477.44,false
Greece,GRC,2009,331308500253.27,false
Greece,GRC,2010,297124961971.51,false
Greece,GRC,2011,282995942006.56,false
Greece,GRC,2012,242029307133.41,false
Greece,GRC,2013,238907690051.13,false
Greece,GRC,2014,235458133124.60,false
Greece,GRC,2015,195683527003.38,false
Greece,GRC,2016,193148146586.94,false
Greece,GRC,2017,199844406013.53,false
Greece,GRC,2018,212049447242.11,false
Greece,GRC,2019,205257014892.50,false
Greece,GRC,2020,188925995936.80,false
Greece,GRC,2021,214873879833.65,false
Greece,GRC,2022,219065872466.25,false
Grenada,GRD,1977,71494495.19,false
Grenada,GRD,1978,88322386.30,false
Grenada,GRD,1979,102244362.22,false
Grenada,GRD,1980,110900457.04,false
Grenada,GRD,1981,115651918.89,false
Grenada,GRD,1982,125435590.00,false
Grenada,GRD,1983,131803552.22,false
Grenada,GRD,1984,145533310.74,false
Grenada,GRD,1985,167728455.19,false
Grenada,GRD,1986,187589522.59,false
Grenada,GRD,1987,215009569.63,false
Grenada,GRD,1988,236357523.70,false
Grenada,GRD,1989,267327642.22,false
Grenada,GRD,1990,278098762.96,false
Grenada,GRD,1991,300757888.89,false
Grenada,GRD,1992,310160444.44,false
Grenada,GRD,1993,309812185.19,false
Grenada,GRD,1994,325111814.81,false
Grenada,GRD,1995,342172518.52,false
Grenada,GRD,1996,366911444.44,false
Grenada,GRD,1997,392190592.59,false
Grenada,GRD,1998,445903592.59,false
Grenada,GRD,1999,482009370.37,false
Grenada,GRD,2000,520044370.37,false
Grenada,GRD,2001,520444185.19,false
Grenada,GRD,2002,540336925.93,false
Grenada,GRD,2003,591018407.41,false
Grenada,GRD,2004,599118592.59,false
Grenada,GRD,2005,695555555.56,false
Grenada,GRD,2006,698700666.67,false
Grenada,GRD,2007,758683592.59,false
Grenada,GRD,2008,825976037.04,false
Grenada,GRD,2009,771275555.56,false
Grenada,GRD,2010,771014814.81,false
Grenada,GRD,2011,778655555.56,false
Grenada,GRD,2012,799881481.48,false
Grenada,GRD,2013,842618518.52,false
Grenada,GRD,2014,911496296.30,false
Grenada,GRD,2015,997007407.41,false
Grenada,GRD,2016,1061640740.74,false
Grenada,GRD,2017,1125685185.19,false
Grenada,GRD,2018,1166514814.81,false
Grenada,GRD,2019,1213485185.19,false
Grenada,GRD,2020,1043411111.11,false
Grenada,GRD,2021,1122800000.00,false
Grenada,GRD,2022,1256413185.19,false
Greenland,GRL,1970,69520026.61,false
Greenland,GRL,1971,88571004.74,false
Greenland,GRL,1972,106101302.91,false
Greenland,GRL,1973,140153748.27,false
Greenland,GRL,1974,169918948.66,false
Greenland,GRL,1975,211192468.04,false
Greenland,GRL,1976,240779417.83,false
Greenland,GRL,1977,282269764.88,false
Greenland,GRL,1978,355987433.48,false
Greenland,GRL,1979,420645794.97,false
Greenland,GRL,1980,476051769.01,false
Greenland,GRL,1981,435749013.87,false
Greenland,GRL,1982,402403057.15,false
Greenland,GRL,1983,416184086.23,false
Greenland,GRL,1984,379371913.72,false
Greenland,GRL,1985,412876395.83,false
Greenland,GRL,1986,603016317.54,false
Greenland,GRL,1987,787390447.32,false
Greenland,GRL,1988,898607670.62,false
Greenland,GRL,1989,929799902.19,false
Greenland,GRL,1990,1018977225.44,false
Greenland,GRL,1991,1016500016.29,false
Greenland,GRL,1992,1037916105.23,false
Greenland,GRL,1993,927214127.93,false
Greenland,GRL,1994,1005887592.04,false
Greenland,GRL,1995,1208953359.00,false
Greenland,GRL,1996,1197515637.92,false
Greenland,GRL,1997,1072154406.79,false
Greenland,GRL,1998,1149858126.96,false
Greenland,GRL,1999,1131555107.05,false
Greenland,GRL,2000,1068024993.99,false
Greenland,GRL,2001,1086170638.73,false
Greenland,GRL,2002,1169136691.35,false
Greenland,GRL,2003,1558759744.21,false
Greenland,GRL,2004,1822499870.64,false
Greenland,GRL,2005,1849802648.36,false
Greenland,GRL,2006,2013106816.66,false
Greenland,GRL,2007,2249811364.54,false
Greenland,GRL,2008,2499092396.12,false
Greenland,GRL,2009,2529964060.54,false
Greenland,GRL,2010,2503167187.49,false
Greenland,GRL,2011,2684461607.93,false
Greenland,GRL,2012,2609678694.94,false
Greenland,GRL,2013,2684947140.15,false
Greenland,GRL,2014,2842065877.15,false
Greenland,GRL,2015,2499113085.48,false
Greenland,GRL,2016,2707146783.13,false
Greenland,GRL,2017,2851610655.92,false
Greenland,GRL,2018,3055791340.70,false
Greenland,GRL,2019,2997331094.25,false
Greenland,GRL,2020,3082909157.61,false
Greenland,GRL,2021,3235816195.07,false
Guatemala,GTM,1960,1043599900.00,false
Guatemala,GTM,1961,1076699900.00,false
Guatemala,GTM,1962,1143600000.00,false
Guatemala,GTM,1963,1262800000.00,false
Guatemala,GTM,1964,1299099900.00,false
Guatemala,GTM,1965,1331399900.00,false
Guatemala,GTM,1966,1390700000.00,false
Guatemala,GTM,1967,1453500000.00,false
Guatemala,GTM,1968,1610500000.00,false
Guatemala,GTM,1969,1715399900.00,false
Guatemala,GTM,1970,1904000000.00,false
Guatemala,GTM,1971,1984800000.17,false
Guatemala,GTM,1972,2101300000.00,false
Guatemala,GTM,1973,2569200100.21,false
Guatemala,GTM,1974,3161499901.58,false
Guatemala,GTM,1975,3645900003.65,false
Guatemala,GTM,1976,4365300204.37,false
Guatemala,GTM,1977,5480500205.48,false
Guatemala,GTM,1978,6070600206.07,false
Guatemala,GTM,1979,6902600206.90,false
Guatemala,GTM,1980,7878700007.88,false
Guatemala,GTM,1981,8607500308.61,false
Guatemala,GTM,1982,8716999708.72,false
Guatemala,GTM,1983,9050000409.05,false
Guatemala,GTM,1984,9470000103.95,false
Guatemala,GTM,1985,9721652086.96,false
Guatemala,GTM,1986,7231963515.98,false
Guatemala,GTM,1987,7084399840.00,false
Guatemala,GTM,1988,7841602824.43,false
Guatemala,GTM,1989,8410724360.80,false
Guatemala,GTM,1990,7650196276.74,false
Guatemala,GTM,1991,9406135143.41,false
Guatemala,GTM,1992,10440781587.54,false
Guatemala,GTM,1993,11400018312.93,false
Guatemala,GTM,1994,12983233686.99,false
Guatemala,GTM,1995,14655404433.28,false
Guatemala,GTM,1996,15674835615.31,false
Guatemala,GTM,1997,17790026221.61,false
Guatemala,GTM,1998,19395491992.99,false
Guatemala,GTM,1999,18318412251.36,false
Guatemala,GTM,2000,19288928615.94,false
Guatemala,GTM,2001,18405221418.47,false
Guatemala,GTM,2002,20444205991.03,false
Guatemala,GTM,2003,21576351798.91,false
Guatemala,GTM,2004,23577298589.16,false
Guatemala,GTM,2005,26783388709.18,false
Guatemala,GTM,2006,29744247479.24,false
Guatemala,GTM,2007,33567850095.00,false
Guatemala,GTM,2008,38503718526.63,false
Guatemala,GTM,2009,37126146369.26,false
Guatemala,GTM,2010,40676579264.84,false
Guatemala,GTM,2011,46876004265.24,false
Guatemala,GTM,2012,49593926849.24,false
Guatemala,GTM,2013,52996447955.76,false
Guatemala,GTM,2014,57852150564.52,false
Guatemala,GTM,2015,62186064718.74,false
Guatemala,GTM,2016,66053402744.73,false
Guatemala,GTM,2017,71653756504.16,false
Guatemala,GTM,2018,73328369925.85,false
Guatemala,GTM,2019,77172313916.42,false
Guatemala,GTM,2020,77715183063.21,false
Guatemala,GTM,2021,86053079767.35,false
Guatemala,GTM,2022,95003333381.19,false
Guam,GUM,2002,3394000000.00,false
Guam,GUM,2003,3569000000.00,false
Guam,GUM,2004,3869000000.00,false
Guam,GUM,2005,4213000000.00,false
Guam,GUM,2006,4238000000.00,false
Guam,GUM,2007,4397000000.00,false
Guam,GUM,2008,4658000000.00,false
Guam,GUM,2009,4828000000.00,false
Guam,GUM,2010,4949000000.00,false
Guam,GUM,2011,4984000000.00,false
Guam,GUM,2012,5265000000.00,false
Guam,GUM,2013,5399000000.00,false
Guam,GUM,2014,5610000000.00,false
Guam,GUM,2015,5799000000.00,false
Guam,GUM,2016,5901000000.00,false
Guam,GUM,2017,6013000000.00,false
Guam,GUM,2018,6056000000.00,false
Guam,GUM,2019,6366000000.00,false
Guam,GUM,2020,5886000000.00,false
Guam,GUM,2021,6123000000.00,false
Guyana,GUY,1960,170216241.06,false
Guyana,GUY,1961,185849535.30,false
Guyana,GUY,1962,194949512.54,false
Guyana,GUY,1963,175757893.87,false
Guyana,GUY,1964,194774512.98,false
Guyana,GUY,1965,213235294.12,false
Guyana,GUY,1966,228705882.35,false
Guyana,GUY,1967,250176470.59,false
Guyana,GUY,1968,229749999.89,false
Guyana,GUY,1969,249299999.88,false
Guyana,GUY,1970,267799999.87,false
Guyana,GUY,1971,282050000.00,false
Guyana,GUY,1972,285380952.38,false
Guyana,GUY,1973,307047619.05,false
Guyana,GUY,1974,433954545.45,false
Guyana,GUY,1975,494791666.67,false
Guyana,GUY,1976,454440000.00,false
Guyana,GUY,1977,449880000.00,false
Guyana,GUY,1978,507080000.00,false
Guyana,GUY,1979,530440000.00,false
Guyana,GUY,1980,603200000.00,false
Guyana,GUY,1981,570357107.14,false
Guyana,GUY,1982,482000000.16,false
Guyana,GUY,1983,489333333.50,false
Guyana,GUY,1984,437631605.26,false
Guyana,GUY,1985,453488372.09,false
Guyana,GUY,1986,504651139.53,false
Guyana,GUY,1987,354591846.94,false
Guyana,GUY,1988,413799990.00,false
Guyana,GUY,1989,379779389.71,false
Guyana,GUY,1990,396582263.29,false
Guyana,GUY,1991,348533094.81,false
Guyana,GUY,1992,373573141.49,false
Guyana,GUY,1993,454101382.49,false
Guyana,GUY,1994,540874934.20,false
Guyana,GUY,1995,621626785.92,false
Guyana,GUY,1996,705406001.42,false
Guyana,GUY,1997,749138009.56,false
Guyana,GUY,1998,717530683.17,false
Guyana,GUY,1999,694754988.26,false
Guyana,GUY,2000,712667896.73,false
Guyana,GUY,2001,712167448.90,false
Guyana,GUY,2002,726131434.72,false
Guyana,GUY,2003,743063949.04,false
Guyana,GUY,2004,787814379.18,false
Guyana,GUY,2005,824880550.34,false
Guyana,GUY,2006,2379817986.73,false
Guyana,GUY,2007,2730971599.89,false
Guyana,GUY,2008,3025187428.38,false
Guyana,GUY,2009,3165663152.73,false
Guyana,GUY,2010,3432912511.30,false
Guyana,GUY,2011,3691384317.52,false
Guyana,GUY,2012,4063088529.14,false
Guyana,GUY,2013,4167800935.60,false
Guyana,GUY,2014,4127660158.47,false
Guyana,GUY,2015,4279840193.70,false
Guyana,GUY,2016,4482697336.56,false
Guyana,GUY,2017,4748174334.14,false
Guyana,GUY,2018,4787637005.54,false
Guyana,GUY,2019,5173760191.85,false
Guyana,GUY,2020,5471256594.72,false
Guyana,GUY,2021,8044498800.96,false
Guyana,GUY,2022,15357537068.34,false
High income,HIC,1960,1070309605652.22,true
High income,HIC,1961,1133274574092.24,true
High income,HIC,1962,1222979975247.05,true
High income,HIC,1963,1316949086916.01,true
High income,HIC,1964,1437552390659.38,true
High income,HIC,1965,1561240421783.51,true
High income,HIC,1966,1712677609757.28,true
High income,HIC,1967,1837383236127.49,true
High income,HIC,1968,1991818708681.29,true
High income,HIC,1969,2191316414060.51,true
High income,HIC,1970,2394458719134.30,true
High income,HIC,1971,2658213530866.94,true
High income,HIC,1972,3083424652587.82,true
High income,HIC,1973,3730782775772.69,true
High income,HIC,1974,4206610118501.21,true
High income,HIC,1975,4693794271015.32,true
High income,HIC,1976,5114713213062.70,true
High income,HIC,1977,5792021836211.46,true
High income,HIC,1978,6940227758015.97,true
High income,HIC,1979,8024291970995.50,true
High income,HIC,1980,8962568770036.12,true
High income,HIC,1981,9098573566488.12,true
High income,HIC,1982,9014070180686.39,true
High income,HIC,1983,9307274823050.03,true
High income,HIC,1984,9708510805998.46,true
High income,HIC,1985,10194067191689.50,true
High income,HIC,1986,12377564712374.40,true
High income,HIC,1987,14345410483598.30,true
High income,HIC,1988,16151219796861.90,true
High income,HIC,1989,16899764444681.30,true
High income,HIC,1990,18985012664862.00,true
High income,HIC,1991,20077019486047.50,true
High income,HIC,1992,21595262628678.40,true
High income,HIC,1993,21761907547794.20,true
High income,HIC,1994,23425703507936.50,true
High income,HIC,1995,26016528623343.20,true
High income,HIC,1996,26240641324883.50,true
High income,HIC,1997,25791737299604.70,true
High income,HIC,1998,25888469871146.70,true
High income,HIC,1999,27194827316557.10,true
High income,HIC,2000,27764050359632.20,true
High income,HIC,2001,27489066409393.70,true
High income,HIC,2002,28660868665486.40,true
High income,HIC,2003,32125480719417.40,true
High income,HIC,2004,35771600781059.00,true
High income,HIC,2005,37831114602373.80,true
High income,HIC,2006,39962463041148.70,true
High income,HIC,2007,43756102613971.80,true
High income,HIC,2008,46623911291791.30,true
High income,HIC,2009,43669352938355.00,true
High income,HIC,2010,45759844719262.00,true
High income,HIC,2011,49412507535114.80,true
High income,HIC,2012,49446148147436.00,true
High income,HIC,2013,50054025962686.70,true
High income,HIC,2014,51134057169125.40,true
High income,HIC,2015,48273634988451.50,true
High income,HIC,2016,49306277527564.30,true
High income,HIC,2017,51570870016899.80,true
High income,HIC,2018,54839704976037.10,true
High income,HIC,2019,55315474922573.40,true
High income,HIC,2020,53937976780898.10,true
High income,HIC,2021,60016712305060.20,true
High income,HIC,2022,61535768880816.70,true
"Hong Kong SAR, China",HKG,1960,1320796651.69,false
"Hong Kong SAR, China",HKG,1961,1383681651.14,false
"Hong Kong SAR, China",HKG,1962,1612346412.26,false
"Hong Kong SAR, China",HKG,1963,1935298266.45,false
"Hong Kong SAR, China",HKG,1964,2206466461.26,false
"Hong Kong SAR, China",HKG,1965,2435078534.03,false
"Hong Kong SAR, China",HKG,1966,2489845016.65,false
"Hong Kong SAR, China",HKG,1967,2692474989.13,false
"Hong Kong SAR, China",HKG,1968,2716964388.42,false
"Hong Kong SAR, China",HKG,1969,3189740055.14,false
"Hong Kong SAR, China",HKG,1970,3800766535.62,false
"Hong Kong SAR, China",HKG,1971,4476001946.01,false
"Hong Kong SAR, China",HKG,1972,5710090550.63,false
"Hong Kong SAR, China",HKG,1973,8030117555.62,false
"Hong Kong SAR, China",HKG,1974,9388694744.86,false
"Hong Kong SAR, China",HKG,1975,10048090236.91,false
"Hong Kong SAR, China",HKG,1976,12876366008.81,false
"Hong Kong SAR, China",HKG,1977,15719433719.71,false
"Hong Kong SAR, China",HKG,1978,18315137712.94,false
"Hong Kong SAR, China",HKG,1979,22526186035.24,false
"Hong Kong SAR, China",HKG,1980,28861855877.28,false
"Hong Kong SAR, China",HKG,1981,31055224236.64,false
"Hong Kong SAR, China",HKG,1982,32291217616.94,false
"Hong Kong SAR, China",HKG,1983,29907228556.70,false
"Hong Kong SAR, China",HKG,1984,33511383985.67,false
"Hong Kong SAR, China",HKG,1985,35699772165.71,false
"Hong Kong SAR, China",HKG,1986,41075395130.29,false
"Hong Kong SAR, China",HKG,1987,50622896162.60,false
"Hong Kong SAR, China",HKG,1988,59707404560.59,false
"Hong Kong SAR, China",HKG,1989,68790222117.76,false
"Hong Kong SAR, China",HKG,1990,76928784620.82,false
"Hong Kong SAR, China",HKG,1991,88960001715.74,false
"Hong Kong SAR, China",HKG,1992,104272503148.99,false
"Hong Kong SAR, China",HKG,1993,120354207288.83,false
"Hong Kong SAR, China",HKG,1994,135811776884.01,false
"Hong Kong SAR, China",HKG,1995,144652289130.67,false
"Hong Kong SAR, China",HKG,1996,159718180108.94,false
"Hong Kong SAR, China",HKG,1997,177353167213.82,false
"Hong Kong SAR, China",HKG,1998,168885436391.81,false
"Hong Kong SAR, China",HKG,1999,165768095391.56,false
"Hong Kong SAR, China",HKG,2000,171668898538.94,false
"Hong Kong SAR, China",HKG,2001,169404327616.61,false
"Hong Kong SAR, China",HKG,2002,166348873240.94,false
"Hong Kong SAR, China",HKG,2003,161385558801.81,false
"Hong Kong SAR, China",HKG,2004,169099768875.19,false
"Hong Kong SAR, China",HKG,2005,181569303960.23,false
"Hong Kong SAR, China",HKG,2006,193535434591.37,false
"Hong Kong SAR, China",HKG,2007,211596953544.76,false
"Hong Kong SAR, China",HKG,2008,219278739753.00,false
"Hong Kong SAR, China",HKG,2009,214047795659.04,false
"Hong Kong SAR, China",HKG,2010,228638678536.95,false
"Hong Kong SAR, China",HKG,2011,248513617677.29,false
"Hong Kong SAR, China",HKG,2012,262628877166.22,false
"Hong Kong SAR, China",HKG,2013,275696879834.97,false
"Hong Kong SAR, China",HKG,2014,291459983449.58,false
"Hong Kong SAR, China",HKG,2015,309385622601.35,false
"Hong Kong SAR, China",HKG,2016,320860317562.56,false
"Hong Kong SAR, China",HKG,2017,341273289534.47,false
"Hong Kong SAR, China",HKG,2018,361731070995.73,false
"Hong Kong SAR, China",HKG,2019,363074560517.28,false
"Hong Kong SAR, China",HKG,2020,344943149590.06,false
"Hong Kong SAR, China",HKG,2021,368911387845.42,false
"Hong Kong SAR, China",HKG,2022,359838598806.09,false
Honduras,HND,1960,335649999.83,false
Honduras,HND,1961,356199999.82,false
Honduras,HND,1962,387749999.81,false
Honduras,HND,1963,410199999.79,false
Honduras,HND,1964,456999999.77,false
Honduras,HND,1965,508649999.75,false
Honduras,HND,1966,549949999.73,false
Honduras,HND,1967,598099999.70,false
Honduras,HND,1968,646799999.68,false
Honduras,HND,1969,668000049.67,false
Honduras,HND,1970,722999999.64,false
Honduras,HND,1971,730999999.66,false
Honduras,HND,1972,802996251.61,false
Honduras,HND,1973,912499599.46,false
Honduras,HND,1974,1034499999.79,false
Honduras,HND,1975,1124000000.00,false
Honduras,HND,1976,1347999950.00,false
Honduras,HND,1977,1669499950.00,false
Honduras,HND,1978,3097242093.20,false
Honduras,HND,1979,3544281976.30,false
Honduras,HND,1980,3968160046.00,false
Honduras,HND,1981,4043894878.60,false
Honduras,HND,1982,4266503525.60,false
Honduras,HND,1983,4476697184.85,false
Honduras,HND,1984,4915311846.50,false
Honduras,HND,1985,5278120712.50,false
Honduras,HND,1986,5677828959.00,false
Honduras,HND,1987,6190521241.50,false
Honduras,HND,1988,5902717091.42,false
Honduras,HND,1989,5432344901.72,false
Honduras,HND,1990,4923009551.56,false
Honduras,HND,1991,4648668478.57,false
Honduras,HND,1992,4943700431.07,false
Honduras,HND,1993,4926728932.95,false
Honduras,HND,1994,4642280682.14,false
Honduras,HND,1995,5347445005.21,false
Honduras,HND,1996,5215028986.49,false
Honduras,HND,1997,5737099650.19,false
Honduras,HND,1998,6366340265.88,false
Honduras,HND,1999,6414520529.62,false
Honduras,HND,2000,7186638029.06,false
Honduras,HND,2001,7651162302.35,false
Honduras,HND,2002,7858255253.50,false
Honduras,HND,2003,8230391504.77,false
Honduras,HND,2004,8869299234.34,false
Honduras,HND,2005,9757012869.26,false
Honduras,HND,2006,10917476873.55,false
Honduras,HND,2007,12361257680.56,false
Honduras,HND,2008,13881731630.97,false
Honduras,HND,2009,14587496229.18,false
Honduras,HND,2010,15839344591.98,false
Honduras,HND,2011,17710275997.47,false
Honduras,HND,2012,18528554861.05,false
Honduras,HND,2013,18499729063.42,false
Honduras,HND,2014,19756533658.08,false
Honduras,HND,2015,20979791685.42,false
Honduras,HND,2016,21717604580.86,false
Honduras,HND,2017,23136248046.30,false
Honduras,HND,2018,24067750465.94,false
Honduras,HND,2019,25089937108.67,false
Honduras,HND,2020,23827859694.79,false
Honduras,HND,2021,28488721296.20,false
Honduras,HND,2022,31717700115.25,false
Heavily indebted poor countries (HIPC),HPC,1960,17292450314.77,true
Heavily indebted poor countries (HIPC),HPC,1961,17719500926.69,true
Heavily indebted poor countries (HIPC),HPC,1962,19291312491.52,true
Heavily indebted poor countries (HIPC),HPC,1963,23352325839.94,true
Heavily indebted poor countries (HIPC),HPC,1964,20816472041.24,true
Heavily indebted poor countries (HIPC),HPC,1965,24323923265.80,true
Heavily indebted poor countries (HIPC),HPC,1966,26501609734.40,true
Heavily indebted poor countries (HIPC),HPC,1967,25920628322.54,true
Heavily indebted poor countries (HIPC),HPC,1968,27476506890.42,true
Heavily indebted poor countries (HIPC),HPC,1969,30548727421.86,true
Heavily indebted poor countries (HIPC),HPC,1970,31962960653.61,true
Heavily indebted poor countries (HIPC),HPC,1971,34354320283.65,true
Heavily indebted poor countries (HIPC),HPC,1972,37368293666.86,true
Heavily indebted poor countries (HIPC),HPC,1973,46136646050.39,true
Heavily indebted poor countries (HIPC),HPC,1974,54947655240.15,true
Heavily indebted poor countries (HIPC),HPC,1975,62791627878.73,true
Heavily indebted poor countries (HIPC),HPC,1976,66675385980.05,true
Heavily indebted poor countries (HIPC),HPC,1977,78348289023.16,true
Heavily indebted poor countries (HIPC),HPC,1978,92606200588.49,true
Heavily indebted poor countries (HIPC),HPC,1979,102275368434.51,true
Heavily indebted poor countries (HIPC),HPC,1980,111360591670.02,true
Heavily indebted poor countries (HIPC),HPC,1981,109356958746.01,true
Heavily indebted poor countries (HIPC),HPC,1982,107882949059.38,true
Heavily indebted poor countries (HIPC),HPC,1983,103238056408.21,true
Heavily indebted poor countries (HIPC),HPC,1984,103775370860.91,true
Heavily indebted poor countries (HIPC),HPC,1985,103167273762.25,true
Heavily indebted poor countries (HIPC),HPC,1986,118612183964.84,true
Heavily indebted poor countries (HIPC),HPC,1987,130456353406.23,true
Heavily indebted poor countries (HIPC),HPC,1988,137681617095.98,true
Heavily indebted poor countries (HIPC),HPC,1989,140602461086.65,true
Heavily indebted poor countries (HIPC),HPC,1990,162560597218.28,true
Heavily indebted poor countries (HIPC),HPC,1991,176588552457.85,true
Heavily indebted poor countries (HIPC),HPC,1992,133058720157.94,true
Heavily indebted poor countries (HIPC),HPC,1993,137974875225.51,true
Heavily indebted poor countries (HIPC),HPC,1994,116858509287.22,true
Heavily indebted poor countries (HIPC),HPC,1995,136471948148.08,true
Heavily indebted poor countries (HIPC),HPC,1996,148315268097.96,true
Heavily indebted poor countries (HIPC),HPC,1997,154577457887.30,true
Heavily indebted poor countries (HIPC),HPC,1998,163059826840.90,true
Heavily indebted poor countries (HIPC),HPC,1999,163833164869.18,true
Heavily indebted poor countries (HIPC),HPC,2000,177567717258.14,true
Heavily indebted poor countries (HIPC),HPC,2001,172626762131.92,true
Heavily indebted poor countries (HIPC),HPC,2002,186798471425.64,true
Heavily indebted poor countries (HIPC),HPC,2003,211521311898.12,true
Heavily indebted poor countries (HIPC),HPC,2004,243387232295.46,true
Heavily indebted poor countries (HIPC),HPC,2005,279221096803.81,true
Heavily indebted poor countries (HIPC),HPC,2006,329711051193.59,true
Heavily indebted poor countries (HIPC),HPC,2007,394093813152.22,true
Heavily indebted poor countries (HIPC),HPC,2008,469266243001.11,true
Heavily indebted poor countries (HIPC),HPC,2009,474595462541.24,true
Heavily indebted poor countries (HIPC),HPC,2010,524405539450.42,true
Heavily indebted poor countries (HIPC),HPC,2011,588453270331.31,true
Heavily indebted poor countries (HIPC),HPC,2012,609295540296.69,true
Heavily indebted poor countries (HIPC),HPC,2013,677647202698.72,true
Heavily indebted poor countries (HIPC),HPC,2014,719693866273.25,true
Heavily indebted poor countries (HIPC),HPC,2015,698814203077.25,true
Heavily indebted poor countries (HIPC),HPC,2016,731974952060.25,true
Heavily indebted poor countries (HIPC),HPC,2017,809850137940.15,true
Heavily indebted poor countries (HIPC),HPC,2018,771241850302.93,true
Heavily indebted poor countries (HIPC),HPC,2019,799160667507.74,true
Heavily indebted poor countries (HIPC),HPC,2020,808664234946.38,true
Heavily indebted poor countries (HIPC),HPC,2021,898771753067.72,true
Heavily indebted poor countries (HIPC),HPC,2022,970109981803.94,true
Croatia,HRV,1995,22778305790.16,false
Croatia,HRV,1996,24147539209.85,false
Croatia,HRV,1997,24172608178.09,false
Croatia,HRV,1998,25885225293.62,false
Croatia,HRV,1999,23770159784.26,false
Croatia,HRV,2000,22128719418.44,false
Croatia,HRV,2001,23063323722.50,false
Croatia,HRV,2002,26757255951.78,false
Croatia,HRV,2003,35254833028.40,false
Croatia,HRV,2004,41855265955.29,false
Croatia,HRV,2005,45025328213.79,false
Croatia,HRV,2006,49532592592.88,false
Croatia,HRV,2007,59172904660.62,false
Croatia,HRV,2008,68342061762.00,false
Croatia,HRV,2009,61941466003.29,false
Croatia,HRV,2010,58693611581.16,false
Croatia,HRV,2011,62599775593.22,false
Croatia,HRV,2012,57231455635.37,false
Croatia,HRV,2013,59363124068.58,false
Croatia,HRV,2014,59214461630.40,false
Croatia,HRV,2015,50742086222.91,false
Croatia,HRV,2016,52391038979.03,false
Croatia,HRV,2017,55937483557.93,false
Croatia,HRV,2018,61330483609.88,false
Croatia,HRV,2019,61329267533.13,false
Croatia,HRV,2020,57624938982.36,false
Croatia,HRV,2021,68843674641.21,false
Croatia,HRV,2022,70964606464.64,false
Haiti,HTI,1960,273187199.78,false
Haiti,HTI,1961,271065999.78,false
Haiti,HTI,1962,281896799.77,false
Haiti,HTI,1963,294883399.76,false
Haiti,HTI,1964,325281199.74,false
Haiti,HTI,1965,353251799.72,false
Haiti,HTI,1966,368948599.70,false
Haiti,HTI,1967,369124199.70,false
Haiti,HTI,1968,367968799.71,false
Haiti,HTI,1969,391820399.69,false
Haiti,HTI,1970,331199999.74,false
Haiti,HTI,1971,362799999.71,false
Haiti,HTI,1972,371998971.86,false
Haiti,HTI,1973,466798975.00,false
Haiti,HTI,1974,565399296.72,false
Haiti,HTI,1975,681400000.14,false
Haiti,HTI,1976,879000000.18,false
Haiti,HTI,1977,947000000.19,false
Haiti,HTI,1978,974200000.19,false
Haiti,HTI,1979,1080600000.22,false
Haiti,HTI,1980,1383800000.28,false
Haiti,HTI,1981,1479400000.30,false
Haiti,HTI,1982,1474200000.29,false
Haiti,HTI,1983,1623600000.32,false
Haiti,HTI,1984,1816200000.24,false
Haiti,HTI,1985,2009400000.00,false
Haiti,HTI,1986,2318000000.00,false
Haiti,HTI,1987,2047200000.00,false
Haiti,HTI,1988,2613926800.00,false
Haiti,HTI,1989,2736243800.00,false
Haiti,HTI,1990,3096289800.00,false
Haiti,HTI,1991,3473562850.28,false
Haiti,HTI,1992,2257129873.67,false
Haiti,HTI,1993,1878253818.08,false
Haiti,HTI,1994,2167569095.12,false
Haiti,HTI,1995,2813313278.81,false
Haiti,HTI,1996,2907517543.36,false
Haiti,HTI,1997,3338949151.60,false
Haiti,HTI,1998,3723903723.64,false
Haiti,HTI,1999,4153725966.89,false
Haiti,HTI,2000,6813565983.12,false
Haiti,HTI,2001,6331970412.89,false
Haiti,HTI,2002,6205847136.98,false
Haiti,HTI,2003,5071947797.98,false
Haiti,HTI,2004,6087360734.56,false
Haiti,HTI,2005,7030149790.93,false
Haiti,HTI,2006,7638739123.54,false
Haiti,HTI,2007,9228637766.24,false
Haiti,HTI,2008,10432962724.76,false
Haiti,HTI,2009,11597002929.80,false
Haiti,HTI,2010,11859312627.08,false
Haiti,HTI,2011,13008746038.89,false
Haiti,HTI,2012,13708925402.94,false
Haiti,HTI,2013,14902488489.05,false
Haiti,HTI,2014,15146883647.38,false
Haiti,HTI,2015,14849629407.95,false
Haiti,HTI,2016,14069277532.50,false
Haiti,HTI,2017,15093357143.42,false
Haiti,HTI,2018,16403864521.41,false
Haiti,HTI,2019,15016090929.87,false
Haiti,HTI,2020,14508222518.16,false
Haiti,HTI,2021,20877414952.12,false
Haiti,HTI,2022,20253551885.21,false
Hungary,HUN,1991,34753569692.92,false
Hungary,HUN,1992,38730585922.22,false
Hungary,HUN,1993,40124916940.59,false
Hungary,HUN,1994,43166678735.22,false
Hungary,HUN,1995,46425677734.14,false
Hungary,HUN,1996,46658765340.44,false
Hungary,HUN,1997,47296961369.10,false
Hungary,HUN,1998,48706794878.77,false
Hungary,HUN,1999,49073373275.94,false
Hungary,HUN,2000,47218411470.25,false
Hungary,HUN,2001,53749989092.02,false
Hungary,HUN,2002,67608919144.37,false
Hungary,HUN,2003,85285075491.89,false
Hungary,HUN,2004,104120803140.22,false
Hungary,HUN,2005,113211158292.94,false
Hungary,HUN,2006,115715618613.05,false
Hungary,HUN,2007,140186691233.53,false
Hungary,HUN,2008,158325583917.57,false
Hungary,HUN,2009,131069277212.64,false
Hungary,HUN,2010,132175349953.71,false
Hungary,HUN,2011,141942264554.48,false
Hungary,HUN,2012,128814279315.13,false
Hungary,HUN,2013,135684315697.71,false
Hungary,HUN,2014,141033843265.67,false
Hungary,HUN,2015,125174166987.37,false
Hungary,HUN,2016,128609822750.04,false
Hungary,HUN,2017,143112196040.33,false
Hungary,HUN,2018,160565642983.59,false
Hungary,HUN,2019,164020460331.66,false
Hungary,HUN,2020,157227094449.07,false
Hungary,HUN,2021,182275444031.79,false
Hungary,HUN,2022,178788572067.59,false
IBRD only,IBD,1960,312847710618.94,true
IBRD only,IBD,1961,309558648106.40,true
IBRD only,IBD,1962,317296811852.14,true
IBRD only,IBD,1963,340355731341.58,true
IBRD only,IBD,1964,385694861547.25,true
IBRD only,IBD,1965,422949538284.63,true
IBRD only,IBD,1966,436648397312.29,true
IBRD only,IBD,1967,448215720989.05,true
IBRD only,IBD,1968,473404257947.56,true
IBRD only,IBD,1969,528433899524.90,true
IBRD only,IBD,1970,574979364132.60,true
IBRD only,IBD,1971,627486667752.12,true
IBRD only,IBD,1972,706116891008.86,true
IBRD only,IBD,1973,914768346940.20,true
IBRD only,IBD,1974,1152536835908.17,true
IBRD only,IBD,1975,1244887902983.41,true
IBRD only,IBD,1976,1348869508762.09,true
IBRD only,IBD,1977,1527707387232.10,true
IBRD only,IBD,1978,1691716799777.71,true
IBRD only,IBD,1979,1970758429473.45,true
IBRD only,IBD,1980,2333234306398.29,true
IBRD only,IBD,1981,2516418067586.11,true
IBRD only,IBD,1982,2491063028144.27,true
IBRD only,IBD,1983,2452321862781.73,true
IBRD only,IBD,1984,2545964829024.57,true
IBRD only,IBD,1985,2642524425526.32,true
IBRD only,IBD,1986,2755085729092.69,true
IBRD only,IBD,1987,2836707800974.45,true
IBRD only,IBD,1988,3037192192086.19,true
IBRD only,IBD,1989,3164104713185.12,true
IBRD only,IBD,1990,3638437908431.40,true
IBRD only,IBD,1991,3517602600753.95,true
IBRD only,IBD,1992,3701861762943.06,true
IBRD only,IBD,1993,3977963109219.55,true
IBRD only,IBD,1994,4332708771702.49,true
IBRD only,IBD,1995,4897137935207.43,true
IBRD only,IBD,1996,5348738916926.96,true
IBRD only,IBD,1997,5671483037214.01,true
IBRD only,IBD,1998,5510045621255.46,true
IBRD only,IBD,1999,5366064673362.04,true
IBRD only,IBD,2000,5839436714264.72,true
IBRD only,IBD,2001,5911673645506.48,true
IBRD only,IBD,2002,6001266668417.30,true
IBRD only,IBD,2003,6747932625643.08,true
IBRD only,IBD,2004,8043519579051.21,true
IBRD only,IBD,2005,9615796081224.46,true
IBRD only,IBD,2006,11403941454978.90,true
IBRD only,IBD,2007,14166070736983.50,true
IBRD only,IBD,2008,17000231113774.30,true
IBRD only,IBD,2009,16487865779437.70,true
IBRD only,IBD,2010,20048166862477.20,true
IBRD only,IBD,2011,23739490220163.10,true
IBRD only,IBD,2012,25231185297161.30,true
IBRD only,IBD,2013,26621251796118.40,true
IBRD only,IBD,2014,27519521640517.50,true
IBRD only,IBD,2015,25774291128877.20,true
IBRD only,IBD,2016,25972093023068.70,true
IBRD only,IBD,2017,28689022224808.50,true
IBRD only,IBD,2018,30520147708890.00,true
IBRD only,IBD,2019,31181885466267.40,true
IBRD only,IBD,2020,30036645646514.10,true
IBRD only,IBD,2021,35615582809273.00,true
IBRD only,IBD,2022,37635709395799.70,true
IDA & IBRD total,IBT,1960,351271390107.74,true
IDA & IBRD total,IBT,1961,350792507441.11,true
IDA & IBRD total,IBT,1962,362178039570.06,true
IDA & IBRD total,IBT,1963,390673356818.89,true
IDA & IBRD total,IBT,1964,433787465166.34,true
IDA & IBRD total,IBT,1965,477570690087.13,true
IDA & IBRD total,IBT,1966,496238221381.39,true
IDA & IBRD total,IBT,1967,508218462962.17,true
IDA & IBRD total,IBT,1968,536462477460.48,true
IDA & IBRD total,IBT,1969,599235406692.59,true
IDA & IBRD total,IBT,1970,657852694284.39,true
IDA & IBRD total,IBT,1971,709722967090.34,true
IDA & IBRD total,IBT,1972,791160280563.65,true
IDA & IBRD total,IBT,1973,1011675036369.35,true
IDA & IBRD total,IBT,1974,1282877331903.41,true
IDA & IBRD total,IBT,1975,1402503928502.24,true
IDA & IBRD total,IBT,1976,1511505065576.24,true
IDA & IBRD total,IBT,1977,1704528242516.28,true
IDA & IBRD total,IBT,1978,1892704345565.30,true
IDA & IBRD total,IBT,1979,2204254696266.55,true
IDA & IBRD total,IBT,1980,2612608601648.54,true
IDA & IBRD total,IBT,1981,2938958646106.94,true
IDA & IBRD total,IBT,1982,2886738091442.27,true
IDA & IBRD total,IBT,1983,2779448084203.33,true
IDA & IBRD total,IBT,1984,2845219285275.32,true
IDA & IBRD total,IBT,1985,2947286345770.02,true
IDA & IBRD total,IBT,1986,3062487003592.80,true
IDA & IBRD total,IBT,1987,3170194994177.58,true
IDA & IBRD total,IBT,1988,3364776021250.51,true
IDA & IBRD total,IBT,1989,3496626582886.94,true
IDA & IBRD total,IBT,1990,4017383514929.53,true
IDA & IBRD total,IBT,1991,3915793184881.12,true
IDA & IBRD total,IBT,1992,4063636192649.12,true
IDA & IBRD total,IBT,1993,4330925467103.73,true
IDA & IBRD total,IBT,1994,4685118960920.84,true
IDA & IBRD total,IBT,1995,5303331574441.83,true
IDA & IBRD total,IBT,1996,5805057320128.41,true
IDA & IBRD total,IBT,1997,6147194034003.19,true
IDA & IBRD total,IBT,1998,5994914072573.23,true
IDA & IBRD total,IBT,1999,5864975962199.99,true
IDA & IBRD total,IBT,2000,6392236773484.94,true
IDA & IBRD total,IBT,2001,6467058819404.00,true
IDA & IBRD total,IBT,2002,6597179645796.56,true
IDA & IBRD total,IBT,2003,7411818808331.16,true
IDA & IBRD total,IBT,2004,8822574687641.80,true
IDA & IBRD total,IBT,2005,10526961170664.00,true
IDA & IBRD total,IBT,2006,12493276098307.40,true
IDA & IBRD total,IBT,2007,15440043749348.00,true
IDA & IBRD total,IBT,2008,18521254921505.90,true
IDA & IBRD total,IBT,2009,18003100309250.70,true
IDA & IBRD total,IBT,2010,21798451915412.30,true
IDA & IBRD total,IBT,2011,25521665780816.40,true
IDA & IBRD total,IBT,2012,27106356951918.20,true
IDA & IBRD total,IBT,2013,28659297586380.90,true
IDA & IBRD total,IBT,2014,29716965776742.90,true
IDA & IBRD total,IBT,2015,27922343491136.90,true
IDA & IBRD total,IBT,2016,28162575334751.80,true
IDA & IBRD total,IBT,2017,30978325716193.10,true
IDA & IBRD total,IBT,2018,32893629417407.60,true
IDA & IBRD total,IBT,2019,33639428774236.20,true
IDA & IBRD total,IBT,2020,32450856363672.70,true
IDA & IBRD total,IBT,2021,38246179203967.40,true
IDA & IBRD total,IBT,2022,40448776490634.50,true
IDA total,IDA,1960,38320022083.14,true
IDA total,IDA,1961,40400043936.41,true
IDA total,IDA,1962,43393750351.95,true
IDA total,IDA,1963,48370130958.80,true
IDA total,IDA,1964,47330394529.87,true
IDA total,IDA,1965,53468536046.25,true
IDA total,IDA,1966,57924073847.91,true
IDA total,IDA,1967,58466985789.62,true
IDA total,IDA,1968,61480692436.86,true
IDA total,IDA,1969,68985085298.84,true
IDA total,IDA,1970,80115065650.17,true
IDA total,IDA,1971,80333811803.58,true
IDA total,IDA,1972,83918830280.86,true
IDA total,IDA,1973,97248051627.35,true
IDA total,IDA,1974,129652908582.85,true
IDA total,IDA,1975,154660739085.55,true
IDA total,IDA,1976,160505749714.26,true
IDA total,IDA,1977,175375816534.45,true
IDA total,IDA,1978,198704575513.17,true
IDA total,IDA,1979,230921468554.14,true
IDA total,IDA,1980,275938398374.97,true
IDA total,IDA,1981,403363550594.80,true
IDA total,IDA,1982,379740257647.27,true
IDA total,IDA,1983,319870919535.74,true
IDA total,IDA,1984,297176525826.32,true
IDA total,IDA,1985,303420381551.11,true
IDA total,IDA,1986,307389061412.18,true
IDA total,IDA,1987,331097179326.62,true
IDA total,IDA,1988,328077583890.66,true
IDA total,IDA,1989,332445061090.59,true
IDA total,IDA,1990,378625893677.56,true
IDA total,IDA,1991,398382717615.29,true
IDA total,IDA,1992,361568265924.17,true
IDA total,IDA,1993,352530368672.37,true
IDA total,IDA,1994,351486400435.63,true
IDA total,IDA,1995,405263109955.89,true
IDA total,IDA,1996,455586035969.38,true
IDA total,IDA,1997,474751908908.99,true
IDA total,IDA,1998,484445538274.86,true
IDA total,IDA,1999,499098297624.17,true
IDA total,IDA,2000,553224994016.66,true
IDA total,IDA,2001,555728370769.76,true
IDA total,IDA,2002,596913956893.64,true
IDA total,IDA,2003,664923940273.58,true
IDA total,IDA,2004,780117195842.13,true
IDA total,IDA,2005,912147805680.73,true
IDA total,IDA,2006,1090624298175.40,true
IDA total,IDA,2007,1274448228707.58,true
IDA total,IDA,2008,1521482725374.42,true
IDA total,IDA,2009,1515763269136.51,true
IDA total,IDA,2010,1750735521057.77,true
IDA total,IDA,2011,1782101859063.55,true
IDA total,IDA,2012,1875053620989.96,true
IDA total,IDA,2013,2038045790262.45,true
IDA total,IDA,2014,2197444136225.37,true
IDA total,IDA,2015,2146720272494.66,true
IDA total,IDA,2016,2188895718882.44,true
IDA total,IDA,2017,2288777969587.38,true
IDA total,IDA,2018,2373505833478.72,true
IDA total,IDA,2019,2457261018776.69,true
IDA total,IDA,2020,2413496959520.84,true
IDA total,IDA,2021,2630947161900.70,true
IDA total,IDA,2022,2813266144561.78,true
IDA blend,IDB,1960,12063716103.75,true
IDA blend,IDB,1961,12910262578.40,true
IDA blend,IDB,1962,13806159755.92,true
IDA blend,IDB,1963,14612004567.72,true
IDA blend,IDB,1964,15945614583.76,true
IDA blend,IDB,1965,17314264918.66,true
IDA blend,IDB,1966,18833729124.98,true
IDA blend,IDB,1967,18930485110.74,true
IDA blend,IDB,1968,19982447045.26,true
IDA blend,IDB,1969,22860809160.26,true
IDA blend,IDB,1970,31424774715.25,true
IDA blend,IDB,1971,29185227706.10,true
IDA blend,IDB,1972,32770575917.46,true
IDA blend,IDB,1973,34960184147.20,true
IDA blend,IDB,1974,50396527690.39,true
IDA blend,IDB,1975,57971333194.15,true
IDA blend,IDB,1976,69959421026.52,true
IDA blend,IDB,1977,73756383699.64,true
IDA blend,IDB,1978,80183338760.43,true
IDA blend,IDB,1979,98426900974.47,true
IDA blend,IDB,1980,126262885823.12,true
IDA blend,IDB,1981,243040674356.81,true
IDA blend,IDB,1982,222134599186.92,true
IDA blend,IDB,1983,168564486625.03,true
IDA blend,IDB,1984,144656607095.24,true
IDA blend,IDB,1985,145317223261.03,true
IDA blend,IDB,1986,131018133500.05,true
IDA blend,IDB,1987,134041262796.61,true
IDA blend,IDB,1988,137620710028.01,true
IDA blend,IDB,1989,132645444778.80,true
IDA blend,IDB,1990,146299168037.11,true
IDA blend,IDB,1991,146920446197.13,true
IDA blend,IDB,1992,147612421861.86,true
IDA blend,IDB,1993,132706122125.02,true
IDA blend,IDB,1994,133300725340.59,true
IDA blend,IDB,1995,156253994796.22,true
IDA blend,IDB,1996,172449894064.99,true
IDA blend,IDB,1997,176072253065.30,true
IDA blend,IDB,1998,173821053311.18,true
IDA blend,IDB,1999,181554251968.96,true
IDA blend,IDB,2000,206736962646.80,true
IDA blend,IDB,2001,206419302736.93,true
IDA blend,IDB,2002,227772326360.29,true
IDA blend,IDB,2003,256311555309.28,true
IDA blend,IDB,2004,311522373743.73,true
IDA blend,IDB,2005,372742440249.27,true
IDA blend,IDB,2006,469295440463.00,true
IDA blend,IDB,2007,541264522565.24,true
IDA blend,IDB,2008,640036074397.38,true
IDA blend,IDB,2009,606965502107.91,true
IDA blend,IDB,2010,715590112082.90,true
IDA blend,IDB,2011,823906283238.82,true
IDA blend,IDB,2012,909186219114.42,true
IDA blend,IDB,2013,989607127321.84,true
IDA blend,IDB,2014,1076979908548.03,true
IDA blend,IDB,2015,1017844957897.42,true
IDA blend,IDB,2016,977321951410.73,true
IDA blend,IDB,2017,960023974850.29,true
IDA blend,IDB,2018,1048863296886.91,true
IDA blend,IDB,2019,1069700472074.97,true
IDA blend,IDB,2020,1002567723026.30,true
IDA blend,IDB,2021,1096038565477.42,true
IDA blend,IDB,2022,1173302850133.18,true
Indonesia,IDN,1967,5667756644.97,false
Indonesia,IDN,1968,7076465295.27,false
Indonesia,IDN,1969,8337423312.88,false
Indonesia,IDN,1970,9150684931.51,false
Indonesia,IDN,1971,9333536359.74,false
Indonesia,IDN,1972,10997590361.45,false
Indonesia,IDN,1973,16273253012.05,false
Indonesia,IDN,1974,25802409638.55,false
Indonesia,IDN,1975,30463855421.76,false
Indonesia,IDN,1976,37269156626.60,false
Indonesia,IDN,1977,45808915662.76,false
Indonesia,IDN,1978,51455719100.27,false
Indonesia,IDN,1979,51400186379.19,false
Indonesia,IDN,1980,72482337370.86,false
Indonesia,IDN,1981,85518233450.18,false
Indonesia,IDN,1982,90158449307.26,false
Indonesia,IDN,1983,81052283404.22,false
Indonesia,IDN,1984,84853699994.57,false
Indonesia,IDN,1985,85289488375.47,false
Indonesia,IDN,1986,79954072569.46,false
Indonesia,IDN,1987,75929617576.23,false
Indonesia,IDN,1988,84300174475.80,false
Indonesia,IDN,1989,94451427898.01,false
Indonesia,IDN,1990,106140727356.68,false
Indonesia,IDN,1991,116621996217.13,false
Indonesia,IDN,1992,128026966579.96,false
Indonesia,IDN,1993,158006700301.53,false
Indonesia,IDN,1994,176892143931.50,false
Indonesia,IDN,1995,202132028723.12,false
Indonesia,IDN,1996,227369679374.97,false
Indonesia,IDN,1997,215748998609.64,false
Indonesia,IDN,1998,95445547872.72,false
Indonesia,IDN,1999,140001351215.46,false
Indonesia,IDN,2000,165021012077.81,false
Indonesia,IDN,2001,160446947784.91,false
Indonesia,IDN,2002,195660611165.18,false
Indonesia,IDN,2003,234772463823.81,false
Indonesia,IDN,2004,256836875295.45,false
Indonesia,IDN,2005,285868619205.90,false
Indonesia,IDN,2006,364570515631.62,false
Indonesia,IDN,2007,432216737774.86,false
Indonesia,IDN,2008,510228634992.26,false
Indonesia,IDN,2009,539580085612.40,false
Indonesia,IDN,2010,755094157594.25,false
Indonesia,IDN,2011,892969104529.23,false
Indonesia,IDN,2012,917869913365.24,false
Indonesia,IDN,2013,912524136718.02,false
Indonesia,IDN,2014,890814755511.29,false
Indonesia,IDN,2015,860854232717.85,false
Indonesia,IDN,2016,931877364033.90,false
Indonesia,IDN,2017,1015618744168.15,false
Indonesia,IDN,2018,1042271532953.36,false
Indonesia,IDN,2019,1119099871386.16,false
Indonesia,IDN,2020,1059054842711.72,false
Indonesia,IDN,2021,1186505455720.81,false
Indonesia,IDN,2022,1319100220389.02,false
IDA only,IDX,1960,27105173973.40,true
IDA only,IDX,1961,28350259476.59,true
IDA only,IDX,1962,30520380944.14,true
IDA only,IDX,1963,34907257225.37,true
IDA only,IDX,1964,32277415320.98,true
IDA only,IDX,1965,37261044147.58,true
IDA only,IDX,1966,40278560200.51,true
IDA only,IDX,1967,40746948796.84,true
IDA only,IDX,1968,42761290418.35,true
IDA only,IDX,1969,47485002146.87,true
IDA only,IDX,1970,49639453168.51,true
IDA only,IDX,1971,52395188461.90,true
IDA only,IDX,1972,52164084218.75,true
IDA only,IDX,1973,63843359722.79,true
IDA only,IDX,1974,80855093444.04,true
IDA only,IDX,1975,98887800680.21,true
IDA only,IDX,1976,91502332691.86,true
IDA only,IDX,1977,103027185366.83,true
IDA only,IDX,1978,120580878439.35,true
IDA only,IDX,1979,134168317754.71,true
IDA only,IDX,1980,150499207820.67,true
IDA only,IDX,1981,154584364197.74,true
IDA only,IDX,1982,152771439194.23,true
IDA only,IDX,1983,148794901041.19,true
IDA only,IDX,1984,151191821040.20,true
IDA only,IDX,1985,156911943796.00,true
IDA only,IDX,1986,176286391575.49,true
IDA only,IDX,1987,197350220193.49,true
IDA only,IDX,1988,190498314175.03,true
IDA only,IDX,1989,199980515581.86,true
IDA only,IDX,1990,232630137929.56,true
IDA only,IDX,1991,252280312321.06,true
IDA only,IDX,1992,213915982271.23,true
IDA only,IDX,1993,220372522126.74,true
IDA only,IDX,1994,218693076613.19,true
IDA only,IDX,1995,249492463233.91,true
IDA only,IDX,1996,283806954525.86,true
IDA only,IDX,1997,299523051689.68,true
IDA only,IDX,1998,311717453836.69,true
IDA only,IDX,1999,318571678845.32,true
IDA only,IDX,2000,347408785784.60,true
IDA only,IDX,2001,350282700042.76,true
IDA only,IDX,2002,369953470614.08,true
IDA only,IDX,2003,409445511985.28,true
IDA only,IDX,2004,469274900285.05,true
IDA only,IDX,2005,539966731327.01,true
IDA only,IDX,2006,621350084131.20,true
IDA only,IDX,2007,733404724665.70,true
IDA only,IDX,2008,881879617320.98,true
IDA only,IDX,2009,909363560234.38,true
IDA only,IDX,2010,1035735186761.63,true
IDA only,IDX,2011,958377202447.04,true
IDA only,IDX,2012,965873002611.25,true
IDA only,IDX,2013,1048438662940.60,true
IDA only,IDX,2014,1120464227677.34,true
IDA only,IDX,2015,1128875314597.24,true
IDA only,IDX,2016,1211573767471.71,true
IDA only,IDX,2017,1328753994737.09,true
IDA only,IDX,2018,1324642536591.81,true
IDA only,IDX,2019,1387560546701.72,true
IDA only,IDX,2020,1410929236494.53,true
IDA only,IDX,2021,1534883548261.97,true
IDA only,IDX,2022,1639926057562.36,true
Isle of Man,IMN,1995,914762873.69,false
Isle of Man,IMN,1996,1023005862.78,false
Isle of Man,IMN,1997,1180968165.41,false
Isle of Man,IMN,1998,1382605389.32,false
Isle of Man,IMN,1999,1567402513.70,false
Isle of Man,IMN,2000,1563667799.62,false
Isle of Man,IMN,2001,1659131243.74,false
Isle of Man,IMN,2002,1947332921.75,false
Isle of Man,IMN,2003,2328658227.85,false
Isle of Man,IMN,2004,2822358473.17,false
Isle of Man,IMN,2005,3032409189.12,false
Isle of Man,IMN,2006,3422735301.69,false
Isle of Man,IMN,2007,4466353634.83,false
Isle of Man,IMN,2008,5928788780.55,false
Isle of Man,IMN,2009,5486918994.79,false
Isle of Man,IMN,2010,5920366628.33,false
Isle of Man,IMN,2011,6565668780.73,false
Isle of Man,IMN,2012,6690228489.43,false
Isle of Man,IMN,2013,7001180245.79,false
Isle of Man,IMN,2014,7708459145.00,false
Isle of Man,IMN,2015,7084795708.27,false
Isle of Man,IMN,2016,6846373276.62,false
Isle of Man,IMN,2017,6979791187.09,false
Isle of Man,IMN,2018,7491654051.08,false
Isle of Man,IMN,2019,7314966839.11,false
Isle of Man,IMN,2020,6684229268.53,false
India,IND,1960,37029883846.93,false
India,IND,1961,39232435753.04,false
India,IND,1962,42161481824.77,false
India,IND,1963,48421923420.87,false
India,IND,1964,56480289896.37,false
India,IND,1965,59554854575.81,false
India,IND,1966,45865462034.29,false
India,IND,1967,50134942160.55,false
India,IND,1968,53085455824.66,false
India,IND,1969,58447994966.68,false
India,IND,1970,62422483000.57,false
India,IND,1971,67351407965.13,false
India,IND,1972,71463193831.01,false
India,IND,1973,85515269585.40,false
India,IND,1974,99525899116.05,false
India,IND,1975,98472796456.88,false
India,IND,1976,102717164466.40,false
India,IND,1977,121486645611.52,false
India,IND,1978,137300295313.30,false
India,IND,1979,152991653793.77,false
India,IND,1980,186325345086.66,false
India,IND,1981,193491373249.40,false
India,IND,1982,200715633588.79,false
India,IND,1983,218262154670.61,false
India,IND,1984,212157639237.20,false
India,IND,1985,232511561180.06,false
India,IND,1986,248985994042.21,false
India,IND,1987,279033584092.22,false
India,IND,1988,296589677725.07,false
India,IND,1989,296042058867.01,false
India,IND,1990,320979026420.03,false
India,IND,1991,270105341879.23,false
India,IND,1992,288208066640.58,false
India,IND,1993,279295644530.09,false
India,IND,1994,327275583539.56,false
India,IND,1995,360281907854.99,false
India,IND,1996,392896860670.88,false
India,IND,1997,415867567334.18,false
India,IND,1998,421351318896.87,false
India,IND,1999,458820417337.81,false
India,IND,2000,468394937262.37,false
India,IND,2001,485441014538.64,false
India,IND,2002,514937948870.08,false
India,IND,2003,607699285433.87,false
India,IND,2004,709148514804.66,false
India,IND,2005,820381595512.90,false
India,IND,2006,940259888792.14,false
India,IND,2007,1216736448906.29,false
India,IND,2008,1198895147694.77,false
India,IND,2009,1341888016988.57,false
India,IND,2010,1675615502766.20,false
India,IND,2011,1823051829894.55,false
India,IND,2012,1827637579584.79,false
India,IND,2013,1856721494834.64,false
India,IND,2014,2039126469963.35,false
India,IND,2015,2103588347241.77,false
India,IND,2016,2294796889945.04,false
India,IND,2017,2651474263257.15,false
India,IND,2018,2702929639861.50,false
India,IND,2019,2835606242052.48,false
India,IND,2020,2671595389575.70,false
India,IND,2021,3150306834279.65,false
India,IND,2022,3385089881935.39,false
Ireland,IRL,1960,1939329775.44,false
Ireland,IRL,1961,2088012282.36,false
Ireland,IRL,1962,2260349684.09,false
Ireland,IRL,1963,2430843768.45,false
Ireland,IRL,1964,2766608945.87,false
Ireland,IRL,1965,2945704143.00,false
Ireland,IRL,1966,3104034393.23,false
Ireland,IRL,1967,3343636773.37,false
Ireland,IRL,1968,3278584478.33,false
Ireland,IRL,1969,3787077343.73,false
Ireland,IRL,1970,4395995086.00,false
Ireland,IRL,1971,5098250287.47,false
Ireland,IRL,1972,6318060582.22,false
Ireland,IRL,1973,7481173065.79,false
Ireland,IRL,1974,7896860614.99,false
Ireland,IRL,1975,9483808362.37,false
Ireland,IRL,1976,9453756014.72,false
Ireland,IRL,1977,11248340431.38,false
Ireland,IRL,1978,14647996073.69,false
Ireland,IRL,1979,18319334300.45,false
Ireland,IRL,1980,21747855640.07,false
Ireland,IRL,1981,20670190138.17,false
Ireland,IRL,1982,21474752962.22,false
Ireland,IRL,1983,20766047763.53,false
Ireland,IRL,1984,20106648454.84,false
Ireland,IRL,1985,21270013325.56,false
Ireland,IRL,1986,28714571852.48,false
Ireland,IRL,1987,33920518492.51,false
Ireland,IRL,1988,37772896220.76,false
Ireland,IRL,1989,39238392677.75,false
Ireland,IRL,1990,49305632408.49,false
Ireland,IRL,1991,49787501584.48,false
Ireland,IRL,1992,55918538121.40,false
Ireland,IRL,1993,52417477613.68,false
Ireland,IRL,1994,57097656065.96,false
Ireland,IRL,1995,69139823232.32,false
Ireland,IRL,1996,75790786290.32,false
Ireland,IRL,1997,82856648758.36,false
Ireland,IRL,1998,90199410115.51,false
Ireland,IRL,1999,98893958262.64,false
Ireland,IRL,2000,100207610429.91,false
Ireland,IRL,2001,109346669229.70,false
Ireland,IRL,2002,128596035288.40,false
Ireland,IRL,2003,164670771259.60,false
Ireland,IRL,2004,194372115041.06,false
Ireland,IRL,2005,211876989655.91,false
Ireland,IRL,2006,232180617162.28,false
Ireland,IRL,2007,270079279419.50,false
Ireland,IRL,2008,275447471451.06,false
Ireland,IRL,2009,236443115853.70,false
Ireland,IRL,2010,221913560882.37,false
Ireland,IRL,2011,239003132208.13,false
Ireland,IRL,2012,225628699652.99,false
Ireland,IRL,2013,238340859896.94,false
Ireland,IRL,2014,259170903647.53,false
Ireland,IRL,2015,291775166506.89,false
Ireland,IRL,2016,299091127524.51,false
Ireland,IRL,2017,336377500160.55,false
Ireland,IRL,2018,385736680797.11,false
Ireland,IRL,2019,399321701632.42,false
Ireland,IRL,2020,425852281928.11,false
Ireland,IRL,2021,504182603275.54,false
Ireland,IRL,2022,529244870222.76,false
"Iran, Islamic Rep.",IRN,1960,4199134385.70,false
"Iran, Islamic Rep.",IRN,1961,4426949090.41,false
"Iran, Islamic Rep.",IRN,1962,4693566411.79,false
"Iran, Islamic Rep.",IRN,1963,4928628013.46,false
"Iran, Islamic Rep.",IRN,1964,5379845642.32,false
"Iran, Islamic Rep.",IRN,1965,6197319922.84,false
"Iran, Islamic Rep.",IRN,1966,6789938664.96,false
"Iran, Islamic Rep.",IRN,1967,7555383682.60,false
"Iran, Islamic Rep.",IRN,1968,8623172951.27,false
"Iran, Islamic Rep.",IRN,1969,9743089597.75,false
"Iran, Islamic Rep.",IRN,1970,10976245142.61,false
"Iran, Islamic Rep.",IRN,1971,13731802908.42,false
"Iran, Islamic Rep.",IRN,1972,17153463263.11,false
"Iran, Islamic Rep.",IRN,1973,27081698249.51,false
"Iran, Islamic Rep.",IRN,1974,46209092072.14,false
"Iran, Islamic Rep.",IRN,1975,51776222349.89,false
"Iran, Islamic Rep.",IRN,1976,68055295080.75,false
"Iran, Islamic Rep.",IRN,1977,80600122701.96,false
"Iran, Islamic Rep.",IRN,1978,77994316621.48,false
"Iran, Islamic Rep.",IRN,1979,90391877325.93,false
"Iran, Islamic Rep.",IRN,1980,94362275580.02,false
"Iran, Islamic Rep.",IRN,1981,100499312749.92,false
"Iran, Islamic Rep.",IRN,1982,125948756439.48,false
"Iran, Islamic Rep.",IRN,1983,156365156618.24,false
"Iran, Islamic Rep.",IRN,1984,162276728619.52,false
"Iran, Islamic Rep.",IRN,1985,180183629599.68,false
"Iran, Islamic Rep.",IRN,1986,209094561833.48,false
"Iran, Islamic Rep.",IRN,1987,134009995923.17,false
"Iran, Islamic Rep.",IRN,1988,123057861333.91,false
"Iran, Islamic Rep.",IRN,1989,120496362916.27,false
"Iran, Islamic Rep.",IRN,1990,124813263926.22,false
"Iran, Islamic Rep.",IRN,1993,63743623232.01,false
"Iran, Islamic Rep.",IRN,1994,71841461172.60,false
"Iran, Islamic Rep.",IRN,1995,96419225743.67,false
"Iran, Islamic Rep.",IRN,1996,120403931885.44,false
"Iran, Islamic Rep.",IRN,1997,113919163421.16,false
"Iran, Islamic Rep.",IRN,1998,110276913362.51,false
"Iran, Islamic Rep.",IRN,1999,113848450088.35,false
"Iran, Islamic Rep.",IRN,2000,109591707802.22,false
"Iran, Islamic Rep.",IRN,2001,126878750295.94,false
"Iran, Islamic Rep.",IRN,2002,128626917503.72,false
"Iran, Islamic Rep.",IRN,2003,153544751395.43,false
"Iran, Islamic Rep.",IRN,2004,190043433964.84,false
"Iran, Islamic Rep.",IRN,2005,226452138291.54,false
"Iran, Islamic Rep.",IRN,2006,266298911661.14,false
"Iran, Islamic Rep.",IRN,2007,349881601458.56,false
"Iran, Islamic Rep.",IRN,2008,412336172446.85,false
"Iran, Islamic Rep.",IRN,2009,416397025729.36,false
"Iran, Islamic Rep.",IRN,2010,486807616896.70,false
"Iran, Islamic Rep.",IRN,2011,626133112211.11,false
"Iran, Islamic Rep.",IRN,2012,644035512198.99,false
"Iran, Islamic Rep.",IRN,2013,492775566435.18,false
"Iran, Islamic Rep.",IRN,2014,460382791488.63,false
"Iran, Islamic Rep.",IRN,2015,408212917871.72,false
"Iran, Islamic Rep.",IRN,2016,457954614595.24,false
"Iran, Islamic Rep.",IRN,2017,486630147094.69,false
"Iran, Islamic Rep.",IRN,2018,327900695065.85,false
"Iran, Islamic Rep.",IRN,2019,283649531542.63,false
"Iran, Islamic Rep.",IRN,2020,239735486745.70,false
"Iran, Islamic Rep.",IRN,2021,359096907772.98,false
"Iran, Islamic Rep.",IRN,2022,388544468139.73,false
Iraq,IRQ,1960,1683918769.46,false
Iraq,IRQ,1961,1831479830.70,false
Iraq,IRQ,1962,1954399501.76,false
Iraq,IRQ,1963,1978199492.28,false
Iraq,IRQ,1964,2340239348.12,false
Iraq,IRQ,1968,2896598846.57,false
Iraq,IRQ,1969,3007758802.31,false
Iraq,IRQ,1970,3281318693.38,false
Iraq,IRQ,1971,3865346534.65,false
Iraq,IRQ,1972,4113848002.40,false
Iraq,IRQ,1973,5134367778.14,false
Iraq,IRQ,1974,11516762614.29,false
Iraq,IRQ,1975,13458516762.61,false
Iraq,IRQ,1976,17754825601.08,false
Iraq,IRQ,1977,19838130714.53,false
Iraq,IRQ,1978,23762275651.88,false
Iraq,IRQ,1979,37816457839.49,false
Iraq,IRQ,1980,52569000000.00,false
Iraq,IRQ,1981,37823000000.00,false
Iraq,IRQ,1982,42382333333.33,false
Iraq,IRQ,1983,40712903225.81,false
Iraq,IRQ,1984,46938387096.77,false
Iraq,IRQ,1985,48425161290.32,false
Iraq,IRQ,1986,47264516129.03,false
Iraq,IRQ,1987,56774193548.39,false
Iraq,IRQ,1988,62684516129.03,false
Iraq,IRQ,1989,65831935483.87,false
Iraq,IRQ,1990,180408064516.13,false
Iraq,IRQ,1991,407796349.66,false
Iraq,IRQ,1992,553671957.67,false
Iraq,IRQ,1993,1031944881.13,false
Iraq,IRQ,1994,3991349282.76,false
Iraq,IRQ,1995,12894029888.11,false
Iraq,IRQ,1996,10433698621.34,false
Iraq,IRQ,1997,20764857056.38,false
Iraq,IRQ,1998,20617405044.24,false
Iraq,IRQ,1999,36881601583.82,false
Iraq,IRQ,2000,48364250943.91,false
Iraq,IRQ,2001,36176430128.81,false
Iraq,IRQ,2002,32928454672.42,false
Iraq,IRQ,2003,21921569478.82,false
Iraq,IRQ,2004,36627901762.06,false
Iraq,IRQ,2005,49954890353.26,false
Iraq,IRQ,2006,65140147197.12,false
Iraq,IRQ,2007,88837055195.26,false
Iraq,IRQ,2008,131614433712.24,false
Iraq,IRQ,2009,111657581662.35,false
Iraq,IRQ,2010,138516722649.57,false
Iraq,IRQ,2011,185749664444.44,false
Iraq,IRQ,2012,218002481737.69,false
Iraq,IRQ,2013,234637675128.64,false
Iraq,IRQ,2014,228415656174.96,false
Iraq,IRQ,2015,166774104911.48,false
Iraq,IRQ,2016,166602488747.88,false
Iraq,IRQ,2017,187217660050.68,false
Iraq,IRQ,2018,227367469034.03,false
Iraq,IRQ,2019,233636097800.34,false
Iraq,IRQ,2020,180924091442.95,false
Iraq,IRQ,2021,207691599310.34,false
Iraq,IRQ,2022,264182173793.10,false
Iceland,ISL,1960,248434274.50,false
Iceland,ISL,1961,253885451.99,false
Iceland,ISL,1962,284916520.95,false
Iceland,ISL,1963,340061655.83,false
Iceland,ISL,1964,434267944.21,false
Iceland,ISL,1965,523694958.17,false
Iceland,ISL,1966,628893320.97,false
Iceland,ISL,1967,621225998.64,false
Iceland,ISL,1968,474399519.59,false
Iceland,ISL,1969,414709309.11,false
Iceland,ISL,1970,526704545.47,false
Iceland,ISL,1971,670251136.45,false
Iceland,ISL,1972,839648790.67,false
Iceland,ISL,1973,1154386886.40,false
Iceland,ISL,1974,1515165330.16,false
Iceland,ISL,1975,1406875081.33,false
Iceland,ISL,1976,1669473116.29,false
Iceland,ISL,1977,2208509076.64,false
Iceland,ISL,1978,2511818475.63,false
Iceland,ISL,1979,2853435054.34,false
Iceland,ISL,1980,3381389884.81,false
Iceland,ISL,1981,3493005069.11,false
Iceland,ISL,1982,3206617990.90,false
Iceland,ISL,1983,2765954047.09,false
Iceland,ISL,1984,2864437621.66,false
Iceland,ISL,1985,2984054752.94,false
Iceland,ISL,1986,3989626783.50,false
Iceland,ISL,1987,5520320783.44,false
Iceland,ISL,1988,6106638182.39,false
Iceland,ISL,1989,5672570277.79,false
Iceland,ISL,1990,6468739130.23,false
Iceland,ISL,1991,6909725408.11,false
Iceland,ISL,1992,7080977636.42,false
Iceland,ISL,1993,6218583218.06,false
Iceland,ISL,1994,6389462322.05,false
Iceland,ISL,1995,7123637088.75,false
Iceland,ISL,1996,7426082270.68,false
Iceland,ISL,1997,7569673903.96,false
Iceland,ISL,1998,8503689103.93,false
Iceland,ISL,1999,8982048417.31,false
Iceland,ISL,2000,9025660361.76,false
Iceland,ISL,2001,8234846522.85,false
Iceland,ISL,2002,9318398443.55,false
Iceland,ISL,2003,11429335645.27,false
Iceland,ISL,2004,13825309101.27,false
Iceland,ISL,2005,16852971986.56,false
Iceland,ISL,2006,17465318552.29,false
Iceland,ISL,2007,21652505596.75,false
Iceland,ISL,2008,18074619561.77,false
Iceland,ISL,2009,13154416196.75,false
Iceland,ISL,2010,13751161917.74,false
Iceland,ISL,2011,15221622925.93,false
Iceland,ISL,2012,14751508133.54,false
Iceland,ISL,2013,16125060515.31,false
Iceland,ISL,2014,17867662177.89,false
Iceland,ISL,2015,17517210519.09,false
Iceland,ISL,2016,20793168030.95,false
Iceland,ISL,2017,24728285177.46,false
Iceland,ISL,2018,26260850582.07,false
Iceland,ISL,2019,24663643101.96,false
Iceland,ISL,2020,21553080483.81,false
Iceland,ISL,2021,25552639899.07,false
Iceland,ISL,2022,27841648044.38,false
Israel,ISR,1960,2887228551.95,false
Israel,ISR,1961,3487229867.34,false
Israel,ISR,1962,2596557416.07,false
Israel,ISR,1963,2992339892.83,false
Israel,ISR,1964,3405340798.17,false
Israel,ISR,1965,3663341363.73,false
Israel,ISR,1966,3980008724.56,false
Israel,ISR,1967,3921089676.45,false
Israel,ISR,1968,3959151535.80,false
Israel,ISR,1969,4568010013.30,false
Israel,ISR,1995,104893245478.82,false
Israel,ISR,1996,114507654661.38,false
Israel,ISR,1997,118861100787.10,false
Israel,ISR,1998,120057482023.38,false
Israel,ISR,1999,120922450570.29,false
Israel,ISR,2000,136034659581.43,false
Israel,ISR,2001,134637422752.72,false
Israel,ISR,2002,125059962957.69,false
Israel,ISR,2003,131298954868.84,false
Israel,ISR,2004,139973668874.27,false
Israel,ISR,2005,147083996033.60,false
Israel,ISR,2006,158670160184.18,false
Israel,ISR,2007,184052885585.91,false
Israel,ISR,2008,220529762562.36,false
Israel,ISR,2009,211968128528.44,false
Israel,ISR,2010,238364092298.02,false
Israel,ISR,2011,266791854430.90,false
Israel,ISR,2012,262282344091.85,false
Israel,ISR,2013,297732778479.13,false
Israel,ISR,2014,314330061977.26,false
Israel,ISR,2015,303414276832.04,false
Israel,ISR,2016,322102790386.84,false
Israel,ISR,2017,358245427458.54,false
Israel,ISR,2018,376691526553.28,false
Israel,ISR,2019,402470513619.15,false
Israel,ISR,2020,413267669231.52,false
Israel,ISR,2021,488526545878.89,false
Israel,ISR,2022,522033446211.62,false
Italy,ITA,1960,40385288344.19,false
Italy,ITA,1961,44842760293.19,false
Italy,ITA,1962,50383891898.99,false
Italy,ITA,1963,57710743059.83,false
Italy,ITA,1964,63175417019.01,false
Italy,ITA,1965,67978153850.52,false
Italy,ITA,1966,73654870011.28,false
Italy,ITA,1967,81133120065.42,false
Italy,ITA,1968,87942231678.35,false
Italy,ITA,1969,97085082807.38,false
Italy,ITA,1970,113395315985.13,false
Italy,ITA,1971,124672365792.76,false
Italy,ITA,1972,145260039840.64,false
Italy,ITA,1973,175492055795.42,false
Italy,ITA,1974,199564489431.38,false
Italy,ITA,1975,227695851126.93,false
Italy,ITA,1976,224717278436.85,false
Italy,ITA,1977,257596313364.06,false
Italy,ITA,1978,315058323066.39,false
Italy,ITA,1979,393677161500.82,false
Italy,ITA,1980,477256775943.93,false
Italy,ITA,1981,430702851303.02,false
Italy,ITA,1982,427272645669.29,false
Italy,ITA,1983,443042373788.88,false
Italy,ITA,1984,437887689001.54,false
Italy,ITA,1985,452217492140.76,false
Italy,ITA,1986,640386352773.09,false
Italy,ITA,1987,805713128174.48,false
Italy,ITA,1988,891608957155.61,false
Italy,ITA,1989,928661332204.35,false
Italy,ITA,1990,1181222653522.95,false
Italy,ITA,1991,1246220156079.29,false
Italy,ITA,1992,1320161644933.23,false
Italy,ITA,1993,1064958075550.63,false
Italy,ITA,1994,1099216688280.50,false
Italy,ITA,1995,1174662070605.02,false
Italy,ITA,1996,1312426527795.21,false
Italy,ITA,1997,1241879604365.62,false
Italy,ITA,1998,1270052525928.40,false
Italy,ITA,1999,1252446659833.79,false
Italy,ITA,2000,1146676894209.73,false
Italy,ITA,2001,1168023426056.38,false
Italy,ITA,2002,1276769338449.30,false
Italy,ITA,2003,1577621707050.51,false
Italy,ITA,2004,1806542968545.56,false
Italy,ITA,2005,1858217147203.73,false
Italy,ITA,2006,1949551719389.64,false
Italy,ITA,2007,2213102482751.46,false
Italy,ITA,2008,2408655348718.59,false
Italy,ITA,2009,2199928804118.63,false
Italy,ITA,2010,2136099955236.72,false
Italy,ITA,2011,2294994296589.51,false
Italy,ITA,2012,2086957656821.60,false
Italy,ITA,2013,2141924094298.57,false
Italy,ITA,2014,2162009615996.51,false
Italy,ITA,2015,1836637711060.55,false
Italy,ITA,2016,1877071687633.83,false
Italy,ITA,2017,1961796197354.37,false
Italy,ITA,2018,2091932426266.94,false
Italy,ITA,2019,2011302198827.41,false
Italy,ITA,2020,1897210466667.52,false
Italy,ITA,2021,2114355756913.92,false
Italy,ITA,2022,2010431598465.38,false
Jamaica,JAM,1960,699064380.79,false
Jamaica,JAM,1961,748043501.23,false
Jamaica,JAM,1962,777727689.38,false
Jamaica,JAM,1963,826706669.81,false
Jamaica,JAM,1964,897949001.36,false
Jamaica,JAM,1965,972159611.72,false
Jamaica,JAM,1966,1096759561.95,false
Jamaica,JAM,1967,1148014311.55,false
Jamaica,JAM,1968,1083839133.15,false
Jamaica,JAM,1969,1191239404.62,false
Jamaica,JAM,1970,1404720442.17,false
Jamaica,JAM,1971,1539862278.33,false
Jamaica,JAM,1972,1875146587.44,false
Jamaica,JAM,1973,1905917553.19,false
Jamaica,JAM,1974,2375122375.12,false
Jamaica,JAM,1975,2860442750.44,false
Jamaica,JAM,1976,2966042856.04,false
Jamaica,JAM,1977,3249733139.73,false
Jamaica,JAM,1978,2644527198.26,false
Jamaica,JAM,1979,2425063771.91,false
Jamaica,JAM,1980,2679379373.02,false
Jamaica,JAM,1981,2979027968.13,false
Jamaica,JAM,1982,3293496313.78,false
Jamaica,JAM,1983,3619261342.79,false
Jamaica,JAM,1984,2373564449.31,false
Jamaica,JAM,1985,2100238892.94,false
Jamaica,JAM,1986,2754549414.35,false
Jamaica,JAM,1987,3287007521.26,false
Jamaica,JAM,1988,3828342704.10,false
Jamaica,JAM,1989,4404938108.99,false
Jamaica,JAM,1990,4592208086.69,false
Jamaica,JAM,1991,4106207649.06,false
Jamaica,JAM,1992,3535460089.81,false
Jamaica,JAM,1993,5440075675.74,false
Jamaica,JAM,1994,5452558892.10,false
Jamaica,JAM,1995,6577520705.21,false
Jamaica,JAM,1996,7393891854.41,false
Jamaica,JAM,1997,8400041802.64,false
Jamaica,JAM,1998,8787195622.44,false
Jamaica,JAM,1999,8887058073.24,false
Jamaica,JAM,2000,9005064474.93,false
Jamaica,JAM,2001,9194727831.07,false
Jamaica,JAM,2002,9719009561.76,false
Jamaica,JAM,2003,9430234851.62,false
Jamaica,JAM,2004,10174664853.95,false
Jamaica,JAM,2005,11243865787.81,false
Jamaica,JAM,2006,11930179173.42,false
Jamaica,JAM,2007,12799600075.04,false
Jamaica,JAM,2008,13709401443.50,false
Jamaica,JAM,2009,12120458140.94,false
Jamaica,JAM,2010,13220549858.20,false
Jamaica,JAM,2011,14444661488.13,false
Jamaica,JAM,2012,14807086490.85,false
Jamaica,JAM,2013,14264205123.69,false
Jamaica,JAM,2014,13899225339.69,false
Jamaica,JAM,2015,14188938780.50,false
Jamaica,JAM,2016,14077105502.92,false
Jamaica,JAM,2017,14808984880.58,false
Jamaica,JAM,2018,15730791525.65,false
Jamaica,JAM,2019,15830766372.27,false
Jamaica,JAM,2020,13812421859.40,false
Jamaica,JAM,2021,14657586359.38,false
Jamaica,JAM,2022,17097760745.21,false
Jordan,JOR,1965,599759761.18,false
Jordan,JOR,1966,657999737.98,false
Jordan,JOR,1967,631679748.47,false
Jordan,JOR,1968,561119776.56,false
Jordan,JOR,1969,698879721.71,false
Jordan,JOR,1970,639519745.34,false
Jordan,JOR,1971,678159730.01,false
Jordan,JOR,1972,788479129.83,false
Jordan,JOR,1973,943784219.01,false
Jordan,JOR,1974,1197485191.68,false
Jordan,JOR,1975,1363074922.83,false
Jordan,JOR,1976,1708519509.14,false
Jordan,JOR,1977,2096780731.21,false
Jordan,JOR,1978,2602208597.47,false
Jordan,JOR,1979,3271365160.73,false
Jordan,JOR,1980,3910044487.40,false
Jordan,JOR,1981,4383940293.71,false
Jordan,JOR,1982,4681245432.79,false
Jordan,JOR,1983,4920689945.73,false
Jordan,JOR,1984,4967162167.94,false
Jordan,JOR,1985,4993601523.59,false
Jordan,JOR,1986,6402053536.85,false
Jordan,JOR,1987,6756214752.91,false
Jordan,JOR,1988,6277443443.30,false
Jordan,JOR,1989,4221374898.29,false
Jordan,JOR,1990,4160089597.14,false
Jordan,JOR,1991,4344468256.72,false
Jordan,JOR,1992,5310830589.54,false
Jordan,JOR,1993,5606401570.32,false
Jordan,JOR,1994,6236295978.25,false
Jordan,JOR,1995,6727597031.96,false
Jordan,JOR,1996,6927503526.09,false
Jordan,JOR,1997,7245839210.16,false
Jordan,JOR,1998,7912270803.95,false
Jordan,JOR,1999,8149929478.14,false
Jordan,JOR,2000,8460789844.85,false
Jordan,JOR,2001,8975812449.11,false
Jordan,JOR,2002,9582512830.87,false
Jordan,JOR,2003,10195627644.57,false
Jordan,JOR,2004,11411706629.06,false
Jordan,JOR,2005,12588998589.56,false
Jordan,JOR,2006,15056981664.32,false
Jordan,JOR,2007,17110442866.62,false
Jordan,JOR,2008,22658730357.24,false
Jordan,JOR,2009,24537876056.34,false
Jordan,JOR,2010,27133804225.35,false
Jordan,JOR,2011,29524149154.93,false
Jordan,JOR,2012,31634561690.14,false
Jordan,JOR,2013,34454440140.85,false
Jordan,JOR,2014,36847643521.13,false
Jordan,JOR,2015,38587017887.32,false
Jordan,JOR,2016,39892551126.76,false
Jordan,JOR,2017,41608435915.49,false
Jordan,JOR,2018,43370860704.23,false
Jordan,JOR,2019,44503005774.65,false
Jordan,JOR,2020,43579916197.18,false
Jordan,JOR,2021,45116317042.25,false
Jordan,JOR,2022,47451499859.15,false
Japan,JPN,1960,44307342906.22,false
Japan,JPN,1961,53508617686.02,false
Japan,JPN,1962,60723018623.18,false
Japan,JPN,1963,69498131728.03,false
Japan,JPN,1964,81749006299.99,false
Japan,JPN,1965,90950278167.08,false
Japan,JPN,1966,105628070237.78,false
Japan,JPN,1967,123781880094.16,false
Japan,JPN,1968,146601072539.32,false
Japan,JPN,1969,172204199309.16,false
Japan,JPN,1970,212609187707.43,false
Japan,JPN,1971,240151811888.74,false
Japan,JPN,1972,318031297493.40,false
Japan,JPN,1973,432082723461.10,false
Japan,JPN,1974,479625998614.64,false
Japan,JPN,1975,521541905674.72,false
Japan,JPN,1976,586161859001.32,false
Japan,JPN,1977,721411786538.61,false
Japan,JPN,1978,1013612334075.20,false
Japan,JPN,1979,1055012119529.54,false
Japan,JPN,1980,1105385811262.73,false
Japan,JPN,1981,1218988750886.49,false
Japan,JPN,1982,1134518153718.18,false
Japan,JPN,1983,1243323766554.87,false
Japan,JPN,1984,1318381627007.46,false
Japan,JPN,1985,1398892549340.87,false
Japan,JPN,1986,2078952922458.31,false
Japan,JPN,1987,2532808573157.03,false
Japan,JPN,1988,3071683812149.66,false
Japan,JPN,1989,3054913797217.03,false
Japan,JPN,1990,3132817652848.04,false
Japan,JPN,1991,3584420964070.07,false
Japan,JPN,1992,3908808434705.26,false
Japan,JPN,1993,4454144444407.90,false
Japan,JPN,1994,4998797262443.29,false
Japan,JPN,1995,5545564892181.15,false
Japan,JPN,1996,4923393495138.77,false
Japan,JPN,1997,4492449998031.88,false
Japan,JPN,1998,4098362688659.34,false
Japan,JPN,1999,4635982020564.97,false
Japan,JPN,2000,4968359152795.66,false
Japan,JPN,2001,4374709984220.01,false
Japan,JPN,2002,4182845406488.62,false
Japan,JPN,2003,4519563042183.73,false
Japan,JPN,2004,4893116005656.56,false
Japan,JPN,2005,4831466523975.98,false
Japan,JPN,2006,4601662661030.07,false
Japan,JPN,2007,4579749785984.82,false
Japan,JPN,2008,5106679413137.57,false
Japan,JPN,2009,5289493734900.39,false
Japan,JPN,2010,5759071769013.11,false
Japan,JPN,2011,6233147172341.35,false
Japan,JPN,2012,6272362996105.03,false
Japan,JPN,2013,5212328181166.18,false
Japan,JPN,2014,4896994405353.29,false
Japan,JPN,2015,4444930651964.18,false
Japan,JPN,2016,5003677627544.24,false
Japan,JPN,2017,4930837369151.42,false
Japan,JPN,2018,5040880939324.86,false
Japan,JPN,2019,5117993853016.51,false
Japan,JPN,2020,5048789595589.43,false
Japan,JPN,2021,5005536736792.29,false
Japan,JPN,2022,4231141201863.17,false
Kazakhstan,KAZ,1990,26932729102.74,false
Kazakhstan,KAZ,1991,24923076923.08,false
Kazakhstan,KAZ,1992,24917355371.90,false
Kazakhstan,KAZ,1993,23409260879.94,false
Kazakhstan,KAZ,1994,21250792886.11,false
Kazakhstan,KAZ,1995,20374302652.38,false
Kazakhstan,KAZ,1996,21035357832.70,false
Kazakhstan,KAZ,1997,22165932062.97,false
Kazakhstan,KAZ,1998,22135245413.14,false
Kazakhstan,KAZ,1999,16870817134.73,false
Kazakhstan,KAZ,2000,18291990619.14,false
Kazakhstan,KAZ,2001,22152689129.56,false
Kazakhstan,KAZ,2002,24636598581.02,false
Kazakhstan,KAZ,2003,30833692831.40,false
Kazakhstan,KAZ,2004,43151647002.61,false
Kazakhstan,KAZ,2005,57123671733.90,false
Kazakhstan,KAZ,2006,81003864915.54,false
Kazakhstan,KAZ,2007,104849915343.56,false
Kazakhstan,KAZ,2008,133441649221.73,false
Kazakhstan,KAZ,2009,115308687201.97,false
Kazakhstan,KAZ,2010,148047348240.64,false
Kazakhstan,KAZ,2011,192626464179.15,false
Kazakhstan,KAZ,2012,207998568865.79,false
Kazakhstan,KAZ,2013,236634603927.58,false
Kazakhstan,KAZ,2014,221415614007.35,false
Kazakhstan,KAZ,2015,184388404428.84,false
Kazakhstan,KAZ,2016,137278320084.17,false
Kazakhstan,KAZ,2017,166805788966.78,false
Kazakhstan,KAZ,2018,179339977517.06,false
Kazakhstan,KAZ,2019,181667185041.48,false
Kazakhstan,KAZ,2020,171082365723.33,false
Kazakhstan,KAZ,2021,197112255360.61,false
Kazakhstan,KAZ,2022,220623001966.69,false
Kenya,KEN,1960,791265458.81,false
Kenya,KEN,1961,792959472.13,false
Kenya,KEN,1962,868111400.01,false
Kenya,KEN,1963,926589348.57,false
Kenya,KEN,1964,998759333.64,false
Kenya,KEN,1965,997919319.97,false
Kenya,KEN,1966,1164519673.19,false
Kenya,KEN,1967,1232559505.92,false
Kenya,KEN,1968,1353295457.52,false
Kenya,KEN,1969,1458379415.39,false
Kenya,KEN,1970,1603447357.24,false
Kenya,KEN,1971,1778391289.20,false
Kenya,KEN,1972,2107279157.38,false
Kenya,KEN,1973,2509001444.16,false
Kenya,KEN,1974,2969958812.43,false
Kenya,KEN,1975,3259344935.75,false
Kenya,KEN,1976,3474542392.05,false
Kenya,KEN,1977,4494378855.32,false
Kenya,KEN,1978,5303734882.51,false
Kenya,KEN,1979,6234390975.30,false
Kenya,KEN,1980,7265315331.62,false
Kenya,KEN,1981,6854491453.91,false
Kenya,KEN,1982,6431579357.30,false
Kenya,KEN,1983,5979198463.82,false
Kenya,KEN,1984,6191437070.43,false
Kenya,KEN,1985,6135034338.30,false
Kenya,KEN,1986,7239126716.93,false
Kenya,KEN,1987,7970820530.77,false
Kenya,KEN,1988,8355380879.13,false
Kenya,KEN,1989,8283114648.38,false
Kenya,KEN,1990,8572359162.87,false
Kenya,KEN,1991,8151488881.97,false
Kenya,KEN,1992,8209120678.11,false
Kenya,KEN,1993,5751786609.50,false
Kenya,KEN,1994,7148148564.04,false
Kenya,KEN,1995,9046320196.77,false
Kenya,KEN,1996,12045865466.43,false
Kenya,KEN,1997,13115764432.72,false
Kenya,KEN,1998,14093998843.73,false
Kenya,KEN,1999,12896010520.50,false
Kenya,KEN,2000,12705350153.40,false
Kenya,KEN,2001,12986007425.88,false
Kenya,KEN,2002,13147736954.17,false
Kenya,KEN,2003,14904517649.85,false
Kenya,KEN,2004,16095337093.84,false
Kenya,KEN,2005,18737895400.78,false
Kenya,KEN,2006,25825512277.89,false
Kenya,KEN,2007,31958195182.24,false
Kenya,KEN,2008,35895153327.85,false
Kenya,KEN,2009,42347217912.92,false
Kenya,KEN,2010,45405615233.07,false
Kenya,KEN,2011,46869473165.89,false
Kenya,KEN,2012,56396704833.47,false
Kenya,KEN,2013,61671440480.69,false
Kenya,KEN,2014,68285796662.65,false
Kenya,KEN,2015,70120446663.63,false
Kenya,KEN,2016,74815143796.40,false
Kenya,KEN,2017,82036511258.83,false
Kenya,KEN,2018,92202979940.67,false
Kenya,KEN,2019,100378435824.18,false
Kenya,KEN,2020,100657505600.66,false
Kenya,KEN,2021,109703659312.87,false
Kenya,KEN,2022,113420008178.79,false
Kyrgyz Republic,KGZ,1990,2675000000.00,false
Kyrgyz Republic,KGZ,1991,2569444444.44,false
Kyrgyz Republic,KGZ,1992,2316562500.00,false
Kyrgyz Republic,KGZ,1993,2028295454.55,false
Kyrgyz Republic,KGZ,1994,1681006993.01,false
Kyrgyz Republic,KGZ,1995,1661018518.52,false
Kyrgyz Republic,KGZ,1996,1827570586.17,false
Kyrgyz Republic,KGZ,1997,1767864035.72,false
Kyrgyz Republic,KGZ,1998,1645963749.83,false
Kyrgyz Republic,KGZ,1999,1249061487.01,false
Kyrgyz Republic,KGZ,2000,1369688498.07,false
Kyrgyz Republic,KGZ,2001,1525116370.28,false
Kyrgyz Republic,KGZ,2002,1605643104.73,false
Kyrgyz Republic,KGZ,2003,1919008090.50,false
Kyrgyz Republic,KGZ,2004,2211534585.00,false
Kyrgyz Republic,KGZ,2005,2460246796.05,false
Kyrgyz Republic,KGZ,2006,2834168893.27,false
Kyrgyz Republic,KGZ,2007,3802570572.38,false
Kyrgyz Republic,KGZ,2008,5139958956.02,false
Kyrgyz Republic,KGZ,2009,4690061344.16,false
Kyrgyz Republic,KGZ,2010,4794361821.21,false
Kyrgyz Republic,KGZ,2011,6197765941.68,false
Kyrgyz Republic,KGZ,2012,6605142864.37,false
Kyrgyz Republic,KGZ,2013,7335033799.26,false
Kyrgyz Republic,KGZ,2014,7468102369.14,false
Kyrgyz Republic,KGZ,2015,6678177483.43,false
Kyrgyz Republic,KGZ,2016,6813095396.14,false
Kyrgyz Republic,KGZ,2017,7702938395.18,false
Kyrgyz Republic,KGZ,2018,8271106196.04,false
Kyrgyz Republic,KGZ,2019,8871019822.76,false
Kyrgyz Republic,KGZ,2020,7780873258.67,false
Kyrgyz Republic,KGZ,2021,8740681889.21,false
Kyrgyz Republic,KGZ,2022,10930644915.24,false
Cambodia,KHM,1960,637142865.71,false
Cambodia,KHM,1961,642857134.29,false
Cambodia,KHM,1962,660000008.57,false
Cambodia,KHM,1963,728571437.14,false
Cambodia,KHM,1964,782857128.57,false
Cambodia,KHM,1965,868571428.57,false
Cambodia,KHM,1966,914285714.29,false
Cambodia,KHM,1967,962857134.29,false
Cambodia,KHM,1968,1065714248.57,false
Cambodia,KHM,1969,978873232.39,false
Cambodia,KHM,1970,718401157.74,false
Cambodia,KHM,1971,969911421.39,false
Cambodia,KHM,1972,505549441.38,false
Cambodia,KHM,1973,702899155.98,false
Cambodia,KHM,1974,588443893.69,false
Cambodia,KHM,1993,2533727592.04,false
Cambodia,KHM,1994,2791435272.27,false
Cambodia,KHM,1995,3441205692.92,false
Cambodia,KHM,1996,3506695719.57,false
Cambodia,KHM,1997,3443413388.69,false
Cambodia,KHM,1998,3120425502.58,false
Cambodia,KHM,1999,3517242477.23,false
Cambodia,KHM,2000,3654031716.27,false
Cambodia,KHM,2001,3984000517.02,false
Cambodia,KHM,2002,4284028482.54,false
Cambodia,KHM,2003,4658246918.27,false
Cambodia,KHM,2004,5337833248.04,false
Cambodia,KHM,2005,6293046161.83,false
Cambodia,KHM,2006,7274595706.67,false
Cambodia,KHM,2007,8639235913.18,false
Cambodia,KHM,2008,10351914178.29,false
Cambodia,KHM,2009,10401851766.85,false
Cambodia,KHM,2010,11242275288.52,false
Cambodia,KHM,2011,12829541141.01,false
Cambodia,KHM,2012,14054443213.46,false
Cambodia,KHM,2013,15227991395.22,false
Cambodia,KHM,2014,16702610842.40,false
Cambodia,KHM,2015,18049954289.42,false
Cambodia,KHM,2016,20016747858.31,false
Cambodia,KHM,2017,22177200588.67,false
Cambodia,KHM,2018,24571753581.78,false
Cambodia,KHM,2019,27089390032.89,false
Cambodia,KHM,2020,25872797892.03,false
Cambodia,KHM,2021,26961061152.30,false
Cambodia,KHM,2022,29956769529.43,false
Kiribati,KIR,1970,14295279.54,false
Kiribati,KIR,1971,15278632.48,false
Kiribati,KIR,1972,18936526.95,false
Kiribati,KIR,1973,31710657.73,false
Kiribati,KIR,1974,85637174.37,false
Kiribati,KIR,1975,55083890.19,false
Kiribati,KIR,1976,41110417.18,false
Kiribati,KIR,1977,38746985.32,false
Kiribati,KIR,1978,45212135.10,false
Kiribati,KIR,1979,42618216.24,false
Kiribati,KIR,1980,42129506.15,false
Kiribati,KIR,1981,43667390.52,false
Kiribati,KIR,1982,40573595.73,false
Kiribati,KIR,1983,37837326.55,false
Kiribati,KIR,1984,42123029.99,false
Kiribati,KIR,1985,32125260.59,false
Kiribati,KIR,1986,31417654.83,false
Kiribati,KIR,1987,35709784.48,false
Kiribati,KIR,1988,44534439.32,false
Kiribati,KIR,1989,44282893.89,false
Kiribati,KIR,1990,42933307.66,false
Kiribati,KIR,1991,47516824.01,false
Kiribati,KIR,1992,47736260.83,false
Kiribati,KIR,1993,46920900.88,false
Kiribati,KIR,1994,54834548.93,false
Kiribati,KIR,1995,56336670.91,false
Kiribati,KIR,1996,66517285.36,false
Kiribati,KIR,1997,67538482.09,false
Kiribati,KIR,1998,65333678.15,false
Kiribati,KIR,1999,69034484.98,false
Kiribati,KIR,2000,67253134.61,false
Kiribati,KIR,2001,63099885.31,false
Kiribati,KIR,2002,72197928.62,false
Kiribati,KIR,2003,90231027.78,false
Kiribati,KIR,2004,102370615.24,false
Kiribati,KIR,2005,112136227.80,false
Kiribati,KIR,2006,110237144.46,false
Kiribati,KIR,2007,132674795.88,false
Kiribati,KIR,2008,141045173.61,false
Kiribati,KIR,2009,132421058.95,false
Kiribati,KIR,2010,155305532.92,false
Kiribati,KIR,2011,180672664.76,false
Kiribati,KIR,2012,189629948.81,false
Kiribati,KIR,2013,184543103.72,false
Kiribati,KIR,2014,177868153.09,false
Kiribati,KIR,2015,170292283.25,false
Kiribati,KIR,2016,178507958.05,false
Kiribati,KIR,2017,188540699.15,false
Kiribati,KIR,2018,196501504.19,false
Kiribati,KIR,2019,175181684.79,false
Kiribati,KIR,2020,177553260.11,false
Kiribati,KIR,2021,227610034.76,false
Kiribati,KIR,2022,223352943.19,false
St. Kitts and Nevis,KNA,1960,12366635.74,false
St. Kitts and Nevis,KNA,1961,12483302.12,false
St. Kitts and Nevis,KNA,1962,12541635.31,false
St. Kitts and Nevis,KNA,1963,12833301.24,false
St. Kitts and Nevis,KNA,1964,13416633.12,false
St. Kitts and Nevis,KNA,1965,13593932.32,false
St. Kitts and Nevis,KNA,1966,14469078.18,false
St. Kitts and Nevis,KNA,1967,16742338.25,false
St. Kitts and Nevis,KNA,1968,14599999.99,false
St. Kitts and Nevis,KNA,1969,15849999.99,false
St. Kitts and Nevis,KNA,1970,16299999.99,false
St. Kitts and Nevis,KNA,1971,19624746.45,false
St. Kitts and Nevis,KNA,1972,22944849.12,false
St. Kitts and Nevis,KNA,1973,24196018.38,false
St. Kitts and Nevis,KNA,1974,31514856.31,false
St. Kitts and Nevis,KNA,1975,33364055.30,false
St. Kitts and Nevis,KNA,1976,30095602.29,false
St. Kitts and Nevis,KNA,1977,44496296.30,false
St. Kitts and Nevis,KNA,1978,49433333.33,false
St. Kitts and Nevis,KNA,1979,58840740.74,false
St. Kitts and Nevis,KNA,1980,68459259.26,false
St. Kitts and Nevis,KNA,1981,80888888.89,false
St. Kitts and Nevis,KNA,1982,86022222.22,false
St. Kitts and Nevis,KNA,1983,86874074.07,false
St. Kitts and Nevis,KNA,1984,98603703.70,false
St. Kitts and Nevis,KNA,1985,111007407.41,false
St. Kitts and Nevis,KNA,1986,130685185.19,false
St. Kitts and Nevis,KNA,1987,147748148.15,false
St. Kitts and Nevis,KNA,1988,172692592.59,false
St. Kitts and Nevis,KNA,1989,192518518.52,false
St. Kitts and Nevis,KNA,1990,217259259.26,false
St. Kitts and Nevis,KNA,1991,220540740.74,false
St. Kitts and Nevis,KNA,1992,242137037.04,false
St. Kitts and Nevis,KNA,1993,263755555.56,false
St. Kitts and Nevis,KNA,1994,295159259.26,false
St. Kitts and Nevis,KNA,1995,313485185.19,false
St. Kitts and Nevis,KNA,1996,333944444.44,false
St. Kitts and Nevis,KNA,1997,374641307.97,false
St. Kitts and Nevis,KNA,1998,383257331.41,false
St. Kitts and Nevis,KNA,1999,406595484.37,false
St. Kitts and Nevis,KNA,2000,421695769.84,false
St. Kitts and Nevis,KNA,2001,458643829.01,false
St. Kitts and Nevis,KNA,2002,481077373.67,false
St. Kitts and Nevis,KNA,2003,469869869.87,false
St. Kitts and Nevis,KNA,2004,506900000.00,false
St. Kitts and Nevis,KNA,2005,547203703.70,false
St. Kitts and Nevis,KNA,2006,644414814.81,false
St. Kitts and Nevis,KNA,2007,689285185.19,false
St. Kitts and Nevis,KNA,2008,777691333.33,false
St. Kitts and Nevis,KNA,2009,774273111.11,false
St. Kitts and Nevis,KNA,2010,778718518.52,false
St. Kitts and Nevis,KNA,2011,836092592.59,false
St. Kitts and Nevis,KNA,2012,825381481.48,false
St. Kitts and Nevis,KNA,2013,874896296.30,false
St. Kitts and Nevis,KNA,2014,953170370.37,false
St. Kitts and Nevis,KNA,2015,957037037.04,false
St. Kitts and Nevis,KNA,2016,1008100000.00,false
St. Kitts and Nevis,KNA,2017,1058944444.44,false
St. Kitts and Nevis,KNA,2018,1076922222.22,false
St. Kitts and Nevis,KNA,2019,1107844444.44,false
St. Kitts and Nevis,KNA,2020,884522222.22,false
St. Kitts and Nevis,KNA,2021,860844444.44,false
St. Kitts and Nevis,KNA,2022,961563259.26,false
"Korea, Rep.",KOR,1960,3958824424.00,false
"Korea, Rep.",KOR,1961,2417638423.22,false
"Korea, Rep.",KOR,1962,2814626210.10,false
"Korea, Rep.",KOR,1963,3988476878.76,false
"Korea, Rep.",KOR,1964,3459032883.02,false
"Korea, Rep.",KOR,1965,3120870870.87,false
"Korea, Rep.",KOR,1966,3929018943.02,false
"Korea, Rep.",KOR,1967,4855833210.11,false
"Korea, Rep.",KOR,1968,6119284294.23,false
"Korea, Rep.",KOR,1969,7678720155.47,false
"Korea, Rep.",KOR,1970,9005023183.93,false
"Korea, Rep.",KOR,1971,9903499927.99,false
"Korea, Rep.",KOR,1972,10862327878.03,false
"Korea, Rep.",KOR,1973,13876531432.01,false
"Korea, Rep.",KOR,1974,19544094741.27,false
"Korea, Rep.",KOR,1975,21784297520.66,false
"Korea, Rep.",KOR,1976,29902479338.84,false
"Korea, Rep.",KOR,1977,38446487603.31,false
"Korea, Rep.",KOR,1978,51972107438.02,false
"Korea, Rep.",KOR,1979,66946900826.45,false
"Korea, Rep.",KOR,1980,65398646757.65,false
"Korea, Rep.",KOR,1981,72933350953.70,false
"Korea, Rep.",KOR,1982,78358866334.74,false
"Korea, Rep.",KOR,1983,87760360941.02,false
"Korea, Rep.",KOR,1984,97510235986.00,false
"Korea, Rep.",KOR,1985,101296177099.55,false
"Korea, Rep.",KOR,1986,116836802995.06,false
"Korea, Rep.",KOR,1987,147948259722.58,false
"Korea, Rep.",KOR,1988,199590823957.24,false
"Korea, Rep.",KOR,1989,246927292765.02,false
"Korea, Rep.",KOR,1990,283367525714.93,false
"Korea, Rep.",KOR,1991,330648530715.21,false
"Korea, Rep.",KOR,1992,355525267405.37,false
"Korea, Rep.",KOR,1993,392666101884.96,false
"Korea, Rep.",KOR,1994,463617399962.66,false
"Korea, Rep.",KOR,1995,566583427334.14,false
"Korea, Rep.",KOR,1996,610169556840.08,false
"Korea, Rep.",KOR,1997,569754543829.96,false
"Korea, Rep.",KOR,1998,383330931042.36,false
"Korea, Rep.",KOR,1999,497512659612.05,false
"Korea, Rep.",KOR,2000,576178114168.49,false
"Korea, Rep.",KOR,2001,547658231279.87,false
"Korea, Rep.",KOR,2002,627246081417.00,false
"Korea, Rep.",KOR,2003,702717332012.99,false
"Korea, Rep.",KOR,2004,793175007858.07,false
"Korea, Rep.",KOR,2005,934901101762.49,false
"Korea, Rep.",KOR,2006,1053216892422.02,false
"Korea, Rep.",KOR,2007,1172614134912.05,false
"Korea, Rep.",KOR,2008,1047339041903.85,false
"Korea, Rep.",KOR,2009,943941876218.74,false
"Korea, Rep.",KOR,2010,1144066965324.49,false
"Korea, Rep.",KOR,2011,1253223044718.99,false
"Korea, Rep.",KOR,2012,1278427634342.59,false
"Korea, Rep.",KOR,2013,1370795199976.18,false
"Korea, Rep.",KOR,2014,1484318219633.63,false
"Korea, Rep.",KOR,2015,1465773245547.15,false
"Korea, Rep.",KOR,2016,1500111596236.37,false
"Korea, Rep.",KOR,2017,1623901496835.79,false
"Korea, Rep.",KOR,2018,1724845615629.26,false
"Korea, Rep.",KOR,2019,1651422932447.77,false
"Korea, Rep.",KOR,2020,1644312785467.12,false
"Korea, Rep.",KOR,2021,1810955871380.98,false
"Korea, Rep.",KOR,2022,1665245538594.96,false
Kuwait,KWT,1965,2097199164.90,false
Kuwait,KWT,1966,2391199047.82,false
Kuwait,KWT,1967,2441599027.76,false
Kuwait,KWT,1968,2662798939.67,false
Kuwait,KWT,1969,2769198897.30,false
Kuwait,KWT,1970,2873638855.72,false
Kuwait,KWT,1971,3880395313.47,false
Kuwait,KWT,1972,4450540660.15,false
Kuwait,KWT,1973,5408798852.00,false
Kuwait,KWT,1974,13006929853.40,false
Kuwait,KWT,1975,12022797844.46,false
Kuwait,KWT,1976,13132234132.74,false
Kuwait,KWT,1977,14137406789.84,false
Kuwait,KWT,1978,15503571644.00,false
Kuwait,KWT,1979,24749056549.39,false
Kuwait,KWT,1980,28638824314.72,false
Kuwait,KWT,1981,25057990467.19,false
Kuwait,KWT,1982,21577153431.36,false
Kuwait,KWT,1983,20871105019.97,false
Kuwait,KWT,1984,21700088897.56,false
Kuwait,KWT,1985,21445952792.82,false
Kuwait,KWT,1986,17904010287.50,false
Kuwait,KWT,1987,22368684065.80,false
Kuwait,KWT,1988,20690303615.12,false
Kuwait,KWT,1989,24313821169.11,false
Kuwait,KWT,1990,18427777777.78,false
Kuwait,KWT,1991,11010010088.22,false
Kuwait,KWT,1992,19858555214.72,false
Kuwait,KWT,1993,23941391390.73,false
Kuwait,KWT,1994,24848483838.38,false
Kuwait,KWT,1995,27187006077.13,false
Kuwait,KWT,1996,31492419238.20,false
Kuwait,KWT,1997,30350207212.76,false
Kuwait,KWT,1998,25943736430.93,false
Kuwait,KWT,1999,30122398833.17,false
Kuwait,KWT,2000,37718794714.18,false
Kuwait,KWT,2001,34889597791.41,false
Kuwait,KWT,2002,38135756834.17,false
Kuwait,KWT,2003,47874659167.99,false
Kuwait,KWT,2004,59439090600.61,false
Kuwait,KWT,2005,80798630136.99,false
Kuwait,KWT,2006,101557251976.79,false
Kuwait,KWT,2007,114634060167.41,false
Kuwait,KWT,2008,147379536212.14,false
Kuwait,KWT,2009,105968538479.92,false
Kuwait,KWT,2010,115416745328.98,false
Kuwait,KWT,2011,154079870424.90,false
Kuwait,KWT,2012,174048271288.15,false
Kuwait,KWT,2013,174167626656.76,false
Kuwait,KWT,2014,162650191195.36,false
Kuwait,KWT,2015,114585567439.67,false
Kuwait,KWT,2016,109406169162.83,false
Kuwait,KWT,2017,120687635952.46,false
Kuwait,KWT,2018,138202309918.73,false
Kuwait,KWT,2019,136191752590.90,false
Kuwait,KWT,2020,105948765156.03,false
Kuwait,KWT,2021,136797422273.87,false
Kuwait,KWT,2022,184558274288.74,false
Latin America & Caribbean (excluding high income),LAC,1960,68172083254.55,true
Latin America & Caribbean (excluding high income),LAC,1961,71358741142.55,true
Latin America & Caribbean (excluding high income),LAC,1962,77592630259.61,true
Latin America & Caribbean (excluding high income),LAC,1963,78189337825.53,true
Latin America & Caribbean (excluding high income),LAC,1964,89672295454.40,true
Latin America & Caribbean (excluding high income),LAC,1965,97220145030.43,true
Latin America & Caribbean (excluding high income),LAC,1966,107487358657.43,true
Latin America & Caribbean (excluding high income),LAC,1967,109346248633.25,true
Latin America & Caribbean (excluding high income),LAC,1968,117684655539.16,true
Latin America & Caribbean (excluding high income),LAC,1969,131858221954.73,true
Latin America & Caribbean (excluding high income),LAC,1970,143400008471.56,true
Latin America & Caribbean (excluding high income),LAC,1971,158746442517.72,true
Latin America & Caribbean (excluding high income),LAC,1972,180600747008.56,true
Latin America & Caribbean (excluding high income),LAC,1973,241708939206.43,true
Latin America & Caribbean (excluding high income),LAC,1974,317535791822.91,true
Latin America & Caribbean (excluding high income),LAC,1975,342490337010.10,true
Latin America & Caribbean (excluding high income),LAC,1976,372929451128.76,true
Latin America & Caribbean (excluding high income),LAC,1977,404811983096.72,true
Latin America & Caribbean (excluding high income),LAC,1978,491322209511.27,true
Latin America & Caribbean (excluding high income),LAC,1979,540434106785.60,true
Latin America & Caribbean (excluding high income),LAC,1980,652900348679.67,true
Latin America & Caribbean (excluding high income),LAC,1981,746794081743.70,true
Latin America & Caribbean (excluding high income),LAC,1982,688972840488.12,true
Latin America & Caribbean (excluding high income),LAC,1983,595353311198.79,true
Latin America & Caribbean (excluding high income),LAC,1984,639292019906.35,true
Latin America & Caribbean (excluding high income),LAC,1985,629334804009.32,true
Latin America & Caribbean (excluding high income),LAC,1986,638062538337.66,true
Latin America & Caribbean (excluding high income),LAC,1987,699109189467.02,true
Latin America & Caribbean (excluding high income),LAC,1988,759914669809.62,true
Latin America & Caribbean (excluding high income),LAC,1989,863824214500.63,true
Latin America & Caribbean (excluding high income),LAC,1990,1037525767088.18,true
Latin America & Caribbean (excluding high income),LAC,1991,1096033508686.73,true
Latin America & Caribbean (excluding high income),LAC,1992,1181392530141.94,true
Latin America & Caribbean (excluding high income),LAC,1993,1388822926019.88,true
Latin America & Caribbean (excluding high income),LAC,1994,1587966516149.98,true
Latin America & Caribbean (excluding high income),LAC,1995,1677764154596.97,true
Latin America & Caribbean (excluding high income),LAC,1996,1831882512080.05,true
Latin America & Caribbean (excluding high income),LAC,1997,1998857548431.91,true
Latin America & Caribbean (excluding high income),LAC,1998,2007868542123.37,true
Latin America & Caribbean (excluding high income),LAC,1999,1779289107461.97,true
Latin America & Caribbean (excluding high income),LAC,2000,1968111942216.42,true
Latin America & Caribbean (excluding high income),LAC,2001,1913381580564.69,true
Latin America & Caribbean (excluding high income),LAC,2002,1720013397494.82,true
Latin America & Caribbean (excluding high income),LAC,2003,1759192766236.82,true
Latin America & Caribbean (excluding high income),LAC,2004,2007862301447.17,true
Latin America & Caribbean (excluding high income),LAC,2005,2431628661931.78,true
Latin America & Caribbean (excluding high income),LAC,2006,2837320247592.50,true
Latin America & Caribbean (excluding high income),LAC,2007,3353094482458.84,true
Latin America & Caribbean (excluding high income),LAC,2008,3880462417139.74,true
Latin America & Caribbean (excluding high income),LAC,2009,3602278080284.88,true
Latin America & Caribbean (excluding high income),LAC,2010,4510085308198.27,true
Latin America & Caribbean (excluding high income),LAC,2011,5272190542589.32,true
Latin America & Caribbean (excluding high income),LAC,2012,5244059018780.59,true
Latin America & Caribbean (excluding high income),LAC,2013,5382355778791.41,true
Latin America & Caribbean (excluding high income),LAC,2014,5407158752447.38,true
Latin America & Caribbean (excluding high income),LAC,2015,4595236035713.86,true
Latin America & Caribbean (excluding high income),LAC,2016,4465515336167.30,true
Latin America & Caribbean (excluding high income),LAC,2017,4980919738935.91,true
Latin America & Caribbean (excluding high income),LAC,2018,4836605850788.75,true
Latin America & Caribbean (excluding high income),LAC,2019,4769077474514.31,true
Latin America & Caribbean (excluding high income),LAC,2020,4020603113235.61,true
Latin America & Caribbean (excluding high income),LAC,2021,4624162365921.03,true
Latin America & Caribbean (excluding high income),LAC,2022,5300574665731.37,true
Lao PDR,LAO,1984,1757142852.65,false
Lao PDR,LAO,1985,2366666615.56,false
Lao PDR,LAO,1986,1776842088.52,false
Lao PDR,LAO,1987,1087273103.70,false
Lao PDR,LAO,1988,598961269.30,false
Lao PDR,LAO,1989,714046821.09,false
Lao PDR,LAO,1990,865559879.28,false
Lao PDR,LAO,1991,1028087972.31,false
Lao PDR,LAO,1992,1127806944.62,false
Lao PDR,LAO,1993,1327748690.13,false
Lao PDR,LAO,1994,1543606345.12,false
Lao PDR,LAO,1995,1763536304.54,false
Lao PDR,LAO,1996,1873671550.35,false
Lao PDR,LAO,1997,1747011857.33,false
Lao PDR,LAO,1998,1280177838.72,false
Lao PDR,LAO,1999,1454430642.49,false
Lao PDR,LAO,2000,1731198022.45,false
Lao PDR,LAO,2001,1768619058.35,false
Lao PDR,LAO,2002,1758176653.08,false
Lao PDR,LAO,2003,2023324407.30,false
Lao PDR,LAO,2004,2366398119.88,false
Lao PDR,LAO,2005,2735558734.81,false
Lao PDR,LAO,2006,3455031447.60,false
Lao PDR,LAO,2007,4223152219.24,false
Lao PDR,LAO,2008,5446434031.69,false
Lao PDR,LAO,2009,5836138127.07,false
Lao PDR,LAO,2010,7131773632.71,false
Lao PDR,LAO,2011,8750107401.58,false
Lao PDR,LAO,2012,10192848926.26,false
Lao PDR,LAO,2013,11983252626.83,false
Lao PDR,LAO,2014,13279248478.82,false
Lao PDR,LAO,2015,14426381187.09,false
Lao PDR,LAO,2016,15912495368.87,false
Lao PDR,LAO,2017,17071162084.41,false
Lao PDR,LAO,2018,18141651381.39,false
Lao PDR,LAO,2019,18740559554.16,false
Lao PDR,LAO,2020,18981800705.08,false
Lao PDR,LAO,2021,18827148530.02,false
Lao PDR,LAO,2022,15724383783.24,false
Lebanon,LBN,1988,3313540067.93,false
Lebanon,LBN,1989,2717998687.71,false
Lebanon,LBN,1990,2838485353.96,false
Lebanon,LBN,1991,4690415092.54,false
Lebanon,LBN,1992,5843579160.90,false
Lebanon,LBN,1993,7941744492.12,false
Lebanon,LBN,1994,9599127049.94,false
Lebanon,LBN,1995,11718795528.49,false
Lebanon,LBN,1996,13690217333.27,false
Lebanon,LBN,1997,15751867489.44,false
Lebanon,LBN,1998,17247179005.52,false
Lebanon,LBN,1999,17391056369.23,false
Lebanon,LBN,2000,17260364842.45,false
Lebanon,LBN,2001,17649751243.78,false
Lebanon,LBN,2002,19152238805.97,false
Lebanon,LBN,2003,20082918739.64,false
Lebanon,LBN,2004,21159827992.04,false
Lebanon,LBN,2005,21497336498.97,false
Lebanon,LBN,2006,22022709851.54,false
Lebanon,LBN,2007,24827355014.66,false
Lebanon,LBN,2008,29118916105.61,false
Lebanon,LBN,2009,35399582928.62,false
Lebanon,LBN,2010,38443907042.32,false
Lebanon,LBN,2011,39927125961.19,false
Lebanon,LBN,2012,44016799515.82,false
Lebanon,LBN,2013,46880103080.66,false
Lebanon,LBN,2014,48095213746.47,false
Lebanon,LBN,2015,49929337837.08,false
Lebanon,LBN,2016,51147308773.93,false
Lebanon,LBN,2017,53027680685.84,false
Lebanon,LBN,2018,54901519155.62,false
Lebanon,LBN,2019,51605959131.37,false
Lebanon,LBN,2020,31712128253.80,false
Lebanon,LBN,2021,23131941556.78,false
Liberia,LBR,2000,874000000.00,false
Liberia,LBR,2001,906000000.00,false
Liberia,LBR,2002,927000000.00,false
Liberia,LBR,2003,748000000.00,false
Liberia,LBR,2004,897000000.00,false
Liberia,LBR,2005,949000000.00,false
Liberia,LBR,2006,1119000000.00,false
Liberia,LBR,2007,1373000000.00,false
Liberia,LBR,2008,1726000000.00,false
Liberia,LBR,2009,1768000000.00,false
Liberia,LBR,2010,1998000000.00,false
Liberia,LBR,2011,2398000000.00,false
Liberia,LBR,2012,2791614000.00,false
Liberia,LBR,2013,3177198100.00,false
Liberia,LBR,2014,3225652000.00,false
Liberia,LBR,2015,3227075700.00,false
Liberia,LBR,2016,3398419600.00,false
Liberia,LBR,2017,3390703400.00,false
Liberia,LBR,2018,3422754800.00,false
Liberia,LBR,2019,3319596500.00,false
Liberia,LBR,2020,3039982500.00,false
Liberia,LBR,2021,3509000000.00,false
Liberia,LBR,2022,4001047150.00,false
Libya,LBY,1990,28904164239.30,false
Libya,LBY,1991,31991785107.63,false
Libya,LBY,1992,33887005287.74,false
Libya,LBY,1993,30660029871.15,false
Libya,LBY,1994,28610532505.41,false
Libya,LBY,1995,25541383196.73,false
Libya,LBY,1996,27884630117.58,false
Libya,LBY,1997,30700890193.32,false
Libya,LBY,1998,27251275902.55,false
Libya,LBY,1999,35975878804.30,false
Libya,LBY,2000,38270983031.82,false
Libya,LBY,2001,34112079628.57,false
Libya,LBY,2002,20481889763.78,false
Libya,LBY,2003,26265625000.00,false
Libya,LBY,2004,33122307692.31,false
Libya,LBY,2005,47334697611.85,false
Libya,LBY,2006,60094248771.99,false
Libya,LBY,2007,68032985520.27,false
Libya,LBY,2008,86710739534.55,false
Libya,LBY,2009,60808538330.34,false
Libya,LBY,2010,75380800664.42,false
Libya,LBY,2011,48169243831.91,false
Libya,LBY,2012,92540964665.56,false
Libya,LBY,2013,75351117628.31,false
Libya,LBY,2014,57372352562.49,false
Libya,LBY,2015,48717506272.70,false
Libya,LBY,2016,49912085228.35,false
Libya,LBY,2017,67157451660.27,false
Libya,LBY,2018,76686048499.35,false
Libya,LBY,2019,69254143968.34,false
Libya,LBY,2020,46808208747.28,false
Libya,LBY,2021,39798423941.03,false
Libya,LBY,2022,45752336035.98,false
St. Lucia,LCA,1980,170370370.37,false
St. Lucia,LCA,1981,194444444.44,false
St. Lucia,LCA,1982,183333333.33,false
St. Lucia,LCA,1983,197037037.04,false
St. Lucia,LCA,1984,251481481.48,false
St. Lucia,LCA,1985,284444444.44,false
St. Lucia,LCA,1986,340000000.00,false
St. Lucia,LCA,1987,375555555.56,false
St. Lucia,LCA,1988,429629629.63,false
St. Lucia,LCA,1989,486666666.67,false
St. Lucia,LCA,1990,579629629.63,false
St. Lucia,LCA,1991,613703703.70,false
St. Lucia,LCA,1992,674074074.07,false
St. Lucia,LCA,1993,684814814.81,false
St. Lucia,LCA,1994,713703703.70,false
St. Lucia,LCA,1995,762962962.96,false
St. Lucia,LCA,1996,788888888.89,false
St. Lucia,LCA,1997,805925925.93,false
St. Lucia,LCA,1998,877407407.41,false
St. Lucia,LCA,1999,921851851.85,false
St. Lucia,LCA,2000,932592592.59,false
St. Lucia,LCA,2001,892592592.59,false
St. Lucia,LCA,2002,900000000.00,false
St. Lucia,LCA,2003,987407407.41,false
St. Lucia,LCA,2004,1066666666.67,false
St. Lucia,LCA,2005,1135555555.56,false
St. Lucia,LCA,2006,1268319185.19,false
St. Lucia,LCA,2007,1336088814.81,false
St. Lucia,LCA,2008,1437731111.11,false
St. Lucia,LCA,2009,1401507888.89,false
St. Lucia,LCA,2010,1482370370.37,false
St. Lucia,LCA,2011,1568370370.37,false
St. Lucia,LCA,2012,1598222222.22,false
St. Lucia,LCA,2013,1660222222.22,false
St. Lucia,LCA,2014,1749296296.30,false
St. Lucia,LCA,2015,1807222222.22,false
St. Lucia,LCA,2016,1865444444.44,false
St. Lucia,LCA,2017,1996703703.70,false
St. Lucia,LCA,2018,2057074074.07,false
St. Lucia,LCA,2019,2094185185.19,false
St. Lucia,LCA,2020,1516000000.00,false
St. Lucia,LCA,2021,1691259259.26,false
St. Lucia,LCA,2022,2065027555.56,false
Latin America & Caribbean,LCN,1960,84318575227.75,true
Latin America & Caribbean,LCN,1961,89675894612.84,true
Latin America & Caribbean,LCN,1962,98223077655.42,true
Latin America & Caribbean,LCN,1963,99825291120.70,true
Latin America & Caribbean,LCN,1964,111007004326.05,true
Latin America & Caribbean,LCN,1965,119321358656.64,true
Latin America & Caribbean,LCN,1966,131372225704.13,true
Latin America & Caribbean,LCN,1967,133988765349.14,true
Latin America & Caribbean,LCN,1968,143800251072.14,true
Latin America & Caribbean,LCN,1969,160632293252.98,true
Latin America & Caribbean,LCN,1970,175240043825.86,true
Latin America & Caribbean,LCN,1971,195438627761.00,true
Latin America & Caribbean,LCN,1972,219799370310.72,true
Latin America & Caribbean,LCN,1973,292374754566.07,true
Latin America & Caribbean,LCN,1974,379037627171.51,true
Latin America & Caribbean,LCN,1975,397575551770.34,true
Latin America & Caribbean,LCN,1976,436013451488.33,true
Latin America & Caribbean,LCN,1977,478835118003.80,true
Latin America & Caribbean,LCN,1978,574135939798.52,true
Latin America & Caribbean,LCN,1979,644210824206.37,true
Latin America & Caribbean,LCN,1980,783195794768.86,true
Latin America & Caribbean,LCN,1981,894234459001.93,true
Latin America & Caribbean,LCN,1982,829114297208.29,true
Latin America & Caribbean,LCN,1983,726344898907.75,true
Latin America & Caribbean,LCN,1984,764325858454.20,true
Latin America & Caribbean,LCN,1985,755896507938.21,true
Latin America & Caribbean,LCN,1986,765359263970.32,true
Latin America & Caribbean,LCN,1987,821438499128.09,true
Latin America & Caribbean,LCN,1988,900990448826.76,true
Latin America & Caribbean,LCN,1989,994835204858.42,true
Latin America & Caribbean,LCN,1990,1182388726802.35,true
Latin America & Caribbean,LCN,1991,1255265130869.20,true
Latin America & Caribbean,LCN,1992,1361340161546.99,true
Latin America & Caribbean,LCN,1993,1577325564649.25,true
Latin America & Caribbean,LCN,1994,1790101644829.42,true
Latin America & Caribbean,LCN,1995,1921600530928.82,true
Latin America & Caribbean,LCN,1996,2079817890114.09,true
Latin America & Caribbean,LCN,1997,2280268567139.38,true
Latin America & Caribbean,LCN,1998,2300623733039.10,true
Latin America & Caribbean,LCN,1999,2076139362655.01,true
Latin America & Caribbean,LCN,2000,2292616638222.34,true
Latin America & Caribbean,LCN,2001,2243442747463.76,true
Latin America & Caribbean,LCN,2002,2014495003952.93,true
Latin America & Caribbean,LCN,2003,2055791160220.78,true
Latin America & Caribbean,LCN,2004,2368190257952.28,true
Latin America & Caribbean,LCN,2005,2862846929424.86,true
Latin America & Caribbean,LCN,2006,3351829873357.01,true
Latin America & Caribbean,LCN,2007,3948805125189.72,true
Latin America & Caribbean,LCN,2008,4591296955065.06,true
Latin America & Caribbean,LCN,2009,4314362221813.67,true
Latin America & Caribbean,LCN,2010,5349060248474.03,true
Latin America & Caribbean,LCN,2011,6088730809328.63,true
Latin America & Caribbean,LCN,2012,6155024383504.09,true
Latin America & Caribbean,LCN,2013,6307751441599.87,true
Latin America & Caribbean,LCN,2014,6432625813025.44,true
Latin America & Caribbean,LCN,2015,5376540613253.84,true
Latin America & Caribbean,LCN,2016,5249746391043.57,true
Latin America & Caribbean,LCN,2017,5832610432359.40,true
Latin America & Caribbean,LCN,2018,5706087467774.46,true
Latin America & Caribbean,LCN,2019,5622813152782.54,true
Latin America & Caribbean,LCN,2020,4777568569259.72,true
Latin America & Caribbean,LCN,2021,5510523909432.78,true
Latin America & Caribbean,LCN,2022,6246621760429.05,true
Least developed countries: UN classification,LDC,1980,114388369068.08,true
Least developed countries: UN classification,LDC,1981,114943011933.74,true
Least developed countries: UN classification,LDC,1982,112848745156.73,true
Least developed countries: UN classification,LDC,1983,107374274962.51,true
Least developed countries: UN classification,LDC,1984,107081110481.51,true
Least developed countries: UN classification,LDC,1985,112104592681.83,true
Least developed countries: UN classification,LDC,1986,120734699670.91,true
Least developed countries: UN classification,LDC,1987,132694713024.30,true
Least developed countries: UN classification,LDC,1988,146223434472.69,true
Least developed countries: UN classification,LDC,1989,157936434389.63,true
Least developed countries: UN classification,LDC,1990,183320992524.70,true
Least developed countries: UN classification,LDC,1991,199242726122.47,true
Least developed countries: UN classification,LDC,1992,155907494888.32,true
Least developed countries: UN classification,LDC,1993,154503526457.34,true
Least developed countries: UN classification,LDC,1994,136273002895.92,true
Least developed countries: UN classification,LDC,1995,157454198833.33,true
Least developed countries: UN classification,LDC,1996,173942915415.89,true
Least developed countries: UN classification,LDC,1997,183070947764.71,true
Least developed countries: UN classification,LDC,1998,185798413620.17,true
Least developed countries: UN classification,LDC,1999,190711896125.82,true
Least developed countries: UN classification,LDC,2000,218551115853.24,true
Least developed countries: UN classification,LDC,2001,213552754871.94,true
Least developed countries: UN classification,LDC,2002,232634513018.36,true
Least developed countries: UN classification,LDC,2003,260880555873.82,true
Least developed countries: UN classification,LDC,2004,301221296680.88,true
Least developed countries: UN classification,LDC,2005,355554375620.88,true
Least developed countries: UN classification,LDC,2006,412394708354.56,true
Least developed countries: UN classification,LDC,2007,494316747340.86,true
Least developed countries: UN classification,LDC,2008,603522585096.71,true
Least developed countries: UN classification,LDC,2009,607850693730.48,true
Least developed countries: UN classification,LDC,2010,690376684490.48,true
Least developed countries: UN classification,LDC,2011,801926397361.64,true
Least developed countries: UN classification,LDC,2012,841893938607.50,true
Least developed countries: UN classification,LDC,2013,917315427880.03,true
Least developed countries: UN classification,LDC,2014,985868650324.88,true
Least developed countries: UN classification,LDC,2015,954995951520.48,true
Least developed countries: UN classification,LDC,2016,990949126516.12,true
Least developed countries: UN classification,LDC,2017,1104009004406.99,true
Least developed countries: UN classification,LDC,2018,1088187940163.63,true
Least developed countries: UN classification,LDC,2019,1142396570094.39,true
Least developed countries: UN classification,LDC,2020,1162434896497.14,true
Least developed countries: UN classification,LDC,2021,1266463101991.61,true
Least developed countries: UN classification,LDC,2022,1416759808404.47,true
Low income,LIC,1980,79273100613.32,true
Low income,LIC,1981,82152079439.37,true
Low income,LIC,1982,83082665445.09,true
Low income,LIC,1983,80808247585.44,true
Low income,LIC,1984,79897230355.15,true
Low income,LIC,1985,80959127303.04,true
Low income,LIC,1986,93711044717.62,true
Low income,LIC,1987,108569520029.57,true
Low income,LIC,1988,96499580054.63,true
Low income,LIC,1989,106972330651.24,true
Low income,LIC,1990,133152119892.91,true
Low income,LIC,1991,150296897634.33,true
Low income,LIC,1992,109064524068.70,true
Low income,LIC,1993,114396664382.05,true
Low income,LIC,1994,112060501889.70,true
Low income,LIC,1995,126699296198.00,true
Low income,LIC,1996,141129843390.56,true
Low income,LIC,1997,152153404915.87,true
Low income,LIC,1998,155897783697.90,true
Low income,LIC,1999,158734615370.09,true
Low income,LIC,2000,186507132817.44,true
Low income,LIC,2001,186458183385.34,true
Low income,LIC,2002,200866631978.46,true
Low income,LIC,2003,219319364793.51,true
Low income,LIC,2004,257456872752.61,true
Low income,LIC,2005,308114007902.31,true
Low income,LIC,2006,356075978932.67,true
Low income,LIC,2007,427293203252.48,true
Low income,LIC,2008,512642412198.41,true
Low income,LIC,2009,526007753879.31,true
Low income,LIC,2010,591637362905.20,true
Low income,LIC,2011,430766376180.92,true
Low income,LIC,2012,408599413746.53,true
Low income,LIC,2013,416884104097.30,true
Low income,LIC,2014,448530521691.20,true
Low income,LIC,2015,449577756120.78,true
Low income,LIC,2016,444439642488.11,true
Low income,LIC,2017,491499092098.71,true
Low income,LIC,2018,415816146816.49,true
Low income,LIC,2019,442286990942.08,true
Low income,LIC,2020,436035519309.06,true
Low income,LIC,2021,467876851996.68,true
Low income,LIC,2022,521634375508.58,true
Liechtenstein,LIE,1970,90099360.77,false
Liechtenstein,LIE,1971,104889791.06,false
Liechtenstein,LIE,1972,124940289.36,false
Liechtenstein,LIE,1973,165928864.13,false
Liechtenstein,LIE,1974,193980464.95,false
Liechtenstein,LIE,1975,246389070.12,false
Liechtenstein,LIE,1976,272489336.90,false
Liechtenstein,LIE,1977,303493119.56,false
Liechtenstein,LIE,1978,436912067.97,false
Liechtenstein,LIE,1979,503173104.67,false
Liechtenstein,LIE,1980,534699256.77,false
Liechtenstein,LIE,1981,511647837.15,false
Liechtenstein,LIE,1982,522096760.53,false
Liechtenstein,LIE,1983,524023708.33,false
Liechtenstein,LIE,1984,502620920.66,false
Liechtenstein,LIE,1985,529073612.45,false
Liechtenstein,LIE,1986,779357946.98,false
Liechtenstein,LIE,1987,1052849231.32,false
Liechtenstein,LIE,1988,1161757671.02,false
Liechtenstein,LIE,1989,1119983801.21,false
Liechtenstein,LIE,1990,1421508875.28,false
Liechtenstein,LIE,1991,1484160643.69,false
Liechtenstein,LIE,1992,1631176646.66,false
Liechtenstein,LIE,1993,1673085618.34,false
Liechtenstein,LIE,1994,1948128910.56,false
Liechtenstein,LIE,1995,2428524711.56,false
Liechtenstein,LIE,1996,2504012993.42,false
Liechtenstein,LIE,1997,2298390594.72,false
Liechtenstein,LIE,1998,2479698575.81,false
Liechtenstein,LIE,1999,2664105901.19,false
Liechtenstein,LIE,2000,2483890593.71,false
Liechtenstein,LIE,2001,2491800558.78,false
Liechtenstein,LIE,2002,2688617884.87,false
Liechtenstein,LIE,2003,3070803439.08,false
Liechtenstein,LIE,2004,3454374270.00,false
Liechtenstein,LIE,2005,3659320086.68,false
Liechtenstein,LIE,2006,4000101033.36,false
Liechtenstein,LIE,2007,4601430548.89,false
Liechtenstein,LIE,2008,5081479840.09,false
Liechtenstein,LIE,2009,4504376589.92,false
Liechtenstein,LIE,2010,5082338964.87,false
Liechtenstein,LIE,2011,5739705822.48,false
Liechtenstein,LIE,2012,5456099685.19,false
Liechtenstein,LIE,2013,6391711429.23,false
Liechtenstein,LIE,2014,6657526636.12,false
Liechtenstein,LIE,2015,6268513139.70,false
Liechtenstein,LIE,2016,6237299538.03,false
Liechtenstein,LIE,2017,6474310909.51,false
Liechtenstein,LIE,2018,6692618410.51,false
Liechtenstein,LIE,2019,6436467007.12,false
Liechtenstein,LIE,2020,6405765970.48,false
Liechtenstein,LIE,2021,7186428783.12,false
Sri Lanka,LKA,1960,1409873949.58,false
Sri Lanka,LKA,1961,1444327731.09,false
Sri Lanka,LKA,1962,1434156378.60,false
Sri Lanka,LKA,1963,1240672268.91,false
Sri Lanka,LKA,1964,1309747899.16,false
Sri Lanka,LKA,1965,1698319327.73,false
Sri Lanka,LKA,1966,1751470588.24,false
Sri Lanka,LKA,1967,1859465020.58,false
Sri Lanka,LKA,1968,1801344537.82,false
Sri Lanka,LKA,1969,1965546218.49,false
Sri Lanka,LKA,1970,2296470588.24,false
Sri Lanka,LKA,1971,2369308600.34,false
Sri Lanka,LKA,1972,2553936348.41,false
Sri Lanka,LKA,1973,2875625000.00,false
Sri Lanka,LKA,1974,3574586466.17,false
Sri Lanka,LKA,1975,3791298145.51,false
Sri Lanka,LKA,1976,3591319857.31,false
Sri Lanka,LKA,1977,4104509582.86,false
Sri Lanka,LKA,1978,2733183856.50,false
Sri Lanka,LKA,1979,3364611432.24,false
Sri Lanka,LKA,1980,4024621899.58,false
Sri Lanka,LKA,1981,4415844155.84,false
Sri Lanka,LKA,1982,4768765016.82,false
Sri Lanka,LKA,1983,5167913302.17,false
Sri Lanka,LKA,1984,6043474842.77,false
Sri Lanka,LKA,1985,5978460972.02,false
Sri Lanka,LKA,1986,6405210563.88,false
Sri Lanka,LKA,1987,6682167119.57,false
Sri Lanka,LKA,1988,6978371581.26,false
Sri Lanka,LKA,1989,6987267683.77,false
Sri Lanka,LKA,1990,8032551173.24,false
Sri Lanka,LKA,1991,9000362581.58,false
Sri Lanka,LKA,1992,9703011635.87,false
Sri Lanka,LKA,1993,10338679635.76,false
Sri Lanka,LKA,1994,11717604208.82,false
Sri Lanka,LKA,1995,13029697560.98,false
Sri Lanka,LKA,1996,13897738375.25,false
Sri Lanka,LKA,1997,15091913883.71,false
Sri Lanka,LKA,1998,15794972847.17,false
Sri Lanka,LKA,1999,15656327859.57,false
Sri Lanka,LKA,2000,16330814179.98,false
Sri Lanka,LKA,2001,15749753804.83,false
Sri Lanka,LKA,2002,16536535647.08,false
Sri Lanka,LKA,2003,18881765437.22,false
Sri Lanka,LKA,2004,20662525941.30,false
Sri Lanka,LKA,2005,24405791044.78,false
Sri Lanka,LKA,2006,28279802451.27,false
Sri Lanka,LKA,2007,32350238662.95,false
Sri Lanka,LKA,2008,40713826320.50,false
Sri Lanka,LKA,2009,42066223971.02,false
Sri Lanka,LKA,2010,58636160848.95,false
Sri Lanka,LKA,2011,67753284134.99,false
Sri Lanka,LKA,2012,70447217163.62,false
Sri Lanka,LKA,2013,77000578207.39,false
Sri Lanka,LKA,2014,82528535572.54,false
Sri Lanka,LKA,2015,85140955516.75,false
Sri Lanka,LKA,2016,88012281909.75,false
Sri Lanka,LKA,2017,94376237831.58,false
Sri Lanka,LKA,2018,94493871351.42,false
Sri Lanka,LKA,2019,89014978319.07,false
Sri Lanka,LKA,2020,84440535698.82,false
Sri Lanka,LKA,2021,88496535599.36,false
Sri Lanka,LKA,2022,74403578363.44,false
Lower middle income,LMC,1960,88132926255.98,true
Lower middle income,LMC,1961,93268101022.51,true
Lower middle income,LMC,1962,94753315348.16,true
Lower middle income,LMC,1963,105425780799.22,true
Lower middle income,LMC,1964,118413401901.67,true
Lower middle income,LMC,1965,127851800754.59,true
Lower middle income,LMC,1966,117578193580.32,true
Lower middle income,LMC,1967,125596732205.06,true
Lower middle income,LMC,1968,134304853998.19,true
Lower middle income,LMC,1969,148999995284.72,true
Lower middle income,LMC,1970,164717108993.54,true
Lower middle income,LMC,1971,173885669458.29,true
Lower middle income,LMC,1972,188492876223.36,true
Lower middle income,LMC,1973,229847388939.66,true
Lower middle income,LMC,1974,301181598425.34,true
Lower middle income,LMC,1975,332573013999.12,true
Lower middle income,LMC,1976,366594522953.83,true
Lower middle income,LMC,1977,418185902076.76,true
Lower middle income,LMC,1978,460594088379.22,true
Lower middle income,LMC,1979,538549797506.09,true
Lower middle income,LMC,1980,643335562350.07,true
Lower middle income,LMC,1981,776012683487.32,true
Lower middle income,LMC,1982,796818086583.60,true
Lower middle income,LMC,1983,796475352892.60,true
Lower middle income,LMC,1984,780993433162.38,true
Lower middle income,LMC,1985,836784764508.39,true
Lower middle income,LMC,1986,902375564002.84,true
Lower middle income,LMC,1987,886692535665.64,true
Lower middle income,LMC,1988,896894243934.22,true
Lower middle income,LMC,1989,884736574447.04,true
Lower middle income,LMC,1990,948098011389.77,true
Lower middle income,LMC,1991,881412281443.80,true
Lower middle income,LMC,1992,923357143412.35,true
Lower middle income,LMC,1993,897000718772.02,true
Lower middle income,LMC,1994,952834991834.09,true
Lower middle income,LMC,1995,1080682109013.77,true
Lower middle income,LMC,1996,1206368113838.54,true
Lower middle income,LMC,1997,1250994289523.67,true
Lower middle income,LMC,1998,1247921706311.47,true
Lower middle income,LMC,1999,1309601706378.84,true
Lower middle income,LMC,2000,1358443640078.61,true
Lower middle income,LMC,2001,1397363668383.97,true
Lower middle income,LMC,2002,1471118317178.78,true
Lower middle income,LMC,2003,1679995095258.56,true
Lower middle income,LMC,2004,1962071316276.55,true
Lower middle income,LMC,2005,2288548759444.82,true
Lower middle income,LMC,2006,2691387582865.31,true
Lower middle income,LMC,2007,3319083827275.09,true
Lower middle income,LMC,2008,3741331283478.26,true
Lower middle income,LMC,2009,3785725583242.68,true
Lower middle income,LMC,2010,4533254174586.71,true
Lower middle income,LMC,2011,5187185590945.90,true
Lower middle income,LMC,2012,5461792142964.60,true
Lower middle income,LMC,2013,5578818648329.08,true
Lower middle income,LMC,2014,5868162623218.58,true
Lower middle income,LMC,2015,5716557622624.56,true
Lower middle income,LMC,2016,5997917461749.40,true
Lower middle income,LMC,2017,6447085710234.66,true
Lower middle income,LMC,2018,6606760498754.65,true
Lower middle income,LMC,2019,6874526773448.24,true
Lower middle income,LMC,2020,6619062047763.54,true
Lower middle income,LMC,2021,7592013359834.72,true
Lower middle income,LMC,2022,8109649831658.54,true
Low & middle income,LMY,1960,328460411085.23,true
Low & middle income,LMY,1961,325549054205.91,true
Low & middle income,LMY,1962,334089795902.26,true
Low & middle income,LMY,1963,361346791000.71,true
Low & middle income,LMY,1964,404761663132.84,true
Low & middle income,LMY,1965,447569924976.62,true
Low & middle income,LMY,1966,464111355231.45,true
Low & middle income,LMY,1967,475529679883.88,true
Low & middle income,LMY,1968,502151386401.70,true
Low & middle income,LMY,1969,561543483498.26,true
Low & middle income,LMY,1970,616281204931.80,true
Low & middle income,LMY,1971,663112078289.55,true
Low & middle income,LMY,1972,742014297845.55,true
Low & middle income,LMY,1973,946087039548.58,true
Low & middle income,LMY,1974,1199867355110.25,true
Low & middle income,LMY,1975,1328202014396.51,true
Low & middle income,LMY,1976,1426391221074.46,true
Low & middle income,LMY,1977,1602568048403.58,true
Low & middle income,LMY,1978,1781918482843.55,true
Low & middle income,LMY,1979,2063662372115.59,true
Low & middle income,LMY,1980,2431398652800.56,true
Low & middle income,LMY,1981,2730636435848.51,true
Low & middle income,LMY,1982,2691172713846.35,true
Low & middle income,LMY,1983,2600394883336.10,true
Low & middle income,LMY,1984,2677911888320.90,true
Low & middle income,LMY,1985,2775874534098.37,true
Low & middle income,LMY,1986,2891559004748.67,true
Low & middle income,LMY,1987,3007726506256.31,true
Low & middle income,LMY,1988,3180356207103.73,true
Low & middle income,LMY,1989,3321322715298.63,true
Low & middle income,LMY,1990,3826579677452.66,true
Low & middle income,LMY,1991,3697670722944.61,true
Low & middle income,LMY,1992,3819310056693.51,true
Low & middle income,LMY,1993,4078054469337.48,true
Low & middle income,LMY,1994,4409141222652.78,true
Low & middle income,LMY,1995,4950449206237.63,true
Low & middle income,LMY,1996,5428042349965.11,true
Low & middle income,LMY,1997,5746357231856.66,true
Low & middle income,LMY,1998,5566939484996.41,true
Low & middle income,LMY,1999,5452082318949.57,true
Low & middle income,LMY,2000,5957805404623.13,true
Low & middle income,LMY,2001,6012683195857.04,true
Low & middle income,LMY,2002,6164611646170.86,true
Low & middle income,LMY,2003,6945043770585.45,true
Low & middle income,LMY,2004,8241824349157.09,true
Low & middle income,LMY,2005,9810101604943.65,true
Low & middle income,LMY,2006,11639461030837.00,true
Low & middle income,LMY,2007,14370508850888.70,true
Low & middle income,LMY,2008,17192974516975.00,true
Low & middle income,LMY,2009,16816751222178.80,true
Low & middle income,LMY,2010,20465368009772.60,true
Low & middle income,LMY,2011,24151876656634.20,true
Low & middle income,LMY,2012,25698108062037.80,true
Low & middle income,LMY,2013,27210105126960.90,true
Low & middle income,LMY,2014,28140117982873.00,true
Low & middle income,LMY,2015,26681765753333.80,true
Low & middle income,LMY,2016,26916084709959.20,true
Low & middle income,LMY,2017,29590502584084.80,true
Low & middle income,LMY,2018,31364367229265.60,true
Low & middle income,LMY,2019,32110421084434.40,true
Low & middle income,LMY,2020,30983506895431.50,true
Low & middle income,LMY,2021,36537287030968.60,true
Low & middle income,LMY,2022,38687654409587.60,true
Lesotho,LSO,1960,34579986.18,false
Lesotho,LSO,1961,35699985.73,false
Lesotho,LSO,1962,41859983.27,false
Lesotho,LSO,1963,47039981.20,false
Lesotho,LSO,1964,51939979.24,false
Lesotho,LSO,1965,54879978.07,false
Lesotho,LSO,1966,56699977.34,false
Lesotho,LSO,1967,59261976.32,false
Lesotho,LSO,1968,61445975.45,false
Lesotho,LSO,1969,65967973.64,false
Lesotho,LSO,1970,68739972.53,false
Lesotho,LSO,1971,76480293.95,false
Lesotho,LSO,1972,80913175.46,false
Lesotho,LSO,1973,121188698.64,false
Lesotho,LSO,1974,150851315.73,false
Lesotho,LSO,1975,149558945.40,false
Lesotho,LSO,1976,147659999.87,false
Lesotho,LSO,1977,193314999.83,false
Lesotho,LSO,1978,266569999.77,false
Lesotho,LSO,1979,290134729.68,false
Lesotho,LSO,1980,431542682.24,false
Lesotho,LSO,1981,434188034.19,false
Lesotho,LSO,1982,348741737.28,false
Lesotho,LSO,1983,386699308.95,false
Lesotho,LSO,1984,333163557.42,false
Lesotho,LSO,1985,268629925.92,false
Lesotho,LSO,1986,318858469.54,false
Lesotho,LSO,1987,402768258.54,false
Lesotho,LSO,1988,470395904.05,false
Lesotho,LSO,1989,495409138.18,false
Lesotho,LSO,1990,596410302.16,false
Lesotho,LSO,1991,704325366.72,false
Lesotho,LSO,1992,831029813.14,false
Lesotho,LSO,1993,835582169.02,false
Lesotho,LSO,1994,878250862.83,false
Lesotho,LSO,1995,1001894000.28,false
Lesotho,LSO,1996,946112456.17,false
Lesotho,LSO,1997,998004330.91,false
Lesotho,LSO,1998,928460865.12,false
Lesotho,LSO,1999,912773656.15,false
Lesotho,LSO,2000,887291645.30,false
Lesotho,LSO,2001,825706961.24,false
Lesotho,LSO,2002,775777263.09,false
Lesotho,LSO,2003,1157825409.28,false
Lesotho,LSO,2004,1511236655.52,false
Lesotho,LSO,2005,1682343439.31,false
Lesotho,LSO,2006,1800092519.45,false
Lesotho,LSO,2007,1682025303.16,false
Lesotho,LSO,2008,1766820422.48,false
Lesotho,LSO,2009,1740835819.80,false
Lesotho,LSO,2010,2234731973.55,false
Lesotho,LSO,2011,2579421686.25,false
Lesotho,LSO,2012,2477702252.80,false
Lesotho,LSO,2013,2367113170.00,false
Lesotho,LSO,2014,2441063169.48,false
Lesotho,LSO,2015,2359754087.58,false
Lesotho,LSO,2016,2114426468.66,false
Lesotho,LSO,2017,2306741598.80,false
Lesotho,LSO,2018,2556247155.57,false
Lesotho,LSO,2019,2436029587.61,false
Lesotho,LSO,2020,2117736527.80,false
Lesotho,LSO,2021,2373416268.51,false
Lesotho,LSO,2022,2553459762.80,false
Late-demographic dividend,LTE,1960,187879636913.40,true
Late-demographic dividend,LTE,1961,174494200572.47,true
Late-demographic dividend,LTE,1962,177739054287.77,true
Late-demographic dividend,LTE,1963,193962516262.90,true
Late-demographic dividend,LTE,1964,213074603900.15,true
Late-demographic dividend,LTE,1965,239635727703.08,true
Late-demographic dividend,LTE,1966,266930865057.18,true
Late-demographic dividend,LTE,1967,268220607339.32,true
Late-demographic dividend,LTE,1968,272945950308.17,true
Late-demographic dividend,LTE,1969,304305496423.20,true
Late-demographic dividend,LTE,1970,346354817312.09,true
Late-demographic dividend,LTE,1971,384985432823.91,true
Late-demographic dividend,LTE,1972,442281525192.44,true
Late-demographic dividend,LTE,1973,570027356655.59,true
Late-demographic dividend,LTE,1974,670590593320.00,true
Late-demographic dividend,LTE,1975,737575791537.23,true
Late-demographic dividend,LTE,1976,795110050384.08,true
Late-demographic dividend,LTE,1977,922284640069.32,true
Late-demographic dividend,LTE,1978,959681796280.21,true
Late-demographic dividend,LTE,1979,1141426067178.44,true
Late-demographic dividend,LTE,1980,1305127873819.60,true
Late-demographic dividend,LTE,1981,1369362066137.77,true
Late-demographic dividend,LTE,1982,1392844983995.26,true
Late-demographic dividend,LTE,1983,1279910481204.36,true
Late-demographic dividend,LTE,1984,1336604317430.23,true
Late-demographic dividend,LTE,1985,1446300965545.52,true
Late-demographic dividend,LTE,1986,1540156977218.76,true
Late-demographic dividend,LTE,1987,1625958434413.46,true
Late-demographic dividend,LTE,1988,1773983340014.25,true
Late-demographic dividend,LTE,1989,1891766247083.54,true
Late-demographic dividend,LTE,1990,2036712896681.06,true
Late-demographic dividend,LTE,1991,2039346669796.41,true
Late-demographic dividend,LTE,1992,2075918077864.69,true
Late-demographic dividend,LTE,1993,2166490210483.83,true
Late-demographic dividend,LTE,1994,2456582443329.87,true
Late-demographic dividend,LTE,1995,3018344023471.29,true
Late-demographic dividend,LTE,1996,3329641134915.49,true
Late-demographic dividend,LTE,1997,3486552209715.33,true
Late-demographic dividend,LTE,1998,3361132425309.67,true
Late-demographic dividend,LTE,1999,3106308288146.52,true
Late-demographic dividend,LTE,2000,3410160195631.02,true
Late-demographic dividend,LTE,2001,3524971410363.02,true
Late-demographic dividend,LTE,2002,3736762127352.22,true
Late-demographic dividend,LTE,2003,4257884246629.23,true
Late-demographic dividend,LTE,2004,5117207890045.28,true
Late-demographic dividend,LTE,2005,6172838531832.88,true
Late-demographic dividend,LTE,2006,7448570230979.50,true
Late-demographic dividend,LTE,2007,9382521778909.07,true
Late-demographic dividend,LTE,2008,11663323670463.30,true
Late-demographic dividend,LTE,2009,11268891687538.10,true
Late-demographic dividend,LTE,2010,13553728682871.00,true
Late-demographic dividend,LTE,2011,16519537910748.40,true
Late-demographic dividend,LTE,2012,17680702314004.10,true
Late-demographic dividend,LTE,2013,19042110155027.30,true
Late-demographic dividend,LTE,2014,19775313806693.10,true
Late-demographic dividend,LTE,2015,18549854155934.10,true
Late-demographic dividend,LTE,2016,18593432462844.90,true
Late-demographic dividend,LTE,2017,20629823637317.10,true
Late-demographic dividend,LTE,2018,22621357448474.10,true
Late-demographic dividend,LTE,2019,23047283010403.60,true
Late-demographic dividend,LTE,2020,22525940505680.50,true
Late-demographic dividend,LTE,2021,26827496302511.40,true
Late-demographic dividend,LTE,2022,28078790059154.90,true
Lithuania,LTU,1995,7867140395.34,false
Lithuania,LTU,1996,8382519637.46,false
Lithuania,LTU,1997,10118631851.53,false
Lithuania,LTU,1998,11239547690.98,false
Lithuania,LTU,1999,10971583944.76,false
Lithuania,LTU,2000,11524776866.64,false
Lithuania,LTU,2001,12237388001.73,false
Lithuania,LTU,2002,14259781159.01,false
Lithuania,LTU,2003,18781721376.20,false
Lithuania,LTU,2004,22627507451.56,false
Lithuania,LTU,2005,26097677571.84,false
Lithuania,LTU,2006,30183575103.53,false
Lithuania,LTU,2007,39697891351.94,false
Lithuania,LTU,2008,47797551587.88,false
Lithuania,LTU,2009,37388122046.15,false
Lithuania,LTU,2010,37128694028.24,false
Lithuania,LTU,2011,43535051482.39,false
Lithuania,LTU,2012,42927454291.48,false
Lithuania,LTU,2013,46523420074.44,false
Lithuania,LTU,2014,48533659592.17,false
Lithuania,LTU,2015,41435533340.39,false
Lithuania,LTU,2016,43047309305.74,false
Lithuania,LTU,2017,47758736931.78,false
Lithuania,LTU,2018,53751411409.44,false
Lithuania,LTU,2019,54760617012.92,false
Lithuania,LTU,2020,56914826860.69,false
Lithuania,LTU,2021,66414994991.79,false
Lithuania,LTU,2022,70334299008.38,false
Luxembourg,LUX,1960,703925705.94,false
Luxembourg,LUX,1961,704145671.35,false
Luxembourg,LUX,1962,741509480.80,false
Luxembourg,LUX,1963,791140595.77,false
Luxembourg,LUX,1964,903158753.94,false
Luxembourg,LUX,1965,921600736.30,false
Luxembourg,LUX,1966,968440149.47,false
Luxembourg,LUX,1967,974721762.54,false
Luxembourg,LUX,1968,1066447130.82,false
Luxembourg,LUX,1969,1234878980.50,false
Luxembourg,LUX,1970,1457768455.02,false
Luxembourg,LUX,1971,1518773421.38,false
Luxembourg,LUX,1972,1901697369.63,false
Luxembourg,LUX,1973,2609875802.11,false
Luxembourg,LUX,1974,3183637116.82,false
Luxembourg,LUX,1975,3123333333.33,false
Luxembourg,LUX,1976,3423586206.90,false
Luxembourg,LUX,1977,3789321328.08,false
Luxembourg,LUX,1978,4718539772.00,false
Luxembourg,LUX,1979,5516982663.73,false
Luxembourg,LUX,1980,6019805490.41,false
Luxembourg,LUX,1981,5053665797.48,false
Luxembourg,LUX,1982,4602316793.22,false
Luxembourg,LUX,1983,4524217751.48,false
Luxembourg,LUX,1984,4438435492.88,false
Luxembourg,LUX,1985,4577211767.10,false
Luxembourg,LUX,1986,6685595087.59,false
Luxembourg,LUX,1987,8320902215.02,false
Luxembourg,LUX,1988,9418167855.18,false
Luxembourg,LUX,1989,10037674037.67,false
Luxembourg,LUX,1990,12778792853.69,false
Luxembourg,LUX,1991,13834219728.29,false
Luxembourg,LUX,1992,15518702634.88,false
Luxembourg,LUX,1993,15925521222.01,false
Luxembourg,LUX,1994,17701798890.76,false
Luxembourg,LUX,1995,20853093869.73,false
Luxembourg,LUX,1996,20895314657.98,false
Luxembourg,LUX,1997,19563836265.22,false
Luxembourg,LUX,1998,20150053345.19,false
Luxembourg,LUX,1999,21899317598.84,false
Luxembourg,LUX,2000,21230182989.30,false
Luxembourg,LUX,2001,21387533703.23,false
Luxembourg,LUX,2002,23649833332.17,false
Luxembourg,LUX,2003,29667268248.13,false
Luxembourg,LUX,2004,35064843792.90,false
Luxembourg,LUX,2005,37672280120.48,false
Luxembourg,LUX,2006,42910146296.06,false
Luxembourg,LUX,2007,51587401415.79,false
Luxembourg,LUX,2008,58844277701.53,false
Luxembourg,LUX,2009,54467289897.56,false
Luxembourg,LUX,2010,56213985987.42,false
Luxembourg,LUX,2011,61696281326.25,false
Luxembourg,LUX,2012,59776383527.36,false
Luxembourg,LUX,2013,65203276466.98,false
Luxembourg,LUX,2014,68804811897.64,false
Luxembourg,LUX,2015,60071584216.14,false
Luxembourg,LUX,2016,62216885435.95,false
Luxembourg,LUX,2017,65712180342.98,false
Luxembourg,LUX,2018,71000359760.46,false
Luxembourg,LUX,2019,69825641851.01,false
Luxembourg,LUX,2020,73992591285.30,false
Luxembourg,LUX,2021,85506243833.78,false
Luxembourg,LUX,2022,82274812250.92,false
Latvia,LVA,1995,5789128636.62,false
Latvia,LVA,1996,5975248851.45,false
Latvia,LVA,1997,6527926445.68,false
Latvia,LVA,1998,7166275467.65,false
Latvia,LVA,1999,7533788133.56,false
Latvia,LVA,2000,7958852838.93,false
Latvia,LVA,2001,8362398701.59,false
Latvia,LVA,2002,9557031605.28,false
Latvia,LVA,2003,11771975156.81,false
Latvia,LVA,2004,14435700533.37,false
Latvia,LVA,2005,17003459863.10,false
Latvia,LVA,2006,21570076498.62,false
Latvia,LVA,2007,31054350977.98,false
Latvia,LVA,2008,35854274228.91,false
Latvia,LVA,2009,26410909090.91,false
Latvia,LVA,2010,23956163076.56,false
Latvia,LVA,2011,27474380566.26,false
Latvia,LVA,2012,28169902669.38,false
Latvia,LVA,2013,30204783461.85,false
Latvia,LVA,2014,31386896487.04,false
Latvia,LVA,2015,27263090547.06,false
Latvia,LVA,2016,28083597512.48,false
Latvia,LVA,2017,30483806017.83,false
Latvia,LVA,2018,34429023435.02,false
Latvia,LVA,2019,34343961072.82,false
Latvia,LVA,2020,34601740323.34,false
Latvia,LVA,2021,39725383601.21,false
Latvia,LVA,2022,41153912662.86,false
"Macao SAR, China",MAC,1982,1142497657.76,false
"Macao SAR, China",MAC,1983,1133013285.80,false
"Macao SAR, China",MAC,1984,1304361353.27,false
"Macao SAR, China",MAC,1985,1362072216.71,false
"Macao SAR, China",MAC,1986,1532105006.45,false
"Macao SAR, China",MAC,1987,1957724747.89,false
"Macao SAR, China",MAC,1988,2288761917.40,false
"Macao SAR, China",MAC,1989,2705665379.76,false
"Macao SAR, China",MAC,1990,3246481368.16,false
"Macao SAR, China",MAC,1991,3765249711.09,false
"Macao SAR, China",MAC,1992,4914365394.53,false
"Macao SAR, China",MAC,1993,5665606114.80,false
"Macao SAR, China",MAC,1994,6311207515.65,false
"Macao SAR, China",MAC,1995,7046147442.14,false
"Macao SAR, China",MAC,1996,7176892950.39,false
"Macao SAR, China",MAC,1997,7267571196.46,false
"Macao SAR, China",MAC,1998,6797792474.19,false
"Macao SAR, China",MAC,1999,6547670439.26,false
"Macao SAR, China",MAC,2000,6774193548.39,false
"Macao SAR, China",MAC,2001,6860272608.45,false
"Macao SAR, China",MAC,2002,7371692468.56,false
"Macao SAR, China",MAC,2003,8246479394.60,false
"Macao SAR, China",MAC,2004,10643253442.62,false
"Macao SAR, China",MAC,2005,12160056754.84,false
"Macao SAR, China",MAC,2006,14874098382.09,false
"Macao SAR, China",MAC,2007,18439981803.63,false
"Macao SAR, China",MAC,2008,21027018551.15,false
"Macao SAR, China",MAC,2009,21587786004.59,false
"Macao SAR, China",MAC,2010,28241799668.01,false
"Macao SAR, China",MAC,2011,36845887225.43,false
"Macao SAR, China",MAC,2012,43189724079.77,false
"Macao SAR, China",MAC,2013,51536592939.03,false
"Macao SAR, China",MAC,2014,54902831793.50,false
"Macao SAR, China",MAC,2015,45048188247.65,false
"Macao SAR, China",MAC,2016,45070807279.63,false
"Macao SAR, China",MAC,2017,50440935654.01,false
"Macao SAR, China",MAC,2018,55284309690.27,false
"Macao SAR, China",MAC,2019,55204960999.59,false
"Macao SAR, China",MAC,2020,25459685019.55,false
"Macao SAR, China",MAC,2021,30123795336.89,false
"Macao SAR, China",MAC,2022,21979475560.62,false
St. Martin (French part),MAF,2011,775875857.98,false
St. Martin (French part),MAF,2014,772921756.31,false
Morocco,MAR,1960,2037154740.30,false
Morocco,MAR,1961,2025693537.93,false
Morocco,MAR,1962,2379611122.71,false
Morocco,MAR,1963,2657252576.18,false
Morocco,MAR,1964,2798345296.33,false
Morocco,MAR,1965,2948331088.10,false
Morocco,MAR,1966,2876401294.80,false
Morocco,MAR,1967,3046345311.94,false
Morocco,MAR,1968,3271422330.00,false
Morocco,MAR,1969,3651622666.02,false
Morocco,MAR,1970,3956336240.94,false
Morocco,MAR,1971,4356669160.63,false
Morocco,MAR,1972,5074117544.77,false
Morocco,MAR,1973,6242146134.93,false
Morocco,MAR,1974,7675467036.61,false
Morocco,MAR,1975,8984851898.74,false
Morocco,MAR,1976,9584296202.09,false
Morocco,MAR,1977,11049784283.22,false
Morocco,MAR,1978,13236946766.23,false
Morocco,MAR,1979,15911994141.24,false
Morocco,MAR,1980,21728517078.54,false
Morocco,MAR,1981,17788186055.57,false
Morocco,MAR,1982,17692275268.39,false
Morocco,MAR,1983,16251407368.10,false
Morocco,MAR,1984,14824668235.78,false
Morocco,MAR,1985,14991283215.74,false
Morocco,MAR,1986,19462086253.31,false
Morocco,MAR,1987,21765195948.19,false
Morocco,MAR,1988,25705296183.50,false
Morocco,MAR,1989,26314313191.18,false
Morocco,MAR,1990,30179955995.52,false
Morocco,MAR,1991,32285573573.92,false
Morocco,MAR,1992,33711069430.78,false
Morocco,MAR,1993,31655473663.83,false
Morocco,MAR,1994,35604137422.58,false
Morocco,MAR,1995,39030285468.38,false
Morocco,MAR,1996,43161572352.98,false
Morocco,MAR,1997,39147844526.08,false
Morocco,MAR,1998,46497609536.24,false
Morocco,MAR,1999,46266427862.75,false
Morocco,MAR,2000,43017455401.42,false
Morocco,MAR,2001,43831480206.45,false
Morocco,MAR,2002,47077192183.73,false
Morocco,MAR,2003,58029361338.63,false
Morocco,MAR,2004,66114147932.39,false
Morocco,MAR,2005,68852655479.56,false
Morocco,MAR,2006,75883820424.08,false
Morocco,MAR,2007,86947909744.60,false
Morocco,MAR,2008,101822906946.03,false
Morocco,MAR,2009,101154952243.02,false
Morocco,MAR,2010,100865325482.24,false
Morocco,MAR,2011,110080631330.06,false
Morocco,MAR,2012,106937397478.35,false
Morocco,MAR,2013,115739288446.80,false
Morocco,MAR,2014,119130845829.48,false
Morocco,MAR,2015,110413820681.03,false
Morocco,MAR,2016,111572946646.54,false
Morocco,MAR,2017,118540574727.55,false
Morocco,MAR,2018,127341141871.20,false
Morocco,MAR,2019,128920265075.52,false
Morocco,MAR,2020,121347533649.79,false
Morocco,MAR,2021,142866583124.70,false
Morocco,MAR,2022,134181587769.80,false
Monaco,MCO,1970,293073868.02,false
Monaco,MCO,1971,327651487.96,false
Monaco,MCO,1972,402460333.24,false
Monaco,MCO,1973,523552815.12,false
Monaco,MCO,1974,563939670.70,false
Monaco,MCO,1975,711922994.23,false
Monaco,MCO,1976,735339911.94,false
Monaco,MCO,1977,811250927.39,false
Monaco,MCO,1978,1000535735.39,false
Monaco,MCO,1979,1209898293.46,false
Monaco,MCO,1980,1378130995.66,false
Monaco,MCO,1981,1205166025.52,false
Monaco,MCO,1982,1143229071.78,false
Monaco,MCO,1983,1092551781.01,false
Monaco,MCO,1984,1037314956.25,false
Monaco,MCO,1985,1082851076.52,false
Monaco,MCO,1986,1515209588.24,false
Monaco,MCO,1987,1839095595.26,false
Monaco,MCO,1988,2000674667.08,false
Monaco,MCO,1989,2010116851.20,false
Monaco,MCO,1990,2481316053.85,false
Monaco,MCO,1991,2480497538.55,false
Monaco,MCO,1992,2737067001.76,false
Monaco,MCO,1993,2574440022.98,false
Monaco,MCO,1994,2720297793.29,false
Monaco,MCO,1995,3130270895.14,false
Monaco,MCO,1996,3137848801.04,false
Monaco,MCO,1997,2840182220.99,false
Monaco,MCO,1998,2934578821.11,false
Monaco,MCO,1999,2907075359.50,false
Monaco,MCO,2000,2654476597.15,false
Monaco,MCO,2001,2673738412.58,false
Monaco,MCO,2002,2919691961.37,false
Monaco,MCO,2003,3597052153.19,false
Monaco,MCO,2004,4117728150.84,false
Monaco,MCO,2005,4204651893.54,false
Monaco,MCO,2006,4586828062.24,false
Monaco,MCO,2007,5875376401.92,false
Monaco,MCO,2008,6502945305.08,false
Monaco,MCO,2009,5473265701.68,false
Monaco,MCO,2010,5367561640.00,false
Monaco,MCO,2011,6088690667.32,false
Monaco,MCO,2012,5742748405.55,false
Monaco,MCO,2013,6555590641.57,false
Monaco,MCO,2014,7069351223.57,false
Monaco,MCO,2015,6261646949.53,false
Monaco,MCO,2016,6472837332.96,false
Monaco,MCO,2017,6431274937.65,false
Monaco,MCO,2018,7194256778.27,false
Monaco,MCO,2019,7383941919.22,false
Monaco,MCO,2020,6739642360.47,false
Monaco,MCO,2021,8596156573.64,false
Moldova,MDA,1995,1752979926.41,false
Moldova,MDA,1996,1695122173.91,false
Moldova,MDA,1997,1930081168.83,false
Moldova,MDA,1998,1698717504.66,false
Moldova,MDA,1999,1170782957.37,false
Moldova,MDA,2000,1288429391.80,false
Moldova,MDA,2001,1480673594.06,false
Moldova,MDA,2002,1661818168.42,false
Moldova,MDA,2003,1980907434.77,false
Moldova,MDA,2004,2598249555.90,false
Moldova,MDA,2005,2988342907.03,false
Moldova,MDA,2006,3408255364.03,false
Moldova,MDA,2007,4401173161.68,false
Moldova,MDA,2008,6054824433.06,false
Moldova,MDA,2009,5439434059.32,false
Moldova,MDA,2010,6974982391.40,false
Moldova,MDA,2011,8414351671.72,false
Moldova,MDA,2012,8709138767.21,false
Moldova,MDA,2013,9496717700.90,false
Moldova,MDA,2014,9399833207.49,false
Moldova,MDA,2015,7798692878.40,false
Moldova,MDA,2016,7982450758.03,false
Moldova,MDA,2017,9519053158.46,false
Moldova,MDA,2018,11253727815.48,false
Moldova,MDA,2019,11735774634.42,false
Moldova,MDA,2020,11531967881.06,false
Moldova,MDA,2021,13692230147.06,false
Moldova,MDA,2022,14420947883.60,false
Madagascar,MDG,1960,673081724.08,false
Madagascar,MDG,1961,699161943.86,false
Madagascar,MDG,1962,739286906.85,false
Madagascar,MDG,1963,759345862.97,false
Madagascar,MDG,1964,802482182.92,false
Madagascar,MDG,1965,833563472.16,false
Madagascar,MDG,1966,900264583.69,false
Madagascar,MDG,1967,956436931.14,false
Madagascar,MDG,1968,1031669636.36,false
Madagascar,MDG,1969,1056391054.54,false
Madagascar,MDG,1970,1111859569.77,false
Madagascar,MDG,1971,1199507629.99,false
Madagascar,MDG,1972,1341590681.59,false
Madagascar,MDG,1973,1653062347.36,false
Madagascar,MDG,1974,1917508190.05,false
Madagascar,MDG,1975,2283049233.29,false
Madagascar,MDG,1976,2181844193.92,false
Madagascar,MDG,1977,2358930406.43,false
Madagascar,MDG,1978,2669755115.50,false
Madagascar,MDG,1979,3463565881.42,false
Madagascar,MDG,1980,5201818348.93,false
Madagascar,MDG,1981,4759333969.83,false
Madagascar,MDG,1982,4784977348.93,false
Madagascar,MDG,1983,4686457013.08,false
Madagascar,MDG,1984,3905938480.86,false
Madagascar,MDG,1985,3802557894.87,false
Madagascar,MDG,1986,4347989798.81,false
Madagascar,MDG,1987,3212900560.82,false
Madagascar,MDG,1988,3189456961.27,false
Madagascar,MDG,1989,3175638332.64,false
Madagascar,MDG,1990,3931334870.63,false
Madagascar,MDG,1991,3254713056.02,false
Madagascar,MDG,1992,3714966675.01,false
Madagascar,MDG,1993,4063298919.29,false
Madagascar,MDG,1994,3522227094.14,false
Madagascar,MDG,1995,3838100902.25,false
Madagascar,MDG,1996,4931861036.68,false
Madagascar,MDG,1997,4262965421.15,false
Madagascar,MDG,1998,4401967634.09,false
Madagascar,MDG,1999,4277903780.29,false
Madagascar,MDG,2000,4629247204.99,false
Madagascar,MDG,2001,5438332600.53,false
Madagascar,MDG,2002,5351701664.71,false
Madagascar,MDG,2003,6372498891.38,false
Madagascar,MDG,2004,5064732625.39,false
Madagascar,MDG,2005,5859269751.64,false
Madagascar,MDG,2006,6395712491.75,false
Madagascar,MDG,2007,8524620890.88,false
Madagascar,MDG,2008,10725137721.56,false
Madagascar,MDG,2009,9616879407.59,false
Madagascar,MDG,2010,9982711338.12,false
Madagascar,MDG,2011,11551819617.63,false
Madagascar,MDG,2012,11578975063.80,false
Madagascar,MDG,2013,12423555457.04,false
Madagascar,MDG,2014,12522957401.04,false
Madagascar,MDG,2015,11323020699.91,false
Madagascar,MDG,2016,11848613859.53,false
Madagascar,MDG,2017,13176313593.55,false
Madagascar,MDG,2018,13760033282.61,false
Madagascar,MDG,2019,14104664677.96,false
Madagascar,MDG,2020,13051441203.45,false
Madagascar,MDG,2021,14554754115.21,false
Madagascar,MDG,2022,14954967604.41,false
Maldives,MDV,1980,42463576.16,false
Maldives,MDV,1981,44781456.96,false
Maldives,MDV,1982,47911342.42,false
Maldives,MDV,1983,57829787.24,false
Maldives,MDV,1984,109503546.11,false
Maldives,MDV,1985,127190757.96,false
Maldives,MDV,1986,141882254.23,false
Maldives,MDV,1987,141223029.38,false
Maldives,MDV,1988,168514513.38,false
Maldives,MDV,1989,189514434.24,false
Maldives,MDV,1990,215043969.85,false
Maldives,MDV,1991,244396761.92,false
Maldives,MDV,1992,284875818.02,false
Maldives,MDV,1993,322417837.16,false
Maldives,MDV,1994,356014932.14,false
Maldives,MDV,1995,398988954.97,false
Maldives,MDV,1996,450382327.95,false
Maldives,MDV,1997,508223602.38,false
Maldives,MDV,1998,540096397.62,false
Maldives,MDV,1999,589239753.61,false
Maldives,MDV,2000,624337145.28,false
Maldives,MDV,2001,870031653.11,false
Maldives,MDV,2002,897031250.00,false
Maldives,MDV,2003,1052121054.69,false
Maldives,MDV,2004,1226829562.50,false
Maldives,MDV,2005,1163362437.50,false
Maldives,MDV,2006,1575200390.62,false
Maldives,MDV,2007,1868383460.94,false
Maldives,MDV,2008,2271646187.50,false
Maldives,MDV,2009,2345294875.00,false
Maldives,MDV,2010,2588176054.69,false
Maldives,MDV,2011,2774350163.35,false
Maldives,MDV,2012,2886163937.78,false
Maldives,MDV,2013,3295009231.01,false
Maldives,MDV,2014,3697353155.05,false
Maldives,MDV,2015,4109416450.23,false
Maldives,MDV,2016,4379134272.94,false
Maldives,MDV,2017,4754185598.84,false
Maldives,MDV,2018,5300949823.00,false
Maldives,MDV,2019,5609385433.59,false
Maldives,MDV,2020,3746329358.29,false
Maldives,MDV,2021,5405557161.74,false
Maldives,MDV,2022,6189865408.23,false
Middle East & North Africa,MEA,1968,44717172685.56,true
Middle East & North Africa,MEA,1969,49452094477.50,true
Middle East & North Africa,MEA,1970,55907595961.08,true
Middle East & North Africa,MEA,1971,66167288440.85,true
Middle East & North Africa,MEA,1972,80153352071.27,true
Middle East & North Africa,MEA,1973,108540898880.86,true
Middle East & North Africa,MEA,1974,202706813870.32,true
Middle East & North Africa,MEA,1975,224132579904.44,true
Middle East & North Africa,MEA,1976,283341231553.81,true
Middle East & North Africa,MEA,1977,329435259580.60,true
Middle East & North Africa,MEA,1978,351690865692.24,true
Middle East & North Africa,MEA,1979,461667110191.49,true
Middle East & North Africa,MEA,1980,597897341101.22,true
Middle East & North Africa,MEA,1981,619069917329.92,true
Middle East & North Africa,MEA,1982,618158392045.23,true
Middle East & North Africa,MEA,1983,625718271828.57,true
Middle East & North Africa,MEA,1984,638070519986.11,true
Middle East & North Africa,MEA,1985,654706689124.51,true
Middle East & North Africa,MEA,1986,672465558770.20,true
Middle East & North Africa,MEA,1987,619200038894.06,true
Middle East & North Africa,MEA,1988,586915526240.98,true
Middle East & North Africa,MEA,1989,609483584498.44,true
Middle East & North Africa,MEA,1990,805603843643.19,true
Middle East & North Africa,MEA,1991,563853412811.69,true
Middle East & North Africa,MEA,1992,616122411879.78,true
Middle East & North Africa,MEA,1993,625486004394.76,true
Middle East & North Africa,MEA,1994,659806409519.31,true
Middle East & North Africa,MEA,1995,743609670481.61,true
Middle East & North Africa,MEA,1996,840153956522.40,true
Middle East & North Africa,MEA,1997,883633046666.93,true
Middle East & North Africa,MEA,1998,868792917633.38,true
Middle East & North Africa,MEA,1999,942196788206.79,true
Middle East & North Africa,MEA,2000,1054434624566.13,true
Middle East & North Africa,MEA,2001,1049626453935.20,true
Middle East & North Africa,MEA,2002,1044708616047.07,true
Middle East & North Africa,MEA,2003,1158767180290.35,true
Middle East & North Africa,MEA,2004,1367527495933.23,true
Middle East & North Africa,MEA,2005,1643484575866.91,true
Middle East & North Africa,MEA,2006,1924931009374.37,true
Middle East & North Africa,MEA,2007,2272332400470.50,true
Middle East & North Africa,MEA,2008,2830408013082.13,true
Middle East & North Africa,MEA,2009,2556999251658.56,true
Middle East & North Africa,MEA,2010,2984420804908.85,true
Middle East & North Africa,MEA,2011,3368261589778.98,true
Middle East & North Africa,MEA,2012,3642052757122.07,true
Middle East & North Africa,MEA,2013,3581785122621.94,true
Middle East & North Africa,MEA,2014,3602485542648.46,true
Middle East & North Africa,MEA,2015,3179422230864.32,true
Middle East & North Africa,MEA,2016,3213372950118.37,true
Middle East & North Africa,MEA,2017,3352271233734.46,true
Middle East & North Africa,MEA,2018,3516514202416.88,true
Middle East & North Africa,MEA,2019,3522808006382.47,true
Middle East & North Africa,MEA,2020,3157878645367.90,true
Middle East & North Africa,MEA,2021,3740992832406.26,true
Middle East & North Africa,MEA,2022,4414423065617.28,true
Mexico,MEX,1960,13039999986.96,false
Mexico,MEX,1961,14159999985.84,false
Mexico,MEX,1962,15199999984.80,false
Mexico,MEX,1963,16959999983.04,false
Mexico,MEX,1964,20079999979.92,false
Mexico,MEX,1965,21839999978.16,false
Mexico,MEX,1966,24319999975.68,false
Mexico,MEX,1967,26559999973.44,false
Mexico,MEX,1968,29359999970.64,false
Mexico,MEX,1969,32479999967.52,false
Mexico,MEX,1970,35519999964.48,false
Mexico,MEX,1971,39199999964.07,false
Mexico,MEX,1972,45199916695.04,false
Mexico,MEX,1973,55280212668.41,false
Mexico,MEX,1974,72000179025.50,false
Mexico,MEX,1975,88000000000.00,false
Mexico,MEX,1976,88876787990.91,false
Mexico,MEX,1977,81912502624.47,false
Mexico,MEX,1978,102647292867.00,false
Mexico,MEX,1979,134529639572.00,false
Mexico,MEX,1980,205576980831.51,false
Mexico,MEX,1981,263802132208.64,false
Mexico,MEX,1982,184603593511.16,false
Mexico,MEX,1983,156167542258.06,false
Mexico,MEX,1984,184231211497.05,false
Mexico,MEX,1985,195241386179.15,false
Mexico,MEX,1986,134556126316.62,false
Mexico,MEX,1987,147542611736.84,false
Mexico,MEX,1988,181611150496.79,false
Mexico,MEX,1989,221403143240.48,false
Mexico,MEX,1990,261253660211.68,false
Mexico,MEX,1991,313139656145.74,false
Mexico,MEX,1992,363157793810.14,false
Mexico,MEX,1993,500733386969.94,false
Mexico,MEX,1994,527810631731.25,false
Mexico,MEX,1995,360072506961.29,false
Mexico,MEX,1996,410972976953.23,false
Mexico,MEX,1997,500416010941.52,false
Mexico,MEX,1998,526499723362.14,false
Mexico,MEX,1999,600233031001.06,false
Mexico,MEX,2000,707909864021.78,false
Mexico,MEX,2001,756702925694.04,false
Mexico,MEX,2002,772109710670.87,false
Mexico,MEX,2003,729335024013.22,false
Mexico,MEX,2004,782242912348.37,false
Mexico,MEX,2005,877476892365.26,false
Mexico,MEX,2006,975383402912.58,false
Mexico,MEX,2007,1052697085016.35,false
Mexico,MEX,2008,1109987401386.38,false
Mexico,MEX,2009,900047015738.00,false
Mexico,MEX,2010,1057800597973.65,false
Mexico,MEX,2011,1180487226406.78,false
Mexico,MEX,2012,1201093787127.42,false
Mexico,MEX,2013,1274443916251.64,false
Mexico,MEX,2014,1315356131262.48,false
Mexico,MEX,2015,1171870072962.76,false
Mexico,MEX,2016,1078493059306.95,false
Mexico,MEX,2017,1158912015259.01,false
Mexico,MEX,2018,1222405556421.13,false
Mexico,MEX,2019,1269009571610.76,false
Mexico,MEX,2020,1090514966785.91,false
Mexico,MEX,2021,1272838810896.09,false
Mexico,MEX,2022,1414187193992.25,false
Marshall Islands,MHL,1981,31020000.00,false
Marshall Islands,MHL,1982,34918000.00,false
Marshall Islands,MHL,1983,41749000.00,false
Marshall Islands,MHL,1984,45144000.00,false
Marshall Islands,MHL,1985,43879000.00,false
Marshall Islands,MHL,1986,55989000.00,false
Marshall Islands,MHL,1987,62983000.00,false
Marshall Islands,MHL,1988,70688000.00,false
Marshall Islands,MHL,1989,72798000.00,false
Marshall Islands,MHL,1990,78476000.00,false
Marshall Islands,MHL,1991,82507000.00,false
Marshall Islands,MHL,1992,91063000.00,false
Marshall Islands,MHL,1993,99461000.00,false
Marshall Islands,MHL,1994,108071000.00,false
Marshall Islands,MHL,1995,120230000.00,false
Marshall Islands,MHL,1996,110858000.00,false
Marshall Islands,MHL,1997,110705600.00,false
Marshall Islands,MHL,1998,112279400.00,false
Marshall Islands,MHL,1999,114326300.00,false
Marshall Islands,MHL,2000,115347500.00,false
Marshall Islands,MHL,2001,122824000.00,false
Marshall Islands,MHL,2002,131738200.00,false
Marshall Islands,MHL,2003,131398500.00,false
Marshall Islands,MHL,2004,132934600.00,false
Marshall Islands,MHL,2005,137666300.00,false
Marshall Islands,MHL,2006,142745200.00,false
Marshall Islands,MHL,2007,149870000.00,false
Marshall Islands,MHL,2008,145969100.00,false
Marshall Islands,MHL,2009,150624900.00,false
Marshall Islands,MHL,2010,160318500.00,false
Marshall Islands,MHL,2011,171567100.00,false
Marshall Islands,MHL,2012,179855800.00,false
Marshall Islands,MHL,2013,185468000.00,false
Marshall Islands,MHL,2014,185172900.00,false
Marshall Islands,MHL,2015,182997300.00,false
Marshall Islands,MHL,2016,200716000.00,false
Marshall Islands,MHL,2017,212701200.00,false
Marshall Islands,MHL,2018,219330300.00,false
Marshall Islands,MHL,2019,232092300.00,false
Marshall Islands,MHL,2020,241722400.00,false
Marshall Islands,MHL,2021,259538700.00,false
Marshall Islands,MHL,2022,279667900.00,false
Middle income,MIC,1960,316376209430.52,true
Middle income,MIC,1961,313303886062.99,true
Middle income,MIC,1962,320085524430.75,true
Middle income,MIC,1963,343208421071.07,true
Middle income,MIC,1964,390696261920.41,true
Middle income,MIC,1965,431007931276.02,true
Middle income,MIC,1966,446005445246.89,true
Middle income,MIC,1967,458085789271.24,true
Middle income,MIC,1968,483839604813.95,true
Middle income,MIC,1969,540752617375.37,true
Middle income,MIC,1970,594602858158.58,true
Middle income,MIC,1971,639144217439.17,true
Middle income,MIC,1972,715919582279.35,true
Middle income,MIC,1973,914833294251.14,true
Middle income,MIC,1974,1161069117578.99,true
Middle income,MIC,1975,1282604977967.13,true
Middle income,MIC,1976,1378256736089.20,true
Middle income,MIC,1977,1545854791100.53,true
Middle income,MIC,1978,1715904581161.54,true
Middle income,MIC,1979,1992288749673.43,true
Middle income,MIC,1980,2353291017161.02,true
Middle income,MIC,1981,2649954735161.45,true
Middle income,MIC,1982,2609362555753.73,true
Middle income,MIC,1983,2520772212451.61,true
Middle income,MIC,1984,2599512223206.92,true
Middle income,MIC,1985,2696619172045.72,true
Middle income,MIC,1986,2798928238733.82,true
Middle income,MIC,1987,2899470710783.83,true
Middle income,MIC,1988,3084956766681.63,true
Middle income,MIC,1989,3216442505896.83,true
Middle income,MIC,1990,3697346151633.17,true
Middle income,MIC,1991,3553641933496.79,true
Middle income,MIC,1992,3712563843245.60,true
Middle income,MIC,1993,3965957275221.92,true
Middle income,MIC,1994,4298394115140.09,true
Middle income,MIC,1995,4825314214232.54,true
Middle income,MIC,1996,5288859968669.82,true
Middle income,MIC,1997,5596554559132.65,true
Middle income,MIC,1998,5414212859323.65,true
Middle income,MIC,1999,5297090345599.22,true
Middle income,MIC,2000,5776761011405.62,true
Middle income,MIC,2001,5831560036561.63,true
Middle income,MIC,2002,5970192042162.19,true
Middle income,MIC,2003,6732418464358.17,true
Middle income,MIC,2004,7992081898929.68,true
Middle income,MIC,2005,9511305976468.14,true
Middle income,MIC,2006,11293666564845.10,true
Middle income,MIC,2007,13954903602793.20,true
Middle income,MIC,2008,16694431978835.20,true
Middle income,MIC,2009,16305847816594.70,true
Middle income,MIC,2010,19889521929418.40,true
Middle income,MIC,2011,23725461596065.70,true
Middle income,MIC,2012,25291481601347.30,true
Middle income,MIC,2013,26794468512319.20,true
Middle income,MIC,2014,27693615809487.30,true
Middle income,MIC,2015,26235141991923.60,true
Middle income,MIC,2016,26474239454559.90,true
Middle income,MIC,2017,29101978685393.70,true
Middle income,MIC,2018,30947243041064.90,true
Middle income,MIC,2019,31667498458543.10,true
Middle income,MIC,2020,30547251417512.00,true
Middle income,MIC,2021,36066152279426.70,true
Middle income,MIC,2022,38164267887582.50,true
North Macedonia,MKD,1990,4699646643.11,false
North Macedonia,MKD,1991,4938775510.20,false
North Macedonia,MKD,1992,2436849341.98,false
North Macedonia,MKD,1993,2682456896.55,false
North Macedonia,MKD,1994,3559608612.56,false
North Macedonia,MKD,1995,4707041273.82,false
North Macedonia,MKD,1996,4642021256.31,false
North Macedonia,MKD,1997,3912986090.97,false
North Macedonia,MKD,1998,3765745000.16,false
North Macedonia,MKD,1999,3863619262.15,false
North Macedonia,MKD,2000,3772859053.29,false
North Macedonia,MKD,2001,3709636012.49,false
North Macedonia,MKD,2002,4018365767.82,false
North Macedonia,MKD,2003,4946296568.73,false
North Macedonia,MKD,2004,5682784433.36,false
North Macedonia,MKD,2005,6258602830.35,false
North Macedonia,MKD,2006,6861227018.42,false
North Macedonia,MKD,2007,8336475035.85,false
North Macedonia,MKD,2008,9909552355.62,false
North Macedonia,MKD,2009,9401736825.43,false
North Macedonia,MKD,2010,9407170388.83,false
North Macedonia,MKD,2011,10494626767.64,false
North Macedonia,MKD,2012,9745261300.58,false
North Macedonia,MKD,2013,10817702423.79,false
North Macedonia,MKD,2014,11362265293.56,false
North Macedonia,MKD,2015,10064519962.57,false
North Macedonia,MKD,2016,10672467073.29,false
North Macedonia,MKD,2017,11307067000.72,false
North Macedonia,MKD,2018,12683068033.10,false
North Macedonia,MKD,2019,12606338448.55,false
North Macedonia,MKD,2020,12363580534.68,false
North Macedonia,MKD,2021,13825049831.80,false
North Macedonia,MKD,2022,13563132057.25,false
Mali,MLI,1967,275494477.82,false
Mali,MLI,1968,343771973.33,false
Mali,MLI,1969,339913866.63,false
Mali,MLI,1970,359772315.07,false
Mali,MLI,1971,395218629.37,false
Mali,MLI,1972,486617279.36,false
Mali,MLI,1973,563683703.17,false
Mali,MLI,1974,538747340.77,false
Mali,MLI,1975,830710613.86,false
Mali,MLI,1976,939228016.20,false
Mali,MLI,1977,1049838549.96,false
Mali,MLI,1978,1222702571.58,false
Mali,MLI,1979,1595422953.68,false
Mali,MLI,1980,1759691182.95,false
Mali,MLI,1981,1538972426.91,false
Mali,MLI,1982,1333754226.22,false
Mali,MLI,1983,1297765325.82,false
Mali,MLI,1984,1232932104.67,false
Mali,MLI,1985,1392196048.89,false
Mali,MLI,1986,1852163455.54,false
Mali,MLI,1987,2090629984.18,false
Mali,MLI,1988,2169040604.51,false
Mali,MLI,1989,2181821905.94,false
Mali,MLI,1990,2681912149.15,false
Mali,MLI,1991,2724131460.11,false
Mali,MLI,1992,2830673380.80,false
Mali,MLI,1993,2818281080.11,false
Mali,MLI,1994,2081846499.04,false
Mali,MLI,1995,2706425157.93,false
Mali,MLI,1996,2780422047.73,false
Mali,MLI,1997,2697105821.83,false
Mali,MLI,1998,2920358712.65,false
Mali,MLI,1999,3440724707.81,false
Mali,MLI,2000,2961484953.73,false
Mali,MLI,2001,3468337941.09,false
Mali,MLI,2002,3908121309.86,false
Mali,MLI,2003,4714071978.29,false
Mali,MLI,2004,5454249122.71,false
Mali,MLI,2005,6247515892.30,false
Mali,MLI,2006,6905934219.29,false
Mali,MLI,2007,8156468818.01,false
Mali,MLI,2008,9838403090.96,false
Mali,MLI,2009,10231962382.78,false
Mali,MLI,2010,10689168011.44,false
Mali,MLI,2011,12995112698.01,false
Mali,MLI,2012,12442035328.04,false
Mali,MLI,2013,13242690790.06,false
Mali,MLI,2014,14364937127.70,false
Mali,MLI,2015,13104764378.71,false
Mali,MLI,2016,14026048334.21,false
Mali,MLI,2017,15365713059.11,false
Mali,MLI,2018,17070867577.67,false
Mali,MLI,2019,17280250805.22,false
Mali,MLI,2020,17465392779.04,false
Mali,MLI,2021,19309463505.98,false
Mali,MLI,2022,18827176532.32,false
Malta,MLT,1970,250721821.55,false
Malta,MLT,1971,264579879.78,false
Malta,MLT,1972,295118249.32,false
Malta,MLT,1973,345602025.38,false
Malta,MLT,1974,376094108.48,false
Malta,MLT,1975,474620439.58,false
Malta,MLT,1976,527936988.79,false
Malta,MLT,1977,625573345.53,false
Malta,MLT,1978,793675169.88,false
Malta,MLT,1979,1001300838.32,false
Malta,MLT,1980,1250242107.88,false
Malta,MLT,1981,1243469360.57,false
Malta,MLT,1982,1234518125.00,false
Malta,MLT,1983,1165771369.01,false
Malta,MLT,1984,1101828568.77,false
Malta,MLT,1985,1117835285.51,false
Malta,MLT,1986,1435079200.35,false
Malta,MLT,1987,1751247763.42,false
Malta,MLT,1988,2019474244.19,false
Malta,MLT,1989,2118574772.11,false
Malta,MLT,1990,2547163582.33,false
Malta,MLT,1991,2750041434.26,false
Malta,MLT,1992,3021910216.72,false
Malta,MLT,1993,2709178326.78,false
Malta,MLT,1994,2998570146.54,false
Malta,MLT,1995,3461332684.82,false
Malta,MLT,1996,3585755121.49,false
Malta,MLT,1997,3722389055.72,false
Malta,MLT,1998,3958227428.45,false
Malta,MLT,1999,4155187257.86,false
Malta,MLT,2000,4323339212.23,false
Malta,MLT,2001,4355146427.55,false
Malta,MLT,2002,4693495693.50,false
Malta,MLT,2003,5489359280.76,false
Malta,MLT,2004,6116591928.25,false
Malta,MLT,2005,6407287650.79,false
Malta,MLT,2006,6778321415.13,false
Malta,MLT,2007,7925403777.72,false
Malta,MLT,2008,9090376446.46,false
Malta,MLT,2009,8696304529.04,false
Malta,MLT,2010,9035819656.67,false
Malta,MLT,2011,9638733344.36,false
Malta,MLT,2012,9461826174.02,false
Malta,MLT,2013,10550968138.94,false
Malta,MLT,2014,11625843213.61,false
Malta,MLT,2015,11091467513.71,false
Malta,MLT,2016,11667976402.76,false
Malta,MLT,2017,13489296992.00,false
Malta,MLT,2018,15298004130.50,false
Malta,MLT,2019,15881258056.20,false
Malta,MLT,2020,15046136935.48,false
Malta,MLT,2021,17743376199.35,false
Malta,MLT,2022,17765270014.76,false
Myanmar,MMR,1961,584351384.46,false
Myanmar,MMR,1962,612517344.76,false
Myanmar,MMR,1963,659976659.60,false
Myanmar,MMR,1964,475197381.87,false
Myanmar,MMR,1965,402619413.65,false
Myanmar,MMR,1966,317816209.97,false
Myanmar,MMR,1967,328182434.54,false
Myanmar,MMR,1968,531186357.41,false
Myanmar,MMR,1969,551379225.91,false
Myanmar,MMR,1970,578992638.83,false
Myanmar,MMR,1971,559378375.68,false
Myanmar,MMR,1972,634525053.10,false
Myanmar,MMR,1973,667038769.09,false
Myanmar,MMR,1974,1000557949.59,false
Myanmar,MMR,1975,1128484859.03,false
Myanmar,MMR,1976,1155595925.09,false
Myanmar,MMR,1977,1000350726.87,false
Myanmar,MMR,1978,916914661.35,false
Myanmar,MMR,1979,919525191.64,false
Myanmar,MMR,1980,1010596805.48,false
Myanmar,MMR,1981,1064867669.39,false
Myanmar,MMR,1982,1302701536.67,false
Myanmar,MMR,1983,1427209835.80,false
Myanmar,MMR,1984,1354699245.07,false
Myanmar,MMR,1985,1310837294.26,false
Myanmar,MMR,1986,1590096758.97,false
Myanmar,MMR,1987,1448003803.86,false
Myanmar,MMR,1988,1392547742.83,false
Myanmar,MMR,1989,1674823310.86,false
Myanmar,MMR,1990,2036373522.69,false
Myanmar,MMR,1991,2137184858.04,false
Myanmar,MMR,1992,2216072577.11,false
Myanmar,MMR,1993,2809748387.10,false
Myanmar,MMR,1994,3821535779.82,false
Myanmar,MMR,1995,4879257847.77,false
Myanmar,MMR,1996,5759624742.27,false
Myanmar,MMR,1997,5633070602.54,false
Myanmar,MMR,1998,4613071494.63,false
Myanmar,MMR,1999,5643818689.48,false
Myanmar,MMR,2000,6849321645.96,false
Myanmar,MMR,2001,6220270632.34,false
Myanmar,MMR,2002,6110632857.67,false
Myanmar,MMR,2003,7754647428.07,false
Myanmar,MMR,2004,9390855297.74,false
Myanmar,MMR,2005,10588433068.85,false
Myanmar,MMR,2006,11863016315.29,false
Myanmar,MMR,2007,15591182544.71,false
Myanmar,MMR,2008,23013015832.10,false
Myanmar,MMR,2009,29455165594.69,false
Myanmar,MMR,2010,37796052938.73,false
Myanmar,MMR,2011,54118601974.79,false
Myanmar,MMR,2012,58318677644.95,false
Myanmar,MMR,2013,60572257122.30,false
Myanmar,MMR,2014,63264892768.37,false
Myanmar,MMR,2015,63045306513.93,false
Myanmar,MMR,2016,60291738934.78,false
Myanmar,MMR,2017,61449391917.13,false
Myanmar,MMR,2018,67144726167.93,false
Myanmar,MMR,2019,68697761477.18,false
Myanmar,MMR,2020,78930259068.53,false
Myanmar,MMR,2021,65124769601.75,false
Myanmar,MMR,2022,59364362540.55,false
Middle East & North Africa (excluding high income),MNA,1965,23810290583.67,true
Middle East & North Africa (excluding high income),MNA,1966,24818305646.73,true
Middle East & North Africa (excluding high income),MNA,1967,26868148665.62,true
Middle East & North Africa (excluding high income),MNA,1968,29559642720.34,true
Middle East & North Africa (excluding high income),MNA,1969,32795724265.07,true
Middle East & North Africa (excluding high income),MNA,1970,37041045402.71,true
Middle East & North Africa (excluding high income),MNA,1971,42465877969.78,true
Middle East & North Africa (excluding high income),MNA,1972,50671066925.68,true
Middle East & North Africa (excluding high income),MNA,1973,67263875069.57,true
Middle East & North Africa (excluding high income),MNA,1974,102537786306.18,true
Middle East & North Africa (excluding high income),MNA,1975,119312125730.55,true
Middle East & North Africa (excluding high income),MNA,1976,147273622929.50,true
Middle East & North Africa (excluding high income),MNA,1977,170439957379.81,true
Middle East & North Africa (excluding high income),MNA,1978,183193116894.24,true
Middle East & North Africa (excluding high income),MNA,1979,228497957185.15,true
Middle East & North Africa (excluding high income),MNA,1980,273628581283.87,true
Middle East & North Africa (excluding high income),MNA,1981,267035342020.83,true
Middle East & North Africa (excluding high income),MNA,1982,306280754022.57,true
Middle East & North Africa (excluding high income),MNA,1983,344207728574.37,true
Middle East & North Africa (excluding high income),MNA,1984,364418541881.35,true
Middle East & North Africa (excluding high income),MNA,1985,397323233713.95,true
Middle East & North Africa (excluding high income),MNA,1986,446510193616.14,true
Middle East & North Africa (excluding high income),MNA,1987,390485215638.73,true
Middle East & North Africa (excluding high income),MNA,1988,358479455706.06,true
Middle East & North Africa (excluding high income),MNA,1989,360489945430.17,true
Middle East & North Africa (excluding high income),MNA,1990,507141220137.50,true
Middle East & North Africa (excluding high income),MNA,1991,262766643338.00,true
Middle East & North Africa (excluding high income),MNA,1992,289376729240.24,true
Middle East & North Africa (excluding high income),MNA,1993,297118261901.42,true
Middle East & North Africa (excluding high income),MNA,1994,318546529596.62,true
Middle East & North Africa (excluding high income),MNA,1995,371191412877.52,true
Middle East & North Africa (excluding high income),MNA,1996,427895550438.95,true
Middle East & North Africa (excluding high income),MNA,1997,452412290027.75,true
Middle East & North Africa (excluding high income),MNA,1998,465947519773.80,true
Middle East & North Africa (excluding high income),MNA,1999,506226639650.34,true
Middle East & North Africa (excluding high income),MNA,2000,536175306891.65,true
Middle East & North Africa (excluding high income),MNA,2001,542328469799.71,true
Middle East & North Africa (excluding high income),MNA,2002,528297275874.74,true
Middle East & North Africa (excluding high income),MNA,2003,577707880430.60,true
Middle East & North Africa (excluding high income),MNA,2004,685783572798.75,true
Middle East & North Africa (excluding high income),MNA,2005,808536284369.62,true
Middle East & North Africa (excluding high income),MNA,2006,942305915002.97,true
Middle East & North Africa (excluding high income),MNA,2007,1148311867090.24,true
Middle East & North Africa (excluding high income),MNA,2008,1416250571755.31,true
Middle East & North Africa (excluding high income),MNA,2009,1378596088772.17,true
Middle East & North Africa (excluding high income),MNA,2010,1587780320761.47,true
Middle East & North Africa (excluding high income),MNA,2011,1636401102296.10,true
Middle East & North Africa (excluding high income),MNA,2012,1764808551707.30,true
Middle East & North Africa (excluding high income),MNA,2013,1624047544310.35,true
Middle East & North Africa (excluding high income),MNA,2014,1600856731724.61,true
Middle East & North Africa (excluding high income),MNA,2015,1439069681066.11,true
Middle East & North Africa (excluding high income),MNA,2016,1475844914342.24,true
Middle East & North Africa (excluding high income),MNA,2017,1476907778479.73,true
Middle East & North Africa (excluding high income),MNA,2018,1400046333583.24,true
Middle East & North Africa (excluding high income),MNA,2019,1408624610717.23,true
Middle East & North Africa (excluding high income),MNA,2020,1284929306042.49,true
Middle East & North Africa (excluding high income),MNA,2021,1507013655174.51,true
Middle East & North Africa (excluding high income),MNA,2022,1676993028171.17,true
Montenegro,MNE,2000,984292969.88,false
Montenegro,MNE,2001,1159869245.93,false
Montenegro,MNE,2002,1284685050.52,false
Montenegro,MNE,2003,1707710053.15,false
Montenegro,MNE,2004,2073234417.68,false
Montenegro,MNE,2005,2257174480.79,false
Montenegro,MNE,2006,2721903148.91,false
Montenegro,MNE,2007,3680711743.77,false
Montenegro,MNE,2008,4545674527.61,false
Montenegro,MNE,2009,4159330369.55,false
Montenegro,MNE,2010,4142983897.83,false
Montenegro,MNE,2011,4544429062.58,false
Montenegro,MNE,2012,4087525609.43,false
Montenegro,MNE,2013,4465771672.62,false
Montenegro,MNE,2014,4593852089.10,false
Montenegro,MNE,2015,4054728172.94,false
Montenegro,MNE,2016,4376929571.63,false
Montenegro,MNE,2017,4856602178.63,false
Montenegro,MNE,2018,5506944403.30,false
Montenegro,MNE,2019,5542053845.29,false
Montenegro,MNE,2020,4769995511.55,false
Montenegro,MNE,2021,5861430525.58,false
Montenegro,MNE,2022,6095978867.70,false
Mongolia,MNG,1981,2310099100.00,false
Mongolia,MNG,1982,2552401933.33,false
Mongolia,MNG,1983,2725736633.33,false
Mongolia,MNG,1984,2098734600.00,false
Mongolia,MNG,1985,2186505475.00,false
Mongolia,MNG,1986,2896178866.67,false
Mongolia,MNG,1987,3020611600.00,false
Mongolia,MNG,1988,3204461566.67,false
Mongolia,MNG,1989,3576966800.00,false
Mongolia,MNG,1990,2560785660.00,false
Mongolia,MNG,1991,2379018326.32,false
Mongolia,MNG,1992,1317611863.85,false
Mongolia,MNG,1993,768401634.15,false
Mongolia,MNG,1994,925817092.22,false
Mongolia,MNG,1995,1452165005.24,false
Mongolia,MNG,1996,1345719472.36,false
Mongolia,MNG,1997,1180934202.84,false
Mongolia,MNG,1998,1124440204.40,false
Mongolia,MNG,1999,1057408588.68,false
Mongolia,MNG,2000,1136896123.61,false
Mongolia,MNG,2001,1267997934.31,false
Mongolia,MNG,2002,1396555719.97,false
Mongolia,MNG,2003,1595297355.78,false
Mongolia,MNG,2004,1992066808.10,false
Mongolia,MNG,2005,2523471601.80,false
Mongolia,MNG,2006,3414055662.58,false
Mongolia,MNG,2007,4234999702.69,false
Mongolia,MNG,2008,5623216609.65,false
Mongolia,MNG,2009,4583850367.89,false
Mongolia,MNG,2010,7189482000.67,false
Mongolia,MNG,2011,10409797375.12,false
Mongolia,MNG,2012,12292770631.20,false
Mongolia,MNG,2013,12582122604.19,false
Mongolia,MNG,2014,12226514666.04,false
Mongolia,MNG,2015,11619892592.66,false
Mongolia,MNG,2016,11181350649.22,false
Mongolia,MNG,2017,11480847740.08,false
Mongolia,MNG,2018,13178094719.86,false
Mongolia,MNG,2019,14206359016.40,false
Mongolia,MNG,2020,13312981427.40,false
Mongolia,MNG,2021,15286441740.13,false
Mongolia,MNG,2022,16810883360.91,false
Northern Mariana Islands,MNP,2002,1284000000.00,false
Northern Mariana Islands,MNP,2003,1239000000.00,false
Northern Mariana Islands,MNP,2004,1210000000.00,false
Northern Mariana Islands,MNP,2005,1061000000.00,false
Northern Mariana Islands,MNP,2006,990000000.00,false
Northern Mariana Islands,MNP,2007,938000000.00,false
Northern Mariana Islands,MNP,2008,939000000.00,false
Northern Mariana Islands,MNP,2009,795000000.00,false
Northern Mariana Islands,MNP,2010,799000000.00,false
Northern Mariana Islands,MNP,2011,729000000.00,false
Northern Mariana Islands,MNP,2012,746000000.00,false
Northern Mariana Islands,MNP,2013,772000000.00,false
Northern Mariana Islands,MNP,2014,832000000.00,false
Northern Mariana Islands,MNP,2015,910000000.00,false
Northern Mariana Islands,MNP,2016,1230000000.00,false
Northern Mariana Islands,MNP,2017,1560000000.00,false
Northern Mariana Islands,MNP,2018,1301000000.00,false
Northern Mariana Islands,MNP,2019,1181000000.00,false
Northern Mariana Islands,MNP,2020,858000000.00,false
Mozambique,MOZ,1991,3633488385.06,false
Mozambique,MOZ,1992,2640001311.32,false
Mozambique,MOZ,1993,2729524758.00,false
Mozambique,MOZ,1994,2796555381.46,false
Mozambique,MOZ,1995,2899912130.17,false
Mozambique,MOZ,1996,3856799844.16,false
Mozambique,MOZ,1997,4648838896.07,false
Mozambique,MOZ,1998,5263884908.24,false
Mozambique,MOZ,1999,5976402585.91,false
Mozambique,MOZ,2000,5656473652.41,false
Mozambique,MOZ,2001,5398557896.16,false
Mozambique,MOZ,2002,5677013628.85,false
Mozambique,MOZ,2003,6303399757.82,false
Mozambique,MOZ,2004,7631106170.95,false
Mozambique,MOZ,2005,8542083074.15,false
Mozambique,MOZ,2006,9176896597.17,false
Mozambique,MOZ,2007,10450826527.21,false
Mozambique,MOZ,2008,12556173242.77,false
Mozambique,MOZ,2009,11914471512.77,false
Mozambique,MOZ,2010,11104649065.16,false
Mozambique,MOZ,2011,14381552466.60,false
Mozambique,MOZ,2012,16350813486.99,false
Mozambique,MOZ,2013,16974314296.22,false
Mozambique,MOZ,2014,17716091057.27,false
Mozambique,MOZ,2015,15950979333.16,false
Mozambique,MOZ,2016,11936993086.96,false
Mozambique,MOZ,2017,13219079497.71,false
Mozambique,MOZ,2018,14845400592.67,false
Mozambique,MOZ,2019,15390031040.00,false
Mozambique,MOZ,2020,14156864916.47,false
Mozambique,MOZ,2021,15776757419.52,false
Mozambique,MOZ,2022,17851491427.68,false
Mauritania,MRT,1961,159213426.50,false
Mauritania,MRT,1962,164271553.70,false
Mauritania,MRT,1963,168186293.25,false
Mauritania,MRT,1964,224495738.51,false
Mauritania,MRT,1965,255340469.01,false
Mauritania,MRT,1966,266533598.90,false
Mauritania,MRT,1967,282615303.57,false
Mauritania,MRT,1968,311395929.92,false
Mauritania,MRT,1969,295062290.32,false
Mauritania,MRT,1970,309405315.75,false
Mauritania,MRT,1971,335568937.06,false
Mauritania,MRT,1972,391669449.25,false
Mauritania,MRT,1973,493237913.18,false
Mauritania,MRT,1974,613010507.42,false
Mauritania,MRT,1975,703377837.47,false
Mauritania,MRT,1976,775045516.87,false
Mauritania,MRT,1977,799029958.72,false
Mauritania,MRT,1978,804629876.76,false
Mauritania,MRT,1979,951900945.21,false
Mauritania,MRT,1980,1047925029.53,false
Mauritania,MRT,1981,1105494605.37,false
Mauritania,MRT,1982,1108776724.18,false
Mauritania,MRT,1983,1165171334.26,false
Mauritania,MRT,1984,1074373174.16,false
Mauritania,MRT,1985,1009723326.32,false
Mauritania,MRT,1986,1186628778.52,false
Mauritania,MRT,1987,1344664663.99,false
Mauritania,MRT,1988,1414951227.40,false
Mauritania,MRT,1989,1450647019.18,false
Mauritania,MRT,1990,1506914407.82,false
Mauritania,MRT,1991,2133692609.96,false
Mauritania,MRT,1992,2164298425.48,false
Mauritania,MRT,1993,1847353160.37,false
Mauritania,MRT,1994,1944876755.01,false
Mauritania,MRT,1995,2091726047.70,false
Mauritania,MRT,1996,2132087061.08,false
Mauritania,MRT,1997,2071996518.57,false
Mauritania,MRT,1998,2032347629.01,false
Mauritania,MRT,1999,1985922807.13,false
Mauritania,MRT,2000,1779520861.64,false
Mauritania,MRT,2001,1746063580.38,false
Mauritania,MRT,2002,1777057503.06,false
Mauritania,MRT,2003,2051147606.74,false
Mauritania,MRT,2004,2362501023.24,false
Mauritania,MRT,2005,2936019525.60,false
Mauritania,MRT,2006,3919577285.93,false
Mauritania,MRT,2007,4346212411.05,false
Mauritania,MRT,2008,5206437120.95,false
Mauritania,MRT,2009,4714595487.85,false
Mauritania,MRT,2010,5628878865.99,false
Mauritania,MRT,2011,6764627665.69,false
Mauritania,MRT,2012,6728208836.22,false
Mauritania,MRT,2013,7223071177.16,false
Mauritania,MRT,2014,6592537781.82,false
Mauritania,MRT,2015,6166863960.00,false
Mauritania,MRT,2016,6398741855.76,false
Mauritania,MRT,2017,6800138755.35,false
Mauritania,MRT,2018,7473550557.07,false
Mauritania,MRT,2019,8066118984.31,false
Mauritania,MRT,2020,8405498735.74,false
Mauritania,MRT,2021,9996240418.71,false
Mauritania,MRT,2022,10375460680.44,false
Mauritius,MUS,1976,704030891.26,false
Mauritius,MUS,1977,823633426.24,false
Mauritius,MUS,1978,1015369264.07,false
Mauritius,MUS,1979,1211139631.33,false
Mauritius,MUS,1980,1131789419.04,false
Mauritius,MUS,1981,1142388228.18,false
Mauritius,MUS,1982,1078403870.34,false
Mauritius,MUS,1983,1090276947.31,false
Mauritius,MUS,1984,1040554576.01,false
Mauritius,MUS,1985,1076122255.82,false
Mauritius,MUS,1986,1462904781.85,false
Mauritius,MUS,1987,1880850480.07,false
Mauritius,MUS,1988,2134513096.52,false
Mauritius,MUS,1989,2181935024.14,false
Mauritius,MUS,1990,2653485952.13,false
Mauritius,MUS,1991,2856889159.59,false
Mauritius,MUS,1992,3224265821.37,false
Mauritius,MUS,1993,3263363787.17,false
Mauritius,MUS,1994,3558143644.06,false
Mauritius,MUS,1995,4040342060.18,false
Mauritius,MUS,1996,4421952122.98,false
Mauritius,MUS,1997,4187375887.41,false
Mauritius,MUS,1998,4169672974.85,false
Mauritius,MUS,1999,4343708895.59,false
Mauritius,MUS,2000,4663321022.23,false
Mauritius,MUS,2001,4613637222.14,false
Mauritius,MUS,2002,4841310239.64,false
Mauritius,MUS,2003,5816559038.55,false
Mauritius,MUS,2004,6578840498.67,false
Mauritius,MUS,2005,6488743119.74,false
Mauritius,MUS,2006,7028810754.78,false
Mauritius,MUS,2007,8150150144.16,false
Mauritius,MUS,2008,9990356849.29,false
Mauritius,MUS,2009,9128843109.16,false
Mauritius,MUS,2010,10003670690.35,false
Mauritius,MUS,2011,11518413429.97,false
Mauritius,MUS,2012,11668696526.23,false
Mauritius,MUS,2013,12292974007.94,false
Mauritius,MUS,2014,13074130094.37,false
Mauritius,MUS,2015,12007291045.65,false
Mauritius,MUS,2016,12594155346.30,false
Mauritius,MUS,2017,13713505998.04,false
Mauritius,MUS,2018,14735695930.97,false
Mauritius,MUS,2019,14436347115.29,false
Mauritius,MUS,2020,11401040995.99,false
Mauritius,MUS,2021,11476433603.78,false
Mauritius,MUS,2022,12898307089.13,false
Malawi,MWI,1980,1801157516.23,false
Malawi,MWI,1981,1801193743.88,false
Malawi,MWI,1982,1717379360.43,false
Malawi,MWI,1983,1780147545.96,false
Malawi,MWI,1984,1758028656.75,false
Malawi,MWI,1985,1646442592.58,false
Malawi,MWI,1986,1722585991.07,false
Malawi,MWI,1987,1721712198.26,false
Malawi,MWI,1988,2008189638.95,false
Malawi,MWI,1989,2314204989.72,false
Malawi,MWI,1990,2737088195.94,false
Malawi,MWI,1991,3206784402.38,false
Malawi,MWI,1992,2618837532.19,false
Malawi,MWI,1993,3013392429.86,false
Malawi,MWI,1994,1719864761.31,false
Malawi,MWI,1995,2033701542.33,false
Malawi,MWI,1996,3319573821.89,false
Malawi,MWI,1997,3875785863.38,false
Malawi,MWI,1998,2547609562.74,false
Malawi,MWI,1999,2584478943.60,false
Malawi,MWI,2000,2537307566.12,false
Malawi,MWI,2001,2498008653.14,false
Malawi,MWI,2002,5087328437.87,false
Malawi,MWI,2003,4669789300.36,false
Malawi,MWI,2004,5058726350.49,false
Malawi,MWI,2005,5320409651.48,false
Malawi,MWI,2006,5818279739.14,false
Malawi,MWI,2007,6451210219.12,false
Malawi,MWI,2008,7743617352.21,false
Malawi,MWI,2009,9009887946.82,false
Malawi,MWI,2010,10128323010.60,false
Malawi,MWI,2011,11648142958.37,false
Malawi,MWI,2012,8773203178.17,false
Malawi,MWI,2013,8031571927.62,false
Malawi,MWI,2014,8801326169.15,false
Malawi,MWI,2015,9219474373.16,false
Malawi,MWI,2016,7909868618.46,false
Malawi,MWI,2017,8943543677.19,false
Malawi,MWI,2018,9880675785.93,false
Malawi,MWI,2019,11025371147.19,false
Malawi,MWI,2020,12056108780.21,false
Malawi,MWI,2021,12602334123.76,false
Malawi,MWI,2022,13164667626.94,false
Malaysia,MYS,1960,1916229475.85,false
Malaysia,MYS,1961,1901856121.44,false
Malaysia,MYS,1962,2001489600.84,false
Malaysia,MYS,1963,2510110346.47,false
Malaysia,MYS,1964,2674423920.69,false
Malaysia,MYS,1965,2956337667.30,false
Malaysia,MYS,1966,3143517941.71,false
Malaysia,MYS,1967,3188924674.94,false
Malaysia,MYS,1968,3330371548.97,false
Malaysia,MYS,1969,3664552038.88,false
Malaysia,MYS,1970,3864145664.81,false
Malaysia,MYS,1971,4244395358.10,false
Malaysia,MYS,1972,5043347485.91,false
Malaysia,MYS,1973,7662903760.34,false
Malaysia,MYS,1974,9496205619.75,false
Malaysia,MYS,1975,9298800799.47,false
Malaysia,MYS,1976,11050234602.25,false
Malaysia,MYS,1977,13139486857.96,false
Malaysia,MYS,1978,16358082222.90,false
Malaysia,MYS,1979,21213268200.39,false
Malaysia,MYS,1980,24488220937.78,false
Malaysia,MYS,1981,25004285800.83,false
Malaysia,MYS,1982,26804497470.73,false
Malaysia,MYS,1983,30347442121.83,false
Malaysia,MYS,1984,33942902256.95,false
Malaysia,MYS,1985,31199637541.32,false
Malaysia,MYS,1986,27734114980.97,false
Malaysia,MYS,1987,32181205900.58,false
Malaysia,MYS,1988,35272104730.57,false
Malaysia,MYS,1989,38847970073.31,false
Malaysia,MYS,1990,44024585239.61,false
Malaysia,MYS,1991,49143148094.27,false
Malaysia,MYS,1992,59167550162.96,false
Malaysia,MYS,1993,66894966968.97,false
Malaysia,MYS,1994,74478356957.78,false
Malaysia,MYS,1995,88705342902.71,false
Malaysia,MYS,1996,100855393910.49,false
Malaysia,MYS,1997,100005323301.87,false
Malaysia,MYS,1998,72167498980.84,false
Malaysia,MYS,1999,79148421052.63,false
Malaysia,MYS,2000,93789736842.11,false
Malaysia,MYS,2001,92783947368.42,false
Malaysia,MYS,2002,100845526315.79,false
Malaysia,MYS,2003,110202368421.05,false
Malaysia,MYS,2004,124749473684.21,false
Malaysia,MYS,2005,143534418452.15,false
Malaysia,MYS,2006,162692260155.07,false
Malaysia,MYS,2007,193549547954.75,false
Malaysia,MYS,2008,230811591306.52,false
Malaysia,MYS,2009,202257458160.85,false
Malaysia,MYS,2010,255017645207.18,false
Malaysia,MYS,2011,297951667650.45,false
Malaysia,MYS,2012,314443061220.14,false
Malaysia,MYS,2013,323276281683.44,false
Malaysia,MYS,2014,338066121289.41,false
Malaysia,MYS,2015,301354783698.72,false
Malaysia,MYS,2016,301255332137.08,false
Malaysia,MYS,2017,319109103242.06,false
Malaysia,MYS,2018,358788833524.94,false
Malaysia,MYS,2019,365177744321.01,false
Malaysia,MYS,2020,337339463179.96,false
Malaysia,MYS,2021,372981073017.75,false
Malaysia,MYS,2022,406305924656.07,false
North America,NAC,1960,583846865155.96,true
North America,NAC,1961,604324383529.86,true
North America,NAC,1962,647421507831.27,true
North America,NAC,1963,683726091142.69,true
North America,NAC,1964,735285529799.61,true
North America,NAC,1965,798329454784.97,true
North America,NAC,1966,876221164375.33,true
North America,NAC,1967,927523614111.89,true
North America,NAC,1968,1014480047239.01,true
North America,NAC,1969,1099212903144.71,true
North America,NAC,1970,1161681557632.31,true
North America,NAC,1971,1264666514680.04,true
North America,NAC,1972,1392809248873.62,true
North America,NAC,1973,1557411142644.97,true
North America,NAC,1974,1706501904010.36,true
North America,NAC,1975,1859675742591.50,true
North America,NAC,1976,2081063962814.82,true
North America,NAC,1977,2294598176304.65,true
North America,NAC,1978,2571452194594.98,true
North America,NAC,1979,2871736224251.83,true
North America,NAC,1980,3132690552139.76,true
North America,NAC,1981,3515025943002.17,true
North America,NAC,1982,3659213403680.76,true
North America,NAC,1983,3976790396303.07,true
North America,NAC,1984,4395326572390.41,true
North America,NAC,1985,4706202530269.80,true
North America,NAC,1986,4959819231231.83,true
North America,NAC,1987,5289651428003.93,true
North America,NAC,1988,5747232777228.07,true
North America,NAC,1989,6210306867066.47,true
North America,NAC,1990,6560825464840.25,true
North America,NAC,1991,6772277795512.61,true
North America,NAC,1992,7116382987449.39,true
North America,NAC,1993,7439438360930.93,true
North America,NAC,1994,7869047506907.27,true
North America,NAC,1995,8247720786992.14,true
North America,NAC,1996,8706415377889.29,true
North America,NAC,1997,9235475216556.61,true
North America,NAC,1998,9699946684246.95,true
North America,NAC,1999,10312908917711.90,true
North America,NAC,2000,10999201631931.60,true
North America,NAC,2001,11324572986044.50,true
North America,NAC,2002,11693699517098.00,true
North America,NAC,2003,12356169212634.80,true
North America,NAC,2004,13248368139278.30,true
North America,NAC,2005,14217175927778.70,true
North America,NAC,2006,15140995757591.00,true
North America,NAC,2007,15949814312783.30,true
North America,NAC,2008,16329827601721.70,true
North America,NAC,2009,15859346076157.30,true
North America,NAC,2010,16672942337486.30,true
North America,NAC,2011,17399367444174.50,true
North America,NAC,2012,18088716899521.60,true
North America,NAC,2013,18696254170835.00,true
North America,NAC,2014,19362844040439.90,true
North America,NAC,2015,19769184098217.10,true
North America,NAC,2016,20230005494907.40,true
North America,NAC,2017,21133744509244.10,true
North America,NAC,2018,22265581227435.80,true
North America,NAC,2019,23132124767672.50,true
North America,NAC,2020,22714959162302.70,true
North America,NAC,2021,25323694505423.90,true
North America,NAC,2022,27610090523673.80,true
Namibia,NAM,1980,2421991155.00,false
Namibia,NAM,1981,2249908724.56,false
Namibia,NAM,1982,2118710573.94,false
Namibia,NAM,1983,2297400688.07,false
Namibia,NAM,1984,1951259376.82,false
Namibia,NAM,1985,1608237350.82,false
Namibia,NAM,1986,1809048791.25,false
Namibia,NAM,1987,2300067840.46,false
Namibia,NAM,1988,2495095295.18,false
Namibia,NAM,1989,2535135314.27,false
Namibia,NAM,1990,2789922033.09,false
Namibia,NAM,1991,2996869281.48,false
Namibia,NAM,1992,3429521498.99,false
Namibia,NAM,1993,3251189247.70,false
Namibia,NAM,1994,3666503185.43,false
Namibia,NAM,1995,3978514206.31,false
Namibia,NAM,1996,3989163041.93,false
Namibia,NAM,1997,4154990250.57,false
Namibia,NAM,1998,3873109748.79,false
Namibia,NAM,1999,3868551624.86,false
Namibia,NAM,2000,3922231976.44,false
Namibia,NAM,2001,3557341284.02,false
Namibia,NAM,2002,3349169932.30,false
Namibia,NAM,2003,4926439274.97,false
Namibia,NAM,2004,6609206506.35,false
Namibia,NAM,2005,7248375216.59,false
Namibia,NAM,2006,8001779551.06,false
Namibia,NAM,2007,8839536893.68,false
Namibia,NAM,2008,8607431845.20,false
Namibia,NAM,2009,8938847363.88,false
Namibia,NAM,2010,11431412421.13,false
Namibia,NAM,2011,12523359440.55,false
Namibia,NAM,2012,13042053856.97,false
Namibia,NAM,2013,12043307277.12,false
Namibia,NAM,2014,12435430396.19,false
Namibia,NAM,2015,11335161230.16,false
Namibia,NAM,2016,10722018975.08,false
Namibia,NAM,2017,12895153160.47,false
Namibia,NAM,2018,13682019171.66,false
Namibia,NAM,2019,12541928102.77,false
Namibia,NAM,2020,10583748757.33,false
Namibia,NAM,2021,12446290854.90,false
Namibia,NAM,2022,12607436975.95,false
New Caledonia,NCL,1965,159594492.31,false
New Caledonia,NCL,1966,164206536.28,false
New Caledonia,NCL,1967,180036767.47,false
New Caledonia,NCL,1968,215507162.36,false
New Caledonia,NCL,1969,263108841.08,false
New Caledonia,NCL,1970,358815683.72,false
New Caledonia,NCL,1971,413985777.67,false
New Caledonia,NCL,1972,506808996.96,false
New Caledonia,NCL,1973,542293400.03,false
New Caledonia,NCL,1974,637403479.73,false
New Caledonia,NCL,1975,816652167.29,false
New Caledonia,NCL,1976,798313524.68,false
New Caledonia,NCL,1977,837620127.34,false
New Caledonia,NCL,1978,846004692.26,false
New Caledonia,NCL,1979,1047225724.45,false
New Caledonia,NCL,1980,1182463958.70,false
New Caledonia,NCL,1981,972564156.97,false
New Caledonia,NCL,1982,904599871.52,false
New Caledonia,NCL,1983,823857894.30,false
New Caledonia,NCL,1984,796066192.87,false
New Caledonia,NCL,1985,854820894.10,false
New Caledonia,NCL,1986,1201321509.33,false
New Caledonia,NCL,1987,1488093104.57,false
New Caledonia,NCL,1988,2072775508.24,false
New Caledonia,NCL,1989,2185082943.55,false
New Caledonia,NCL,1990,2529440424.29,false
New Caledonia,NCL,1991,2653780677.01,false
New Caledonia,NCL,1992,2923883289.64,false
New Caledonia,NCL,1993,2822243775.11,false
New Caledonia,NCL,1994,3038728391.46,false
New Caledonia,NCL,1995,3628440524.39,false
New Caledonia,NCL,1996,3606968436.37,false
New Caledonia,NCL,1997,3291131295.15,false
New Caledonia,NCL,1998,3556304834.40,false
New Caledonia,NCL,1999,3647802046.22,false
New Caledonia,NCL,2000,3420032042.31,false
New Caledonia,NCL,2001,3297734885.79,false
New Caledonia,NCL,2002,3740056751.53,false
New Caledonia,NCL,2003,4915353825.59,false
New Caledonia,NCL,2004,5895008984.56,false
New Caledonia,NCL,2005,6238629461.59,false
New Caledonia,NCL,2006,6979155408.44,false
New Caledonia,NCL,2007,8819917187.11,false
New Caledonia,NCL,2008,9067619729.00,false
New Caledonia,NCL,2009,8704438060.52,false
New Caledonia,NCL,2010,9364350064.99,false
New Caledonia,NCL,2011,10351448025.30,false
New Caledonia,NCL,2012,9659151908.65,false
New Caledonia,NCL,2013,10151382876.81,false
New Caledonia,NCL,2014,10635035550.01,false
New Caledonia,NCL,2015,8738203041.55,false
New Caledonia,NCL,2016,8724568970.68,false
New Caledonia,NCL,2017,9173669999.59,false
New Caledonia,NCL,2018,9896402295.48,false
New Caledonia,NCL,2019,9475655341.98,false
New Caledonia,NCL,2020,9454629451.03,false
New Caledonia,NCL,2021,10071349707.16,false
Niger,NER,1960,449526872.57,false
Niger,NER,1961,485785231.73,false
Niger,NER,1962,531736599.93,false
Niger,NER,1963,586294879.47,false
Niger,NER,1964,582816396.22,false
Niger,NER,1965,673383510.24,false
Niger,NER,1966,702296079.86,false
Niger,NER,1967,665586872.84,false
Niger,NER,1968,641214226.84,false
Niger,NER,1969,625867984.43,false
Niger,NER,1970,649916621.18,false
Niger,NER,1971,693573704.42,false
Niger,NER,1972,742779659.46,false
Niger,NER,1973,946385104.97,false
Niger,NER,1974,1026137112.44,false
Niger,NER,1975,1048690931.54,false
Niger,NER,1976,1064517600.10,false
Niger,NER,1977,1291458043.74,false
Niger,NER,1978,1774365587.87,false
Niger,NER,1979,2109277663.10,false
Niger,NER,1980,2508524715.80,false
Niger,NER,1981,2170893417.98,false
Niger,NER,1982,2017612217.83,false
Niger,NER,1983,1803099561.08,false
Niger,NER,1984,1461243326.84,false
Niger,NER,1985,1440581653.32,false
Niger,NER,1986,1904097000.75,false
Niger,NER,1987,2233006101.94,false
Niger,NER,1988,2280356194.15,false
Niger,NER,1989,2179567111.00,false
Niger,NER,1990,3512356508.47,false
Niger,NER,1991,3285796877.20,false
Niger,NER,1992,3386232582.42,false
Niger,NER,1993,3052673843.86,false
Niger,NER,1994,1938058176.42,false
Niger,NER,1995,2302537562.70,false
Niger,NER,1996,2405686938.76,false
Niger,NER,1997,2290318908.82,false
Niger,NER,1998,2643363520.93,false
Niger,NER,1999,2537789819.38,false
Niger,NER,2000,2241753192.71,false
Niger,NER,2001,2448714703.10,false
Niger,NER,2002,2782192880.69,false
Niger,NER,2003,3394084731.49,false
Niger,NER,2004,3760443735.46,false
Niger,NER,2005,4383315967.50,false
Niger,NER,2006,4756361253.33,false
Niger,NER,2007,5731485046.09,false
Niger,NER,2008,7297600218.92,false
Niger,NER,2009,7352131304.40,false
Niger,NER,2010,7851192498.77,false
Niger,NER,2011,8772950783.02,false
Niger,NER,2012,9426912639.20,false
Niger,NER,2013,10224897440.92,false
Niger,NER,2014,10862943546.29,false
Niger,NER,2015,9683867926.73,false
Niger,NER,2016,10398861980.65,false
Niger,NER,2017,11185101444.37,false
Niger,NER,2018,12808661487.40,false
Niger,NER,2019,12916454870.55,false
Niger,NER,2020,13744174582.25,false
Niger,NER,2021,14915002098.50,false
Niger,NER,2022,13969605582.52,false
Nigeria,NGA,1960,4196174503.21,false
Nigeria,NGA,1961,4467287894.87,false
Nigeria,NGA,1962,4909399178.20,false
Nigeria,NGA,1963,5165590255.83,false
Nigeria,NGA,1964,5552931321.05,false
Nigeria,NGA,1965,5874537652.53,false
Nigeria,NGA,1966,6366917455.78,false
Nigeria,NGA,1967,5203237920.79,false
Nigeria,NGA,1968,5200997921.68,false
Nigeria,NGA,1969,6634317348.93,false
Nigeria,NGA,1970,12546094986.58,false
Nigeria,NGA,1971,9181769911.50,false
Nigeria,NGA,1972,12274416017.80,false
Nigeria,NGA,1973,15162871287.13,false
Nigeria,NGA,1974,24846641318.12,false
Nigeria,NGA,1975,27778934624.70,false
Nigeria,NGA,1976,36308883248.73,false
Nigeria,NGA,1977,36035407725.32,false
Nigeria,NGA,1978,36527862208.71,false
Nigeria,NGA,1979,47259911894.27,false
Nigeria,NGA,1980,64201788122.61,false
Nigeria,NGA,1981,164475209515.94,false
Nigeria,NGA,1982,142769363314.18,false
Nigeria,NGA,1983,97094911792.05,false
Nigeria,NGA,1984,73484359521.49,false
Nigeria,NGA,1985,73745821158.23,false
Nigeria,NGA,1986,54805852580.91,false
Nigeria,NGA,1987,52676041931.11,false
Nigeria,NGA,1988,49648470440.46,false
Nigeria,NGA,1989,44003061108.40,false
Nigeria,NGA,1990,54035795387.81,false
Nigeria,NGA,1991,49118434950.42,false
Nigeria,NGA,1992,47794954191.50,false
Nigeria,NGA,1993,27752204787.49,false
Nigeria,NGA,1994,33833043777.74,false
Nigeria,NGA,1995,44062465417.94,false
Nigeria,NGA,1996,51075815092.50,false
Nigeria,NGA,1997,54457835603.14,false
Nigeria,NGA,1998,54604050168.18,false
Nigeria,NGA,1999,59372679433.17,false
Nigeria,NGA,2000,69448962760.88,false
Nigeria,NGA,2001,74030562269.97,false
Nigeria,NGA,2002,95054094655.33,false
Nigeria,NGA,2003,104738980156.96,false
Nigeria,NGA,2004,135764715375.21,false
Nigeria,NGA,2005,175670536601.01,false
Nigeria,NGA,2006,238454952231.57,false
Nigeria,NGA,2007,278260808841.03,false
Nigeria,NGA,2008,339476215683.59,false
Nigeria,NGA,2009,295008767295.04,false
Nigeria,NGA,2010,366990528103.08,false
Nigeria,NGA,2011,414466540786.74,false
Nigeria,NGA,2012,463971000388.61,false
Nigeria,NGA,2013,520117163617.72,false
Nigeria,NGA,2014,574183825592.36,false
Nigeria,NGA,2015,493026782401.56,false
Nigeria,NGA,2016,404649048648.03,false
Nigeria,NGA,2017,375745732274.68,false
Nigeria,NGA,2018,421739210176.15,false
Nigeria,NGA,2019,474517470742.75,false
Nigeria,NGA,2020,432198936002.18,false
Nigeria,NGA,2021,440833583992.48,false
Nigeria,NGA,2022,477386120635.84,false
Nicaragua,NIC,1960,227223322.14,false
Nicaragua,NIC,1961,244144236.65,false
Nicaragua,NIC,1962,269283803.69,false
Nicaragua,NIC,1963,297324163.10,false
Nicaragua,NIC,1964,347119918.16,false
Nicaragua,NIC,1965,564290020.38,false
Nicaragua,NIC,1966,607140010.48,false
Nicaragua,NIC,1967,657140010.75,false
Nicaragua,NIC,1968,692859984.61,false
Nicaragua,NIC,1969,750000002.89,false
Nicaragua,NIC,1970,778569938.82,false
Nicaragua,NIC,1971,828569953.47,false
Nicaragua,NIC,1972,878570045.45,false
Nicaragua,NIC,1973,1092900014.79,false
Nicaragua,NIC,1974,1521400011.53,false
Nicaragua,NIC,1975,1581599958.60,false
Nicaragua,NIC,1976,1836899998.95,false
Nicaragua,NIC,1977,2226999873.72,false
Nicaragua,NIC,1978,2127699978.78,false
Nicaragua,NIC,1979,1567599981.70,false
Nicaragua,NIC,1980,2144300006.18,false
Nicaragua,NIC,1981,2474700227.05,false
Nicaragua,NIC,1982,2454499872.04,false
Nicaragua,NIC,1983,2753100057.79,false
Nicaragua,NIC,1984,3117599872.09,false
Nicaragua,NIC,1985,2683699935.36,false
Nicaragua,NIC,1986,2885799993.92,false
Nicaragua,NIC,1987,3851200117.77,false
Nicaragua,NIC,1988,2630900095.60,false
Nicaragua,NIC,1989,1013184755.57,false
Nicaragua,NIC,1990,1009455476.11,false
Nicaragua,NIC,1991,1488804123.71,false
Nicaragua,NIC,1992,1792800000.00,false
Nicaragua,NIC,1993,1756454248.37,false
Nicaragua,NIC,1994,3863185119.05,false
Nicaragua,NIC,1995,4140470000.00,false
Nicaragua,NIC,1996,4308351902.79,false
Nicaragua,NIC,1997,4389973334.98,false
Nicaragua,NIC,1998,4635267224.84,false
Nicaragua,NIC,1999,4855717874.68,false
Nicaragua,NIC,2000,5107329007.09,false
Nicaragua,NIC,2001,5323146565.70,false
Nicaragua,NIC,2002,5224213017.54,false
Nicaragua,NIC,2003,5322454925.85,false
Nicaragua,NIC,2004,5795568204.65,false
Nicaragua,NIC,2005,6321324455.17,false
Nicaragua,NIC,2006,6763418645.81,false
Nicaragua,NIC,2007,7423365274.89,false
Nicaragua,NIC,2008,8496948184.42,false
Nicaragua,NIC,2009,8298736471.12,false
Nicaragua,NIC,2010,8758619130.58,false
Nicaragua,NIC,2011,9774320144.00,false
Nicaragua,NIC,2012,10531980451.18,false
Nicaragua,NIC,2013,10982954744.44,false
Nicaragua,NIC,2014,11880433902.94,false
Nicaragua,NIC,2015,12756722238.37,false
Nicaragua,NIC,2016,13286066154.96,false
Nicaragua,NIC,2017,13785890939.44,false
Nicaragua,NIC,2018,13025266513.32,false
Nicaragua,NIC,2019,12699028889.67,false
Nicaragua,NIC,2020,12678162359.40,false
Nicaragua,NIC,2021,14145852100.76,false
Nicaragua,NIC,2022,15671583877.97,false
Netherlands,NLD,1960,12276734172.08,false
Netherlands,NLD,1961,13493833739.99,false
Netherlands,NLD,1962,14647057370.14,false
Netherlands,NLD,1963,15891241386.29,false
Netherlands,NLD,1964,18699380731.35,false
Netherlands,NLD,1965,21000586933.20,false
Netherlands,NLD,1966,22867203317.40,false
Netherlands,NLD,1967,25087562181.32,false
Netherlands,NLD,1968,27817605743.25,false
Netherlands,NLD,1969,34035946604.18,false
Netherlands,NLD,1970,38164716625.07,false
Netherlands,NLD,1971,44579122807.02,false
Netherlands,NLD,1972,54706557264.49,false
Netherlands,NLD,1973,71840909664.20,false
Netherlands,NLD,1974,87243413394.54,false
Netherlands,NLD,1975,100249523353.08,false
Netherlands,NLD,1976,109168720620.10,false
Netherlands,NLD,1977,127016990212.80,false
Netherlands,NLD,1978,155859695457.32,false
Netherlands,NLD,1979,179669405690.43,false
Netherlands,NLD,1980,195152092662.38,false
Netherlands,NLD,1981,164134217080.28,false
Netherlands,NLD,1982,158479527935.96,false
Netherlands,NLD,1983,153445465987.18,false
Netherlands,NLD,1984,143912664148.35,false
Netherlands,NLD,1985,143845822717.62,false
Netherlands,NLD,1986,200862095700.67,false
Netherlands,NLD,1987,245046310922.54,false
Netherlands,NLD,1988,261910508417.88,false
Netherlands,NLD,1989,258336705809.00,false
Netherlands,NLD,1990,318330511920.61,false
Netherlands,NLD,1991,327500327675.62,false
Netherlands,NLD,1992,362962872180.45,false
Netherlands,NLD,1993,353550169672.52,false
Netherlands,NLD,1994,379130260322.07,false
Netherlands,NLD,1995,452301674444.14,false
Netherlands,NLD,1996,450490196078.43,false
Netherlands,NLD,1997,416812740004.52,false
Netherlands,NLD,1998,438008220395.47,false
Netherlands,NLD,1999,447049523049.81,false
Netherlands,NLD,2000,417479337444.71,false
Netherlands,NLD,2001,431586852369.69,false
Netherlands,NLD,2002,473861980070.98,false
Netherlands,NLD,2003,580070360701.96,false
Netherlands,NLD,2004,658380081545.18,false
Netherlands,NLD,2005,685348181515.95,false
Netherlands,NLD,2006,733955269898.82,false
Netherlands,NLD,2007,848558887541.18,false
Netherlands,NLD,2008,951869997864.06,false
Netherlands,NLD,2009,871518638049.22,false
Netherlands,NLD,2010,847380859016.69,false
Netherlands,NLD,2011,905270626332.69,false
Netherlands,NLD,2012,838923319919.53,false
Netherlands,NLD,2013,877172824534.52,false
Netherlands,NLD,2014,892167986713.71,false
Netherlands,NLD,2015,765572770634.38,false
Netherlands,NLD,2016,784060430240.10,false
Netherlands,NLD,2017,833869641687.07,false
Netherlands,NLD,2018,914043438179.59,false
Netherlands,NLD,2019,910194347568.61,false
Netherlands,NLD,2020,909793466661.47,false
Netherlands,NLD,2021,1011798853062.00,false
Netherlands,NLD,2022,991114635529.19,false
Norway,NOR,1960,5163271598.16,false
Norway,NOR,1961,5632460936.55,false
Norway,NOR,1962,6066976682.67,false
Norway,NOR,1963,6510239502.76,false
Norway,NOR,1964,7159202706.48,false
Norway,NOR,1965,8058680980.80,false
Norway,NOR,1966,8696460119.70,false
Norway,NOR,1967,9514496609.70,false
Norway,NOR,1968,10159934036.73,false
Norway,NOR,1969,11063064974.54,false
Norway,NOR,1970,12814194863.30,false
Norway,NOR,1971,14583103533.04,false
Norway,NOR,1972,17358481291.42,false
Norway,NOR,1973,22534123432.15,false
Norway,NOR,1974,27145652980.01,false
Norway,NOR,1975,32877543120.25,false
Norway,NOR,1976,35942160908.99,false
Norway,NOR,1977,41508030438.90,false
Norway,NOR,1978,46522900253.71,false
Norway,NOR,1979,53132594368.12,false
Norway,NOR,1980,64439056747.66,false
Norway,NOR,1981,63596562434.40,false
Norway,NOR,1982,62646871991.57,false
Norway,NOR,1983,61627522382.60,false
Norway,NOR,1984,62058271862.75,false
Norway,NOR,1985,65416626280.90,false
Norway,NOR,1986,78692674637.04,false
Norway,NOR,1987,94230606535.11,false
Norway,NOR,1988,101900521458.04,false
Norway,NOR,1989,102633934390.62,false
Norway,NOR,1990,119791045690.12,false
Norway,NOR,1991,121871665528.42,false
Norway,NOR,1992,130838022522.86,false
Norway,NOR,1993,120578717965.74,false
Norway,NOR,1994,127131604641.39,false
Norway,NOR,1995,152030652228.02,false
Norway,NOR,1996,163519897878.10,false
Norway,NOR,1997,161356612878.69,false
Norway,NOR,1998,154230346261.26,false
Norway,NOR,1999,162384295939.12,false
Norway,NOR,2000,171456390281.96,false
Norway,NOR,2001,174240242224.62,false
Norway,NOR,2002,195915371987.70,false
Norway,NOR,2003,229384929368.92,false
Norway,NOR,2004,265267350723.20,false
Norway,NOR,2005,309978579743.89,false
Norway,NOR,2006,346913357588.36,false
Norway,NOR,2007,402645550184.82,false
Norway,NOR,2008,464917553191.49,false
Norway,NOR,2009,387974344023.32,false
Norway,NOR,2010,431052143940.44,false
Norway,NOR,2011,501360549669.40,false
Norway,NOR,2012,512777309841.00,false
Norway,NOR,2013,526014468085.11,false
Norway,NOR,2014,501736471832.85,false
Norway,NOR,2015,388159512245.53,false
Norway,NOR,2016,370956547619.05,false
Norway,NOR,2017,401745275035.26,false
Norway,NOR,2018,439788625883.80,false
Norway,NOR,2019,408742840909.09,false
Norway,NOR,2020,367633418886.63,false
Norway,NOR,2021,490293364377.18,false
Norway,NOR,2022,579267365866.34,false
Nepal,NPL,1960,508334413.97,false
Nepal,NPL,1961,531959561.16,false
Nepal,NPL,1962,574091100.70,false
Nepal,NPL,1963,496947904.44,false
Nepal,NPL,1964,496098775.31,false
Nepal,NPL,1965,735267081.66,false
Nepal,NPL,1966,906811943.82,false
Nepal,NPL,1967,841974025.46,false
Nepal,NPL,1968,772231413.88,false
Nepal,NPL,1969,788641964.64,false
Nepal,NPL,1970,865975307.78,false
Nepal,NPL,1971,882765470.72,false
Nepal,NPL,1972,1024098397.80,false
Nepal,NPL,1973,972101725.00,false
Nepal,NPL,1974,1217953546.98,false
Nepal,NPL,1975,1575789254.47,false
Nepal,NPL,1976,1452788944.46,false
Nepal,NPL,1977,1382400000.00,false
Nepal,NPL,1978,1604162497.46,false
Nepal,NPL,1979,1851250008.33,false
Nepal,NPL,1980,1945916583.33,false
Nepal,NPL,1981,2275583316.67,false
Nepal,NPL,1982,2395423680.23,false
Nepal,NPL,1983,2447174803.54,false
Nepal,NPL,1984,2581207387.80,false
Nepal,NPL,1985,2619913955.52,false
Nepal,NPL,1986,2850782092.69,false
Nepal,NPL,1987,2957255379.54,false
Nepal,NPL,1988,3487009748.36,false
Nepal,NPL,1989,3525225832.99,false
Nepal,NPL,1990,3627560281.91,false
Nepal,NPL,1991,3921476084.89,false
Nepal,NPL,1992,3401211581.29,false
Nepal,NPL,1993,3660041666.67,false
Nepal,NPL,1994,4066775510.20,false
Nepal,NPL,1995,4401104417.67,false
Nepal,NPL,1996,4521580381.47,false
Nepal,NPL,1997,4918691916.54,false
Nepal,NPL,1998,4856255044.39,false
Nepal,NPL,1999,5033642384.11,false
Nepal,NPL,2000,5494252207.91,false
Nepal,NPL,2001,6007055042.18,false
Nepal,NPL,2002,6050875806.66,false
Nepal,NPL,2003,6330473096.54,false
Nepal,NPL,2004,7273938314.72,false
Nepal,NPL,2005,8130258415.29,false
Nepal,NPL,2006,9043715355.89,false
Nepal,NPL,2007,10325618017.38,false
Nepal,NPL,2008,12545438605.40,false
Nepal,NPL,2009,12854985464.08,false
Nepal,NPL,2010,16002656434.47,false
Nepal,NPL,2011,21573872273.67,false
Nepal,NPL,2012,21703100746.82,false
Nepal,NPL,2013,22162205045.97,false
Nepal,NPL,2014,22731612827.35,false
Nepal,NPL,2015,24360801338.05,false
Nepal,NPL,2016,24524109484.75,false
Nepal,NPL,2017,28971588880.82,false
Nepal,NPL,2018,33111525182.71,false
Nepal,NPL,2019,34186180694.93,false
Nepal,NPL,2020,33433659223.18,false
Nepal,NPL,2021,36924841430.06,false
Nepal,NPL,2022,40828247302.49,false
Nauru,NRU,2010,47562842.37,false
Nauru,NRU,2011,65071849.58,false
Nauru,NRU,2012,101055718.55,false
Nauru,NRU,2013,94384979.01,false
Nauru,NRU,2014,99149259.84,false
Nauru,NRU,2015,84863407.87,false
Nauru,NRU,2016,97541914.58,false
Nauru,NRU,2017,109355653.69,false
Nauru,NRU,2018,130995580.09,false
Nauru,NRU,2019,125160081.81,false
Nauru,NRU,2020,124685686.62,false
Nauru,NRU,2021,145536603.23,false
Nauru,NRU,2022,150922211.04,false
New Zealand,NZL,1960,5485854791.97,false
New Zealand,NZL,1961,5670064168.22,false
New Zealand,NZL,1962,6077496267.76,false
New Zealand,NZL,1963,6638937283.14,false
New Zealand,NZL,1964,7274144350.82,false
New Zealand,NZL,1965,5654463548.90,false
New Zealand,NZL,1966,5863733192.50,false
New Zealand,NZL,1967,5961418093.53,false
New Zealand,NZL,1968,5180597708.88,false
New Zealand,NZL,1969,5761588859.83,false
New Zealand,NZL,1971,7911136757.07,false
New Zealand,NZL,1972,9567202750.72,false
New Zealand,NZL,1973,12802281897.87,false
New Zealand,NZL,1974,13940743959.46,false
New Zealand,NZL,1975,12861983284.39,false
New Zealand,NZL,1976,13604832424.01,false
New Zealand,NZL,1977,15446082335.72,false
New Zealand,NZL,1978,18530518394.65,false
New Zealand,NZL,1979,20730291375.99,false
New Zealand,NZL,1980,23244547384.67,false
New Zealand,NZL,1981,24417769672.48,false
New Zealand,NZL,1982,24164603058.99,false
New Zealand,NZL,1983,24308680631.43,false
New Zealand,NZL,1984,21665582141.07,false
New Zealand,NZL,1985,24679290455.61,false
New Zealand,NZL,1986,30604668356.57,false
New Zealand,NZL,1987,40375812560.03,false
New Zealand,NZL,1988,45176423605.59,false
New Zealand,NZL,1989,43920222524.71,false
New Zealand,NZL,1990,45495129385.05,false
New Zealand,NZL,1991,42744828653.35,false
New Zealand,NZL,1992,41649386969.51,false
New Zealand,NZL,1993,46775038748.76,false
New Zealand,NZL,1994,55313381442.54,false
New Zealand,NZL,1995,63916899263.94,false
New Zealand,NZL,1996,70140835299.01,false
New Zealand,NZL,1997,66073130218.35,false
New Zealand,NZL,1998,56226503975.82,false
New Zealand,NZL,1999,58762260625.88,false
New Zealand,NZL,2000,52622954598.93,false
New Zealand,NZL,2001,53872463497.17,false
New Zealand,NZL,2002,66627729311.45,false
New Zealand,NZL,2003,88250885550.26,false
New Zealand,NZL,2004,103905628688.95,false
New Zealand,NZL,2005,114720129550.10,false
New Zealand,NZL,2006,111538810712.66,false
New Zealand,NZL,2007,137188946865.58,false
New Zealand,NZL,2008,133131369930.41,false
New Zealand,NZL,2009,121373602348.68,false
New Zealand,NZL,2010,146517541181.25,false
New Zealand,NZL,2011,168291357111.74,false
New Zealand,NZL,2012,176206659722.52,false
New Zealand,NZL,2013,190906575136.00,false
New Zealand,NZL,2014,201313497220.92,false
New Zealand,NZL,2015,178064471137.92,false
New Zealand,NZL,2016,188838342527.98,false
New Zealand,NZL,2017,206556258844.57,false
New Zealand,NZL,2018,211886686924.48,false
New Zealand,NZL,2019,213091987153.09,false
New Zealand,NZL,2020,212569779569.52,false
New Zealand,NZL,2021,255551704625.83,false
New Zealand,NZL,2022,247234053739.27,false
OECD members,OED,1960,1074536963868.01,true
OECD members,OED,1961,1137842040851.96,true
OECD members,OED,1962,1227852102269.13,true
OECD members,OED,1963,1323009087447.25,true
OECD members,OED,1964,1446027927230.70,true
OECD members,OED,1965,1569569743833.13,true
OECD members,OED,1966,1722667267357.04,true
OECD members,OED,1967,1849091101785.86,true
OECD members,OED,1968,2005166564863.90,true
OECD members,OED,1969,2205629988354.10,true
OECD members,OED,1970,2404686247123.15,true
OECD members,OED,1971,2662824955390.38,true
OECD members,OED,1972,3088752725507.64,true
OECD members,OED,1973,3731756890937.93,true
OECD members,OED,1974,4181384546714.57,true
OECD members,OED,1975,4686670470383.03,true
OECD members,OED,1976,5082767159669.08,true
OECD members,OED,1977,5734505486703.22,true
OECD members,OED,1978,6889276867199.64,true
OECD members,OED,1979,7957663433300.57,true
OECD members,OED,1980,8844458238434.90,true
OECD members,OED,1981,9003003819108.53,true
OECD members,OED,1982,8868580154612.23,true
OECD members,OED,1983,9158864455518.78,true
OECD members,OED,1984,9578521106787.23,true
OECD members,OED,1985,10088394120629.90,true
OECD members,OED,1986,12218980287921.00,true
OECD members,OED,1987,14150712774129.50,true
OECD members,OED,1988,15950200829698.40,true
OECD members,OED,1989,16691782038666.20,true
OECD members,OED,1990,18803260663340.50,true
OECD members,OED,1991,19902760618767.80,true
OECD members,OED,1992,21404714023723.00,true
OECD members,OED,1993,21696329187635.90,true
OECD members,OED,1994,23279672410310.10,true
OECD members,OED,1995,25663192019641.30,true
OECD members,OED,1996,25880226257352.70,true
OECD members,OED,1997,25485456595205.50,true
OECD members,OED,1998,25745258707977.10,true
OECD members,OED,1999,27041441623625.90,true
OECD members,OED,2000,27635544739434.90,true
OECD members,OED,2001,27374583037446.80,true
OECD members,OED,2002,28563009910366.60,true
OECD members,OED,2003,31951205451316.30,true
OECD members,OED,2004,35572822806798.00,true
OECD members,OED,2005,37609340450462.90,true
OECD members,OED,2006,39674408824856.50,true
OECD members,OED,2007,43436115388658.30,true
OECD members,OED,2008,46122698414754.00,true
OECD members,OED,2009,43144826371455.60,true
OECD members,OED,2010,45255639867938.50,true
OECD members,OED,2011,48674651671113.00,true
OECD members,OED,2012,48622412695260.00,true
OECD members,OED,2013,49270437358352.70,true
OECD members,OED,2014,50278943454195.90,true
OECD members,OED,2015,47411160772825.30,true
OECD members,OED,2016,48327404425594.20,true
OECD members,OED,2017,50447226919268.80,true
OECD members,OED,2018,53371534234287.00,true
OECD members,OED,2019,53878159069137.10,true
OECD members,OED,2020,52536127270671.70,true
OECD members,OED,2021,58363931312919.00,true
OECD members,OED,2022,59596537275134.10,true
Oman,OMN,1965,63279974.80,false
Oman,OMN,1966,67759973.02,false
Oman,OMN,1967,107151734.05,false
Oman,OMN,1968,188879849.16,false
Oman,OMN,1969,239999808.34,false
Oman,OMN,1970,256319795.30,false
Oman,OMN,1971,301010587.10,false
Oman,OMN,1972,366883549.30,false
Oman,OMN,1973,483066762.40,false
Oman,OMN,1974,1645917781.26,false
Oman,OMN,1975,2096699195.42,false
Oman,OMN,1976,2560220042.15,false
Oman,OMN,1977,2741169955.82,false
Oman,OMN,1978,2740301397.63,false
Oman,OMN,1979,3733352645.44,false
Oman,OMN,1980,5981760295.26,false
Oman,OMN,1981,7259120171.57,false
Oman,OMN,1982,7554719477.58,false
Oman,OMN,1983,7932541713.76,false
Oman,OMN,1984,8821430391.58,false
Oman,OMN,1985,10005645420.46,false
Oman,OMN,1986,7324168966.99,false
Oman,OMN,1987,7811183094.93,false
Oman,OMN,1988,8386215864.76,false
Oman,OMN,1989,9372171651.50,false
Oman,OMN,1990,11685045513.65,false
Oman,OMN,1991,11341482444.73,false
Oman,OMN,1992,12452275682.70,false
Oman,OMN,1993,12493107932.38,false
Oman,OMN,1994,12918855656.70,false
Oman,OMN,1995,13802600780.23,false
Oman,OMN,1996,15277763329.00,false
Oman,OMN,1997,15837451235.37,false
Oman,OMN,1998,13996914694.41,false
Oman,OMN,1999,15593456176.85,false
Oman,OMN,2000,19507452535.76,false
Oman,OMN,2001,19452000520.16,false
Oman,OMN,2002,20142756046.81,false
Oman,OMN,2003,21633708192.46,false
Oman,OMN,2004,24763712873.86,false
Oman,OMN,2005,31081991677.50,false
Oman,OMN,2006,37215779713.91,false
Oman,OMN,2007,42085379453.84,false
Oman,OMN,2008,60905452535.76,false
Oman,OMN,2009,48388363589.08,false
Oman,OMN,2010,64993498049.41,false
Oman,OMN,2011,77497529258.78,false
Oman,OMN,2012,87408842652.80,false
Oman,OMN,2013,89936020806.24,false
Oman,OMN,2014,92699089726.92,false
Oman,OMN,2015,78710793237.97,false
Oman,OMN,2016,75128738621.59,false
Oman,OMN,2017,80856697009.10,false
Oman,OMN,2018,91505851755.53,false
Oman,OMN,2019,88060858257.48,false
Oman,OMN,2020,75909397659.30,false
Oman,OMN,2021,88191977373.21,false
Oman,OMN,2022,114667360208.06,false
Other small states,OSS,1970,3136792480.76,true
Other small states,OSS,1971,3723790335.19,true
Other small states,OSS,1972,4506983784.27,true
Other small states,OSS,1973,6529982802.21,true
Other small states,OSS,1974,12038470436.90,true
Other small states,OSS,1975,13438157792.54,true
Other small states,OSS,1976,16705643657.86,true
Other small states,OSS,1977,18811847922.44,true
Other small states,OSS,1978,20754149836.91,true
Other small states,OSS,1979,26949571910.04,true
Other small states,OSS,1980,37433945856.97,true
Other small states,OSS,1981,37631523061.37,true
Other small states,OSS,1982,35595407219.96,true
Other small states,OSS,1983,33626483058.68,true
Other small states,OSS,1984,33869280908.77,true
Other small states,OSS,1985,32188255618.67,true
Other small states,OSS,1986,32597410212.01,true
Other small states,OSS,1987,38688149559.66,true
Other small states,OSS,1988,43466381093.70,true
Other small states,OSS,1989,45513212160.69,true
Other small states,OSS,1990,54470069179.19,true
Other small states,OSS,1991,56088598973.78,true
Other small states,OSS,1992,61185089378.19,true
Other small states,OSS,1993,58270242536.92,true
Other small states,OSS,1994,60952773467.57,true
Other small states,OSS,1995,69995035765.86,true
Other small states,OSS,1996,73779037903.22,true
Other small states,OSS,1997,76822131943.55,true
Other small states,OSS,1998,75274017479.78,true
Other small states,OSS,1999,81019607839.79,true
Other small states,OSS,2000,91702715004.09,true
Other small states,OSS,2001,91249698436.28,true
Other small states,OSS,2002,98381529622.52,true
Other small states,OSS,2003,122230903916.67,true
Other small states,OSS,2004,151646041505.88,true
Other small states,OSS,2005,183677137343.92,true
Other small states,OSS,2006,215631597860.04,true
Other small states,OSS,2007,263863420304.96,true
Other small states,OSS,2008,322995519907.26,true
Other small states,OSS,2009,277194805059.56,true
Other small states,OSS,2010,322561398956.71,true
Other small states,OSS,2011,396974173386.16,true
Other small states,OSS,2012,413999903828.32,true
Other small states,OSS,2013,432056568012.84,true
Other small states,OSS,2014,446620927907.66,true
Other small states,OSS,2015,370450170724.58,true
Other small states,OSS,2016,366511615959.01,true
Other small states,OSS,2017,399126295563.40,true
Other small states,OSS,2018,443078577997.35,true
Other small states,OSS,2019,434119014495.41,true
Other small states,OSS,2020,378201169802.01,true
Other small states,OSS,2021,455685066365.31,true
Other small states,OSS,2022,529870616389.93,true
Pakistan,PAK,1960,3749265014.70,false
Pakistan,PAK,1961,4118647627.05,false
Pakistan,PAK,1962,4310163796.72,false
Pakistan,PAK,1963,4630827383.45,false
Pakistan,PAK,1964,5204955900.88,false
Pakistan,PAK,1965,5929231415.37,false
Pakistan,PAK,1966,6561108777.82,false
Pakistan,PAK,1967,7464510709.79,false
Pakistan,PAK,1968,8041999160.02,false
Pakistan,PAK,1969,8683116337.67,false
Pakistan,PAK,1970,10027509449.81,false
Pakistan,PAK,1971,10665896682.07,false
Pakistan,PAK,1972,9415016359.57,false
Pakistan,PAK,1973,6383429490.21,false
Pakistan,PAK,1974,8899191919.19,false
Pakistan,PAK,1975,11230606060.61,false
Pakistan,PAK,1976,13168080808.08,false
Pakistan,PAK,1977,15126060606.06,false
Pakistan,PAK,1978,17811515151.52,false
Pakistan,PAK,1979,19688383838.38,false
Pakistan,PAK,1980,23654444444.44,false
Pakistan,PAK,1981,28100606060.61,false
Pakistan,PAK,1982,30725971563.98,false
Pakistan,PAK,1983,28691889763.78,false
Pakistan,PAK,1984,31151825467.50,false
Pakistan,PAK,1985,31144920844.33,false
Pakistan,PAK,1986,31899070055.80,false
Pakistan,PAK,1987,33351529274.69,false
Pakistan,PAK,1988,38472742808.32,false
Pakistan,PAK,1989,40171105580.20,false
Pakistan,PAK,1990,40010423970.46,false
Pakistan,PAK,1991,45625336680.20,false
Pakistan,PAK,1992,48884672605.04,false
Pakistan,PAK,1993,51809999353.16,false
Pakistan,PAK,1994,52293471392.59,false
Pakistan,PAK,1995,60636071684.19,false
Pakistan,PAK,1996,63320170084.41,false
Pakistan,PAK,1997,62433340468.02,false
Pakistan,PAK,1998,62191955814.35,false
Pakistan,PAK,1999,62973856843.57,false
Pakistan,PAK,2000,82017743416.28,false
Pakistan,PAK,2001,79484403984.88,false
Pakistan,PAK,2002,79904985384.87,false
Pakistan,PAK,2003,91760542940.07,false
Pakistan,PAK,2004,107759683863.12,false
Pakistan,PAK,2005,120055291992.94,false
Pakistan,PAK,2006,137264061106.04,false
Pakistan,PAK,2007,152385716311.92,false
Pakistan,PAK,2008,170077814106.30,false
Pakistan,PAK,2009,168152775283.03,false
Pakistan,PAK,2010,177165547828.89,false
Pakistan,PAK,2011,213587517187.67,false
Pakistan,PAK,2012,224383544087.45,false
Pakistan,PAK,2013,231218467669.57,false
Pakistan,PAK,2014,244360858682.76,false
Pakistan,PAK,2015,270556104886.46,false
Pakistan,PAK,2016,313629998960.44,false
Pakistan,PAK,2017,339205536454.44,false
Pakistan,PAK,2018,356128167702.89,false
Pakistan,PAK,2019,320909472926.46,false
Pakistan,PAK,2020,300425609206.18,false
Pakistan,PAK,2021,348262544719.25,false
Pakistan,PAK,2022,376532751806.99,false
Panama,PAN,1960,537147100.00,false
Panama,PAN,1961,599026300.00,false
Panama,PAN,1962,652120900.00,false
Panama,PAN,1963,722784500.00,false
Panama,PAN,1964,776137500.00,false
Panama,PAN,1965,852485300.00,false
Panama,PAN,1966,928833000.00,false
Panama,PAN,1967,1034376400.00,false
Panama,PAN,1968,1112791100.00,false
Panama,PAN,1969,1221305700.00,false
Panama,PAN,1970,1351006400.00,false
Panama,PAN,1971,1523917200.00,false
Panama,PAN,1972,1673411700.00,false
Panama,PAN,1973,1913793400.00,false
Panama,PAN,1974,2188307600.00,false
Panama,PAN,1975,2435304100.00,false
Panama,PAN,1976,2588106000.00,false
Panama,PAN,1977,2738261900.00,false
Panama,PAN,1978,3244558600.00,false
Panama,PAN,1979,3704551600.00,false
Panama,PAN,1980,4614086400.00,false
Panama,PAN,1981,5222421500.00,false
Panama,PAN,1982,5769767900.00,false
Panama,PAN,1983,5923755900.00,false
Panama,PAN,1984,6183387100.00,false
Panama,PAN,1985,6541517100.00,false
Panama,PAN,1986,6797834200.00,false
Panama,PAN,1987,6827665300.00,false
Panama,PAN,1988,5902783400.00,false
Panama,PAN,1989,5918469800.00,false
Panama,PAN,1990,6433967000.00,false
Panama,PAN,1991,7074675500.00,false
Panama,PAN,1992,8042337700.00,false
Panama,PAN,1993,8782585400.00,false
Panama,PAN,1994,9365289800.00,false
Panama,PAN,1995,9573813700.00,false
Panama,PAN,1996,9870494000.00,false
Panama,PAN,1997,10677286100.00,false
Panama,PAN,1998,11575486400.00,false
Panama,PAN,1999,12130252200.00,false
Panama,PAN,2000,12304115000.00,false
Panama,PAN,2001,12502013400.00,false
Panama,PAN,2002,12994310400.00,false
Panama,PAN,2003,13693981200.00,false
Panama,PAN,2004,15013381700.00,false
Panama,PAN,2005,16374393900.00,false
Panama,PAN,2006,18141666300.00,false
Panama,PAN,2007,21295984200.00,false
Panama,PAN,2008,25155888600.00,false
Panama,PAN,2009,27116635600.00,false
Panama,PAN,2010,29440287600.00,false
Panama,PAN,2011,34686224300.00,false
Panama,PAN,2012,40429700000.00,false
Panama,PAN,2013,45599900000.00,false
Panama,PAN,2014,49921400000.00,false
Panama,PAN,2015,54091800000.00,false
Panama,PAN,2016,57907700000.00,false
Panama,PAN,2017,62202700000.00,false
Panama,PAN,2018,67294169234.63,false
Panama,PAN,2019,69721787532.98,false
Panama,PAN,2020,57086836942.41,false
Panama,PAN,2021,67406738051.74,false
Panama,PAN,2022,76522511780.62,false
Peru,PER,1960,2571986572.13,false
Peru,PER,1961,2897852693.27,false
Peru,PER,1962,3284322201.28,false
Peru,PER,1963,3598272493.31,false
Peru,PER,1964,4353664866.68,false
Peru,PER,1965,5163008077.37,false
Peru,PER,1966,6109048736.62,false
Peru,PER,1967,6194340079.88,false
Peru,PER,1968,5736083835.29,false
Peru,PER,1969,6420909789.83,false
Peru,PER,1970,7432223176.94,false
Peru,PER,1971,8289582883.68,false
Peru,PER,1972,9189413409.28,false
Peru,PER,1973,10994381895.12,false
Peru,PER,1974,13858441211.47,false
Peru,PER,1975,16931162355.48,false
Peru,PER,1976,16131958850.64,false
Peru,PER,1977,14544913960.51,false
Peru,PER,1978,12491876742.97,false
Peru,PER,1979,15954012439.17,false
Peru,PER,1980,18136838537.72,false
Peru,PER,1981,21648214892.88,false
Peru,PER,1982,21794535621.22,false
Peru,PER,1983,17345260564.48,false
Peru,PER,1984,17600400384.51,false
Peru,PER,1985,15078736875.39,false
Peru,PER,1986,21859448586.48,false
Peru,PER,1987,36889706592.68,false
Peru,PER,1988,15439408447.20,false
Peru,PER,1989,22499559086.06,false
Peru,PER,1990,26410386669.35,false
Peru,PER,1991,34341465998.20,false
Peru,PER,1992,35966302303.26,false
Peru,PER,1993,34832077220.85,false
Peru,PER,1994,44882079766.89,false
Peru,PER,1995,53312793687.38,false
Peru,PER,1996,55252414130.30,false
Peru,PER,1997,58147522522.52,false
Peru,PER,1998,55501467877.38,false
Peru,PER,1999,50187324567.88,false
Peru,PER,2000,51744749133.21,false
Peru,PER,2001,52030158775.41,false
Peru,PER,2002,54777553515.08,false
Peru,PER,2003,58731030121.87,false
Peru,PER,2004,66768703497.57,false
Peru,PER,2005,76060606060.61,false
Peru,PER,2006,88643193061.75,false
Peru,PER,2007,102170981144.14,false
Peru,PER,2008,120550599815.44,false
Peru,PER,2009,120822986521.48,false
Peru,PER,2010,147527631520.73,false
Peru,PER,2011,171761737046.58,false
Peru,PER,2012,192649991136.09,false
Peru,PER,2013,201175541637.44,false
Peru,PER,2014,200786240836.82,false
Peru,PER,2015,189802961890.10,false
Peru,PER,2016,191898127860.84,false
Peru,PER,2017,211007952315.89,false
Peru,PER,2018,222597030191.04,false
Peru,PER,2019,228325852220.76,false
Peru,PER,2020,201947603715.41,false
Peru,PER,2021,223717791482.58,false
Peru,PER,2022,242631549613.27,false
Philippines,PHL,1960,7515892289.17,false
Philippines,PHL,1961,8171194489.33,false
Philippines,PHL,1962,4954593633.20,false
Philippines,PHL,1963,5505023032.52,false
Philippines,PHL,1964,5953755756.42,false
Philippines,PHL,1965,6517349192.61,false
Philippines,PHL,1966,7189017882.35,false
Philippines,PHL,1967,7724873929.38,false
Philippines,PHL,1968,8632749263.07,false
Philippines,PHL,1969,9571800645.45,false
Philippines,PHL,1970,7559115517.56,false
Philippines,PHL,1971,8375075197.08,false
Philippines,PHL,1972,9067815975.41,false
Philippines,PHL,1973,11412449173.94,false
Philippines,PHL,1974,15607882556.63,false
Philippines,PHL,1975,16875240685.84,false
Philippines,PHL,1976,19381054331.59,false
Philippines,PHL,1977,22283109806.36,false
Philippines,PHL,1978,25762223399.69,false
Philippines,PHL,1979,31218296296.36,false
Philippines,PHL,1980,36848079268.52,false
Philippines,PHL,1981,40499388873.83,false
Philippines,PHL,1982,42206011278.06,false
Philippines,PHL,1983,37759181029.97,false
Philippines,PHL,1984,35730184921.18,false
Philippines,PHL,1985,34961486974.85,false
Philippines,PHL,1986,33987206739.21,false
Philippines,PHL,1987,37791488666.07,false
Philippines,PHL,1988,43152128958.61,false
Philippines,PHL,1989,48513772976.71,false
Philippines,PHL,1990,50508286641.57,false
Philippines,PHL,1991,51784144314.55,false
Philippines,PHL,1992,60422329031.63,false
Philippines,PHL,1993,62036529909.68,false
Philippines,PHL,1994,73159337838.40,false
Philippines,PHL,1995,84644329824.72,false
Philippines,PHL,1996,94648084429.03,false
Philippines,PHL,1997,94106316500.68,false
Philippines,PHL,1998,74492416329.91,false
Philippines,PHL,1999,85640170314.82,false
Philippines,PHL,2000,83669788254.73,false
Philippines,PHL,2001,78921234457.55,false
Philippines,PHL,2002,84307346432.13,false
Philippines,PHL,2003,87039092438.96,false
Philippines,PHL,2004,95002000250.42,false
Philippines,PHL,2005,107419977968.18,false
Philippines,PHL,2006,127652927611.90,false
Philippines,PHL,2007,155980408072.60,false
Philippines,PHL,2008,181624627927.89,false
Philippines,PHL,2009,175974754207.58,false
Philippines,PHL,2010,208368892319.28,false
Philippines,PHL,2011,234216730703.65,false
Philippines,PHL,2012,261920542606.62,false
Philippines,PHL,2013,283902829721.26,false
Philippines,PHL,2014,297483553299.59,false
Philippines,PHL,2015,306445871631.97,false
Philippines,PHL,2016,318627003965.99,false
Philippines,PHL,2017,328480738147.10,false
Philippines,PHL,2018,346841896890.49,false
Philippines,PHL,2019,376823404772.84,false
Philippines,PHL,2020,361751145432.40,false
Philippines,PHL,2021,394087362017.32,false
Philippines,PHL,2022,404284327311.71,false
Palau,PLW,2000,146297500.00,false
Palau,PLW,2001,156907900.00,false
Palau,PLW,2002,163184900.00,false
Palau,PLW,2003,153963200.00,false
Palau,PLW,2004,165186200.00,false
Palau,PLW,2005,190452900.00,false
Palau,PLW,2006,192382400.00,false
Palau,PLW,2007,198897700.00,false
Palau,PLW,2008,198283900.00,false
Palau,PLW,2009,187522800.00,false
Palau,PLW,2010,185943000.00,false
Palau,PLW,2011,196911100.00,false
Palau,PLW,2012,212397800.00,false
Palau,PLW,2013,221117200.00,false
Palau,PLW,2014,241669800.00,false
Palau,PLW,2015,280457700.00,false
Palau,PLW,2016,298300000.00,false
Palau,PLW,2017,285600000.00,false
Palau,PLW,2018,284900000.00,false
Palau,PLW,2019,278900000.00,false
Palau,PLW,2020,251900000.00,false
Palau,PLW,2021,217800000.00,false
Papua New Guinea,PNG,1960,230496036.91,false
Papua New Guinea,PNG,1961,244832039.20,false
Papua New Guinea,PNG,1962,261184041.82,false
Papua New Guinea,PNG,1963,275968044.19,false
Papua New Guinea,PNG,1964,305312048.89,false
Papua New Guinea,PNG,1965,344176055.11,false
Papua New Guinea,PNG,1966,390992062.61,false
Papua New Guinea,PNG,1967,441728182.73,false
Papua New Guinea,PNG,1968,485184189.69,false
Papua New Guinea,PNG,1969,551263864.27,false
Papua New Guinea,PNG,1970,645568215.37,false
Papua New Guinea,PNG,1971,717750057.56,false
Papua New Guinea,PNG,1972,858761953.08,false
Papua New Guinea,PNG,1973,1299079580.24,false
Papua New Guinea,PNG,1974,1467417948.86,false
Papua New Guinea,PNG,1975,1356603017.90,false
Papua New Guinea,PNG,1976,1511842283.92,false
Papua New Guinea,PNG,1977,1640745929.69,false
Papua New Guinea,PNG,1978,1947878833.37,false
Papua New Guinea,PNG,1979,2293758902.85,false
Papua New Guinea,PNG,1980,2545809091.71,false
Papua New Guinea,PNG,1981,2498188995.01,false
Papua New Guinea,PNG,1982,2368718617.44,false
Papua New Guinea,PNG,1983,2562352064.86,false
Papua New Guinea,PNG,1984,2552663565.33,false
Papua New Guinea,PNG,1985,2423338768.34,false
Papua New Guinea,PNG,1986,2647995147.97,false
Papua New Guinea,PNG,1987,3143851216.96,false
Papua New Guinea,PNG,1988,3656179989.10,false
Papua New Guinea,PNG,1989,3546470500.90,false
Papua New Guinea,PNG,1990,3219730365.00,false
Papua New Guinea,PNG,1991,3787394957.98,false
Papua New Guinea,PNG,1992,4377980510.06,false
Papua New Guinea,PNG,1993,4974550286.18,false
Papua New Guinea,PNG,1994,5502786069.65,false
Papua New Guinea,PNG,1995,4636057476.43,false
Papua New Guinea,PNG,1996,5155311077.39,false
Papua New Guinea,PNG,1997,4936615298.79,false
Papua New Guinea,PNG,1998,3789443014.62,false
Papua New Guinea,PNG,1999,3477038204.02,false
Papua New Guinea,PNG,2000,3521339699.07,false
Papua New Guinea,PNG,2001,3081024212.43,false
Papua New Guinea,PNG,2002,2999511040.20,false
Papua New Guinea,PNG,2003,3536411824.30,false
Papua New Guinea,PNG,2004,3927157866.96,false
Papua New Guinea,PNG,2005,4865892972.28,false
Papua New Guinea,PNG,2006,8354911621.98,false
Papua New Guinea,PNG,2007,9545029480.82,false
Papua New Guinea,PNG,2008,11670891359.73,false
Papua New Guinea,PNG,2009,11619455043.48,false
Papua New Guinea,PNG,2010,14250785801.34,false
Papua New Guinea,PNG,2011,17985138449.65,false
Papua New Guinea,PNG,2012,21295165200.84,false
Papua New Guinea,PNG,2013,21261338064.88,false
Papua New Guinea,PNG,2014,23210823987.31,false
Papua New Guinea,PNG,2015,21723439625.73,false
Papua New Guinea,PNG,2016,20758874952.58,false
Papua New Guinea,PNG,2017,22742696407.51,false
Papua New Guinea,PNG,2018,24109780113.23,false
Papua New Guinea,PNG,2019,24751069238.00,false
Papua New Guinea,PNG,2020,23848442440.27,false
Papua New Guinea,PNG,2021,26311656000.00,false
Papua New Guinea,PNG,2022,30633444294.63,false
Poland,POL,1990,65977748210.53,false
Poland,POL,1991,85500934319.17,false
Poland,POL,1992,94337047232.89,false
Poland,POL,1993,96043157272.86,false
Poland,POL,1994,110803635287.62,false
Poland,POL,1995,142293761469.15,false
Poland,POL,1996,160193242090.43,false
Poland,POL,1997,159358194732.09,false
Poland,POL,1998,174685791563.56,false
Poland,POL,1999,170030647848.03,false
Poland,POL,2000,172220451786.96,false
Poland,POL,2001,190905493539.17,false
Poland,POL,2002,199070432431.11,false
Poland,POL,2003,217828661056.94,false
Poland,POL,2004,255107275407.42,false
Poland,POL,2005,306145913284.47,false
Poland,POL,2006,344626630395.38,false
Poland,POL,2007,429020755432.72,false
Poland,POL,2008,533599853342.51,false
Poland,POL,2009,439731636116.95,false
Poland,POL,2010,475696613935.60,false
Poland,POL,2011,524374222547.90,false
Poland,POL,2012,495230574356.74,false
Poland,POL,2013,515762008468.81,false
Poland,POL,2014,539080532037.14,false
Poland,POL,2015,477111287969.23,false
Poland,POL,2016,470024559638.50,false
Poland,POL,2017,524641206562.00,false
Poland,POL,2018,588779850763.49,false
Poland,POL,2019,596058473058.77,false
Poland,POL,2020,599442783603.19,false
Poland,POL,2021,679441900610.66,false
Poland,POL,2022,688176605954.79,false
Pre-demographic dividend,PRE,1960,20753285598.46,true
Pre-demographic dividend,PRE,1961,21438148383.21,true
Pre-demographic dividend,PRE,1962,23419301225.64,true
Pre-demographic dividend,PRE,1963,27350179503.84,true
Pre-demographic dividend,PRE,1964,25448359289.94,true
Pre-demographic dividend,PRE,1965,28693503052.41,true
Pre-demographic dividend,PRE,1966,31531025978.43,true
Pre-demographic dividend,PRE,1967,29711210460.32,true
Pre-demographic dividend,PRE,1968,31366965476.56,true
Pre-demographic dividend,PRE,1969,35545604544.03,true
Pre-demographic dividend,PRE,1970,43519848651.79,true
Pre-demographic dividend,PRE,1971,42419967120.35,true
Pre-demographic dividend,PRE,1972,49357021176.55,true
Pre-demographic dividend,PRE,1973,60920765155.42,true
Pre-demographic dividend,PRE,1974,86057756449.22,true
Pre-demographic dividend,PRE,1975,98342389193.70,true
Pre-demographic dividend,PRE,1976,115511133085.00,true
Pre-demographic dividend,PRE,1977,127667415881.70,true
Pre-demographic dividend,PRE,1978,144095273016.34,true
Pre-demographic dividend,PRE,1979,180666779617.85,true
Pre-demographic dividend,PRE,1980,223624560625.93,true
Pre-demographic dividend,PRE,1981,311221167301.96,true
Pre-demographic dividend,PRE,1982,290607941422.12,true
Pre-demographic dividend,PRE,1983,232587271032.75,true
Pre-demographic dividend,PRE,1984,212921069101.95,true
Pre-demographic dividend,PRE,1985,214701499607.54,true
Pre-demographic dividend,PRE,1986,207046319398.62,true
Pre-demographic dividend,PRE,1987,226768534647.03,true
Pre-demographic dividend,PRE,1988,238039780716.82,true
Pre-demographic dividend,PRE,1989,241069993446.63,true
Pre-demographic dividend,PRE,1990,394420886654.36,true
Pre-demographic dividend,PRE,1991,211358138047.29,true
Pre-demographic dividend,PRE,1992,172593311731.32,true
Pre-demographic dividend,PRE,1993,153008614062.50,true
Pre-demographic dividend,PRE,1994,135924691115.95,true
Pre-demographic dividend,PRE,1995,174758803193.93,true
Pre-demographic dividend,PRE,1996,194165113279.81,true
Pre-demographic dividend,PRE,1997,213951798021.83,true
Pre-demographic dividend,PRE,1998,220387557174.75,true
Pre-demographic dividend,PRE,1999,240832782326.48,true
Pre-demographic dividend,PRE,2000,278678326342.53,true
Pre-demographic dividend,PRE,2001,266344271362.13,true
Pre-demographic dividend,PRE,2002,305714135441.12,true
Pre-demographic dividend,PRE,2003,332450589560.57,true
Pre-demographic dividend,PRE,2004,414233839145.69,true
Pre-demographic dividend,PRE,2005,516904887534.50,true
Pre-demographic dividend,PRE,2006,652732381891.41,true
Pre-demographic dividend,PRE,2007,789891756091.79,true
Pre-demographic dividend,PRE,2008,986047738377.78,true
Pre-demographic dividend,PRE,2009,902165613053.19,true
Pre-demographic dividend,PRE,2010,1060580608713.13,true
Pre-demographic dividend,PRE,2011,1235597698970.21,true
Pre-demographic dividend,PRE,2012,1341797607183.55,true
Pre-demographic dividend,PRE,2013,1471440063511.40,true
Pre-demographic dividend,PRE,2014,1562109741135.42,true
Pre-demographic dividend,PRE,2015,1334011121882.86,true
Pre-demographic dividend,PRE,2016,1217513931539.13,true
Pre-demographic dividend,PRE,2017,1294933204784.59,true
Pre-demographic dividend,PRE,2018,1348307586808.15,true
Pre-demographic dividend,PRE,2019,1421160801515.26,true
Pre-demographic dividend,PRE,2020,1308382294199.16,true
Pre-demographic dividend,PRE,2021,1429588429473.92,true
Pre-demographic dividend,PRE,2022,1612324668164.53,true
Puerto Rico,PRI,1960,1691900000.00,false
Puerto Rico,PRI,1961,1865100000.00,false
Puerto Rico,PRI,1962,2094400000.00,false
Puerto Rico,PRI,1963,2333600000.00,false
Puerto Rico,PRI,1964,2570500000.00,false
Puerto Rico,PRI,1965,2881500000.00,false
Puerto Rico,PRI,1966,3170500000.00,false
Puerto Rico,PRI,1967,3532700000.00,false
Puerto Rico,PRI,1968,3941700000.00,false
Puerto Rico,PRI,1969,4460700000.00,false
Puerto Rico,PRI,1970,5034700000.00,false
Puerto Rico,PRI,1971,5646800000.00,false
Puerto Rico,PRI,1972,6328900000.00,false
Puerto Rico,PRI,1973,7002400000.00,false
Puerto Rico,PRI,1974,7684800000.00,false
Puerto Rico,PRI,1975,8198300000.00,false
Puerto Rico,PRI,1976,8968600000.00,false
Puerto Rico,PRI,1977,9910900000.00,false
Puerto Rico,PRI,1978,11165000000.00,false
Puerto Rico,PRI,1979,12750000000.00,false
Puerto Rico,PRI,1980,14436100000.00,false
Puerto Rico,PRI,1981,15955700000.00,false
Puerto Rico,PRI,1982,16764200000.00,false
Puerto Rico,PRI,1983,17276600000.00,false
Puerto Rico,PRI,1984,19162600000.00,false
Puerto Rico,PRI,1985,20289200000.00,false
Puerto Rico,PRI,1986,22009300000.00,false
Puerto Rico,PRI,1987,24025800000.00,false
Puerto Rico,PRI,1988,26385800000.00,false
Puerto Rico,PRI,1989,28161200000.00,false
Puerto Rico,PRI,1990,30603919000.00,false
Puerto Rico,PRI,1991,32287031000.00,false
Puerto Rico,PRI,1992,34630430000.00,false
Puerto Rico,PRI,1993,36922456000.00,false
Puerto Rico,PRI,1994,39690630000.00,false
Puerto Rico,PRI,1995,42647331000.00,false
Puerto Rico,PRI,1996,45340835000.00,false
Puerto Rico,PRI,1997,48187039000.00,false
Puerto Rico,PRI,1998,54086400000.00,false
Puerto Rico,PRI,1999,57841000000.00,false
Puerto Rico,PRI,2000,61701800000.00,false
Puerto Rico,PRI,2001,69208400000.00,false
Puerto Rico,PRI,2002,71623500000.00,false
Puerto Rico,PRI,2003,74827400000.00,false
Puerto Rico,PRI,2004,80322313000.00,false
Puerto Rico,PRI,2005,83914521300.00,false
Puerto Rico,PRI,2006,87276164400.00,false
Puerto Rico,PRI,2007,89524131600.00,false
Puerto Rico,PRI,2008,93639300000.00,false
Puerto Rico,PRI,2009,96385600000.00,false
Puerto Rico,PRI,2010,98381300000.00,false
Puerto Rico,PRI,2011,100351700000.00,false
Puerto Rico,PRI,2012,101564800000.00,false
Puerto Rico,PRI,2013,102450000000.00,false
Puerto Rico,PRI,2014,102445800000.00,false
Puerto Rico,PRI,2015,103375500000.00,false
Puerto Rico,PRI,2016,104336700000.00,false
Puerto Rico,PRI,2017,103445500000.00,false
Puerto Rico,PRI,2018,100958100000.00,false
Puerto Rico,PRI,2019,105126400000.00,false
Puerto Rico,PRI,2020,103130900000.00,false
Puerto Rico,PRI,2021,106368900000.00,false
Puerto Rico,PRI,2022,113434800000.00,false
Portugal,PRT,1960,3193200404.37,false
Portugal,PRT,1961,3417516639.38,false
Portugal,PRT,1962,3668222357.66,false
Portugal,PRT,1963,3905734459.73,false
Portugal,PRT,1964,4235608177.67,false
Portugal,PRT,1965,4687464054.83,false
Portugal,PRT,1966,5135387845.97,false
Portugal,PRT,1967,5740241165.63,false
Portugal,PRT,1968,6354262628.34,false
Portugal,PRT,1969,6969025825.63,false
Portugal,PRT,1970,8108235704.32,false
Portugal,PRT,1971,9201604240.28,false
Portugal,PRT,1972,11239117865.09,false
Portugal,PRT,1973,15090564186.43,false
Portugal,PRT,1974,17512391475.93,false
Portugal,PRT,1975,19347607843.14,false
Portugal,PRT,1976,20332831564.99,false
Portugal,PRT,1977,21439523310.63,false
Portugal,PRT,1978,23487614051.09,false
Portugal,PRT,1979,26622819672.13,false
Portugal,PRT,1980,32896519823.79,false
Portugal,PRT,1981,31977276872.96,false
Portugal,PRT,1982,30527754793.14,false
Portugal,PRT,1983,27239650741.95,false
Portugal,PRT,1984,25217969049.58,false
Portugal,PRT,1985,27115807742.09,false
Portugal,PRT,1986,38745901353.71,false
Portugal,PRT,1987,48182925857.41,false
Portugal,PRT,1988,56347250696.38,false
Portugal,PRT,1989,60594092182.33,false
Portugal,PRT,1990,78713860216.57,false
Portugal,PRT,1991,89233599278.48,false
Portugal,PRT,1992,107592098307.10,false
Portugal,PRT,1993,95009751901.26,false
Portugal,PRT,1994,99688641304.35,false
Portugal,PRT,1995,118122007430.01,false
Portugal,PRT,1996,122630089680.27,false
Portugal,PRT,1997,117016535162.95,false
Portugal,PRT,1998,123946327916.30,false
Portugal,PRT,1999,127470385557.18,false
Portugal,PRT,2000,118605192877.39,false
Portugal,PRT,2001,121604107165.00,false
Portugal,PRT,2002,134795565549.42,false
Portugal,PRT,2003,165226175536.79,false
Portugal,PRT,2004,189382122532.17,false
Portugal,PRT,2005,197253876704.92,false
Portugal,PRT,2006,208756449275.85,false
Portugal,PRT,2007,240496147317.38,false
Portugal,PRT,2008,263416394624.08,false
Portugal,PRT,2009,244667762835.54,false
Portugal,PRT,2010,238113003233.29,false
Portugal,PRT,2011,245117990242.25,false
Portugal,PRT,2012,216224240577.96,false
Portugal,PRT,2013,226433858005.72,false
Portugal,PRT,2014,229901964221.88,false
Portugal,PRT,2015,199394066525.44,false
Portugal,PRT,2016,206426152308.94,false
Portugal,PRT,2017,221357874718.93,false
Portugal,PRT,2018,242313116577.96,false
Portugal,PRT,2019,239986922638.90,false
Portugal,PRT,2020,229031860520.77,false
Portugal,PRT,2021,253982847571.02,false
Portugal,PRT,2022,251945377529.39,false
Paraguay,PRY,1965,443587301.59,false
Paraguay,PRY,1966,465888888.89,false
Paraguay,PRY,1967,492674603.17,false
Paraguay,PRY,1968,517650793.65,false
Paraguay,PRY,1969,556293650.79,false
Paraguay,PRY,1970,594611111.11,false
Paraguay,PRY,1971,664571428.57,false
Paraguay,PRY,1972,769039682.54,false
Paraguay,PRY,1973,995531746.03,false
Paraguay,PRY,1974,1333475396.83,false
Paraguay,PRY,1975,1511420634.92,false
Paraguay,PRY,1976,1698960317.46,false
Paraguay,PRY,1977,2092158730.16,false
Paraguay,PRY,1978,2559857142.86,false
Paraguay,PRY,1979,3416777777.78,false
Paraguay,PRY,1980,4448087301.59,false
Paraguay,PRY,1981,5624515873.02,false
Paraguay,PRY,1982,5419411764.71,false
Paraguay,PRY,1983,5673248726.16,false
Paraguay,PRY,1984,4502462807.14,false
Paraguay,PRY,1985,3282449235.76,false
Paraguay,PRY,1986,3723993942.79,false
Paraguay,PRY,1987,3971044723.80,false
Paraguay,PRY,1988,4255683528.33,false
Paraguay,PRY,1989,4757732199.96,false
Paraguay,PRY,1990,5812114523.01,false
Paraguay,PRY,1991,6984367762.90,false
Paraguay,PRY,1992,7157424031.06,false
Paraguay,PRY,1993,7249533620.31,false
Paraguay,PRY,1994,7870982004.82,false
Paraguay,PRY,1995,9062131475.02,false
Paraguay,PRY,1996,9788391780.52,false
Paraguay,PRY,1997,9965225678.05,false
Paraguay,PRY,1998,9260481572.42,false
Paraguay,PRY,1999,8837070235.52,false
Paraguay,PRY,2000,8855705139.56,false
Paraguay,PRY,2001,8495806432.18,false
Paraguay,PRY,2002,7196260656.85,false
Paraguay,PRY,2003,7691367471.18,false
Paraguay,PRY,2004,9624440836.29,false
Paraguay,PRY,2005,10737500188.11,false
Paraguay,PRY,2006,13429430050.26,false
Paraguay,PRY,2007,17856393235.43,false
Paraguay,PRY,2008,24615267617.03,false
Paraguay,PRY,2009,22355151177.74,false
Paraguay,PRY,2010,27129301048.05,false
Paraguay,PRY,2011,33737033607.06,false
Paraguay,PRY,2012,33296438408.86,false
Paraguay,PRY,2013,38651334593.03,false
Paraguay,PRY,2014,40377987314.64,false
Paraguay,PRY,2015,36211372646.38,false
Paraguay,PRY,2016,36089550671.83,false
Paraguay,PRY,2017,38997129809.17,false
Paraguay,PRY,2018,40225448651.31,false
Paraguay,PRY,2019,37925338460.16,false
Paraguay,PRY,2020,35432177936.33,false
Paraguay,PRY,2021,39950899733.23,false
Paraguay,PRY,2022,41722295362.07,false
West Bank and Gaza,PSE,1994,2843300000.00,false
West Bank and Gaza,PSE,1995,3282800000.00,false
West Bank and Gaza,PSE,1996,3409600000.00,false
West Bank and Gaza,PSE,1997,3759800000.00,false
West Bank and Gaza,PSE,1998,4067800000.00,false
West Bank and Gaza,PSE,1999,4271200000.00,false
West Bank and Gaza,PSE,2000,4313600000.00,false
West Bank and Gaza,PSE,2001,4003700000.00,false
West Bank and Gaza,PSE,2002,3555800000.00,false
West Bank and Gaza,PSE,2003,3968000000.00,false
West Bank and Gaza,PSE,2004,4603100000.00,false
West Bank and Gaza,PSE,2005,5125700000.00,false
West Bank and Gaza,PSE,2006,5348300000.00,false
West Bank and Gaza,PSE,2007,5815700000.00,false
West Bank and Gaza,PSE,2008,7310400000.00,false
West Bank and Gaza,PSE,2009,8085700000.00,false
West Bank and Gaza,PSE,2010,9681500000.00,false
West Bank and Gaza,PSE,2011,11186100000.00,false
West Bank and Gaza,PSE,2012,12208400000.00,false
West Bank and Gaza,PSE,2013,13515500000.00,false
West Bank and Gaza,PSE,2014,13989700000.00,false
West Bank and Gaza,PSE,2015,13972400000.00,false
West Bank and Gaza,PSE,2016,15405400000.00,false
West Bank and Gaza,PSE,2017,16128000000.00,false
West Bank and Gaza,PSE,2018,16276600000.00,false
West Bank and Gaza,PSE,2019,17133500000.00,false
West Bank and Gaza,PSE,2020,15531700000.00,false
West Bank and Gaza,PSE,2021,18109000000.00,false
West Bank and Gaza,PSE,2022,19111900000.00,false
Pacific island small states,PSS,1971,437447620.76,true
Pacific island small states,PSS,1972,525633220.16,true
Pacific island small states,PSS,1973,716679448.46,true
Pacific island small states,PSS,1974,1018241425.38,true
Pacific island small states,PSS,1975,1137316353.05,true
Pacific island small states,PSS,1976,1140399510.56,true
Pacific island small states,PSS,1977,1189768787.71,true
Pacific island small states,PSS,1978,1379939152.92,true
Pacific island small states,PSS,1979,1690540719.08,true
Pacific island small states,PSS,1980,1966099339.72,true
Pacific island small states,PSS,1981,2023807477.82,true
Pacific island small states,PSS,1982,1974341177.53,true
Pacific island small states,PSS,1983,1877614434.12,true
Pacific island small states,PSS,1984,1979416202.75,true
Pacific island small states,PSS,1985,1873326939.44,true
Pacific island small states,PSS,1986,2042414180.84,true
Pacific island small states,PSS,1987,1987651802.79,true
Pacific island small states,PSS,1988,2033226609.28,true
Pacific island small states,PSS,1989,2103611296.07,true
Pacific island small states,PSS,1990,2354687132.63,true
Pacific island small states,PSS,1991,2500551872.05,true
Pacific island small states,PSS,1992,2743014524.21,true
Pacific island small states,PSS,1993,2908044290.64,true
Pacific island small states,PSS,1994,3426105625.64,true
Pacific island small states,PSS,1995,3716903516.99,true
Pacific island small states,PSS,1996,3978860437.54,true
Pacific island small states,PSS,1997,3985888305.89,true
Pacific island small states,PSS,1998,3413058275.88,true
Pacific island small states,PSS,1999,3750909585.16,true
Pacific island small states,PSS,2000,3435656384.27,true
Pacific island small states,PSS,2001,3389381091.62,true
Pacific island small states,PSS,2002,3558832752.24,true
Pacific island small states,PSS,2003,4239178866.19,true
Pacific island small states,PSS,2004,4877982920.28,true
Pacific island small states,PSS,2005,5419134368.67,true
Pacific island small states,PSS,2006,5688864951.42,true
Pacific island small states,PSS,2007,6273728181.70,true
Pacific island small states,PSS,2008,6704438240.45,true
Pacific island small states,PSS,2009,6031359069.88,true
Pacific island small states,PSS,2010,6634286339.23,true
Pacific island small states,PSS,2011,7736812460.37,true
Pacific island small states,PSS,2012,8198532204.87,true
Pacific island small states,PSS,2013,8523915458.42,true
Pacific island small states,PSS,2014,9263444823.68,true
Pacific island small states,PSS,2015,9054327014.36,true
Pacific island small states,PSS,2016,9504027364.77,true
Pacific island small states,PSS,2017,10256678899.66,true
Pacific island small states,PSS,2018,10760671502.41,true
Pacific island small states,PSS,2019,10739835368.72,true
Pacific island small states,PSS,2020,9531900179.03,true
Pacific island small states,PSS,2021,9475964549.33,true
Pacific island small states,PSS,2022,10226024919.58,true
Post-demographic dividend,PST,1960,1047773359738.19,true
Post-demographic dividend,PST,1961,1107818944165.00,true
Post-demographic dividend,PST,1962,1196159196890.88,true
Post-demographic dividend,PST,1963,1288479558756.58,true
Post-demographic dividend,PST,1964,1405754910472.25,true
Post-demographic dividend,PST,1965,1527319910271.76,true
Post-demographic dividend,PST,1966,1675258902649.29,true
Post-demographic dividend,PST,1967,1798360977872.76,true
Post-demographic dividend,PST,1968,1950641593704.06,true
Post-demographic dividend,PST,1969,2144817644944.01,true
Post-demographic dividend,PST,1970,2342412592303.54,true
Post-demographic dividend,PST,1971,2597096522533.51,true
Post-demographic dividend,PST,1972,3012720085617.16,true
Post-demographic dividend,PST,1973,3637412282740.70,true
Post-demographic dividend,PST,1974,4062269107213.96,true
Post-demographic dividend,PST,1975,4551619425380.47,true
Post-demographic dividend,PST,1976,4939133669039.49,true
Post-demographic dividend,PST,1977,5583957272913.27,true
Post-demographic dividend,PST,1978,6709404010331.98,true
Post-demographic dividend,PST,1979,7714121027274.36,true
Post-demographic dividend,PST,1980,8542238350835.81,true
Post-demographic dividend,PST,1981,8638861952250.66,true
Post-demographic dividend,PST,1982,8601100602982.90,true
Post-demographic dividend,PST,1983,8926201078130.69,true
Post-demographic dividend,PST,1984,9328457473003.21,true
Post-demographic dividend,PST,1985,9822918990615.55,true
Post-demographic dividend,PST,1986,12002144837791.70,true
Post-demographic dividend,PST,1987,13915782174308.40,true
Post-demographic dividend,PST,1988,15676188303230.40,true
Post-demographic dividend,PST,1989,16372697957121.30,true
Post-demographic dividend,PST,1990,18377400960323.70,true
Post-demographic dividend,PST,1991,19390950004995.60,true
Post-demographic dividend,PST,1992,20810961097254.50,true
Post-demographic dividend,PST,1993,20948371516255.00,true
Post-demographic dividend,PST,1994,22521879706695.10,true
Post-demographic dividend,PST,1995,24978715758135.30,true
Post-demographic dividend,PST,1996,25097110656154.60,true
Post-demographic dividend,PST,1997,24602580608643.40,true
Post-demographic dividend,PST,1998,24709296714162.20,true
Post-demographic dividend,PST,1999,25946742047303.90,true
Post-demographic dividend,PST,2000,26399173716297.80,true
Post-demographic dividend,PST,2001,26142575385623.50,true
Post-demographic dividend,PST,2002,27268467106808.10,true
Post-demographic dividend,PST,2003,30572525993654.80,true
Post-demographic dividend,PST,2004,33971626447174.60,true
Post-demographic dividend,PST,2005,35742710396564.50,true
Post-demographic dividend,PST,2006,37604948564769.30,true
Post-demographic dividend,PST,2007,41044091917261.00,true
Post-demographic dividend,PST,2008,43476833575741.20,true
Post-demographic dividend,PST,2009,40929784604203.40,true
Post-demographic dividend,PST,2010,42691272338288.80,true
Post-demographic dividend,PST,2011,45849639438219.80,true
Post-demographic dividend,PST,2012,45778308725715.30,true
Post-demographic dividend,PST,2013,46233475458879.90,true
Post-demographic dividend,PST,2014,47148786960027.80,true
Post-demographic dividend,PST,2015,44585851713476.00,true
Post-demographic dividend,PST,2016,45593085156267.70,true
Post-demographic dividend,PST,2017,47535727573455.90,true
Post-demographic dividend,PST,2018,50385041767149.80,true
Post-demographic dividend,PST,2019,50880064647603.90,true
Post-demographic dividend,PST,2020,49719390050877.10,true
Post-demographic dividend,PST,2021,55090863284051.60,true
Post-demographic dividend,PST,2022,56013534785820.30,true
French Polynesia,PYF,1965,176534588.23,false
French Polynesia,PYF,1966,215659453.34,false
French Polynesia,PYF,1967,220984367.41,false
French Polynesia,PYF,1968,259590074.27,false
French Polynesia,PYF,1969,242943782.90,false
French Polynesia,PYF,1970,254036000.50,false
French Polynesia,PYF,1971,296865513.09,false
French Polynesia,PYF,1972,326433558.25,false
French Polynesia,PYF,1973,431252938.19,false
French Polynesia,PYF,1974,555340843.94,false
French Polynesia,PYF,1975,690323390.97,false
French Polynesia,PYF,1976,732288909.02,false
French Polynesia,PYF,1977,793196379.45,false
French Polynesia,PYF,1978,1005569840.75,false
French Polynesia,PYF,1979,1215032464.69,false
French Polynesia,PYF,1980,1320416033.31,false
French Polynesia,PYF,1981,1234743075.74,false
French Polynesia,PYF,1982,1235897960.34,false
French Polynesia,PYF,1983,1284180702.79,false
French Polynesia,PYF,1984,1325515441.98,false
French Polynesia,PYF,1985,1448281229.04,false
French Polynesia,PYF,1986,2212028291.39,false
French Polynesia,PYF,1987,2677977168.73,false
French Polynesia,PYF,1988,2723496362.17,false
French Polynesia,PYF,1989,2731683490.23,false
French Polynesia,PYF,1990,3320159522.53,false
French Polynesia,PYF,1991,3410078974.21,false
French Polynesia,PYF,1992,3713785776.28,false
French Polynesia,PYF,1993,3544608541.05,false
French Polynesia,PYF,1994,3676123796.01,false
French Polynesia,PYF,1995,4186994271.30,false
French Polynesia,PYF,1996,4166072830.03,false
French Polynesia,PYF,1997,3762859109.40,false
French Polynesia,PYF,1998,3903186594.71,false
French Polynesia,PYF,1999,3911602000.29,false
French Polynesia,PYF,2000,3599845481.65,false
French Polynesia,PYF,2001,3573808550.51,false
French Polynesia,PYF,2002,3965405556.56,false
French Polynesia,PYF,2003,4927780605.25,false
French Polynesia,PYF,2004,5564109988.15,false
French Polynesia,PYF,2005,5705052111.29,false
French Polynesia,PYF,2006,5877997996.95,false
French Polynesia,PYF,2007,6631156410.69,false
French Polynesia,PYF,2008,7136741397.50,false
French Polynesia,PYF,2009,6584557942.41,false
French Polynesia,PYF,2010,6086644790.81,false
French Polynesia,PYF,2011,6203940049.23,false
French Polynesia,PYF,2012,5692858093.84,false
French Polynesia,PYF,2013,6031827089.13,false
French Polynesia,PYF,2014,6151996534.96,false
French Polynesia,PYF,2015,5325846341.79,false
French Polynesia,PYF,2016,5497036486.74,false
French Polynesia,PYF,2017,5833352684.45,false
French Polynesia,PYF,2018,6135116260.65,false
French Polynesia,PYF,2019,6022276207.19,false
French Polynesia,PYF,2020,5731835679.23,false
French Polynesia,PYF,2021,6080359305.29,false
Qatar,QAT,1970,301791301.55,false
Qatar,QAT,1971,387703114.92,false
Qatar,QAT,1972,510262518.50,false
Qatar,QAT,1973,793885649.28,false
Qatar,QAT,1974,2401403228.05,false
Qatar,QAT,1975,2512773379.54,false
Qatar,QAT,1976,3284273711.33,false
Qatar,QAT,1977,3617564943.39,false
Qatar,QAT,1978,4052000413.75,false
Qatar,QAT,1979,5632962998.32,false
Qatar,QAT,1980,7829165977.59,false
Qatar,QAT,1981,8661263766.12,false
Qatar,QAT,1982,7596703216.37,false
Qatar,QAT,1983,6467582309.47,false
Qatar,QAT,1984,6704395824.94,false
Qatar,QAT,1985,6153296456.04,false
Qatar,QAT,1986,5053021950.55,false
Qatar,QAT,1987,5446428681.32,false
Qatar,QAT,1988,6038187032.97,false
Qatar,QAT,1989,6487912087.91,false
Qatar,QAT,1990,7360439423.08,false
Qatar,QAT,1991,6883516483.52,false
Qatar,QAT,1992,7646153983.52,false
Qatar,QAT,1993,7156593653.85,false
Qatar,QAT,1994,7374450769.23,false
Qatar,QAT,1995,8137911978.02,false
Qatar,QAT,1996,9059340384.62,false
Qatar,QAT,1997,11297802115.38,false
Qatar,QAT,1998,10255495027.47,false
Qatar,QAT,1999,12393131868.13,false
Qatar,QAT,2000,17759890109.89,false
Qatar,QAT,2001,17538461538.46,false
Qatar,QAT,2002,19363736263.74,false
Qatar,QAT,2003,23533791208.79,false
Qatar,QAT,2004,31734065934.07,false
Qatar,QAT,2005,44530494505.49,false
Qatar,QAT,2006,60882142857.14,false
Qatar,QAT,2007,79712087912.09,false
Qatar,QAT,2008,115270054945.06,false
Qatar,QAT,2009,97798351648.35,false
Qatar,QAT,2010,125122306346.15,false
Qatar,QAT,2011,167775268626.37,false
Qatar,QAT,2012,186833502362.64,false
Qatar,QAT,2013,198727642967.03,false
Qatar,QAT,2014,206224598571.43,false
Qatar,QAT,2015,161739955576.92,false
Qatar,QAT,2016,151732181868.13,false
Qatar,QAT,2017,161099122225.28,false
Qatar,QAT,2018,183334953818.68,false
Qatar,QAT,2019,176371267689.08,false
Qatar,QAT,2020,144411363345.27,false
Qatar,QAT,2021,179677131707.29,false
Qatar,QAT,2022,237295575171.10,false
Romania,ROU,1987,38067565160.58,false
Romania,ROU,1988,40424526825.79,false
Romania,ROU,1989,41450779108.67,false
Romania,ROU,1990,38244330107.55,false
Romania,ROU,1991,28851673545.00,false
Romania,ROU,1992,25121666666.67,false
Romania,ROU,1993,26361131547.12,false
Romania,ROU,1994,30072880812.32,false
Romania,ROU,1995,37430238805.93,false
Romania,ROU,1996,36937074278.30,false
Romania,ROU,1997,35575197534.58,false
Romania,ROU,1998,41696111548.07,false
Romania,ROU,1999,35953162615.86,false
Romania,ROU,2000,37253738081.07,false
Romania,ROU,2001,40395114264.78,false
Romania,ROU,2002,46065502702.58,false
Romania,ROU,2003,57806382692.21,false
Romania,ROU,2004,74973660680.52,false
Romania,ROU,2005,98454374488.29,false
Romania,ROU,2006,122023721512.53,false
Romania,ROU,2007,174588782938.58,false
Romania,ROU,2008,214317174116.58,false
Romania,ROU,2009,174102268534.84,false
Romania,ROU,2010,170029359010.67,false
Romania,ROU,2011,192613558645.61,false
Romania,ROU,2012,179132893143.42,false
Romania,ROU,2013,189789277576.06,false
Romania,ROU,2014,199713780259.32,false
Romania,ROU,2015,177883897811.43,false
Romania,ROU,2016,185287615324.92,false
Romania,ROU,2017,210147181055.28,false
Romania,ROU,2018,243316050520.72,false
Romania,ROU,2019,251017797625.02,false
Romania,ROU,2020,251362534092.32,false
Romania,ROU,2021,285404683024.54,false
Romania,ROU,2022,301261582924.09,false
Russian Federation,RUS,1988,554713455149.50,false
Russian Federation,RUS,1989,506500173960.27,false
Russian Federation,RUS,1990,516814274021.96,false
Russian Federation,RUS,1991,517962962962.96,false
Russian Federation,RUS,1992,460290556900.73,false
Russian Federation,RUS,1993,435083713850.84,false
Russian Federation,RUS,1994,395077301248.46,false
Russian Federation,RUS,1995,395537185734.85,false
Russian Federation,RUS,1996,391724890744.50,false
Russian Federation,RUS,1997,404928954191.88,false
Russian Federation,RUS,1998,270955486862.44,false
Russian Federation,RUS,1999,195907128350.93,false
Russian Federation,RUS,2000,259710142196.94,false
Russian Federation,RUS,2001,306602070620.50,false
Russian Federation,RUS,2002,345470494417.86,false
Russian Federation,RUS,2003,430347420194.66,false
Russian Federation,RUS,2004,591016690742.80,false
Russian Federation,RUS,2005,764015982495.68,false
Russian Federation,RUS,2006,989932059220.67,false
Russian Federation,RUS,2007,1299703459799.96,false
Russian Federation,RUS,2008,1660848058303.11,false
Russian Federation,RUS,2009,1222645887209.32,false
Russian Federation,RUS,2010,1524916698232.71,false
Russian Federation,RUS,2011,2045922727569.78,false
Russian Federation,RUS,2012,2208293528673.97,false
Russian Federation,RUS,2013,2292470104248.18,false
Russian Federation,RUS,2014,2059241582146.11,false
Russian Federation,RUS,2015,1363482179761.17,false
Russian Federation,RUS,2016,1276786344534.27,false
Russian Federation,RUS,2017,1574199355092.71,false
Russian Federation,RUS,2018,1657328764645.93,false
Russian Federation,RUS,2019,1693114993990.49,false
Russian Federation,RUS,2020,1493075887459.81,false
Russian Federation,RUS,2021,1836892075547.52,false
Russian Federation,RUS,2022,2240422438363.27,false
Rwanda,RWA,1960,119000024.12,false
Rwanda,RWA,1961,122000016.12,false
Rwanda,RWA,1962,125000008.12,false
Rwanda,RWA,1963,128000000.13,false
Rwanda,RWA,1964,129999994.13,false
Rwanda,RWA,1965,148799980.15,false
Rwanda,RWA,1966,124525702.98,false
Rwanda,RWA,1967,159560018.16,false
Rwanda,RWA,1968,172200018.17,false
Rwanda,RWA,1969,188700037.19,false
Rwanda,RWA,1970,219900006.22,false
Rwanda,RWA,1971,222952503.88,false
Rwanda,RWA,1972,246457838.60,false
Rwanda,RWA,1973,290746157.49,false
Rwanda,RWA,1974,308458423.18,false
Rwanda,RWA,1975,571863503.01,false
Rwanda,RWA,1976,637753856.05,false
Rwanda,RWA,1977,746650611.31,false
Rwanda,RWA,1978,905709080.93,false
Rwanda,RWA,1979,1109346136.65,false
Rwanda,RWA,1980,1254765643.15,false
Rwanda,RWA,1981,1407062526.29,false
Rwanda,RWA,1982,1407243132.62,false
Rwanda,RWA,1983,1479687583.14,false
Rwanda,RWA,1984,1587413091.46,false
Rwanda,RWA,1985,1715626336.53,false
Rwanda,RWA,1986,1944710687.94,false
Rwanda,RWA,1987,2157432667.84,false
Rwanda,RWA,1988,2395492695.14,false
Rwanda,RWA,1989,2405022587.80,false
Rwanda,RWA,1990,2550185692.54,false
Rwanda,RWA,1991,1911600232.09,false
Rwanda,RWA,1992,2029026956.64,false
Rwanda,RWA,1993,1971525718.16,false
Rwanda,RWA,1994,753636370.45,false
Rwanda,RWA,1995,1293535192.22,false
Rwanda,RWA,1996,1382334879.41,false
Rwanda,RWA,1997,1851558199.36,false
Rwanda,RWA,1998,1989343548.30,false
Rwanda,RWA,1999,2157024758.12,false
Rwanda,RWA,2000,2068762706.75,false
Rwanda,RWA,2001,1966548409.55,false
Rwanda,RWA,2002,1965932546.36,false
Rwanda,RWA,2003,2138185328.15,false
Rwanda,RWA,2004,2376464519.64,false
Rwanda,RWA,2005,2933765825.28,false
Rwanda,RWA,2006,3319711249.44,false
Rwanda,RWA,2007,4070391531.30,false
Rwanda,RWA,2008,5179804290.63,false
Rwanda,RWA,2009,5674428927.60,false
Rwanda,RWA,2010,6124693374.47,false
Rwanda,RWA,2011,6884907733.00,false
Rwanda,RWA,2012,7654782978.59,false
Rwanda,RWA,2013,7820052084.03,false
Rwanda,RWA,2014,8239042500.29,false
Rwanda,RWA,2015,8543869360.36,false
Rwanda,RWA,2016,8695318854.11,false
Rwanda,RWA,2017,9252833678.09,false
Rwanda,RWA,2018,9636510839.31,false
Rwanda,RWA,2019,10346675636.34,false
Rwanda,RWA,2020,10172925171.59,false
Rwanda,RWA,2021,11055281971.05,false
Rwanda,RWA,2022,13312796765.23,false
South Asia,SAS,1960,47156704038.65,true
South Asia,SAS,1961,50316837320.20,true
South Asia,SAS,1962,53705580292.75,true
South Asia,SAS,1963,60408326895.49,true
South Asia,SAS,1964,69158968713.74,true
South Asia,SAS,1965,74274468929.56,true
South Asia,SAS,1966,62456580600.22,true
South Asia,SAS,1967,68712964033.03,true
South Asia,SAS,1968,72018446516.86,true
South Asia,SAS,1969,79171992803.88,true
South Asia,SAS,1970,85711844745.38,true
South Asia,SAS,1971,91169238617.01,true
South Asia,SAS,1972,91653327298.47,true
South Asia,SAS,1973,104781402787.85,true
South Asia,SAS,1974,126934580819.78,true
South Asia,SAS,1975,135867507778.86,true
South Asia,SAS,1976,132608444905.70,true
South Asia,SAS,1977,153553587500.21,true
South Asia,SAS,1978,174721808669.43,true
South Asia,SAS,1979,195693075714.58,true
South Asia,SAS,1980,235962137572.70,true
South Asia,SAS,1981,250140235557.80,true
South Asia,SAS,1982,258792952697.99,true
South Asia,SAS,1983,273951368607.72,true
South Asia,SAS,1984,272676312680.72,true
South Asia,SAS,1985,296510765025.75,true
South Asia,SAS,1986,314034899880.35,true
South Asia,SAS,1987,348690416778.92,true
South Asia,SAS,1988,374679367843.74,true
South Asia,SAS,1989,378112968995.08,true
South Asia,SAS,1990,407066728402.15,true
South Asia,SAS,1991,362155183204.80,true
South Asia,SAS,1992,384619247242.89,true
South Asia,SAS,1993,380986910706.29,true
South Asia,SAS,1994,432196055451.72,true
South Asia,SAS,1995,479707317022.57,true
South Asia,SAS,1996,524814569929.73,true
South Asia,SAS,1997,550548635667.58,true
South Asia,SAS,1998,558258844530.03,true
South Asia,SAS,1999,598146534949.59,true
South Asia,SAS,2000,630242098666.02,true
South Asia,SAS,2001,645678633202.57,true
South Asia,SAS,2002,677426539845.30,true
South Asia,SAS,2003,791026613085.98,true
South Asia,SAS,2004,917083438858.52,true
South Asia,SAS,2005,1050602379999.63,true
South Asia,SAS,2006,1196088124853.08,true
South Asia,SAS,2007,1504162366252.89,true
South Asia,SAS,2008,1527612730733.41,true
South Asia,SAS,2009,1683173926491.50,true
South Asia,SAS,2010,2062468955967.70,true
South Asia,SAS,2011,2277346353954.89,true
South Asia,SAS,2012,2302398278355.34,true
South Asia,SAS,2013,2362708983919.22,true
South Asia,SAS,2014,2587787935996.42,true
South Asia,SAS,2015,2704835939982.51,true
South Asia,SAS,2016,3010757329892.83,true
South Asia,SAS,2017,3433883301221.75,true
South Asia,SAS,2018,3534209044993.87,true
South Asia,SAS,2019,3658004814522.01,true
South Asia,SAS,2020,3490012356687.83,true
South Asia,SAS,2021,4062783801939.27,true
South Asia,SAS,2022,4361631457999.02,true
Saudi Arabia,SAU,1968,4187777707.85,false
Saudi Arabia,SAU,1969,4485777640.96,false
Saudi Arabia,SAU,1970,5377268844.35,false
Saudi Arabia,SAU,1971,7184816176.88,false
Saudi Arabia,SAU,1972,9664177036.67,false
Saudi Arabia,SAU,1973,14947535254.23,false
Saudi Arabia,SAU,1974,45412971922.17,false
Saudi Arabia,SAU,1975,46773137523.07,false
Saudi Arabia,SAU,1976,64005623888.45,false
Saudi Arabia,SAU,1977,74189100135.37,false
Saudi Arabia,SAU,1978,80266637389.66,false
Saudi Arabia,SAU,1979,111858506074.45,false
Saudi Arabia,SAU,1980,164539597502.00,false
Saudi Arabia,SAU,1981,184291434776.43,false
Saudi Arabia,SAU,1982,153240295657.77,false
Saudi Arabia,SAU,1983,129171602025.15,false
Saudi Arabia,SAU,1984,119624918956.21,false
Saudi Arabia,SAU,1985,103897892810.98,false
Saudi Arabia,SAU,1986,86962013010.56,false
Saudi Arabia,SAU,1987,85695941760.05,false
Saudi Arabia,SAU,1988,88256162068.97,false
Saudi Arabia,SAU,1989,95344352823.70,false
Saudi Arabia,SAU,1990,117630261604.89,false
Saudi Arabia,SAU,1991,132223257865.58,false
Saudi Arabia,SAU,1992,137087867284.34,false
Saudi Arabia,SAU,1993,132967891655.20,false
Saudi Arabia,SAU,1994,135174876355.66,false
Saudi Arabia,SAU,1995,143343025756.30,false
Saudi Arabia,SAU,1996,158662377388.99,false
Saudi Arabia,SAU,1997,165963594803.64,false
Saudi Arabia,SAU,1998,146775428759.28,false
Saudi Arabia,SAU,1999,161717040000.00,false
Saudi Arabia,SAU,2000,189514910222.67,false
Saudi Arabia,SAU,2001,184137517724.86,false
Saudi Arabia,SAU,2002,189605920240.52,false
Saudi Arabia,SAU,2003,215807655244.42,false
Saudi Arabia,SAU,2004,258742263029.01,false
Saudi Arabia,SAU,2005,328459700124.06,false
Saudi Arabia,SAU,2006,376900135720.73,false
Saudi Arabia,SAU,2007,415964583059.20,false
Saudi Arabia,SAU,2008,519796738631.13,false
Saudi Arabia,SAU,2009,429097899279.01,false
Saudi Arabia,SAU,2010,528207298529.87,false
Saudi Arabia,SAU,2011,676634577273.05,false
Saudi Arabia,SAU,2012,741849984943.26,false
Saudi Arabia,SAU,2013,753864543430.25,false
Saudi Arabia,SAU,2014,766605946720.43,false
Saudi Arabia,SAU,2015,669484381328.89,false
Saudi Arabia,SAU,2016,665999879694.19,false
Saudi Arabia,SAU,2017,714994694991.65,false
Saudi Arabia,SAU,2018,846583785179.86,false
Saudi Arabia,SAU,2019,838564705624.64,false
Saudi Arabia,SAU,2020,734271183954.88,false
Saudi Arabia,SAU,2021,868585871464.54,false
Saudi Arabia,SAU,2022,1108148978218.49,false
Sudan,SDN,1960,1126364161.76,false
Sudan,SDN,1961,1222860428.56,false
Sudan,SDN,1962,1328259624.72,false
Sudan,SDN,1963,1351234926.34,false
Sudan,SDN,1964,1388282600.20,false
Sudan,SDN,1965,1446869619.32,false
Sudan,SDN,1966,1484491675.72,false
Sudan,SDN,1967,1607409539.37,false
Sudan,SDN,1968,1677771400.57,false
Sudan,SDN,1969,1847501441.26,false
Sudan,SDN,1970,2100229759.05,false
Sudan,SDN,1971,2288340041.03,false
Sudan,SDN,1972,2483055722.24,false
Sudan,SDN,1973,3077254460.30,false
Sudan,SDN,1974,3958931659.85,false
Sudan,SDN,1975,4823090191.91,false
Sudan,SDN,1976,6013210815.66,false
Sudan,SDN,1977,7499005639.38,false
Sudan,SDN,1978,8128719315.08,false
Sudan,SDN,1979,8418407786.61,false
Sudan,SDN,1980,8951800017.90,false
Sudan,SDN,1981,10753888154.28,false
Sudan,SDN,1982,8732542273.73,false
Sudan,SDN,1983,8230153846.15,false
Sudan,SDN,1984,10447615384.62,false
Sudan,SDN,1985,8075259600.34,false
Sudan,SDN,1986,10092200000.00,false
Sudan,SDN,1987,12093333333.33,false
Sudan,SDN,1988,14372555555.56,false
Sudan,SDN,1989,21408111111.11,false
Sudan,SDN,1990,33641222222.22,false
Sudan,SDN,1991,44171194366.20,false
Sudan,SDN,1992,7031933491.85,false
Sudan,SDN,1993,8881010081.25,false
Sudan,SDN,1994,12793798418.38,false
Sudan,SDN,1995,13830369852.31,false
Sudan,SDN,1996,9018303128.02,false
Sudan,SDN,1997,11681179570.90,false
Sudan,SDN,1998,11250220602.97,false
Sudan,SDN,1999,10682027634.75,false
Sudan,SDN,2000,12257299147.29,false
Sudan,SDN,2001,15716361539.06,false
Sudan,SDN,2002,18137126092.28,false
Sudan,SDN,2003,21355295732.05,false
Sudan,SDN,2004,26646007250.73,false
Sudan,SDN,2005,35182707173.82,false
Sudan,SDN,2006,45263824686.09,false
Sudan,SDN,2007,59440139774.81,false
Sudan,SDN,2008,64833088568.39,false
Sudan,SDN,2009,58315346841.24,false
Sudan,SDN,2010,74151157011.53,false
Sudan,SDN,2011,78402841444.95,false
Sudan,SDN,2012,63196236489.37,false
Sudan,SDN,2013,66027147864.79,false
Sudan,SDN,2014,76818773784.76,false
Sudan,SDN,2015,84984672415.94,false
Sudan,SDN,2016,102943515502.99,false
Sudan,SDN,2017,129718581297.43,false
Sudan,SDN,2018,32333780383.29,false
Sudan,SDN,2019,32338079165.29,false
Sudan,SDN,2020,27034593750.00,false
Sudan,SDN,2021,34229513774.99,false
Sudan,SDN,2022,51662241775.24,false
Senegal,SEN,1960,1003692368.84,false
Senegal,SEN,1961,1058975258.61,false
Senegal,SEN,1962,1085475791.98,false
Senegal,SEN,1963,1122139863.07,false
Senegal,SEN,1964,1188930644.96,false
Senegal,SEN,1965,1210058227.15,false
Senegal,SEN,1966,1246908188.21,false
Senegal,SEN,1967,1246480767.04,false
Senegal,SEN,1968,1309384863.21,false
Senegal,SEN,1969,1245234929.75,false
Senegal,SEN,1970,1297407654.80,false
Senegal,SEN,1971,1339549034.37,false
Senegal,SEN,1972,1620857100.56,false
Senegal,SEN,1973,1863398590.01,false
Senegal,SEN,1974,2099325232.12,false
Senegal,SEN,1975,2830388400.39,false
Senegal,SEN,1976,2869777881.24,false
Senegal,SEN,1977,2938046467.89,false
Senegal,SEN,1978,3280354917.45,false
Senegal,SEN,1979,4084877817.88,false
Senegal,SEN,1980,4510108281.84,false
Senegal,SEN,1981,4095892787.36,false
Senegal,SEN,1982,4013951446.35,false
Senegal,SEN,1983,3569356124.70,false
Senegal,SEN,1984,3485165433.40,false
Senegal,SEN,1985,3818944920.02,false
Senegal,SEN,1986,5392093452.45,false
Senegal,SEN,1987,6487353094.15,false
Senegal,SEN,1988,6418419392.53,false
Senegal,SEN,1989,6366039362.80,false
Senegal,SEN,1990,7390967361.66,false
Senegal,SEN,1991,7255210474.43,false
Senegal,SEN,1992,7769817847.28,false
Senegal,SEN,1993,7367986228.21,false
Senegal,SEN,1994,5034588198.68,false
Senegal,SEN,1995,6326342634.65,false
Senegal,SEN,1996,6559712162.47,false
Senegal,SEN,1997,6041478722.25,false
Senegal,SEN,1998,6505607913.82,false
Senegal,SEN,1999,6592834929.39,false
Senegal,SEN,2000,6013185003.71,false
Senegal,SEN,2001,6507824826.95,false
Senegal,SEN,2002,7006402324.85,false
Senegal,SEN,2003,8768721560.57,false
Senegal,SEN,2004,10076816661.05,false
Senegal,SEN,2005,11009033445.25,false
Senegal,SEN,2006,11697918245.35,false
Senegal,SEN,2007,13994218399.03,false
Senegal,SEN,2008,16853989611.19,false
Senegal,SEN,2009,16145867483.22,false
Senegal,SEN,2010,16121315901.81,false
Senegal,SEN,2011,17814283649.94,false
Senegal,SEN,2012,17660870395.81,false
Senegal,SEN,2013,18918667730.54,false
Senegal,SEN,2014,19797253445.27,false
Senegal,SEN,2015,17774766696.70,false
Senegal,SEN,2016,19040312331.16,false
Senegal,SEN,2017,20996562958.50,false
Senegal,SEN,2018,23116701539.56,false
Senegal,SEN,2019,23403995984.93,false
Senegal,SEN,2020,24530513058.59,false
Senegal,SEN,2021,27569136728.26,false
Senegal,SEN,2022,27684430244.49,false
Singapore,SGP,1960,704751699.83,false
Singapore,SGP,1961,764629787.61,false
Singapore,SGP,1962,826239211.26,false
Singapore,SGP,1963,917608011.87,false
Singapore,SGP,1964,894153310.82,false
Singapore,SGP,1965,974644095.49,false
Singapore,SGP,1966,1096425607.35,false
Singapore,SGP,1967,1238035814.95,false
Singapore,SGP,1968,1425706090.08,false
Singapore,SGP,1969,1659893766.73,false
Singapore,SGP,1970,1920574148.88,false
Singapore,SGP,1971,2263785443.62,false
Singapore,SGP,1972,2721440980.76,false
Singapore,SGP,1973,3696213333.33,false
Singapore,SGP,1974,5221534955.64,false
Singapore,SGP,1975,5633673929.99,false
Singapore,SGP,1976,6327077974.11,false
Singapore,SGP,1977,6618585073.66,false
Singapore,SGP,1978,7517176354.84,false
Singapore,SGP,1979,9296921723.83,false
Singapore,SGP,1980,11896256782.86,false
Singapore,SGP,1981,14175228843.64,false
Singapore,SGP,1982,16084252378.47,false
Singapore,SGP,1983,17784112149.53,false
Singapore,SGP,1984,19749361097.96,false
Singapore,SGP,1985,19156532745.77,false
Singapore,SGP,1986,18586746057.00,false
Singapore,SGP,1987,20919215578.21,false
Singapore,SGP,1988,25371462488.13,false
Singapore,SGP,1989,30465364738.62,false
Singapore,SGP,1990,36144336768.70,false
Singapore,SGP,1991,45466164978.29,false
Singapore,SGP,1992,52131330700.44,false
Singapore,SGP,1993,60603821967.47,false
Singapore,SGP,1994,73688716390.62,false
Singapore,SGP,1995,87812540788.43,false
Singapore,SGP,1996,96293097894.92,false
Singapore,SGP,1997,100123798454.01,false
Singapore,SGP,1998,85728224856.37,false
Singapore,SGP,1999,86286866724.22,false
Singapore,SGP,2000,96076521349.06,false
Singapore,SGP,2001,89793815727.60,false
Singapore,SGP,2002,92538355642.88,false
Singapore,SGP,2003,97646382412.87,false
Singapore,SGP,2004,115033570415.04,false
Singapore,SGP,2005,127807810333.77,false
Singapore,SGP,2006,148627255181.67,false
Singapore,SGP,2007,180941741377.77,false
Singapore,SGP,2008,193617346346.78,false
Singapore,SGP,2009,194150322022.09,false
Singapore,SGP,2010,239807921966.01,false
Singapore,SGP,2011,279356526366.33,false
Singapore,SGP,2012,295092839974.92,false
Singapore,SGP,2013,307576360584.99,false
Singapore,SGP,2014,314863580758.46,false
Singapore,SGP,2015,307998545269.40,false
Singapore,SGP,2016,319029973659.29,false
Singapore,SGP,2017,343272878686.39,false
Singapore,SGP,2018,376869585632.12,false
Singapore,SGP,2019,376837488316.97,false
Singapore,SGP,2020,348392174863.65,false
Singapore,SGP,2021,423796995372.73,false
Singapore,SGP,2022,466788539651.84,false
Solomon Islands,SLB,1967,25203524.03,false
Solomon Islands,SLB,1968,28084252.76,false
Solomon Islands,SLB,1969,28606411.40,false
Solomon Islands,SLB,1971,50056882.82,false
Solomon Islands,SLB,1972,40606712.05,false
Solomon Islands,SLB,1973,55272108.84,false
Solomon Islands,SLB,1974,84539332.28,false
Solomon Islands,SLB,1975,74620352.59,false
Solomon Islands,SLB,1976,83100800.46,false
Solomon Islands,SLB,1977,93145317.78,false
Solomon Islands,SLB,1978,111027384.85,false
Solomon Islands,SLB,1979,151276440.26,false
Solomon Islands,SLB,1980,182852054.19,false
Solomon Islands,SLB,1981,193750476.47,false
Solomon Islands,SLB,1982,192901942.93,false
Solomon Islands,SLB,1983,181220349.80,false
Solomon Islands,SLB,1984,181570454.33,false
Solomon Islands,SLB,1985,165524980.92,false
Solomon Islands,SLB,1986,147620047.54,false
Solomon Islands,SLB,1987,155128568.05,false
Solomon Islands,SLB,1988,176494422.14,false
Solomon Islands,SLB,1989,172882435.81,false
Solomon Islands,SLB,1990,214877638.38,false
Solomon Islands,SLB,1991,227540473.34,false
Solomon Islands,SLB,1992,269034595.81,false
Solomon Islands,SLB,1993,300746329.68,false
Solomon Islands,SLB,1994,402836964.48,false
Solomon Islands,SLB,1995,469443201.50,false
Solomon Islands,SLB,1996,510586382.47,false
Solomon Islands,SLB,1997,526554053.18,false
Solomon Islands,SLB,1998,457579824.39,false
Solomon Islands,SLB,1999,488024547.99,false
Solomon Islands,SLB,2000,419842687.98,false
Solomon Islands,SLB,2001,409508556.61,false
Solomon Islands,SLB,2002,346406733.60,false
Solomon Islands,SLB,2003,417668997.40,false
Solomon Islands,SLB,2004,468005324.46,false
Solomon Islands,SLB,2005,552864568.40,false
Solomon Islands,SLB,2006,617258127.22,false
Solomon Islands,SLB,2007,695295347.62,false
Solomon Islands,SLB,2008,776337725.19,false
Solomon Islands,SLB,2009,805557595.92,false
Solomon Islands,SLB,2010,898133646.58,false
Solomon Islands,SLB,2011,1063895356.51,false
Solomon Islands,SLB,2012,1185283421.98,false
Solomon Islands,SLB,2013,1285911568.51,false
Solomon Islands,SLB,2014,1335571356.69,false
Solomon Islands,SLB,2015,1307909891.29,false
Solomon Islands,SLB,2016,1379490315.02,false
Solomon Islands,SLB,2017,1469789050.31,false
Solomon Islands,SLB,2018,1615478421.46,false
Solomon Islands,SLB,2019,1619154958.40,false
Solomon Islands,SLB,2020,1536145831.06,false
Solomon Islands,SLB,2021,1580303517.17,false
Solomon Islands,SLB,2022,1595710784.31,false
Sierra Leone,SLE,1960,321993630.57,false
Sierra Leone,SLE,1961,327818553.00,false
Sierra Leone,SLE,1962,342704719.91,false
Sierra Leone,SLE,1963,348529805.65,false
Sierra Leone,SLE,1964,371829821.98,false
Sierra Leone,SLE,1965,359379856.25,false
Sierra Leone,SLE,1966,375479849.81,false
Sierra Leone,SLE,1967,348795351.16,false
Sierra Leone,SLE,1968,329860091.94,false
Sierra Leone,SLE,1969,408690163.48,false
Sierra Leone,SLE,1970,434410373.76,false
Sierra Leone,SLE,1971,419549425.08,false
Sierra Leone,SLE,1972,465381264.33,false
Sierra Leone,SLE,1973,575230445.78,false
Sierra Leone,SLE,1974,648590794.58,false
Sierra Leone,SLE,1975,679336126.56,false
Sierra Leone,SLE,1976,594895244.67,false
Sierra Leone,SLE,1977,691779749.56,false
Sierra Leone,SLE,1978,960725310.98,false
Sierra Leone,SLE,1979,1109372098.14,false
Sierra Leone,SLE,1980,1100688361.26,false
Sierra Leone,SLE,1981,1114831914.63,false
Sierra Leone,SLE,1982,1295361467.61,false
Sierra Leone,SLE,1983,995104199.78,false
Sierra Leone,SLE,1984,1087471861.99,false
Sierra Leone,SLE,1985,856863164.46,false
Sierra Leone,SLE,1986,490177396.18,false
Sierra Leone,SLE,1987,660115531.97,false
Sierra Leone,SLE,1988,1055081242.29,false
Sierra Leone,SLE,1989,932978182.01,false
Sierra Leone,SLE,1990,649644812.64,false
Sierra Leone,SLE,1991,780098205.22,false
Sierra Leone,SLE,1992,679997997.60,false
Sierra Leone,SLE,1993,768812334.80,false
Sierra Leone,SLE,1994,911915970.68,false
Sierra Leone,SLE,1995,870758739.41,false
Sierra Leone,SLE,1996,941742152.71,false
Sierra Leone,SLE,1997,850218033.62,false
Sierra Leone,SLE,1998,672375927.35,false
Sierra Leone,SLE,1999,669384768.87,false
Sierra Leone,SLE,2000,635874002.20,false
Sierra Leone,SLE,2001,1074851475.18,false
Sierra Leone,SLE,2002,1236235826.58,false
Sierra Leone,SLE,2003,1369685676.56,false
Sierra Leone,SLE,2004,1430217080.66,false
Sierra Leone,SLE,2005,1627058706.48,false
Sierra Leone,SLE,2006,1862116164.80,false
Sierra Leone,SLE,2007,2126679686.07,false
Sierra Leone,SLE,2008,2451896681.91,false
Sierra Leone,SLE,2009,2419014960.20,false
Sierra Leone,SLE,2010,2578159479.90,false
Sierra Leone,SLE,2011,2932274241.97,false
Sierra Leone,SLE,2012,3789251962.28,false
Sierra Leone,SLE,2013,4920343203.30,false
Sierra Leone,SLE,2014,5015180836.19,false
Sierra Leone,SLE,2015,4252029353.82,false
Sierra Leone,SLE,2016,3862721204.61,false
Sierra Leone,SLE,2017,3719443317.52,false
Sierra Leone,SLE,2018,4085114542.07,false
Sierra Leone,SLE,2019,4076578653.55,false
Sierra Leone,SLE,2020,4062906363.56,false
Sierra Leone,SLE,2021,4249234573.99,false
Sierra Leone,SLE,2022,3970343852.32,false
El Salvador,SLV,1965,877720000.00,false
El Salvador,SLV,1966,929520000.00,false
El Salvador,SLV,1967,976200000.00,false
El Salvador,SLV,1968,1009760100.00,false
El Salvador,SLV,1969,1049400000.00,false
El Salvador,SLV,1970,1132920000.00,false
El Salvador,SLV,1971,1186120000.00,false
El Salvador,SLV,1972,1263720000.00,false
El Salvador,SLV,1973,1442320000.00,false
El Salvador,SLV,1974,1665880000.00,false
El Salvador,SLV,1975,1884120100.00,false
El Salvador,SLV,1976,2328280100.00,false
El Salvador,SLV,1977,2941640100.00,false
El Salvador,SLV,1978,3127960000.00,false
El Salvador,SLV,1979,3463639900.00,false
El Salvador,SLV,1980,3573959900.00,false
El Salvador,SLV,1981,3437200200.00,false
El Salvador,SLV,1982,3399189100.00,false
El Salvador,SLV,1983,3506347800.00,false
El Salvador,SLV,1984,3661683400.00,false
El Salvador,SLV,1985,3800368600.00,false
El Salvador,SLV,1986,3771663200.00,false
El Salvador,SLV,1987,3958045800.00,false
El Salvador,SLV,1988,4189880000.00,false
El Salvador,SLV,1989,4372215300.00,false
El Salvador,SLV,1990,4817542204.00,false
El Salvador,SLV,1991,5252342400.00,false
El Salvador,SLV,1992,5813399300.00,false
El Salvador,SLV,1993,6680269200.00,false
El Salvador,SLV,1994,7679384000.00,false
El Salvador,SLV,1995,8921947100.00,false
El Salvador,SLV,1996,9586327800.00,false
El Salvador,SLV,1997,10221705900.00,false
El Salvador,SLV,1998,10936669900.00,false
El Salvador,SLV,1999,11284197000.00,false
El Salvador,SLV,2000,11784927700.00,false
El Salvador,SLV,2001,12282533600.00,false
El Salvador,SLV,2002,12664190300.00,false
El Salvador,SLV,2003,13243892200.00,false
El Salvador,SLV,2004,13724810900.00,false
El Salvador,SLV,2005,14698000000.00,false
El Salvador,SLV,2006,15999890000.00,false
El Salvador,SLV,2007,17011750000.00,false
El Salvador,SLV,2008,17986890000.00,false
El Salvador,SLV,2009,17601620000.00,false
El Salvador,SLV,2010,18447920000.00,false
El Salvador,SLV,2011,20283780000.00,false
El Salvador,SLV,2012,21386150000.00,false
El Salvador,SLV,2013,21990960000.00,false
El Salvador,SLV,2014,22593470000.00,false
El Salvador,SLV,2015,23438240000.00,false
El Salvador,SLV,2016,24191430000.00,false
El Salvador,SLV,2017,24979190000.00,false
El Salvador,SLV,2018,26020850000.00,false
El Salvador,SLV,2019,26881140000.00,false
El Salvador,SLV,2020,24930080000.00,false
El Salvador,SLV,2021,29451240000.00,false
El Salvador,SLV,2022,32488720000.00,false
San Marino,SMR,1999,1109098657.58,false
San Marino,SMR,2000,1005159388.24,false
San Marino,SMR,2001,1077413479.05,false
San Marino,SMR,2002,1168269230.77,false
San Marino,SMR,2003,1464326160.82,false
San Marino,SMR,2004,1723750000.00,false
San Marino,SMR,2005,1785847531.40,false
San Marino,SMR,2006,1908167105.76,false
San Marino,SMR,2007,2185874623.60,false
San Marino,SMR,2008,2393437820.42,false
San Marino,SMR,2009,2056126701.86,false
San Marino,SMR,2010,1881191950.00,false
San Marino,SMR,2011,1813717694.55,false
San Marino,SMR,2012,1604701051.17,false
San Marino,SMR,2013,1678741201.57,false
San Marino,SMR,2014,1673910988.24,false
San Marino,SMR,2015,1419400403.82,false
San Marino,SMR,2016,1468342430.69,false
San Marino,SMR,2017,1528621195.46,false
San Marino,SMR,2018,1655354303.83,false
San Marino,SMR,2019,1616188702.34,false
San Marino,SMR,2020,1541247884.00,false
San Marino,SMR,2021,1855382833.15,false
Somalia,SOM,1960,180459936.62,false
Somalia,SOM,1961,191659914.21,false
Somalia,SOM,1962,203531927.37,false
Somalia,SOM,1963,216145935.76,false
Somalia,SOM,1964,229529912.47,false
Somalia,SOM,1965,243725897.82,false
Somalia,SOM,1966,257375896.83,false
Somalia,SOM,1967,271781886.57,false
Somalia,SOM,1968,286719885.07,false
Somalia,SOM,1969,306357284.57,false
Somalia,SOM,1970,322600009.14,false
Somalia,SOM,1971,331104677.24,false
Somalia,SOM,1972,416940943.67,false
Somalia,SOM,1973,507028428.32,false
Somalia,SOM,1974,467577432.32,false
Somalia,SOM,1975,710850226.64,false
Somalia,SOM,1976,807275808.87,false
Somalia,SOM,1977,498550873.04,false
Somalia,SOM,1978,564986059.67,false
Somalia,SOM,1979,590419855.12,false
Somalia,SOM,1980,603592656.82,false
Somalia,SOM,1981,699112266.84,false
Somalia,SOM,1982,774419569.70,false
Somalia,SOM,1983,733901365.94,false
Somalia,SOM,1984,788307213.44,false
Somalia,SOM,1985,876404617.66,false
Somalia,SOM,1986,930318705.30,false
Somalia,SOM,1987,1009792724.42,false
Somalia,SOM,1988,1038291284.50,false
Somalia,SOM,1989,1092392963.20,false
Somalia,SOM,1990,917044228.01,false
Somalia,SOM,2013,4577000011.76,false
Somalia,SOM,2014,5024999991.72,false
Somalia,SOM,2015,5335000000.00,false
Somalia,SOM,2016,5534000000.00,false
Somalia,SOM,2017,5609000000.00,false
Somalia,SOM,2018,5856000006.22,false
Somalia,SOM,2019,6485000000.00,false
Somalia,SOM,2020,6883000000.00,false
Somalia,SOM,2021,7628000011.46,false
Somalia,SOM,2022,8126105600.00,false
Serbia,SRB,1995,16832598870.06,false
Serbia,SRB,1996,21818007448.79,false
Serbia,SRB,1997,25676487999.59,false
Serbia,SRB,1998,19457979423.38,false
Serbia,SRB,1999,19388663551.00,false
Serbia,SRB,2000,6875845986.52,false
Serbia,SRB,2001,12960546471.38,false
Serbia,SRB,2002,17120906918.35,false
Serbia,SRB,2003,22482365321.77,false
Serbia,SRB,2004,26141968161.09,false
Serbia,SRB,2005,27683225959.25,false
Serbia,SRB,2006,32482070360.32,false
Serbia,SRB,2007,43170990616.47,false
Serbia,SRB,2008,52194221468.50,false
Serbia,SRB,2009,45162894380.93,false
Serbia,SRB,2010,41819468691.83,false
Serbia,SRB,2011,49258136128.97,false
Serbia,SRB,2012,43309252921.06,false
Serbia,SRB,2013,48394239474.68,false
Serbia,SRB,2014,47062202241.44,false
Serbia,SRB,2015,39655949731.38,false
Serbia,SRB,2016,40692661657.28,false
Serbia,SRB,2017,44179075778.93,false
Serbia,SRB,2018,50640662859.50,false
Serbia,SRB,2019,51514242775.52,false
Serbia,SRB,2020,53356484763.84,false
Serbia,SRB,2021,63082021205.93,false
Serbia,SRB,2022,63501748652.30,false
Sub-Saharan Africa (excluding high income),SSA,1960,31027714943.16,true
Sub-Saharan Africa (excluding high income),SSA,1961,32263804167.37,true
Sub-Saharan Africa (excluding high income),SSA,1962,34913239385.50,true
Sub-Saharan Africa (excluding high income),SSA,1963,39962028720.75,true
Sub-Saharan Africa (excluding high income),SSA,1964,39224536060.35,true
Sub-Saharan Africa (excluding high income),SSA,1965,43662665168.75,true
Sub-Saharan Africa (excluding high income),SSA,1966,47099671961.87,true
Sub-Saharan Africa (excluding high income),SSA,1967,46766192279.44,true
Sub-Saharan Africa (excluding high income),SSA,1968,50111072585.35,true
Sub-Saharan Africa (excluding high income),SSA,1969,57246081129.95,true
Sub-Saharan Africa (excluding high income),SSA,1970,67248358817.60,true
Sub-Saharan Africa (excluding high income),SSA,1971,68555667236.63,true
Sub-Saharan Africa (excluding high income),SSA,1972,77082698723.18,true
Sub-Saharan Africa (excluding high income),SSA,1973,99480296893.04,true
Sub-Saharan Africa (excluding high income),SSA,1974,127850076182.42,true
Sub-Saharan Africa (excluding high income),SSA,1975,140842882957.69,true
Sub-Saharan Africa (excluding high income),SSA,1976,151949762433.19,true
Sub-Saharan Africa (excluding high income),SSA,1977,166682438981.63,true
Sub-Saharan Africa (excluding high income),SSA,1978,185998188491.49,true
Sub-Saharan Africa (excluding high income),SSA,1979,221888413697.26,true
Sub-Saharan Africa (excluding high income),SSA,1980,281896939235.68,true
Sub-Saharan Africa (excluding high income),SSA,1981,389734246636.87,true
Sub-Saharan Africa (excluding high income),SSA,1982,357608755228.60,true
Sub-Saharan Africa (excluding high income),SSA,1983,314695230286.82,true
Sub-Saharan Africa (excluding high income),SSA,1984,275527482096.40,true
Sub-Saharan Africa (excluding high income),SSA,1985,254278552801.72,true
Sub-Saharan Africa (excluding high income),SSA,1986,261182778464.14,true
Sub-Saharan Africa (excluding high income),SSA,1987,296944898332.11,true
Sub-Saharan Africa (excluding high income),SSA,1988,313276890344.11,true
Sub-Saharan Africa (excluding high income),SSA,1989,319238233553.96,true
Sub-Saharan Africa (excluding high income),SSA,1990,375031690306.91,true
Sub-Saharan Africa (excluding high income),SSA,1991,393057781842.08,true
Sub-Saharan Africa (excluding high income),SSA,1992,363398293662.60,true
Sub-Saharan Africa (excluding high income),SSA,1993,340402814717.37,true
Sub-Saharan Africa (excluding high income),SSA,1994,324340772654.15,true
Sub-Saharan Africa (excluding high income),SSA,1995,377022370501.94,true
Sub-Saharan Africa (excluding high income),SSA,1996,393974496885.46,true
Sub-Saharan Africa (excluding high income),SSA,1997,409061975713.87,true
Sub-Saharan Africa (excluding high income),SSA,1998,395484290671.91,true
Sub-Saharan Africa (excluding high income),SSA,1999,399358172061.35,true
Sub-Saharan Africa (excluding high income),SSA,2000,423785327342.34,true
Sub-Saharan Africa (excluding high income),SSA,2001,406642457658.93,true
Sub-Saharan Africa (excluding high income),SSA,2002,442445993204.26,true
Sub-Saharan Africa (excluding high income),SSA,2003,557495188798.27,true
Sub-Saharan Africa (excluding high income),SSA,2004,692416392727.32,true
Sub-Saharan Africa (excluding high income),SSA,2005,822378325932.19,true
Sub-Saharan Africa (excluding high income),SSA,2006,972440937663.85,true
Sub-Saharan Africa (excluding high income),SSA,2007,1126288215958.83,true
Sub-Saharan Africa (excluding high income),SSA,2008,1277264006648.20,true
Sub-Saharan Africa (excluding high income),SSA,2009,1229155220209.94,true
Sub-Saharan Africa (excluding high income),SSA,2010,1460726974193.65,true
Sub-Saharan Africa (excluding high income),SSA,2011,1648437203064.26,true
Sub-Saharan Africa (excluding high income),SSA,2012,1711634494143.73,true
Sub-Saharan Africa (excluding high income),SSA,2013,1818610270272.42,true
Sub-Saharan Africa (excluding high income),SSA,2014,1899461295889.25,true
Sub-Saharan Africa (excluding high income),SSA,2015,1694601782532.90,true
Sub-Saharan Africa (excluding high income),SSA,2016,1575080887302.15,true
Sub-Saharan Africa (excluding high income),SSA,2017,1704412183051.23,true
Sub-Saharan Africa (excluding high income),SSA,2018,1772634125817.16,true
Sub-Saharan Africa (excluding high income),SSA,2019,1821727380112.95,true
Sub-Saharan Africa (excluding high income),SSA,2020,1712869841645.04,true
Sub-Saharan Africa (excluding high income),SSA,2021,1925171173472.27,true
Sub-Saharan Africa (excluding high income),SSA,2022,2045758612586.37,true
South Sudan,SSD,2008,14586253383.06,false
South Sudan,SSD,2009,12231264525.07,false
South Sudan,SSD,2010,14602072410.95,false
South Sudan,SSD,2011,14907308932.75,false
South Sudan,SSD,2012,11931472169.49,false
South Sudan,SSD,2013,18426469016.95,false
South Sudan,SSD,2014,13962212847.46,false
South Sudan,SSD,2015,11997800760.22,false
Sub-Saharan Africa,SSF,1960,31038651924.72,true
Sub-Saharan Africa,SSF,1961,32274153936.37,true
Sub-Saharan Africa,SSF,1962,34924550100.16,true
Sub-Saharan Africa,SSF,1963,39974355837.20,true
Sub-Saharan Africa,SSF,1964,39238590134.77,true
Sub-Saharan Africa,SSF,1965,43676575967.69,true
Sub-Saharan Africa,SSF,1966,47114238410.84,true
Sub-Saharan Africa,SSF,1967,46781000881.71,true
Sub-Saharan Africa,SSF,1968,50124977708.06,true
Sub-Saharan Africa,SSF,1969,57259820309.90,true
Sub-Saharan Africa,SSF,1970,67263493916.49,true
Sub-Saharan Africa,SSF,1971,68574658267.44,true
Sub-Saharan Africa,SSF,1972,77110721964.55,true
Sub-Saharan Africa,SSF,1973,99513486866.78,true
Sub-Saharan Africa,SSF,1974,127887926562.72,true
Sub-Saharan Africa,SSF,1975,140884899647.40,true
Sub-Saharan Africa,SSF,1976,151992519730.34,true
Sub-Saharan Africa,SSF,1977,166741023605.75,true
Sub-Saharan Africa,SSF,1978,186078689801.54,true
Sub-Saharan Africa,SSF,1979,222012586577.63,true
Sub-Saharan Africa,SSF,1980,282049229145.85,true
Sub-Saharan Africa,SSF,1981,389887980091.44,true
Sub-Saharan Africa,SSF,1982,357757127665.33,true
Sub-Saharan Africa,SSF,1983,314844448352.92,true
Sub-Saharan Africa,SSF,1984,275683682181.12,true
Sub-Saharan Africa,SSF,1985,254455395790.10,true
Sub-Saharan Africa,SSF,1986,261402850880.43,true
Sub-Saharan Africa,SSF,1987,297209471954.19,true
Sub-Saharan Africa,SSF,1988,313579138925.45,true
Sub-Saharan Africa,SSF,1989,319563247910.21,true
Sub-Saharan Africa,SSF,1990,375424931159.04,true
Sub-Saharan Africa,SSF,1991,393456869265.37,true
Sub-Saharan Africa,SSF,1992,363862082115.39,true
Sub-Saharan Africa,SSF,1993,340910457626.43,true
Sub-Saharan Africa,SSF,1994,324862204377.18,true
Sub-Saharan Africa,SSF,1995,377566591336.16,true
Sub-Saharan Africa,SSF,1996,394512902071.41,true
Sub-Saharan Africa,SSF,1997,409664928804.90,true
Sub-Saharan Africa,SSF,1998,396136552874.17,true
Sub-Saharan Africa,SSF,1999,400026185636.78,true
Sub-Saharan Africa,SSF,2000,424444223042.83,true
Sub-Saharan Africa,SSF,2001,407309506890.50,true
Sub-Saharan Africa,SSF,2002,443193859516.72,true
Sub-Saharan Africa,SSF,2003,558250655633.11,true
Sub-Saharan Africa,SSF,2004,693314583942.32,true
Sub-Saharan Africa,SSF,2005,823361208064.25,true
Sub-Saharan Africa,SSF,2006,973527213201.02,true
Sub-Saharan Africa,SSF,2007,1127368649186.12,true
Sub-Saharan Africa,SSF,2008,1278243727731.77,true
Sub-Saharan Africa,SSF,2009,1230006172548.70,true
Sub-Saharan Africa,SSF,2010,1461708684777.31,true
Sub-Saharan Africa,SSF,2011,1649496095768.74,true
Sub-Saharan Africa,SSF,2012,1712723978723.04,true
Sub-Saharan Africa,SSF,2013,1819935185494.14,true
Sub-Saharan Africa,SSF,2014,1900848872303.11,true
Sub-Saharan Africa,SSF,2015,1695993210500.23,true
Sub-Saharan Africa,SSF,2016,1576539841411.97,true
Sub-Saharan Africa,SSF,2017,1705941956337.72,true
Sub-Saharan Africa,SSF,2018,1774221939062.45,true
Sub-Saharan Africa,SSF,2019,1823372470680.00,true
Sub-Saharan Africa,SSF,2020,1714053357042.69,true
Sub-Saharan Africa,SSF,2021,1926457861345.46,true
Sub-Saharan Africa,SSF,2022,2047347019065.53,true
Small states,SST,1970,7870516442.70,true
Small states,SST,1971,8854444228.02,true
Small states,SST,1972,10432353641.97,true
Small states,SST,1973,13000903185.43,true
Small states,SST,1974,20195896869.21,true
Small states,SST,1975,22990972083.90,true
Small states,SST,1976,26244271976.96,true
Small states,SST,1977,29802486040.87,true
Small states,SST,1978,32042454157.24,true
Small states,SST,1979,39764312931.06,true
Small states,SST,1980,52929369092.32,true
Small states,SST,1981,54690453042.74,true
Small states,SST,1982,54430175682.80,true
Small states,SST,1983,52658286980.58,true
Small states,SST,1984,52176614051.19,true
Small states,SST,1985,50257275477.25,true
Small states,SST,1986,49329292752.90,true
Small states,SST,1987,56349718832.88,true
Small states,SST,1988,62054839423.07,true
Small states,SST,1989,64562256112.87,true
Small states,SST,1990,74906851774.98,true
Small states,SST,1991,76506139354.83,true
Small states,SST,1992,81410676569.05,true
Small states,SST,1993,80324622895.99,true
Small states,SST,1994,84517547648.95,true
Small states,SST,1995,95833246426.51,true
Small states,SST,1996,101908296167.18,true
Small states,SST,1997,109151101381.79,true
Small states,SST,1998,109039291186.29,true
Small states,SST,1999,116942513682.56,true
Small states,SST,2000,129662529705.50,true
Small states,SST,2001,130206285495.11,true
Small states,SST,2002,139256082315.69,true
Small states,SST,2003,166347398195.55,true
Small states,SST,2004,200138874578.18,true
Small states,SST,2005,238393416493.66,true
Small states,SST,2006,277387442226.42,true
Small states,SST,2007,332461229660.51,true
Small states,SST,2008,400481612490.78,true
Small states,SST,2009,343064897906.73,true
Small states,SST,2010,394134704446.15,true
Small states,SST,2011,474785544180.86,true
Small states,SST,2012,496043381693.94,true
Small states,SST,2013,515807509296.91,true
Small states,SST,2014,532806126587.16,true
Small states,SST,2015,454984827185.88,true
Small states,SST,2016,446993497560.63,true
Small states,SST,2017,482865468720.16,true
Small states,SST,2018,530086499061.06,true
Small states,SST,2019,522141646080.05,true
Small states,SST,2020,453727992926.43,true
Small states,SST,2021,540833833541.34,true
Small states,SST,2022,633046575611.16,true
Sao Tome and Principe,STP,2001,75951131.95,false
Sao Tome and Principe,STP,2002,85171073.88,false
Sao Tome and Principe,STP,2003,102085765.48,false
Sao Tome and Principe,STP,2004,114582281.99,false
Sao Tome and Principe,STP,2005,136450658.08,false
Sao Tome and Principe,STP,2006,142775109.82,false
Sao Tome and Principe,STP,2007,149146918.89,false
Sao Tome and Principe,STP,2008,188021169.27,false
Sao Tome and Principe,STP,2009,187821029.43,false
Sao Tome and Principe,STP,2010,196652514.27,false
Sao Tome and Principe,STP,2011,231489270.14,false
Sao Tome and Principe,STP,2012,250680845.75,false
Sao Tome and Principe,STP,2013,300554483.61,false
Sao Tome and Principe,STP,2014,346528329.18,false
Sao Tome and Principe,STP,2015,316066072.34,false
Sao Tome and Principe,STP,2016,345495614.98,false
Sao Tome and Principe,STP,2017,375614126.19,false
Sao Tome and Principe,STP,2018,412253809.73,false
Sao Tome and Principe,STP,2019,427425039.68,false
Sao Tome and Principe,STP,2020,472551023.61,false
Sao Tome and Principe,STP,2021,526653790.67,false
Sao Tome and Principe,STP,2022,546680341.65,false
Suriname,SUR,1960,99650000.00,false
Suriname,SUR,1961,107700000.00,false
Suriname,SUR,1962,116150000.00,false
Suriname,SUR,1963,125950000.00,false
Suriname,SUR,1964,134400000.00,false
Suriname,SUR,1965,154150000.00,false
Suriname,SUR,1966,190350000.00,false
Suriname,SUR,1967,220700000.00,false
Suriname,SUR,1968,241350000.00,false
Suriname,SUR,1969,259650000.00,false
Suriname,SUR,1970,274900000.00,false
Suriname,SUR,1971,301000000.00,false
Suriname,SUR,1972,311950000.00,false
Suriname,SUR,1973,339450000.00,false
Suriname,SUR,1974,409850000.00,false
Suriname,SUR,1975,465500000.00,false
Suriname,SUR,1976,505500000.00,false
Suriname,SUR,1977,641500000.00,false
Suriname,SUR,1978,735500000.00,false
Suriname,SUR,1979,782500000.00,false
Suriname,SUR,1980,795000000.00,false
Suriname,SUR,1981,889000000.00,false
Suriname,SUR,1982,915000000.00,false
Suriname,SUR,1983,883500000.00,false
Suriname,SUR,1984,864000000.00,false
Suriname,SUR,1985,873000000.00,false
Suriname,SUR,1986,891000000.00,false
Suriname,SUR,1987,980000000.00,false
Suriname,SUR,1988,1161000000.00,false
Suriname,SUR,1989,542600000.00,false
Suriname,SUR,1990,388400000.00,false
Suriname,SUR,1991,448100000.00,false
Suriname,SUR,1992,404600000.00,false
Suriname,SUR,1993,428764705.88,false
Suriname,SUR,1994,605492537.31,false
Suriname,SUR,1995,691590497.74,false
Suriname,SUR,1996,861372046.45,false
Suriname,SUR,1997,926422500.00,false
Suriname,SUR,1998,1110850000.00,false
Suriname,SUR,1999,886290697.67,false
Suriname,SUR,2000,947671969.70,false
Suriname,SUR,2001,834279357.80,false
Suriname,SUR,2002,1093574468.09,false
Suriname,SUR,2003,1274190311.42,false
Suriname,SUR,2004,1484092538.41,false
Suriname,SUR,2005,1793410617.01,false
Suriname,SUR,2006,2626380435.18,false
Suriname,SUR,2007,2936612021.86,false
Suriname,SUR,2008,3532969034.61,false
Suriname,SUR,2009,3875409836.07,false
Suriname,SUR,2010,4368371528.30,false
Suriname,SUR,2011,4422276621.79,false
Suriname,SUR,2012,4980000000.00,false
Suriname,SUR,2013,5145757575.76,false
Suriname,SUR,2014,5240606060.61,false
Suriname,SUR,2015,5126238146.34,false
Suriname,SUR,2016,3317421499.77,false
Suriname,SUR,2017,3591679371.04,false
Suriname,SUR,2018,3996198760.32,false
Suriname,SUR,2019,4016040575.09,false
Suriname,SUR,2020,2911807496.20,false
Suriname,SUR,2021,2984706243.65,false
Suriname,SUR,2022,3620655116.22,false
Slovak Republic,SVK,1990,12747380650.08,false
Slovak Republic,SVK,1991,14272201755.47,false
Slovak Republic,SVK,1992,15495514296.80,false
Slovak Republic,SVK,1993,16520676973.53,false
Slovak Republic,SVK,1994,20162936291.38,false
Slovak Republic,SVK,1995,25840146405.23,false
Slovak Republic,SVK,1996,27925036755.39,false
Slovak Republic,SVK,1997,27706028095.62,false
Slovak Republic,SVK,1998,29856000671.22,false
Slovak Republic,SVK,1999,30463670123.59,false
Slovak Republic,SVK,2000,29242558796.55,false
Slovak Republic,SVK,2001,30778781606.96,false
Slovak Republic,SVK,2002,35297794385.69,false
Slovak Republic,SVK,2003,46919965224.15,false
Slovak Republic,SVK,2004,57437444469.09,false
Slovak Republic,SVK,2005,62808723476.72,false
Slovak Republic,SVK,2006,70767338922.44,false
Slovak Republic,SVK,2007,86563986799.25,false
Slovak Republic,SVK,2008,100879902984.98,false
Slovak Republic,SVK,2009,89399303222.16,false
Slovak Republic,SVK,2010,91162836320.35,false
Slovak Republic,SVK,2011,99922685424.88,false
Slovak Republic,SVK,2012,94623731085.61,false
Slovak Republic,SVK,2013,98935222174.86,false
Slovak Republic,SVK,2014,101437045019.90,false
Slovak Republic,SVK,2015,88900883130.84,false
Slovak Republic,SVK,2016,89952699524.90,false
Slovak Republic,SVK,2017,95649966260.98,false
Slovak Republic,SVK,2018,106137924015.59,false
Slovak Republic,SVK,2019,105710052464.62,false
Slovak Republic,SVK,2020,106728917483.03,false
Slovak Republic,SVK,2021,118656591909.27,false
Slovak Republic,SVK,2022,115468803971.54,false
Slovenia,SVN,1995,21352224019.41,false
Slovenia,SVN,1996,21507232648.73,false
Slovenia,SVN,1997,20763101740.70,false
Slovenia,SVN,1998,22146231967.69,false
Slovenia,SVN,1999,22711384311.14,false
Slovenia,SVN,2000,20289627636.68,false
Slovenia,SVN,2001,20876309970.38,false
Slovenia,SVN,2002,23489890274.31,false
Slovenia,SVN,2003,29634713641.10,false
Slovenia,SVN,2004,34414784504.24,false
Slovenia,SVN,2005,36206395970.65,false
Slovenia,SVN,2006,39481045038.26,false
Slovenia,SVN,2007,48067401207.40,false
Slovenia,SVN,2008,55779427739.66,false
Slovenia,SVN,2009,50567734885.96,false
Slovenia,SVN,2010,48208240226.45,false
Slovenia,SVN,2011,51583869785.19,false
Slovenia,SVN,2012,46577793184.00,false
Slovenia,SVN,2013,48415657264.88,false
Slovenia,SVN,2014,49997186439.09,false
Slovenia,SVN,2015,43107506024.33,false
Slovenia,SVN,2016,44766722790.58,false
Slovenia,SVN,2017,48589100043.10,false
Slovenia,SVN,2018,54177882425.84,false
Slovenia,SVN,2019,54331588482.30,false
Slovenia,SVN,2020,53706800043.68,false
Slovenia,SVN,2021,61748586534.87,false
Slovenia,SVN,2022,62117768014.86,false
Sweden,SWE,1960,15822585461.25,false
Sweden,SWE,1961,17212687079.81,false
Sweden,SWE,1962,18667251884.63,false
Sweden,SWE,1963,20204871175.86,false
Sweden,SWE,1964,22532417359.04,false
Sweden,SWE,1965,24795500355.97,false
Sweden,SWE,1966,26971487275.30,false
Sweden,SWE,1967,29275996465.99,false
Sweden,SWE,1968,31066820768.99,false
Sweden,SWE,1969,33738103394.06,false
Sweden,SWE,1970,38092378395.82,false
Sweden,SWE,1971,41566370370.15,false
Sweden,SWE,1972,48953974498.02,false
Sweden,SWE,1973,59404966684.22,false
Sweden,SWE,1974,66012967234.72,false
Sweden,SWE,1975,82885563989.19,false
Sweden,SWE,1976,89362242653.58,false
Sweden,SWE,1977,94467862578.88,false
Sweden,SWE,1978,104442929108.70,false
Sweden,SWE,1979,123386889872.30,false
Sweden,SWE,1980,142092908186.30,false
Sweden,SWE,1981,129685871065.24,false
Sweden,SWE,1982,114380406033.22,false
Sweden,SWE,1983,105014242541.03,false
Sweden,SWE,1984,109201362589.00,false
Sweden,SWE,1985,114123205983.09,false
Sweden,SWE,1986,150498409835.87,false
Sweden,SWE,1987,183008435689.94,false
Sweden,SWE,1988,206988363594.82,false
Sweden,SWE,1989,217949132622.51,false
Sweden,SWE,1990,261846636897.07,false
Sweden,SWE,1991,274230545848.40,false
Sweden,SWE,1992,284319488252.30,false
Sweden,SWE,1993,212952606992.29,false
Sweden,SWE,1994,229034457106.50,false
Sweden,SWE,1995,267307061910.14,false
Sweden,SWE,1996,291745732990.84,false
Sweden,SWE,1997,268146349551.01,false
Sweden,SWE,1998,270810151170.43,false
Sweden,SWE,1999,274071242574.57,false
Sweden,SWE,2000,262834187366.58,false
Sweden,SWE,2001,242395011586.56,false
Sweden,SWE,2002,266848422378.00,false
Sweden,SWE,2003,334337040046.62,false
Sweden,SWE,2004,385118743610.14,false
Sweden,SWE,2005,392218701192.92,false
Sweden,SWE,2006,423090618042.97,false
Sweden,SWE,2007,491254769728.81,false
Sweden,SWE,2008,517706214656.41,false
Sweden,SWE,2009,436535921119.12,false
Sweden,SWE,2010,495812558843.31,false
Sweden,SWE,2011,574094112972.73,false
Sweden,SWE,2012,552483727282.80,false
Sweden,SWE,2013,586841821796.89,false
Sweden,SWE,2014,581964017237.10,false
Sweden,SWE,2015,505103781349.76,false
Sweden,SWE,2016,515654671469.55,false
Sweden,SWE,2017,541018749769.10,false
Sweden,SWE,2018,555455371487.09,false
Sweden,SWE,2019,533879529188.45,false
Sweden,SWE,2020,547054174235.88,false
Sweden,SWE,2021,636856236396.24,false
Sweden,SWE,2022,585939170123.86,false
Eswatini,SWZ,1960,35076845.98,false
Eswatini,SWZ,1961,43026042.81,false
Eswatini,SWZ,1962,45927961.65,false
Eswatini,SWZ,1963,54129438.37,false
Eswatini,SWZ,1964,64980554.03,false
Eswatini,SWZ,1965,70279971.92,false
Eswatini,SWZ,1966,76859969.29,false
Eswatini,SWZ,1967,74759970.13,false
Eswatini,SWZ,1968,79799968.11,false
Eswatini,SWZ,1969,105419957.87,false
Eswatini,SWZ,1970,112139955.19,false
Eswatini,SWZ,1971,136462096.70,false
Eswatini,SWZ,1972,146736433.96,false
Eswatini,SWZ,1973,221915096.21,false
Eswatini,SWZ,1974,264320939.57,false
Eswatini,SWZ,1975,288299883.91,false
Eswatini,SWZ,1976,272549999.76,false
Eswatini,SWZ,1977,304059999.74,false
Eswatini,SWZ,1978,340629999.70,false
Eswatini,SWZ,1979,412093133.76,false
Eswatini,SWZ,1980,541977035.40,false
Eswatini,SWZ,1981,570774862.06,false
Eswatini,SWZ,1982,537568142.05,false
Eswatini,SWZ,1983,555336145.89,false
Eswatini,SWZ,1984,494483241.37,false
Eswatini,SWZ,1985,360079419.48,false
Eswatini,SWZ,1986,449140383.95,false
Eswatini,SWZ,1987,584125996.63,false
Eswatini,SWZ,1988,692026606.93,false
Eswatini,SWZ,1989,696921409.51,false
Eswatini,SWZ,1990,1114694112.47,false
Eswatini,SWZ,1991,1156135717.95,false
Eswatini,SWZ,1992,1284759852.47,false
Eswatini,SWZ,1993,1357189724.74,false
Eswatini,SWZ,1994,1419294121.18,false
Eswatini,SWZ,1995,1698989463.99,false
Eswatini,SWZ,1996,1602741771.57,false
Eswatini,SWZ,1997,1716714194.31,false
Eswatini,SWZ,1998,1576908808.81,false
Eswatini,SWZ,1999,1547888453.76,false
Eswatini,SWZ,2000,1738093756.88,false
Eswatini,SWZ,2001,1542477308.89,false
Eswatini,SWZ,2002,1432221784.42,false
Eswatini,SWZ,2003,2197598417.84,false
Eswatini,SWZ,2004,2770082791.50,false
Eswatini,SWZ,2005,3178112332.09,false
Eswatini,SWZ,2006,3291329938.16,false
Eswatini,SWZ,2007,3469381231.49,false
Eswatini,SWZ,2008,3294084181.24,false
Eswatini,SWZ,2009,3580427985.95,false
Eswatini,SWZ,2010,4438765109.49,false
Eswatini,SWZ,2011,4820478592.34,false
Eswatini,SWZ,2012,4886551706.18,false
Eswatini,SWZ,2013,4597552948.65,false
Eswatini,SWZ,2014,4422986447.49,false
Eswatini,SWZ,2015,4063245671.29,false
Eswatini,SWZ,2016,3816019222.86,false
Eswatini,SWZ,2017,4402969225.92,false
Eswatini,SWZ,2018,4666598023.92,false
Eswatini,SWZ,2019,4466214522.20,false
Eswatini,SWZ,2020,3982236726.37,false
Eswatini,SWZ,2021,4748702400.66,false
Eswatini,SWZ,2022,4854167638.37,false
Sint Maarten (Dutch part),SXM,2011,936089385.47,false
Sint Maarten (Dutch part),SXM,2012,985865921.79,false
Sint Maarten (Dutch part),SXM,2013,1022905027.93,false
Sint Maarten (Dutch part),SXM,2014,1245251396.65,false
Sint Maarten (Dutch part),SXM,2015,1253072625.70,false
Sint Maarten (Dutch part),SXM,2016,1263687150.84,false
Sint Maarten (Dutch part),SXM,2017,1191620111.73,false
Sint Maarten (Dutch part),SXM,2018,1185474860.34,false
Sint Maarten (Dutch part),SXM,2019,1459776536.31,false
Sint Maarten (Dutch part),SXM,2020,1240279329.61,false
Sint Maarten (Dutch part),SXM,2021,1384636871.51,false
Sint Maarten (Dutch part),SXM,2022,1571564245.81,false
Seychelles,SYC,1960,12012025.25,false
Seychelles,SYC,1961,11592024.36,false
Seychelles,SYC,1962,12642026.57,false
Seychelles,SYC,1963,13923029.26,false
Seychelles,SYC,1964,15393032.35,false
Seychelles,SYC,1965,15603032.80,false
Seychelles,SYC,1966,16443034.56,false
Seychelles,SYC,1967,16632032.81,false
Seychelles,SYC,1968,16074027.35,false
Seychelles,SYC,1969,16452027.99,false
Seychelles,SYC,1970,18432031.36,false
Seychelles,SYC,1971,21965951.75,false
Seychelles,SYC,1972,30645121.01,false
Seychelles,SYC,1973,36896278.22,false
Seychelles,SYC,1974,43134498.69,false
Seychelles,SYC,1975,47803145.96,false
Seychelles,SYC,1976,49278979.55,false
Seychelles,SYC,1977,64526398.66,false
Seychelles,SYC,1978,85552369.91,false
Seychelles,SYC,1979,127261099.24,false
Seychelles,SYC,1980,156783829.56,false
Seychelles,SYC,1981,163750728.24,false
Seychelles,SYC,1982,157211797.73,false
Seychelles,SYC,1983,156098244.67,false
Seychelles,SYC,1984,160992928.61,false
Seychelles,SYC,1985,179691474.29,false
Seychelles,SYC,1986,221147073.28,false
Seychelles,SYC,1987,265212941.12,false
Seychelles,SYC,1988,301985636.81,false
Seychelles,SYC,1989,324333385.61,false
Seychelles,SYC,1990,392163560.88,false
Seychelles,SYC,1991,398307144.76,false
Seychelles,SYC,1992,461409398.86,false
Seychelles,SYC,1993,504230588.11,false
Seychelles,SYC,1994,517570058.15,false
Seychelles,SYC,1995,540733047.73,false
Seychelles,SYC,1996,535250347.09,false
Seychelles,SYC,1997,598967022.07,false
Seychelles,SYC,1998,647287375.76,false
Seychelles,SYC,1999,662838614.88,false
Seychelles,SYC,2000,654212432.44,false
Seychelles,SYC,2001,662064193.60,false
Seychelles,SYC,2002,742134792.37,false
Seychelles,SYC,2003,750847276.44,false
Seychelles,SYC,2004,893012218.18,false
Seychelles,SYC,2005,977899381.82,false
Seychelles,SYC,2006,1081441348.63,false
Seychelles,SYC,2007,1077308888.16,false
Seychelles,SYC,2008,979597364.93,false
Seychelles,SYC,2009,851064318.79,false
Seychelles,SYC,2010,981918002.87,false
Seychelles,SYC,2011,1059249939.59,false
Seychelles,SYC,2012,1089880668.38,false
Seychelles,SYC,2013,1324915221.72,false
Seychelles,SYC,2014,1387576413.86,false
Seychelles,SYC,2015,1391427967.33,false
Seychelles,SYC,2016,1458954109.82,false
Seychelles,SYC,2017,1529773286.50,false
Seychelles,SYC,2018,1587813245.28,false
Seychelles,SYC,2019,1645090567.05,false
Seychelles,SYC,2020,1183515397.65,false
Seychelles,SYC,2021,1286687873.18,false
Seychelles,SYC,2022,1588406479.16,false
Syrian Arab Republic,SYR,1960,857704413.65,false
Syrian Arab Republic,SYR,1961,945244972.33,false
Syrian Arab Republic,SYR,1962,1110565881.06,false
Syrian Arab Republic,SYR,1963,1200447408.69,false
Syrian Arab Republic,SYR,1964,1339494267.37,false
Syrian Arab Republic,SYR,1965,1329842434.90,false
Syrian Arab Republic,SYR,1966,1321204502.96,false
Syrian Arab Republic,SYR,1967,1443717801.43,false
Syrian Arab Republic,SYR,1968,1562303429.73,false
Syrian Arab Republic,SYR,1969,1796596911.47,false
Syrian Arab Republic,SYR,1970,1780104712.51,false
Syrian Arab Republic,SYR,1971,2097643979.61,false
Syrian Arab Republic,SYR,1972,2415706806.92,false
Syrian Arab Republic,SYR,1973,2579219250.64,false
Syrian Arab Republic,SYR,1974,4244670165.22,false
Syrian Arab Republic,SYR,1975,5566756758.26,false
Syrian Arab Republic,SYR,1976,6417632810.11,false
Syrian Arab Republic,SYR,1977,6882292995.38,false
Syrian Arab Republic,SYR,1978,8251974524.40,false
Syrian Arab Republic,SYR,1979,9929681531.19,false
Syrian Arab Republic,SYR,1980,13062420385.49,false
Syrian Arab Republic,SYR,1981,16758471341.85,false
Syrian Arab Republic,SYR,1982,17525605100.01,false
Syrian Arab Republic,SYR,1983,18672866246.80,false
Syrian Arab Republic,SYR,1984,19195414014.78,false
Syrian Arab Republic,SYR,1985,21203821656.05,false
Syrian Arab Republic,SYR,1986,25460636942.68,false
Syrian Arab Republic,SYR,1987,32538089171.97,false
Syrian Arab Republic,SYR,1988,16574342984.41,false
Syrian Arab Republic,SYR,1989,18609532293.99,false
Syrian Arab Republic,SYR,1990,23904498886.41,false
Syrian Arab Republic,SYR,1991,27756258351.89,false
Syrian Arab Republic,SYR,1992,33107349665.92,false
Syrian Arab Republic,SYR,1993,36860133630.29,false
Syrian Arab Republic,SYR,1994,45086948775.06,false
Syrian Arab Republic,SYR,1995,50866369710.47,false
Syrian Arab Republic,SYR,1996,61546280623.61,false
Syrian Arab Republic,SYR,1997,66420400890.87,false
Syrian Arab Republic,SYR,1998,70418173719.38,false
Syrian Arab Republic,SYR,1999,72970334075.72,false
Syrian Arab Republic,SYR,2000,80590022271.71,false
Syrian Arab Republic,SYR,2001,86771314031.18,false
Syrian Arab Republic,SYR,2002,90558485523.39,false
Syrian Arab Republic,SYR,2003,95693808463.25,false
Syrian Arab Republic,SYR,2004,112863340757.24,false
Syrian Arab Republic,SYR,2005,134203830734.97,false
Syrian Arab Republic,SYR,2006,153799910913.14,false
Syrian Arab Republic,SYR,2007,180030111358.58,false
Syrian Arab Republic,SYR,2008,218089977728.28,false
Syrian Arab Republic,SYR,2009,224561692650.33,false
Syrian Arab Republic,SYR,2010,252518218262.81,false
Syrian Arab Republic,SYR,2011,67539427671.00,false
Syrian Arab Republic,SYR,2012,43190317724.71,false
Syrian Arab Republic,SYR,2013,21361254647.99,false
Syrian Arab Republic,SYR,2014,21502061462.21,false
Syrian Arab Republic,SYR,2015,16468399180.38,false
Syrian Arab Republic,SYR,2016,12598742886.94,false
Syrian Arab Republic,SYR,2017,16369724433.28,false
Syrian Arab Republic,SYR,2018,21496337967.87,false
Syrian Arab Republic,SYR,2019,22600896352.13,false
Syrian Arab Republic,SYR,2020,11159274040.27,false
Turks and Caicos Islands,TCA,2001,358744800.00,false
Turks and Caicos Islands,TCA,2002,366707900.00,false
Turks and Caicos Islands,TCA,2003,409753600.00,false
Turks and Caicos Islands,TCA,2004,485598800.00,false
Turks and Caicos Islands,TCA,2005,578645800.00,false
Turks and Caicos Islands,TCA,2006,721891500.00,false
Turks and Caicos Islands,TCA,2007,773489700.00,false
Turks and Caicos Islands,TCA,2008,862683600.00,false
Turks and Caicos Islands,TCA,2009,703175800.00,false
Turks and Caicos Islands,TCA,2010,686787800.00,false
Turks and Caicos Islands,TCA,2011,728789600.00,false
Turks and Caicos Islands,TCA,2012,727161000.00,false
Turks and Caicos Islands,TCA,2013,754238000.00,false
Turks and Caicos Islands,TCA,2014,841070000.00,false
Turks and Caicos Islands,TCA,2015,942070000.00,false
Turks and Caicos Islands,TCA,2016,1032452000.00,false
Turks and Caicos Islands,TCA,2017,1022365000.00,false
Turks and Caicos Islands,TCA,2018,1113178000.00,false
Turks and Caicos Islands,TCA,2019,1197415000.00,false
Turks and Caicos Islands,TCA,2020,924583000.00,false
Turks and Caicos Islands,TCA,2021,1044778790.00,false
Turks and Caicos Islands,TCA,2022,1138808881.10,false
Chad,TCD,1960,313582727.64,false
Chad,TCD,1961,333975336.63,false
Chad,TCD,1962,357635713.88,false
Chad,TCD,1963,371767002.66,false
Chad,TCD,1964,392247517.60,false
Chad,TCD,1965,416926302.96,false
Chad,TCD,1966,432794922.46,false
Chad,TCD,1967,449826323.00,false
Chad,TCD,1968,453980096.65,false
Chad,TCD,1969,471635620.92,false
Chad,TCD,1970,469266736.61,false
Chad,TCD,1971,501866730.72,false
Chad,TCD,1972,585427545.72,false
Chad,TCD,1973,647199482.83,false
Chad,TCD,1974,652532796.07,false
Chad,TCD,1975,864602103.30,false
Chad,TCD,1976,866044961.05,false
Chad,TCD,1977,935360466.35,false
Chad,TCD,1978,1113920122.61,false
Chad,TCD,1979,1004316495.11,false
Chad,TCD,1980,1033002401.83,false
Chad,TCD,1981,876937559.72,false
Chad,TCD,1982,834369860.43,false
Chad,TCD,1983,832415805.96,false
Chad,TCD,1984,919103735.32,false
Chad,TCD,1985,1033069710.00,false
Chad,TCD,1986,1067828247.24,false
Chad,TCD,1987,1163426850.65,false
Chad,TCD,1988,1482597298.89,false
Chad,TCD,1989,1433686309.84,false
Chad,TCD,1990,1738605558.05,false
Chad,TCD,1991,1877137983.03,false
Chad,TCD,1992,1881847671.47,false
Chad,TCD,1993,1463251161.33,false
Chad,TCD,1994,1179837963.95,false
Chad,TCD,1995,1445919894.86,false
Chad,TCD,1996,1607345354.93,false
Chad,TCD,1997,1544689575.99,false
Chad,TCD,1998,1744794532.49,false
Chad,TCD,1999,1534673583.25,false
Chad,TCD,2000,1388506771.53,false
Chad,TCD,2001,1710843376.39,false
Chad,TCD,2002,1997005710.27,false
Chad,TCD,2003,2742815070.76,false
Chad,TCD,2004,4422855658.38,false
Chad,TCD,2005,6649307528.06,false
Chad,TCD,2006,7428701455.41,false
Chad,TCD,2007,8650137734.72,false
Chad,TCD,2008,10393833755.28,false
Chad,TCD,2009,9290728312.24,false
Chad,TCD,2010,10668103549.31,false
Chad,TCD,2011,12172308858.30,false
Chad,TCD,2012,12367362746.13,false
Chad,TCD,2013,12953534870.30,false
Chad,TCD,2014,13940767222.11,false
Chad,TCD,2015,10950392257.28,false
Chad,TCD,2016,10097778097.10,false
Chad,TCD,2017,10000394388.12,false
Chad,TCD,2018,11239167890.28,false
Chad,TCD,2019,11314951088.25,false
Chad,TCD,2020,10715396051.44,false
Chad,TCD,2021,11779981332.16,false
Chad,TCD,2022,12704149842.04,false
East Asia & Pacific (IDA & IBRD countries),TEA,1960,81224776384.71,true
East Asia & Pacific (IDA & IBRD countries),TEA,1961,71506835328.25,true
East Asia & Pacific (IDA & IBRD countries),TEA,1962,65298419617.70,true
East Asia & Pacific (IDA & IBRD countries),TEA,1963,70737487657.74,true
East Asia & Pacific (IDA & IBRD countries),TEA,1964,81639971519.20,true
East Asia & Pacific (IDA & IBRD countries),TEA,1965,95037675059.47,true
East Asia & Pacific (IDA & IBRD countries),TEA,1966,103921128849.55,true
East Asia & Pacific (IDA & IBRD countries),TEA,1967,100855079888.30,true
East Asia & Pacific (IDA & IBRD countries),TEA,1968,102125373416.71,true
East Asia & Pacific (IDA & IBRD countries),TEA,1969,114623412917.82,true
East Asia & Pacific (IDA & IBRD countries),TEA,1970,127295734440.73,true
East Asia & Pacific (IDA & IBRD countries),TEA,1971,136858919192.23,true
East Asia & Pacific (IDA & IBRD countries),TEA,1972,155214569008.13,true
East Asia & Pacific (IDA & IBRD countries),TEA,1973,195289915128.07,true
East Asia & Pacific (IDA & IBRD countries),TEA,1974,220929823664.41,true
East Asia & Pacific (IDA & IBRD countries),TEA,1975,248290348400.14,true
East Asia & Pacific (IDA & IBRD countries),TEA,1976,252311828473.48,true
East Asia & Pacific (IDA & IBRD countries),TEA,1977,291212135813.59,true
East Asia & Pacific (IDA & IBRD countries),TEA,1978,282398728342.16,true
East Asia & Pacific (IDA & IBRD countries),TEA,1979,327142679832.48,true
East Asia & Pacific (IDA & IBRD countries),TEA,1980,377561719824.86,true
East Asia & Pacific (IDA & IBRD countries),TEA,1981,403046355974.11,true
East Asia & Pacific (IDA & IBRD countries),TEA,1982,423156559869.69,true
East Asia & Pacific (IDA & IBRD countries),TEA,1983,443283114260.86,true
East Asia & Pacific (IDA & IBRD countries),TEA,1984,480300216521.69,true
East Asia & Pacific (IDA & IBRD countries),TEA,1985,525667890496.16,true
East Asia & Pacific (IDA & IBRD countries),TEA,1986,524370868953.54,true
East Asia & Pacific (IDA & IBRD countries),TEA,1987,518290373654.72,true
East Asia & Pacific (IDA & IBRD countries),TEA,1988,574764937806.37,true
East Asia & Pacific (IDA & IBRD countries),TEA,1989,621596110509.66,true
East Asia & Pacific (IDA & IBRD countries),TEA,1990,666366770410.34,true
East Asia & Pacific (IDA & IBRD countries),TEA,1991,722756599317.84,true
East Asia & Pacific (IDA & IBRD countries),TEA,1992,810051537303.66,true
East Asia & Pacific (IDA & IBRD countries),TEA,1993,889186161626.55,true
East Asia & Pacific (IDA & IBRD countries),TEA,1994,1069986366066.84,true
East Asia & Pacific (IDA & IBRD countries),TEA,1995,1320085097807.83,true
East Asia & Pacific (IDA & IBRD countries),TEA,1996,1516195666676.53,true
East Asia & Pacific (IDA & IBRD countries),TEA,1997,1569690177940.60,true
East Asia & Pacific (IDA & IBRD countries),TEA,1998,1429654561465.37,true
East Asia & Pacific (IDA & IBRD countries),TEA,1999,1573343371558.06,true
East Asia & Pacific (IDA & IBRD countries),TEA,2000,1732058262387.60,true
East Asia & Pacific (IDA & IBRD countries),TEA,2001,1844710221138.61,true
East Asia & Pacific (IDA & IBRD countries),TEA,2002,2041300111259.75,true
East Asia & Pacific (IDA & IBRD countries),TEA,2003,2308408754163.34,true
East Asia & Pacific (IDA & IBRD countries),TEA,2004,2678572954339.47,true
East Asia & Pacific (IDA & IBRD countries),TEA,2005,3102603620227.85,true
East Asia & Pacific (IDA & IBRD countries),TEA,2006,3735650251543.72,true
East Asia & Pacific (IDA & IBRD countries),TEA,2007,4721464960584.33,true
East Asia & Pacific (IDA & IBRD countries),TEA,2008,5970961310988.03,true
East Asia & Pacific (IDA & IBRD countries),TEA,2009,6475879226565.07,true
East Asia & Pacific (IDA & IBRD countries),TEA,2010,7879104830183.94,true
East Asia & Pacific (IDA & IBRD countries),TEA,2011,9632969004624.75,true
East Asia & Pacific (IDA & IBRD countries),TEA,2012,10745080937107.90,true
East Asia & Pacific (IDA & IBRD countries),TEA,2013,11855762712168.90,true
East Asia & Pacific (IDA & IBRD countries),TEA,2014,12782174580093.70,true
East Asia & Pacific (IDA & IBRD countries),TEA,2015,13310296419270.80,true
East Asia & Pacific (IDA & IBRD countries),TEA,2016,13594851920373.40,true
East Asia & Pacific (IDA & IBRD countries),TEA,2017,14858183903103.90,true
East Asia & Pacific (IDA & IBRD countries),TEA,2018,16619140999210.20,true
East Asia & Pacific (IDA & IBRD countries),TEA,2019,17185664986074.40,true
East Asia & Pacific (IDA & IBRD countries),TEA,2020,17465598594220.70,true
East Asia & Pacific (IDA & IBRD countries),TEA,2021,20811347144902.60,true
East Asia & Pacific (IDA & IBRD countries),TEA,2022,21162883158375.40,true
Europe & Central Asia (IDA & IBRD countries),TEC,1988,988478286834.96,true
Europe & Central Asia (IDA & IBRD countries),TEC,1989,959311297803.82,true
Europe & Central Asia (IDA & IBRD countries),TEC,1990,1019407140680.24,true
Europe & Central Asia (IDA & IBRD countries),TEC,1991,1005323422102.01,true
Europe & Central Asia (IDA & IBRD countries),TEC,1992,939714425054.60,true
Europe & Central Asia (IDA & IBRD countries),TEC,1993,928587913954.42,true
Europe & Central Asia (IDA & IBRD countries),TEC,1994,834808706479.04,true
Europe & Central Asia (IDA & IBRD countries),TEC,1995,924003946473.75,true
Europe & Central Asia (IDA & IBRD countries),TEC,1996,950622147030.59,true
Europe & Central Asia (IDA & IBRD countries),TEC,1997,980494801830.29,true
Europe & Central Asia (IDA & IBRD countries),TEC,1998,947828497154.12,true
Europe & Central Asia (IDA & IBRD countries),TEC,1999,821675687106.14,true
Europe & Central Asia (IDA & IBRD countries),TEC,2000,894544912879.61,true
Europe & Central Asia (IDA & IBRD countries),TEC,2001,909540989189.31,true
Europe & Central Asia (IDA & IBRD countries),TEC,2002,1022699841892.18,true
Europe & Central Asia (IDA & IBRD countries),TEC,2003,1258196381063.02,true
Europe & Central Asia (IDA & IBRD countries),TEC,2004,1628013726359.24,true
Europe & Central Asia (IDA & IBRD countries),TEC,2005,2039291725254.95,true
Europe & Central Asia (IDA & IBRD countries),TEC,2006,2466294505435.14,true
Europe & Central Asia (IDA & IBRD countries),TEC,2007,3172257385086.22,true
Europe & Central Asia (IDA & IBRD countries),TEC,2008,3926652288409.17,true
Europe & Central Asia (IDA & IBRD countries),TEC,2009,3113586357347.72,true
Europe & Central Asia (IDA & IBRD countries),TEC,2010,3657536381245.62,true
Europe & Central Asia (IDA & IBRD countries),TEC,2011,4449677432130.84,true
Europe & Central Asia (IDA & IBRD countries),TEC,2012,4646279764256.97,true
Europe & Central Asia (IDA & IBRD countries),TEC,2013,4915186910591.02,true
Europe & Central Asia (IDA & IBRD countries),TEC,2014,4643782927094.06,true
Europe & Central Asia (IDA & IBRD countries),TEC,2015,3627425557555.83,true
Europe & Central Asia (IDA & IBRD countries),TEC,2016,3485571017748.04,true
Europe & Central Asia (IDA & IBRD countries),TEC,2017,3909150827560.03,true
Europe & Central Asia (IDA & IBRD countries),TEC,2018,4076336318031.97,true
Europe & Central Asia (IDA & IBRD countries),TEC,2019,4156449775997.60,true
Europe & Central Asia (IDA & IBRD countries),TEC,2020,3899326823730.17,true
Europe & Central Asia (IDA & IBRD countries),TEC,2021,4615367974096.26,true
Europe & Central Asia (IDA & IBRD countries),TEC,2022,5185102776173.97,true
Togo,TGO,1960,164603553.98,false
Togo,TGO,1961,171762891.71,false
Togo,TGO,1962,179700351.93,false
Togo,TGO,1963,194673419.07,false
Togo,TGO,1964,225722420.02,false
Togo,TGO,1965,254526437.25,false
Togo,TGO,1966,293712193.87,false
Togo,TGO,1967,314870886.00,false
Togo,TGO,1968,328800480.45,false
Togo,TGO,1969,363827440.30,false
Togo,TGO,1970,345134276.96,false
Togo,TGO,1971,389382093.17,false
Togo,TGO,1972,456159541.71,false
Togo,TGO,1973,552374366.44,false
Togo,TGO,1974,761591056.26,false
Togo,TGO,1975,838891749.35,false
Togo,TGO,1976,841682268.53,false
Togo,TGO,1977,1056473299.69,false
Togo,TGO,1978,1120110135.76,false
Togo,TGO,1979,1211853289.72,false
Togo,TGO,1980,1544290809.93,false
Togo,TGO,1981,1307754354.70,false
Togo,TGO,1982,1116560700.76,false
Togo,TGO,1983,1040589483.74,false
Togo,TGO,1984,975908209.64,false
Togo,TGO,1985,1035987180.13,false
Togo,TGO,1986,1441695857.94,false
Togo,TGO,1987,1697428000.69,false
Togo,TGO,1988,1873745515.36,false
Togo,TGO,1989,1838552523.38,false
Togo,TGO,1990,2212905422.64,false
Togo,TGO,1991,2177399825.46,false
Togo,TGO,1992,2300598696.19,false
Togo,TGO,1993,1676225629.24,false
Togo,TGO,1994,1335309429.66,false
Togo,TGO,1995,1779348593.15,false
Togo,TGO,1996,1991429217.64,false
Togo,TGO,1997,2036956850.60,false
Togo,TGO,1998,2157078792.47,false
Togo,TGO,1999,2142574540.98,false
Togo,TGO,2000,2027363116.95,false
Togo,TGO,2001,2014516700.53,false
Togo,TGO,2002,2319268823.41,false
Togo,TGO,2003,2875255592.54,false
Togo,TGO,2004,3071152629.30,false
Togo,TGO,2005,3100356551.93,false
Togo,TGO,2006,3195618966.31,false
Togo,TGO,2007,3618281293.08,false
Togo,TGO,2008,4516616223.91,false
Togo,TGO,2009,4592147227.91,false
Togo,TGO,2010,4660369658.37,false
Togo,TGO,2011,5262368232.30,false
Togo,TGO,2012,5263522037.23,false
Togo,TGO,2013,5872790935.49,false
Togo,TGO,2014,6217047648.64,false
Togo,TGO,2015,5681469374.10,false
Togo,TGO,2016,6031632014.86,false
Togo,TGO,2017,6395472028.24,false
Togo,TGO,2018,7029217931.75,false
Togo,TGO,2019,6992656428.94,false
Togo,TGO,2020,7389329392.77,false
Togo,TGO,2021,8334047485.51,false
Togo,TGO,2022,8126439480.61,false
Thailand,THA,1960,2760750921.40,false
Thailand,THA,1961,3034037871.76,false
Thailand,THA,1962,3308912796.93,false
Thailand,THA,1963,3540403456.55,false
Thailand,THA,1964,3889129938.61,false
Thailand,THA,1965,4388937644.86,false
Thailand,THA,1966,5279230812.28,false
Thailand,THA,1967,5638461436.94,false
Thailand,THA,1968,6081009422.10,false
Thailand,THA,1969,6695336560.93,false
Thailand,THA,1970,7086538430.75,false
Thailand,THA,1971,7375000017.63,false
Thailand,THA,1972,8177872957.59,false
Thailand,THA,1973,10838587357.75,false
Thailand,THA,1974,13702998648.22,false
Thailand,THA,1975,14882770239.31,false
Thailand,THA,1976,16985208712.11,false
Thailand,THA,1977,19779312335.72,false
Thailand,THA,1978,24006567108.46,false
Thailand,THA,1979,27371650353.06,false
Thailand,THA,1980,32353514502.00,false
Thailand,THA,1981,34846038517.93,false
Thailand,THA,1982,36589772336.85,false
Thailand,THA,1983,40042798315.27,false
Thailand,THA,1984,41797647303.35,false
Thailand,THA,1985,38900711298.19,false
Thailand,THA,1986,43096774496.62,false
Thailand,THA,1987,50535445679.81,false
Thailand,THA,1988,61667254410.67,false
Thailand,THA,1989,72250747142.17,false
Thailand,THA,1990,85343189320.75,false
Thailand,THA,1991,98234713407.73,false
Thailand,THA,1992,111452745855.99,false
Thailand,THA,1993,128889262554.63,false
Thailand,THA,1994,146683779608.92,false
Thailand,THA,1995,169278918603.44,false
Thailand,THA,1996,183035238433.44,false
Thailand,THA,1997,150180454390.45,false
Thailand,THA,1998,113675595413.50,false
Thailand,THA,1999,126669212337.24,false
Thailand,THA,2000,126392223203.46,false
Thailand,THA,2001,120296476180.40,false
Thailand,THA,2002,134300903357.96,false
Thailand,THA,2003,152280616469.48,false
Thailand,THA,2004,172895685509.28,false
Thailand,THA,2005,189318407487.96,false
Thailand,THA,2006,221758294724.76,false
Thailand,THA,2007,262942624565.27,false
Thailand,THA,2008,291382985568.99,false
Thailand,THA,2009,281710629173.20,false
Thailand,THA,2010,341104766329.17,false
Thailand,THA,2011,370818735569.86,false
Thailand,THA,2012,397558329541.97,false
Thailand,THA,2013,420333659152.57,false
Thailand,THA,2014,407339036017.22,false
Thailand,THA,2015,401296242133.90,false
Thailand,THA,2016,413366345843.74,false
Thailand,THA,2017,456356812774.56,false
Thailand,THA,2018,506754212432.99,false
Thailand,THA,2019,543976695638.81,false
Thailand,THA,2020,500457261548.08,false
Thailand,THA,2021,505568057004.25,false
Thailand,THA,2022,495340592811.19,false
Tajikistan,TJK,1990,2629395066.27,false
Tajikistan,TJK,1991,2534720480.32,false
Tajikistan,TJK,1992,1909246640.81,false
Tajikistan,TJK,1993,1646693642.11,false
Tajikistan,TJK,1994,1522018435.70,false
Tajikistan,TJK,1995,1231567145.36,false
Tajikistan,TJK,1996,1043654822.34,false
Tajikistan,TJK,1997,921517486.66,false
Tajikistan,TJK,1998,1320199581.52,false
Tajikistan,TJK,1999,1086612582.89,false
Tajikistan,TJK,2000,860541842.26,false
Tajikistan,TJK,2001,1080772703.16,false
Tajikistan,TJK,2002,1221106073.03,false
Tajikistan,TJK,2003,1555318430.77,false
Tajikistan,TJK,2004,2076176636.43,false
Tajikistan,TJK,2005,2312352267.99,false
Tajikistan,TJK,2006,2830213562.60,false
Tajikistan,TJK,2007,3719524180.70,false
Tajikistan,TJK,2008,5161299725.28,false
Tajikistan,TJK,2009,4979471963.79,false
Tajikistan,TJK,2010,5642221528.67,false
Tajikistan,TJK,2011,6522755783.39,false
Tajikistan,TJK,2012,7633036366.03,false
Tajikistan,TJK,2013,8448410727.15,false
Tajikistan,TJK,2014,9112606074.52,false
Tajikistan,TJK,2015,8271431932.44,false
Tajikistan,TJK,2016,6992416096.89,false
Tajikistan,TJK,2017,7536403146.68,false
Tajikistan,TJK,2018,7765000282.29,false
Tajikistan,TJK,2019,8300813889.64,false
Tajikistan,TJK,2020,8133963813.33,false
Tajikistan,TJK,2021,8937805347.14,false
Tajikistan,TJK,2022,10492123387.79,false
Turkmenistan,TKM,1987,2331358819.76,false
Turkmenistan,TKM,1988,3010982414.24,false
Turkmenistan,TKM,1989,3006988216.55,false
Turkmenistan,TKM,1990,3189539641.32,false
Turkmenistan,TKM,1991,3208098919.01,false
Turkmenistan,TKM,1992,3200539816.06,false
Turkmenistan,TKM,1993,3179225948.58,false
Turkmenistan,TKM,1994,2561118608.36,false
Turkmenistan,TKM,1995,2482228439.71,false
Turkmenistan,TKM,1996,2378759975.45,false
Turkmenistan,TKM,1997,2450349634.47,false
Turkmenistan,TKM,1998,2605688065.08,false
Turkmenistan,TKM,1999,2450564467.58,false
Turkmenistan,TKM,2000,2904662604.82,false
Turkmenistan,TKM,2001,3534771968.51,false
Turkmenistan,TKM,2002,4462028988.73,false
Turkmenistan,TKM,2003,5977440582.80,false
Turkmenistan,TKM,2004,6838351088.47,false
Turkmenistan,TKM,2005,8103901996.37,false
Turkmenistan,TKM,2006,10276674364.90,false
Turkmenistan,TKM,2007,12664165103.19,false
Turkmenistan,TKM,2008,19271523178.81,false
Turkmenistan,TKM,2009,20214385964.91,false
Turkmenistan,TKM,2010,22583157894.74,false
Turkmenistan,TKM,2011,29233333333.33,false
Turkmenistan,TKM,2012,35164210526.32,false
Turkmenistan,TKM,2013,39197543859.65,false
Turkmenistan,TKM,2014,43524210526.32,false
Turkmenistan,TKM,2015,35799714285.71,false
Turkmenistan,TKM,2016,36169428571.43,false
Turkmenistan,TKM,2017,37926285714.29,false
Turkmenistan,TKM,2018,40765428571.43,false
Turkmenistan,TKM,2019,44220285714.29,false
Turkmenistan,TKM,2020,45610571428.57,false
Latin America & the Caribbean (IDA & IBRD countries),TLA,1960,79315282447.44,true
Latin America & the Caribbean (IDA & IBRD countries),TLA,1961,84250590001.34,true
Latin America & the Caribbean (IDA & IBRD countries),TLA,1962,92203741567.23,true
Latin America & the Caribbean (IDA & IBRD countries),TLA,1963,93477829839.75,true
Latin America & the Caribbean (IDA & IBRD countries),TLA,1964,103971029018.67,true
Latin America & the Caribbean (IDA & IBRD countries),TLA,1965,111624496289.09,true
Latin America & the Caribbean (IDA & IBRD countries),TLA,1966,122890761036.25,true
Latin America & the Caribbean (IDA & IBRD countries),TLA,1967,124995671389.65,true
Latin America & the Caribbean (IDA & IBRD countries),TLA,1968,133972063278.55,true
Latin America & the Caribbean (IDA & IBRD countries),TLA,1969,149564865387.50,true
Latin America & the Caribbean (IDA & IBRD countries),TLA,1970,163035462319.48,true
Latin America & the Caribbean (IDA & IBRD countries),TLA,1971,181256770704.06,true
Latin America & the Caribbean (IDA & IBRD countries),TLA,1972,203566728912.76,true
Latin America & the Caribbean (IDA & IBRD countries),TLA,1973,273148758074.26,true
Latin America & the Caribbean (IDA & IBRD countries),TLA,1974,357287703638.82,true
Latin America & the Caribbean (IDA & IBRD countries),TLA,1975,373551821303.12,true
Latin America & the Caribbean (IDA & IBRD countries),TLA,1976,410203988414.58,true
Latin America & the Caribbean (IDA & IBRD countries),TLA,1977,451343454783.02,true
Latin America & the Caribbean (IDA & IBRD countries),TLA,1978,541143245103.22,true
Latin America & the Caribbean (IDA & IBRD countries),TLA,1979,607151446385.04,true
Latin America & the Caribbean (IDA & IBRD countries),TLA,1980,742956710455.85,true
Latin America & the Caribbean (IDA & IBRD countries),TLA,1981,851543041538.73,true
Latin America & the Caribbean (IDA & IBRD countries),TLA,1982,784904152926.70,true
Latin America & the Caribbean (IDA & IBRD countries),TLA,1983,680609173310.11,true
Latin America & the Caribbean (IDA & IBRD countries),TLA,1984,714278722532.60,true
Latin America & the Caribbean (IDA & IBRD countries),TLA,1985,705537546137.03,true
Latin America & the Caribbean (IDA & IBRD countries),TLA,1986,711641297660.48,true
Latin America & the Caribbean (IDA & IBRD countries),TLA,1987,764012497642.11,true
Latin America & the Caribbean (IDA & IBRD countries),TLA,1988,838320487980.66,true
Latin America & the Caribbean (IDA & IBRD countries),TLA,1989,929914241888.60,true
Latin America & the Caribbean (IDA & IBRD countries),TLA,1990,1112474893935.63,true
Latin America & the Caribbean (IDA & IBRD countries),TLA,1991,1187645180028.51,true
Latin America & the Caribbean (IDA & IBRD countries),TLA,1992,1293163079803.56,true
Latin America & the Caribbean (IDA & IBRD countries),TLA,1993,1505498659371.34,true
Latin America & the Caribbean (IDA & IBRD countries),TLA,1994,1708158258793.50,true
Latin America & the Caribbean (IDA & IBRD countries),TLA,1995,1833883373145.99,true
Latin America & the Caribbean (IDA & IBRD countries),TLA,1996,1993801976965.84,true
Latin America & the Caribbean (IDA & IBRD countries),TLA,1997,2187247412386.50,true
Latin America & the Caribbean (IDA & IBRD countries),TLA,1998,2200298432576.23,true
Latin America & the Caribbean (IDA & IBRD countries),TLA,1999,1969284663624.85,true
Latin America & the Caribbean (IDA & IBRD countries),TLA,2000,2178185355320.65,true
Latin America & the Caribbean (IDA & IBRD countries),TLA,2001,2120324403166.21,true
Latin America & the Caribbean (IDA & IBRD countries),TLA,2002,1887242432115.40,true
Latin America & the Caribbean (IDA & IBRD countries),TLA,2003,1922534458021.38,true
Latin America & the Caribbean (IDA & IBRD countries),TLA,2004,2225384515789.76,true
Latin America & the Caribbean (IDA & IBRD countries),TLA,2005,2708927963301.15,true
Latin America & the Caribbean (IDA & IBRD countries),TLA,2006,3186236239229.97,true
Latin America & the Caribbean (IDA & IBRD countries),TLA,2007,3773229879831.73,true
Latin America & the Caribbean (IDA & IBRD countries),TLA,2008,4409097095011.05,true
Latin America & the Caribbean (IDA & IBRD countries),TLA,2009,4130162256669.21,true
Latin America & the Caribbean (IDA & IBRD countries),TLA,2010,5159729033221.11,true
Latin America & the Caribbean (IDA & IBRD countries),TLA,2011,5887034342421.42,true
Latin America & the Caribbean (IDA & IBRD countries),TLA,2012,5947252224242.00,true
Latin America & the Caribbean (IDA & IBRD countries),TLA,2013,6095171749897.23,true
Latin America & the Caribbean (IDA & IBRD countries),TLA,2014,6215504429530.99,true
Latin America & the Caribbean (IDA & IBRD countries),TLA,2015,5148471978658.52,true
Latin America & the Caribbean (IDA & IBRD countries),TLA,2016,5015399889886.80,true
Latin America & the Caribbean (IDA & IBRD countries),TLA,2017,5593216809529.63,true
Latin America & the Caribbean (IDA & IBRD countries),TLA,2018,5464428426578.10,true
Latin America & the Caribbean (IDA & IBRD countries),TLA,2019,5371331762438.80,true
Latin America & the Caribbean (IDA & IBRD countries),TLA,2020,4529215519228.92,true
Latin America & the Caribbean (IDA & IBRD countries),TLA,2021,5238233593531.77,true
Latin America & the Caribbean (IDA & IBRD countries),TLA,2022,5945540330771.45,true
Timor-Leste,TLS,2000,367087900.00,false
Timor-Leste,TLS,2001,477443500.00,false
Timor-Leste,TLS,2002,469506700.00,false
Timor-Leste,TLS,2003,490439100.00,false
Timor-Leste,TLS,2004,440764600.00,false
Timor-Leste,TLS,2005,462283600.00,false
Timor-Leste,TLS,2006,453805100.00,false
Timor-Leste,TLS,2007,542795400.00,false
Timor-Leste,TLS,2008,648492700.00,false
Timor-Leste,TLS,2009,726882400.00,false
Timor-Leste,TLS,2010,881827800.00,false
Timor-Leste,TLS,2011,1042411500.00,false
Timor-Leste,TLS,2012,1160389600.00,false
Timor-Leste,TLS,2013,1395519600.00,false
Timor-Leste,TLS,2014,1447310400.00,false
Timor-Leste,TLS,2015,1594447600.00,false
Timor-Leste,TLS,2016,1650619400.00,false
Timor-Leste,TLS,2017,1595724300.00,false
Timor-Leste,TLS,2018,1563887900.00,false
Timor-Leste,TLS,2019,2028551600.00,false
Timor-Leste,TLS,2020,2158392500.00,false
Timor-Leste,TLS,2021,3621222400.00,false
Timor-Leste,TLS,2022,3163324631.03,false
Middle East & North Africa (IDA & IBRD countries),TMN,1965,23597763392.43,true
Middle East & North Africa (IDA & IBRD countries),TMN,1966,24596781059.61,true
Middle East & North Africa (IDA & IBRD countries),TMN,1967,26628327477.81,true
Middle East & North Africa (IDA & IBRD countries),TMN,1968,29295797648.00,true
Middle East & North Africa (IDA & IBRD countries),TMN,1969,32502994399.45,true
Middle East & North Africa (IDA & IBRD countries),TMN,1970,36710422417.97,true
Middle East & North Africa (IDA & IBRD countries),TMN,1971,42086833718.43,true
Middle East & North Africa (IDA & IBRD countries),TMN,1972,50218784350.91,true
Middle East & North Africa (IDA & IBRD countries),TMN,1973,66663487502.25,true
Middle East & North Africa (IDA & IBRD countries),TMN,1974,101622548936.70,true
Middle East & North Africa (IDA & IBRD countries),TMN,1975,118247163046.70,true
Middle East & North Africa (IDA & IBRD countries),TMN,1976,145959079987.83,true
Middle East & North Africa (IDA & IBRD countries),TMN,1977,168918635105.70,true
Middle East & North Africa (IDA & IBRD countries),TMN,1978,181557961772.86,true
Middle East & North Africa (IDA & IBRD countries),TMN,1979,226458417647.59,true
Middle East & North Africa (IDA & IBRD countries),TMN,1980,271186212358.52,true
Middle East & North Africa (IDA & IBRD countries),TMN,1981,264651823390.36,true
Middle East & North Africa (IDA & IBRD countries),TMN,1982,303546936551.65,true
Middle East & North Africa (IDA & IBRD countries),TMN,1983,341135380443.95,true
Middle East & North Africa (IDA & IBRD countries),TMN,1984,361165794970.42,true
Middle East & North Africa (IDA & IBRD countries),TMN,1985,393776784308.74,true
Middle East & North Africa (IDA & IBRD countries),TMN,1986,442524708559.63,true
Middle East & North Africa (IDA & IBRD countries),TMN,1987,386999801388.48,true
Middle East & North Africa (IDA & IBRD countries),TMN,1988,355279720214.67,true
Middle East & North Africa (IDA & IBRD countries),TMN,1989,357272264599.87,true
Middle East & North Africa (IDA & IBRD countries),TMN,1990,502614551355.26,true
Middle East & North Africa (IDA & IBRD countries),TMN,1991,260421226491.21,true
Middle East & North Africa (IDA & IBRD countries),TMN,1992,286793794636.34,true
Middle East & North Africa (IDA & IBRD countries),TMN,1993,294466227502.76,true
Middle East & North Africa (IDA & IBRD countries),TMN,1994,315703229596.62,true
Middle East & North Africa (IDA & IBRD countries),TMN,1995,367908612877.52,true
Middle East & North Africa (IDA & IBRD countries),TMN,1996,424485950438.95,true
Middle East & North Africa (IDA & IBRD countries),TMN,1997,448652490027.75,true
Middle East & North Africa (IDA & IBRD countries),TMN,1998,461879719773.80,true
Middle East & North Africa (IDA & IBRD countries),TMN,1999,501955439650.33,true
Middle East & North Africa (IDA & IBRD countries),TMN,2000,531861706891.65,true
Middle East & North Africa (IDA & IBRD countries),TMN,2001,538324769799.71,true
Middle East & North Africa (IDA & IBRD countries),TMN,2002,524741475874.74,true
Middle East & North Africa (IDA & IBRD countries),TMN,2003,573739880430.60,true
Middle East & North Africa (IDA & IBRD countries),TMN,2004,681180472798.75,true
Middle East & North Africa (IDA & IBRD countries),TMN,2005,803410584369.62,true
Middle East & North Africa (IDA & IBRD countries),TMN,2006,936957615002.97,true
Middle East & North Africa (IDA & IBRD countries),TMN,2007,1142496167090.24,true
Middle East & North Africa (IDA & IBRD countries),TMN,2008,1408940171755.31,true
Middle East & North Africa (IDA & IBRD countries),TMN,2009,1370510388772.17,true
Middle East & North Africa (IDA & IBRD countries),TMN,2010,1578098820761.47,true
Middle East & North Africa (IDA & IBRD countries),TMN,2011,1625215002296.10,true
Middle East & North Africa (IDA & IBRD countries),TMN,2012,1752600151707.30,true
Middle East & North Africa (IDA & IBRD countries),TMN,2013,1610532044310.35,true
Middle East & North Africa (IDA & IBRD countries),TMN,2014,1586867031724.61,true
Middle East & North Africa (IDA & IBRD countries),TMN,2015,1425097281066.11,true
Middle East & North Africa (IDA & IBRD countries),TMN,2016,1460439514342.24,true
Middle East & North Africa (IDA & IBRD countries),TMN,2017,1460779778479.73,true
Middle East & North Africa (IDA & IBRD countries),TMN,2018,1383769733583.24,true
Middle East & North Africa (IDA & IBRD countries),TMN,2019,1391491110717.23,true
Middle East & North Africa (IDA & IBRD countries),TMN,2020,1269397606042.49,true
Middle East & North Africa (IDA & IBRD countries),TMN,2021,1488905605615.52,true
Middle East & North Africa (IDA & IBRD countries),TMN,2022,1657891406469.57,true
Tonga,TON,1975,32506741.72,false
Tonga,TON,1976,30036416.96,false
Tonga,TON,1977,34139387.89,false
Tonga,TON,1978,41567471.67,false
Tonga,TON,1979,44667002.01,false
Tonga,TON,1980,53260077.43,false
Tonga,TON,1981,62242013.33,false
Tonga,TON,1982,62068161.07,false
Tonga,TON,1983,60863963.96,false
Tonga,TON,1984,64248354.54,false
Tonga,TON,1985,60058663.31,false
Tonga,TON,1986,68195855.61,false
Tonga,TON,1987,81667133.45,false
Tonga,TON,1988,106657267.37,false
Tonga,TON,1989,106344854.99,false
Tonga,TON,1990,113563821.58,false
Tonga,TON,1991,132201141.45,false
Tonga,TON,1992,137066290.55,false
Tonga,TON,1993,138489884.39,false
Tonga,TON,1994,195990986.21,false
Tonga,TON,1995,208871665.75,false
Tonga,TON,1996,222100576.35,false
Tonga,TON,1997,214991452.31,false
Tonga,TON,1998,191504892.76,false
Tonga,TON,1999,199208752.45,false
Tonga,TON,2000,204848436.58,false
Tonga,TON,2001,181117272.40,false
Tonga,TON,2002,182764299.85,false
Tonga,TON,2003,202246621.15,false
Tonga,TON,2004,230657579.06,false
Tonga,TON,2005,261803692.13,false
Tonga,TON,2006,292230634.20,false
Tonga,TON,2007,298519087.69,false
Tonga,TON,2008,344436494.40,false
Tonga,TON,2009,312377751.09,false
Tonga,TON,2010,366832186.49,false
Tonga,TON,2011,414533045.13,false
Tonga,TON,2012,470705334.76,false
Tonga,TON,2013,450650718.15,false
Tonga,TON,2014,439877675.69,false
Tonga,TON,2015,437003006.74,false
Tonga,TON,2016,420548768.07,false
Tonga,TON,2017,460374252.21,false
Tonga,TON,2018,488906860.87,false
Tonga,TON,2019,512053639.84,false
Tonga,TON,2020,484796858.84,false
Tonga,TON,2021,469228124.15,false
South Asia (IDA & IBRD),TSA,1960,47156704038.65,true
South Asia (IDA & IBRD),TSA,1961,50316837320.20,true
South Asia (IDA & IBRD),TSA,1962,53705580292.75,true
South Asia (IDA & IBRD),TSA,1963,60408326895.49,true
South Asia (IDA & IBRD),TSA,1964,69158968713.74,true
South Asia (IDA & IBRD),TSA,1965,74274468929.56,true
South Asia (IDA & IBRD),TSA,1966,62456580600.22,true
South Asia (IDA & IBRD),TSA,1967,68712964033.03,true
South Asia (IDA & IBRD),TSA,1968,72018446516.86,true
South Asia (IDA & IBRD),TSA,1969,79171992803.88,true
South Asia (IDA & IBRD),TSA,1970,85711844745.38,true
South Asia (IDA & IBRD),TSA,1971,91169238617.01,true
South Asia (IDA & IBRD),TSA,1972,91653327298.47,true
South Asia (IDA & IBRD),TSA,1973,104781402787.85,true
South Asia (IDA & IBRD),TSA,1974,126934580819.78,true
South Asia (IDA & IBRD),TSA,1975,135867507778.86,true
South Asia (IDA & IBRD),TSA,1976,132608444905.70,true
South Asia (IDA & IBRD),TSA,1977,153553587500.21,true
South Asia (IDA & IBRD),TSA,1978,174721808669.43,true
South Asia (IDA & IBRD),TSA,1979,195693075714.58,true
South Asia (IDA & IBRD),TSA,1980,235962137572.70,true
South Asia (IDA & IBRD),TSA,1981,250140235557.80,true
South Asia (IDA & IBRD),TSA,1982,258792952697.99,true
South Asia (IDA & IBRD),TSA,1983,273951368607.72,true
South Asia (IDA & IBRD),TSA,1984,272676312680.72,true
South Asia (IDA & IBRD),TSA,1985,296510765025.75,true
South Asia (IDA & IBRD),TSA,1986,314034899880.35,true
South Asia (IDA & IBRD),TSA,1987,348690416778.92,true
South Asia (IDA & IBRD),TSA,1988,374679367843.74,true
South Asia (IDA & IBRD),TSA,1989,378112968995.08,true
South Asia (IDA & IBRD),TSA,1990,407066728402.15,true
South Asia (IDA & IBRD),TSA,1991,362155183204.80,true
South Asia (IDA & IBRD),TSA,1992,384619247242.89,true
South Asia (IDA & IBRD),TSA,1993,380986910706.29,true
South Asia (IDA & IBRD),TSA,1994,432196055451.72,true
South Asia (IDA & IBRD),TSA,1995,479707317022.57,true
South Asia (IDA & IBRD),TSA,1996,524814569929.73,true
South Asia (IDA & IBRD),TSA,1997,550548635667.58,true
South Asia (IDA & IBRD),TSA,1998,558258844530.03,true
South Asia (IDA & IBRD),TSA,1999,598146534949.59,true
South Asia (IDA & IBRD),TSA,2000,630242098666.02,true
South Asia (IDA & IBRD),TSA,2001,645678633202.57,true
South Asia (IDA & IBRD),TSA,2002,677426539845.30,true
South Asia (IDA & IBRD),TSA,2003,791026613085.98,true
South Asia (IDA & IBRD),TSA,2004,917083438858.52,true
South Asia (IDA & IBRD),TSA,2005,1050602379999.63,true
South Asia (IDA & IBRD),TSA,2006,1196088124853.08,true
South Asia (IDA & IBRD),TSA,2007,1504162366252.89,true
South Asia (IDA & IBRD),TSA,2008,1527612730733.41,true
South Asia (IDA & IBRD),TSA,2009,1683173926491.50,true
South Asia (IDA & IBRD),TSA,2010,2062468955967.70,true
South Asia (IDA & IBRD),TSA,2011,2277346353954.89,true
South Asia (IDA & IBRD),TSA,2012,2302398278355.34,true
South Asia (IDA & IBRD),TSA,2013,2362708983919.22,true
South Asia (IDA & IBRD),TSA,2014,2587787935996.42,true
South Asia (IDA & IBRD),TSA,2015,2704835939982.51,true
South Asia (IDA & IBRD),TSA,2016,3010757329892.83,true
South Asia (IDA & IBRD),TSA,2017,3433883301221.75,true
South Asia (IDA & IBRD),TSA,2018,3534209044993.87,true
South Asia (IDA & IBRD),TSA,2019,3658004814522.01,true
South Asia (IDA & IBRD),TSA,2020,3490012356687.83,true
South Asia (IDA & IBRD),TSA,2021,4062783801939.27,true
South Asia (IDA & IBRD),TSA,2022,4361631457999.02,true
Sub-Saharan Africa (IDA & IBRD countries),TSS,1960,31038651924.72,true
Sub-Saharan Africa (IDA & IBRD countries),TSS,1961,32274153936.37,true
Sub-Saharan Africa (IDA & IBRD countries),TSS,1962,34924550100.16,true
Sub-Saharan Africa (IDA & IBRD countries),TSS,1963,39974355837.20,true
Sub-Saharan Africa (IDA & IBRD countries),TSS,1964,39238590134.77,true
Sub-Saharan Africa (IDA & IBRD countries),TSS,1965,43676575967.69,true
Sub-Saharan Africa (IDA & IBRD countries),TSS,1966,47114238410.84,true
Sub-Saharan Africa (IDA & IBRD countries),TSS,1967,46781000881.71,true
Sub-Saharan Africa (IDA & IBRD countries),TSS,1968,50124977708.06,true
Sub-Saharan Africa (IDA & IBRD countries),TSS,1969,57259820309.90,true
Sub-Saharan Africa (IDA & IBRD countries),TSS,1970,67263493916.49,true
Sub-Saharan Africa (IDA & IBRD countries),TSS,1971,68574658267.44,true
Sub-Saharan Africa (IDA & IBRD countries),TSS,1972,77110721964.55,true
Sub-Saharan Africa (IDA & IBRD countries),TSS,1973,99513486866.78,true
Sub-Saharan Africa (IDA & IBRD countries),TSS,1974,127887926562.72,true
Sub-Saharan Africa (IDA & IBRD countries),TSS,1975,140884899647.40,true
Sub-Saharan Africa (IDA & IBRD countries),TSS,1976,151992519730.34,true
Sub-Saharan Africa (IDA & IBRD countries),TSS,1977,166741023605.75,true
Sub-Saharan Africa (IDA & IBRD countries),TSS,1978,186078689801.54,true
Sub-Saharan Africa (IDA & IBRD countries),TSS,1979,222012586577.63,true
Sub-Saharan Africa (IDA & IBRD countries),TSS,1980,282049229145.85,true
Sub-Saharan Africa (IDA & IBRD countries),TSS,1981,389887980091.44,true
Sub-Saharan Africa (IDA & IBRD countries),TSS,1982,357757127665.33,true
Sub-Saharan Africa (IDA & IBRD countries),TSS,1983,314844448352.92,true
Sub-Saharan Africa (IDA & IBRD countries),TSS,1984,275683682181.12,true
Sub-Saharan Africa (IDA & IBRD countries),TSS,1985,254455395790.10,true
Sub-Saharan Africa (IDA & IBRD countries),TSS,1986,261402850880.43,true
Sub-Saharan Africa (IDA & IBRD countries),TSS,1987,297209471954.19,true
Sub-Saharan Africa (IDA & IBRD countries),TSS,1988,313579138925.45,true
Sub-Saharan Africa (IDA & IBRD countries),TSS,1989,319563247910.21,true
Sub-Saharan Africa (IDA & IBRD countries),TSS,1990,375424931159.04,true
Sub-Saharan Africa (IDA & IBRD countries),TSS,1991,393456869265.37,true
Sub-Saharan Africa (IDA & IBRD countries),TSS,1992,363862082115.39,true
Sub-Saharan Africa (IDA & IBRD countries),TSS,1993,340910457626.43,true
Sub-Saharan Africa (IDA & IBRD countries),TSS,1994,324862204377.18,true
Sub-Saharan Africa (IDA & IBRD countries),TSS,1995,377566591336.16,true
Sub-Saharan Africa (IDA & IBRD countries),TSS,1996,394512902071.41,true
Sub-Saharan Africa (IDA & IBRD countries),TSS,1997,409664928804.90,true
Sub-Saharan Africa (IDA & IBRD countries),TSS,1998,396136552874.17,true
Sub-Saharan Africa (IDA & IBRD countries),TSS,1999,400026185636.78,true
Sub-Saharan Africa (IDA & IBRD countries),TSS,2000,424444223042.83,true
Sub-Saharan Africa (IDA & IBRD countries),TSS,2001,407309506890.50,true
Sub-Saharan Africa (IDA & IBRD countries),TSS,2002,443193859516.72,true
Sub-Saharan Africa (IDA & IBRD countries),TSS,2003,558250655633.11,true
Sub-Saharan Africa (IDA & IBRD countries),TSS,2004,693314583942.32,true
Sub-Saharan Africa (IDA & IBRD countries),TSS,2005,823361208064.25,true
Sub-Saharan Africa (IDA & IBRD countries),TSS,2006,973527213201.02,true
Sub-Saharan Africa (IDA & IBRD countries),TSS,2007,1127368649186.12,true
Sub-Saharan Africa (IDA & IBRD countries),TSS,2008,1278243727731.77,true
Sub-Saharan Africa (IDA & IBRD countries),TSS,2009,1230006172548.70,true
Sub-Saharan Africa (IDA & IBRD countries),TSS,2010,1461708684777.31,true
Sub-Saharan Africa (IDA & IBRD countries),TSS,2011,1649496095768.75,true
Sub-Saharan Africa (IDA & IBRD countries),TSS,2012,1712723978723.04,true
Sub-Saharan Africa (IDA & IBRD countries),TSS,2013,1819935185494.14,true
Sub-Saharan Africa (IDA & IBRD countries),TSS,2014,1900848872303.11,true
Sub-Saharan Africa (IDA & IBRD countries),TSS,2015,1695993210500.23,true
Sub-Saharan Africa (IDA & IBRD countries),TSS,2016,1576539841411.97,true
Sub-Saharan Africa (IDA & IBRD countries),TSS,2017,1705941956337.72,true
Sub-Saharan Africa (IDA & IBRD countries),TSS,2018,1774221939062.45,true
Sub-Saharan Africa (IDA & IBRD countries),TSS,2019,1823372470680.00,true
Sub-Saharan Africa (IDA & IBRD countries),TSS,2020,1714053357042.69,true
Sub-Saharan Africa (IDA & IBRD countries),TSS,2021,1926457861345.46,true
Sub-Saharan Africa (IDA & IBRD countries),TSS,2022,2047347019065.53,true
Trinidad and Tobago,TTO,1960,535673252.26,false
Trinidad and Tobago,TTO,1961,584964620.68,false
Trinidad and Tobago,TTO,1962,619322809.77,false
Trinidad and Tobago,TTO,1963,678239329.12,false
Trinidad and Tobago,TTO,1964,711897519.96,false
Trinidad and Tobago,TTO,1965,736573158.26,false
Trinidad and Tobago,TTO,1966,723739857.02,false
Trinidad and Tobago,TTO,1967,761981839.10,false
Trinidad and Tobago,TTO,1968,758899949.62,false
Trinidad and Tobago,TTO,1969,779199999.61,false
Trinidad and Tobago,TTO,1970,821849999.59,false
Trinidad and Tobago,TTO,1971,896765145.62,false
Trinidad and Tobago,TTO,1972,1083391921.22,false
Trinidad and Tobago,TTO,1973,1308785739.53,false
Trinidad and Tobago,TTO,1974,2042001159.23,false
Trinidad and Tobago,TTO,1975,2442670280.27,false
Trinidad and Tobago,TTO,1976,2500424512.07,false
Trinidad and Tobago,TTO,1977,3138666667.97,false
Trinidad and Tobago,TTO,1978,3562333459.82,false
Trinidad and Tobago,TTO,1979,4602416626.92,false
Trinidad and Tobago,TTO,1980,6235833335.93,false
Trinidad and Tobago,TTO,1981,6992083336.25,false
Trinidad and Tobago,TTO,1982,8140416670.06,false
Trinidad and Tobago,TTO,1983,7763750003.23,false
Trinidad and Tobago,TTO,1984,7757083334.68,false
Trinidad and Tobago,TTO,1985,7375918367.35,false
Trinidad and Tobago,TTO,1986,4794444444.44,false
Trinidad and Tobago,TTO,1987,4797777777.78,false
Trinidad and Tobago,TTO,1988,4496910569.11,false
Trinidad and Tobago,TTO,1989,4323058823.53,false
Trinidad and Tobago,TTO,1990,5068000000.00,false
Trinidad and Tobago,TTO,1991,5307905882.35,false
Trinidad and Tobago,TTO,1992,5439552941.18,false
Trinidad and Tobago,TTO,1993,4669491425.12,false
Trinidad and Tobago,TTO,1994,4947181506.39,false
Trinidad and Tobago,TTO,1995,5329217896.55,false
Trinidad and Tobago,TTO,1996,5759570495.97,false
Trinidad and Tobago,TTO,1997,5737771217.17,false
Trinidad and Tobago,TTO,1998,6043687133.41,false
Trinidad and Tobago,TTO,1999,6808982520.76,false
Trinidad and Tobago,TTO,2000,8154342547.56,false
Trinidad and Tobago,TTO,2001,8824849662.96,false
Trinidad and Tobago,TTO,2002,9008297748.06,false
Trinidad and Tobago,TTO,2003,11305459802.07,false
Trinidad and Tobago,TTO,2004,13280292692.35,false
Trinidad and Tobago,TTO,2005,15982388172.72,false
Trinidad and Tobago,TTO,2006,18369361094.39,false
Trinidad and Tobago,TTO,2007,21641620049.94,false
Trinidad and Tobago,TTO,2008,27871587349.54,false
Trinidad and Tobago,TTO,2009,19172165225.50,false
Trinidad and Tobago,TTO,2010,22157919433.88,false
Trinidad and Tobago,TTO,2011,25433008605.04,false
Trinidad and Tobago,TTO,2012,27121712418.53,false
Trinidad and Tobago,TTO,2013,28557451149.87,false
Trinidad and Tobago,TTO,2014,29489012806.89,false
Trinidad and Tobago,TTO,2015,26851970249.30,false
Trinidad and Tobago,TTO,2016,23496215880.52,false
Trinidad and Tobago,TTO,2017,23797686961.84,false
Trinidad and Tobago,TTO,2018,24322359037.41,false
Trinidad and Tobago,TTO,2019,23849557811.40,false
Trinidad and Tobago,TTO,2020,21059428846.02,false
Trinidad and Tobago,TTO,2021,24460196270.12,false
Trinidad and Tobago,TTO,2022,27899082337.37,false
Tunisia,TUN,1965,991047619.94,false
Tunisia,TUN,1966,1040952381.89,false
Tunisia,TUN,1967,1085714286.70,false
Tunisia,TUN,1968,1214666667.77,false
Tunisia,TUN,1969,1289904763.07,false
Tunisia,TUN,1970,1439238096.54,false
Tunisia,TUN,1971,1685163348.02,false
Tunisia,TUN,1972,2237554586.72,false
Tunisia,TUN,1973,2730814468.12,false
Tunisia,TUN,1974,3545865875.52,false
Tunisia,TUN,1975,4328969185.44,false
Tunisia,TUN,1976,4508191952.67,false
Tunisia,TUN,1977,5109324009.32,false
Tunisia,TUN,1978,5968462484.68,false
Tunisia,TUN,1979,7188855078.12,false
Tunisia,TUN,1980,8744134354.16,false
Tunisia,TUN,1981,8428442466.42,false
Tunisia,TUN,1982,8133573180.63,false
Tunisia,TUN,1983,8350586859.97,false
Tunisia,TUN,1984,8254537657.29,false
Tunisia,TUN,1985,8410227733.15,false
Tunisia,TUN,1986,9017804761.58,false
Tunisia,TUN,1987,9696710059.89,false
Tunisia,TUN,1988,10096243800.79,false
Tunisia,TUN,1989,10101853518.09,false
Tunisia,TUN,1990,12290568181.82,false
Tunisia,TUN,1991,13074782608.70,false
Tunisia,TUN,1992,15496702219.88,false
Tunisia,TUN,1993,14608340459.45,false
Tunisia,TUN,1994,15633171728.32,false
Tunisia,TUN,1995,18030876599.34,false
Tunisia,TUN,1996,19587155099.35,false
Tunisia,TUN,1997,20746204100.70,false
Tunisia,TUN,1998,21802893587.13,false
Tunisia,TUN,1999,22943202174.97,false
Tunisia,TUN,2000,21473522938.68,false
Tunisia,TUN,2001,22065840117.47,false
Tunisia,TUN,2002,23141611178.84,false
Tunisia,TUN,2003,27453895158.94,false
Tunisia,TUN,2004,31183893587.41,false
Tunisia,TUN,2005,32272178403.51,false
Tunisia,TUN,2006,34376664600.59,false
Tunisia,TUN,2007,38915343743.29,false
Tunisia,TUN,2008,44859452038.12,false
Tunisia,TUN,2009,43455740497.31,false
Tunisia,TUN,2010,46206091937.96,false
Tunisia,TUN,2011,48123314430.49,false
Tunisia,TUN,2012,47311411909.70,false
Tunisia,TUN,2013,48685436425.09,false
Tunisia,TUN,2014,50271812920.61,false
Tunisia,TUN,2015,45779494041.93,false
Tunisia,TUN,2016,44360065796.62,false
Tunisia,TUN,2017,42163530590.95,false
Tunisia,TUN,2018,42686509835.53,false
Tunisia,TUN,2019,41905637658.61,false
Tunisia,TUN,2020,42538462678.12,false
Tunisia,TUN,2021,46687298709.35,false
Tunisia,TUN,2022,46664948951.66,false
Turkiye,TUR,1960,7552470818.81,false
Turkiye,TUR,1961,7971175166.30,false
Turkiye,TUR,1962,8902439024.39,false
Turkiye,TUR,1963,10332594235.03,false
Turkiye,TUR,1964,11129344520.35,false
Turkiye,TUR,1965,11913716815.48,false
Turkiye,TUR,1966,14037610621.02,false
Turkiye,TUR,1967,15575221240.66,false
Turkiye,TUR,1968,17422566373.61,false
Turkiye,TUR,1969,19380530975.60,false
Turkiye,TUR,1970,17345632697.83,false
Turkiye,TUR,1971,16311659192.37,false
Turkiye,TUR,1972,20431095406.36,false
Turkiye,TUR,1973,25724381625.44,false
Turkiye,TUR,1974,35599700823.38,false
Turkiye,TUR,1975,44633449700.57,false
Turkiye,TUR,1976,51279868356.63,false
Turkiye,TUR,1977,58675998836.74,false
Turkiye,TUR,1978,65146575335.75,false
Turkiye,TUR,1979,89392647416.60,false
Turkiye,TUR,1980,68789214177.12,false
Turkiye,TUR,1981,71040286283.52,false
Turkiye,TUR,1982,64546167132.12,false
Turkiye,TUR,1983,61678257318.30,false
Turkiye,TUR,1984,59990263932.90,false
Turkiye,TUR,1985,67234937530.72,false
Turkiye,TUR,1986,75727813488.77,false
Turkiye,TUR,1987,87168298081.87,false
Turkiye,TUR,1988,90853080152.21,false
Turkiye,TUR,1989,107143390749.86,false
Turkiye,TUR,1990,150676194826.81,false
Turkiye,TUR,1991,151041399039.07,false
Turkiye,TUR,1992,159094972321.75,false
Turkiye,TUR,1993,180421862247.80,false
Turkiye,TUR,1994,130651877908.20,false
Turkiye,TUR,1995,169319354340.48,false
Turkiye,TUR,1996,181464650312.27,false
Turkiye,TUR,1997,189878399894.64,false
Turkiye,TUR,1998,275941726172.38,false
Turkiye,TUR,1999,256395983758.49,false
Turkiye,TUR,2000,274294842523.05,false
Turkiye,TUR,2001,201753110088.58,false
Turkiye,TUR,2002,240249005455.22,false
Turkiye,TUR,2003,314595528425.31,false
Turkiye,TUR,2004,408865358516.59,false
Turkiye,TUR,2005,506314676837.42,false
Turkiye,TUR,2006,557075996577.47,false
Turkiye,TUR,2007,681321173796.05,false
Turkiye,TUR,2008,770449308781.34,false
Turkiye,TUR,2009,649289418603.01,false
Turkiye,TUR,2010,776967457763.60,false
Turkiye,TUR,2011,838785514058.56,false
Turkiye,TUR,2012,880555912745.58,false
Turkiye,TUR,2013,957798998031.28,false
Turkiye,TUR,2014,938934430070.66,false
Turkiye,TUR,2015,864313960482.34,false
Turkiye,TUR,2016,869682954136.21,false
Turkiye,TUR,2017,858988578709.76,false
Turkiye,TUR,2018,778476714087.96,false
Turkiye,TUR,2019,759934804372.32,false
Turkiye,TUR,2020,720288811761.92,false
Turkiye,TUR,2021,819034484303.17,false
Turkiye,TUR,2022,905987824096.13,false
Tuvalu,TUV,1990,8824746.24,false
Tuvalu,TUV,1991,9365488.12,false
Tuvalu,TUV,1992,9742603.63,false
Tuvalu,TUV,1993,9631024.92,false
Tuvalu,TUV,1994,10887216.91,false
Tuvalu,TUV,1995,11025679.51,false
Tuvalu,TUV,1996,12335200.16,false
Tuvalu,TUV,1997,12701093.97,false
Tuvalu,TUV,1998,12757405.79,false
Tuvalu,TUV,1999,13687141.11,false
Tuvalu,TUV,2000,15073978.45,false
Tuvalu,TUV,2001,13964728.72,false
Tuvalu,TUV,2002,16842677.17,false
Tuvalu,TUV,2003,19456335.93,false
Tuvalu,TUV,2004,22798266.60,false
Tuvalu,TUV,2005,22909973.98,false
Tuvalu,TUV,2006,24096867.47,false
Tuvalu,TUV,2007,28450156.79,false
Tuvalu,TUV,2008,31874425.95,false
Tuvalu,TUV,2009,28076988.13,false
Tuvalu,TUV,2010,32105394.15,false
Tuvalu,TUV,2011,39196949.34,false
Tuvalu,TUV,2012,39345578.22,false
Tuvalu,TUV,2013,38615887.03,false
Tuvalu,TUV,2014,38760972.42,false
Tuvalu,TUV,2015,36811928.82,false
Tuvalu,TUV,2016,41629064.97,false
Tuvalu,TUV,2017,45276606.00,false
Tuvalu,TUV,2018,48015219.95,false
Tuvalu,TUV,2019,54123195.27,false
Tuvalu,TUV,2020,51746568.70,false
Tuvalu,TUV,2021,60196366.81,false
Tuvalu,TUV,2022,60349391.10,false
Tanzania,TZA,1988,5100405344.40,false
Tanzania,TZA,1989,4420167588.58,false
Tanzania,TZA,1990,4258742898.94,false
Tanzania,TZA,1991,4956587901.62,false
Tanzania,TZA,1992,4601413521.13,false
Tanzania,TZA,1993,4257702021.44,false
Tanzania,TZA,1994,4510847189.15,false
Tanzania,TZA,1995,5255221043.84,false
Tanzania,TZA,1996,6496195823.97,false
Tanzania,TZA,1997,7683852496.84,false
Tanzania,TZA,1998,12270448546.36,false
Tanzania,TZA,1999,12711213451.03,false
Tanzania,TZA,2000,13375976353.70,false
Tanzania,TZA,2001,13581644245.74,false
Tanzania,TZA,2002,14142035080.28,false
Tanzania,TZA,2003,15224257698.48,false
Tanzania,TZA,2004,16675948414.76,false
Tanzania,TZA,2005,18399046025.27,false
Tanzania,TZA,2006,18649590248.26,false
Tanzania,TZA,2007,21843529024.92,false
Tanzania,TZA,2008,27961527622.72,false
Tanzania,TZA,2009,29081826158.68,false
Tanzania,TZA,2010,32014247547.51,false
Tanzania,TZA,2011,34657141720.68,false
Tanzania,TZA,2012,39650522645.98,false
Tanzania,TZA,2013,45680532613.76,false
Tanzania,TZA,2014,49964825081.11,false
Tanzania,TZA,2015,47378603783.65,false
Tanzania,TZA,2016,49774004999.20,false
Tanzania,TZA,2017,53275968094.85,false
Tanzania,TZA,2018,57003686049.41,false
Tanzania,TZA,2019,61026765850.31,false
Tanzania,TZA,2020,66068737757.27,false
Tanzania,TZA,2021,70655628140.58,false
Tanzania,TZA,2022,75709289056.45,false
Uganda,UGA,1960,423008385.74,false
Uganda,UGA,1961,441524109.01,false
Uganda,UGA,1962,449012578.62,false
Uganda,UGA,1963,516147798.74,false
Uganda,UGA,1964,589056603.77,false
Uganda,UGA,1965,884502309.07,false
Uganda,UGA,1966,925381491.44,false
Uganda,UGA,1967,967240654.22,false
Uganda,UGA,1968,1037379251.38,false
Uganda,UGA,1969,1168556627.70,false
Uganda,UGA,1970,1259554807.64,false
Uganda,UGA,1971,1417191654.75,false
Uganda,UGA,1972,1490970267.23,false
Uganda,UGA,1973,1701817876.61,false
Uganda,UGA,1974,2098944967.51,false
Uganda,UGA,1975,2359555555.56,false
Uganda,UGA,1976,2447300000.00,false
Uganda,UGA,1977,2936470588.24,false
Uganda,UGA,1978,2420260869.57,false
Uganda,UGA,1979,2139025000.00,false
Uganda,UGA,1980,1244610000.00,false
Uganda,UGA,1981,1337300000.00,false
Uganda,UGA,1982,2177500000.00,false
Uganda,UGA,1983,2240333333.33,false
Uganda,UGA,1984,3615647477.07,false
Uganda,UGA,1985,3519695212.53,false
Uganda,UGA,1986,3923244170.44,false
Uganda,UGA,1987,6269522147.44,false
Uganda,UGA,1988,6508931651.67,false
Uganda,UGA,1989,5276480789.75,false
Uganda,UGA,1990,4304399314.80,false
Uganda,UGA,1991,3321729157.61,false
Uganda,UGA,1992,2857457760.92,false
Uganda,UGA,1993,3220439044.19,false
Uganda,UGA,1994,3990430446.71,false
Uganda,UGA,1995,5755818844.55,false
Uganda,UGA,1996,6044585326.94,false
Uganda,UGA,1997,6269333313.17,false
Uganda,UGA,1998,6584815846.53,false
Uganda,UGA,1999,5998563257.95,false
Uganda,UGA,2000,6193246837.10,false
Uganda,UGA,2001,5840503868.57,false
Uganda,UGA,2002,6178563590.89,false
Uganda,UGA,2003,6606884273.85,false
Uganda,UGA,2004,7939487548.41,false
Uganda,UGA,2005,9239221760.48,false
Uganda,UGA,2006,9977647685.29,false
Uganda,UGA,2007,11902564496.69,false
Uganda,UGA,2008,14440404136.57,false
Uganda,UGA,2009,25127805566.45,false
Uganda,UGA,2010,26673441432.46,false
Uganda,UGA,2011,27871725245.17,false
Uganda,UGA,2012,27305915907.99,false
Uganda,UGA,2013,28915786520.39,false
Uganda,UGA,2014,32612397253.24,false
Uganda,UGA,2015,32387183733.02,false
Uganda,UGA,2016,29203988697.46,false
Uganda,UGA,2017,30744473839.74,false
Uganda,UGA,2018,32927025621.38,false
Uganda,UGA,2019,35348155092.29,false
Uganda,UGA,2020,37605430214.35,false
Uganda,UGA,2021,40510241365.90,false
Uganda,UGA,2022,45559202048.73,false
Ukraine,UKR,1987,64087694038.23,false
Ukraine,UKR,1988,74703517902.66,false
Ukraine,UKR,1989,82709161099.12,false
Ukraine,UKR,1990,81393558423.44,false
Ukraine,UKR,1991,77350733982.45,false
Ukraine,UKR,1992,73945908383.70,false
Ukraine,UKR,1993,65648559903.06,false
Ukraine,UKR,1994,52549553403.03,false
Ukraine,UKR,1995,48213867647.45,false
Ukraine,UKR,1996,44558841762.37,false
Ukraine,UKR,1997,50151522612.01,false
Ukraine,UKR,1998,41882529044.55,false
Ukraine,UKR,1999,31580642102.44,false
Ukraine,UKR,2000,32375081951.14,false
Ukraine,UKR,2001,39309580983.23,false
Ukraine,UKR,2002,43956163612.04,false
Ukraine,UKR,2003,52010352502.01,false
Ukraine,UKR,2004,67220154164.32,false
Ukraine,UKR,2005,89238865118.53,false
Ukraine,UKR,2006,111884752475.25,false
Ukraine,UKR,2007,148733861386.14,false
Ukraine,UKR,2008,188110375778.93,false
Ukraine,UKR,2009,121552148243.75,false
Ukraine,UKR,2010,141209163012.94,false
Ukraine,UKR,2011,169333838743.70,false
Ukraine,UKR,2012,182591746211.42,false
Ukraine,UKR,2013,190498811460.03,false
Ukraine,UKR,2014,133503867181.97,false
Ukraine,UKR,2015,91030968761.42,false
Ukraine,UKR,2016,93355868977.66,false
Ukraine,UKR,2017,112090503817.40,false
Ukraine,UKR,2018,130891086689.52,false
Ukraine,UKR,2019,153883045524.93,false
Ukraine,UKR,2020,156617719786.25,false
Ukraine,UKR,2021,199765856764.50,false
Ukraine,UKR,2022,160502739236.10,false
Upper middle income,UMC,1960,229313536534.49,true
Upper middle income,UMC,1961,217557259638.35,true
Upper middle income,UMC,1962,223123039214.32,true
Upper middle income,UMC,1963,234129505241.68,true
Upper middle income,UMC,1964,268661015368.31,true
Upper middle income,UMC,1965,300143481292.06,true
Upper middle income,UMC,1966,331542693710.85,true
Upper middle income,UMC,1967,333642404111.71,true
Upper middle income,UMC,1968,350115035911.56,true
Upper middle income,UMC,1969,392809511713.55,true
Upper middle income,UMC,1970,430722632315.81,true
Upper middle income,UMC,1971,467247859712.14,true
Upper middle income,UMC,1972,531816361499.83,true
Upper middle income,UMC,1973,694386737370.91,true
Upper middle income,UMC,1974,868560009321.69,true
Upper middle income,UMC,1975,959658335595.19,true
Upper middle income,UMC,1976,1018860419509.77,true
Upper middle income,UMC,1977,1133358764185.83,true
Upper middle income,UMC,1978,1262847704203.51,true
Upper middle income,UMC,1979,1461209943939.29,true
Upper middle income,UMC,1980,1716330585868.34,true
Upper middle income,UMC,1981,1864136131757.00,true
Upper middle income,UMC,1982,1791984785032.27,true
Upper middle income,UMC,1983,1695520751625.61,true
Upper middle income,UMC,1984,1802314273336.50,true
Upper middle income,UMC,1985,1834108045681.45,true
Upper middle income,UMC,1986,1857700185343.29,true
Upper middle income,UMC,1987,1989957753559.59,true
Upper middle income,UMC,1988,2185346524589.52,true
Upper middle income,UMC,1989,2333154208117.54,true
Upper middle income,UMC,1990,2756767439045.53,true
Upper middle income,UMC,1991,2677432849078.89,true
Upper middle income,UMC,1992,2794814023931.18,true
Upper middle income,UMC,1993,3068883874615.94,true
Upper middle income,UMC,1994,3345607407893.09,true
Upper middle income,UMC,1995,3744627507199.11,true
Upper middle income,UMC,1996,4082479563769.84,true
Upper middle income,UMC,1997,4345555737600.82,true
Upper middle income,UMC,1998,4166274273158.31,true
Upper middle income,UMC,1999,3987442722574.91,true
Upper middle income,UMC,2000,4418290422685.49,true
Upper middle income,UMC,2001,4434160160761.07,true
Upper middle income,UMC,2002,4499020434440.66,true
Upper middle income,UMC,2003,5052354848145.16,true
Upper middle income,UMC,2004,6029942150777.52,true
Upper middle income,UMC,2005,7222694384206.55,true
Upper middle income,UMC,2006,8602214788409.79,true
Upper middle income,UMC,2007,10635743057387.10,true
Upper middle income,UMC,2008,12953100695356.90,true
Upper middle income,UMC,2009,12520122233352.00,true
Upper middle income,UMC,2010,15356267754831.70,true
Upper middle income,UMC,2011,18538276005119.80,true
Upper middle income,UMC,2012,19829689458382.60,true
Upper middle income,UMC,2013,21215649863990.10,true
Upper middle income,UMC,2014,21825453186268.70,true
Upper middle income,UMC,2015,20518584369299.00,true
Upper middle income,UMC,2016,20476321992810.50,true
Upper middle income,UMC,2017,22654892975159.00,true
Upper middle income,UMC,2018,24340482542310.20,true
Upper middle income,UMC,2019,24792971685094.90,true
Upper middle income,UMC,2020,23928189369748.50,true
Upper middle income,UMC,2021,28475143446764.00,true
Upper middle income,UMC,2022,30055338614864.10,true
Uruguay,URY,1960,1242289239.20,false
Uruguay,URY,1961,1547388781.43,false
Uruguay,URY,1962,1710004407.23,false
Uruguay,URY,1963,1539681490.78,false
Uruguay,URY,1964,1975701816.47,false
Uruguay,URY,1965,1890767155.53,false
Uruguay,URY,1966,1809185093.55,false
Uruguay,URY,1967,1597713469.10,false
Uruguay,URY,1968,1593674184.56,false
Uruguay,URY,1969,2004435483.87,false
Uruguay,URY,1970,2137096774.19,false
Uruguay,URY,1971,2807258064.52,false
Uruguay,URY,1972,2189418688.80,false
Uruguay,URY,1973,3964296443.35,false
Uruguay,URY,1974,4090209681.97,false
Uruguay,URY,1975,3538278046.96,false
Uruguay,URY,1976,3667161241.48,false
Uruguay,URY,1977,4114670014.35,false
Uruguay,URY,1978,4910254565.58,false
Uruguay,URY,1979,7181182224.11,false
Uruguay,URY,1980,10163020115.73,false
Uruguay,URY,1981,11048301420.63,false
Uruguay,URY,1982,9178780077.00,false
Uruguay,URY,1983,5102276308.45,false
Uruguay,URY,1984,4850238549.62,false
Uruguay,URY,1985,4732025669.96,false
Uruguay,URY,1986,5880106316.83,false
Uruguay,URY,1987,7367504969.96,false
Uruguay,URY,1988,8213526913.66,false
Uruguay,URY,1989,8438946947.60,false
Uruguay,URY,1990,9298806525.10,false
Uruguay,URY,1991,11206174799.56,false
Uruguay,URY,1992,12878150209.90,false
Uruguay,URY,1993,15002138240.04,false
Uruguay,URY,1994,17474590050.72,false
Uruguay,URY,1995,19297663096.55,false
Uruguay,URY,1996,20515457255.75,false
Uruguay,URY,1997,23969738387.67,false
Uruguay,URY,1998,25385887785.59,false
Uruguay,URY,1999,23983945190.62,false
Uruguay,URY,2000,22823271520.87,false
Uruguay,URY,2001,20898762265.27,false
Uruguay,URY,2002,13606515935.95,false
Uruguay,URY,2003,12045638209.51,false
Uruguay,URY,2004,13686329890.12,false
Uruguay,URY,2005,17362857683.85,false
Uruguay,URY,2006,19741420466.54,false
Uruguay,URY,2007,23797773024.40,false
Uruguay,URY,2008,31119603033.99,false
Uruguay,URY,2009,32708318594.41,false
Uruguay,URY,2010,41950361211.96,false
Uruguay,URY,2011,50342405198.25,false
Uruguay,URY,2012,54232266358.78,false
Uruguay,URY,2013,61337620935.53,false
Uruguay,URY,2014,61496186973.90,false
Uruguay,URY,2015,57680328702.24,false
Uruguay,URY,2016,57480788380.31,false
Uruguay,URY,2017,65006047680.32,false
Uruguay,URY,2018,65203071110.60,false
Uruguay,URY,2019,62048585618.50,false
Uruguay,URY,2020,53666908479.56,false
Uruguay,URY,2021,61412268248.95,false
Uruguay,URY,2022,71177146197.50,false
United States,USA,1960,543300000000.00,false
United States,USA,1961,563300000000.00,false
United States,USA,1962,605100000000.00,false
United States,USA,1963,638600000000.00,false
United States,USA,1964,685800000000.00,false
United States,USA,1965,743700000000.00,false
United States,USA,1966,815000000000.00,false
United States,USA,1967,861700000000.00,false
United States,USA,1968,942500000000.00,false
United States,USA,1969,1019900000000.00,false
United States,USA,1970,1073303000000.00,false
United States,USA,1971,1164850000000.00,false
United States,USA,1972,1279110000000.00,false
United States,USA,1973,1425376000000.00,false
United States,USA,1974,1545243000000.00,false
United States,USA,1975,1684904000000.00,false
United States,USA,1976,1873412000000.00,false
United States,USA,1977,2081826000000.00,false
United States,USA,1978,2351599000000.00,false
United States,USA,1979,2627333000000.00,false
United States,USA,1980,2857307000000.00,false
United States,USA,1981,3207041000000.00,false
United States,USA,1982,3343789000000.00,false
United States,USA,1983,3634038000000.00,false
United States,USA,1984,4037613000000.00,false
United States,USA,1985,4338979000000.00,false
United States,USA,1986,4579631000000.00,false
United States,USA,1987,4855215000000.00,false
United States,USA,1988,5236438000000.00,false
United States,USA,1989,5641580000000.00,false
United States,USA,1990,5963144000000.00,false
United States,USA,1991,6158129000000.00,false
United States,USA,1992,6520327000000.00,false
United States,USA,1993,6858559000000.00,false
United States,USA,1994,7287236000000.00,false
United States,USA,1995,7639749000000.00,false
United States,USA,1996,8073122000000.00,false
United States,USA,1997,8577554457000.00,false
United States,USA,1998,9062818202000.00,false
United States,USA,1999,9631174489000.00,false
United States,USA,2000,10250947997000.00,false
United States,USA,2001,10581929774000.00,false
United States,USA,2002,10929112955000.00,false
United States,USA,2003,11456442041000.00,false
United States,USA,2004,12217193198000.00,false
United States,USA,2005,13039199193000.00,false
United States,USA,2006,13815586948000.00,false
United States,USA,2007,14474226905000.00,false
United States,USA,2008,14769857911000.00,false
United States,USA,2009,14478064934000.00,false
United States,USA,2010,15048964444000.00,false
United States,USA,2011,15599728123000.00,false
United States,USA,2012,16253972230000.00,false
United States,USA,2013,16843190993000.00,false
United States,USA,2014,17550680174000.00,false
United States,USA,2015,18206020741000.00,false
United States,USA,2016,18695110842000.00,false
United States,USA,2017,19477336549000.00,false
United States,USA,2018,20533057312000.00,false
United States,USA,2019,21380976119000.00,false
United States,USA,2020,21060473613000.00,false
United States,USA,2021,23315080560000.00,false
United States,USA,2022,25462700000000.00,false
Uzbekistan,UZB,1990,13360607990.68,false
Uzbekistan,UZB,1991,13677622222.22,false
Uzbekistan,UZB,1992,12941297376.09,false
Uzbekistan,UZB,1993,13099013835.51,false
Uzbekistan,UZB,1994,12899156990.62,false
Uzbekistan,UZB,1995,13350468917.41,false
Uzbekistan,UZB,1996,13948892215.57,false
Uzbekistan,UZB,1997,14744603773.58,false
Uzbekistan,UZB,1998,14988971210.84,false
Uzbekistan,UZB,1999,17078465982.03,false
Uzbekistan,UZB,2000,13760513969.31,false
Uzbekistan,UZB,2001,11401421329.20,false
Uzbekistan,UZB,2002,9687788512.80,false
Uzbekistan,UZB,2003,10134453435.46,false
Uzbekistan,UZB,2004,12030023547.88,false
Uzbekistan,UZB,2005,14307509838.81,false
Uzbekistan,UZB,2006,17330833852.92,false
Uzbekistan,UZB,2007,22311393927.88,false
Uzbekistan,UZB,2008,29549438883.83,false
Uzbekistan,UZB,2009,33689223673.26,false
Uzbekistan,UZB,2010,49765676402.45,false
Uzbekistan,UZB,2011,60178909297.21,false
Uzbekistan,UZB,2012,67517349212.06,false
Uzbekistan,UZB,2013,73180037913.03,false
Uzbekistan,UZB,2014,80845385816.21,false
Uzbekistan,UZB,2015,86196264741.94,false
Uzbekistan,UZB,2016,86138288633.22,false
Uzbekistan,UZB,2017,62081322741.12,false
Uzbekistan,UZB,2018,52870108217.56,false
Uzbekistan,UZB,2019,60283503705.39,false
Uzbekistan,UZB,2020,60224701295.80,false
Uzbekistan,UZB,2021,69600614988.60,false
Uzbekistan,UZB,2022,80391853884.76,false
St. Vincent and the Grenadines,VCT,1960,13066633.99,false
St. Vincent and the Grenadines,VCT,1961,13999964.99,false
St. Vincent and the Grenadines,VCT,1962,14524963.68,false
St. Vincent and the Grenadines,VCT,1963,13708299.06,false
St. Vincent and the Grenadines,VCT,1964,14758296.43,false
St. Vincent and the Grenadines,VCT,1965,15108295.56,false
St. Vincent and the Grenadines,VCT,1966,16099959.74,false
St. Vincent and the Grenadines,VCT,1967,15835103.03,false
St. Vincent and the Grenadines,VCT,1968,15349999.99,false
St. Vincent and the Grenadines,VCT,1969,16649999.99,false
St. Vincent and the Grenadines,VCT,1970,18449999.99,false
St. Vincent and the Grenadines,VCT,1971,20051925.03,false
St. Vincent and the Grenadines,VCT,1972,27585802.72,false
St. Vincent and the Grenadines,VCT,1973,30165077.45,false
St. Vincent and the Grenadines,VCT,1974,32923696.18,false
St. Vincent and the Grenadines,VCT,1975,33237228.56,false
St. Vincent and the Grenadines,VCT,1976,32792846.78,false
St. Vincent and the Grenadines,VCT,1977,49353161.85,false
St. Vincent and the Grenadines,VCT,1978,60844771.48,false
St. Vincent and the Grenadines,VCT,1979,71096359.63,false
St. Vincent and the Grenadines,VCT,1980,82340339.63,false
St. Vincent and the Grenadines,VCT,1981,102086539.26,false
St. Vincent and the Grenadines,VCT,1982,113759203.33,false
St. Vincent and the Grenadines,VCT,1983,122255349.63,false
St. Vincent and the Grenadines,VCT,1984,135024987.78,false
St. Vincent and the Grenadines,VCT,1985,145641705.19,false
St. Vincent and the Grenadines,VCT,1986,160846656.67,false
St. Vincent and the Grenadines,VCT,1987,175580647.41,false
St. Vincent and the Grenadines,VCT,1988,200726712.59,false
St. Vincent and the Grenadines,VCT,1989,214745002.22,false
St. Vincent and the Grenadines,VCT,1990,240366666.67,false
St. Vincent and the Grenadines,VCT,1991,254829629.63,false
St. Vincent and the Grenadines,VCT,1992,277955555.56,false
St. Vincent and the Grenadines,VCT,1993,286307407.41,false
St. Vincent and the Grenadines,VCT,1994,289437037.04,false
St. Vincent and the Grenadines,VCT,1995,316007407.41,false
St. Vincent and the Grenadines,VCT,1996,331488888.89,false
St. Vincent and the Grenadines,VCT,1997,347770370.37,false
St. Vincent and the Grenadines,VCT,1998,373618518.52,false
St. Vincent and the Grenadines,VCT,1999,390718518.52,false
St. Vincent and the Grenadines,VCT,2000,427946037.04,false
St. Vincent and the Grenadines,VCT,2001,462072333.33,false
St. Vincent and the Grenadines,VCT,2002,487763851.85,false
St. Vincent and the Grenadines,VCT,2003,509090888.89,false
St. Vincent and the Grenadines,VCT,2004,549900185.19,false
St. Vincent and the Grenadines,VCT,2005,579948925.93,false
St. Vincent and the Grenadines,VCT,2006,643501148.15,false
St. Vincent and the Grenadines,VCT,2007,713596666.67,false
St. Vincent and the Grenadines,VCT,2008,732663259.26,false
St. Vincent and the Grenadines,VCT,2009,714300259.26,false
St. Vincent and the Grenadines,VCT,2010,720447888.89,false
St. Vincent and the Grenadines,VCT,2011,713796370.37,false
St. Vincent and the Grenadines,VCT,2012,730032592.59,false
St. Vincent and the Grenadines,VCT,2013,764781259.26,false
St. Vincent and the Grenadines,VCT,2014,770901436.44,false
St. Vincent and the Grenadines,VCT,2015,786554580.80,false
St. Vincent and the Grenadines,VCT,2016,814302267.07,false
St. Vincent and the Grenadines,VCT,2017,844039068.76,false
St. Vincent and the Grenadines,VCT,2018,884328180.53,false
St. Vincent and the Grenadines,VCT,2019,910765709.77,false
St. Vincent and the Grenadines,VCT,2020,869111852.75,false
St. Vincent and the Grenadines,VCT,2021,872226063.71,false
St. Vincent and the Grenadines,VCT,2022,948558503.13,false
"Venezuela, RB",VEN,1960,7663938303.07,false
"Venezuela, RB",VEN,1961,8067267030.62,false
"Venezuela, RB",VEN,1962,8814309884.21,false
"Venezuela, RB",VEN,1963,9608717288.17,false
"Venezuela, RB",VEN,1964,8192413793.10,false
"Venezuela, RB",VEN,1965,8427777777.78,false
"Venezuela, RB",VEN,1966,8781333333.33,false
"Venezuela, RB",VEN,1967,9250000000.00,false
"Venezuela, RB",VEN,1968,10034444444.44,false
"Venezuela, RB",VEN,1969,10285111111.11,false
"Venezuela, RB",VEN,1970,11561111111.11,false
"Venezuela, RB",VEN,1971,12986590909.09,false
"Venezuela, RB",VEN,1972,13977727272.73,false
"Venezuela, RB",VEN,1973,17035581395.35,false
"Venezuela, RB",VEN,1974,26100930232.56,false
"Venezuela, RB",VEN,1975,27464651162.79,false
"Venezuela, RB",VEN,1976,31419534883.72,false
"Venezuela, RB",VEN,1977,36210697674.42,false
"Venezuela, RB",VEN,1978,39316279069.77,false
"Venezuela, RB",VEN,1979,48310930232.56,false
"Venezuela, RB",VEN,1980,59116511627.91,false
"Venezuela, RB",VEN,1981,66327441860.47,false
"Venezuela, RB",VEN,1982,67736744186.05,false
"Venezuela, RB",VEN,1983,67556279069.77,false
"Venezuela, RB",VEN,1984,59867743467.93,false
"Venezuela, RB",VEN,1985,61965466666.67,false
"Venezuela, RB",VEN,1986,60516123711.34,false
"Venezuela, RB",VEN,1987,48029034482.76,false
"Venezuela, RB",VEN,1988,60226413793.10,false
"Venezuela, RB",VEN,1989,43536709104.01,false
"Venezuela, RB",VEN,1990,48606952194.78,false
"Venezuela, RB",VEN,1991,53453444786.63,false
"Venezuela, RB",VEN,1992,60416519619.79,false
"Venezuela, RB",VEN,1993,60037460783.41,false
"Venezuela, RB",VEN,1994,58418666666.67,false
"Venezuela, RB",VEN,1995,77389487771.55,false
"Venezuela, RB",VEN,1996,70543211119.10,false
"Venezuela, RB",VEN,1997,85837678559.25,false
"Venezuela, RB",VEN,1998,91336763255.62,false
"Venezuela, RB",VEN,1999,97972842461.51,false
"Venezuela, RB",VEN,2000,117146466003.24,false
"Venezuela, RB",VEN,2001,122911036746.16,false
"Venezuela, RB",VEN,2002,92893587733.65,false
"Venezuela, RB",VEN,2003,83620628582.11,false
"Venezuela, RB",VEN,2004,112451400422.98,false
"Venezuela, RB",VEN,2005,145513489651.87,false
"Venezuela, RB",VEN,2006,183477522123.89,false
"Venezuela, RB",VEN,2007,230364012575.69,false
"Venezuela, RB",VEN,2008,315953388510.68,false
"Venezuela, RB",VEN,2009,329787628928.47,false
"Venezuela, RB",VEN,2010,393192354510.65,false
"Venezuela, RB",VEN,2011,316482190800.36,false
"Venezuela, RB",VEN,2012,381286237847.67,false
"Venezuela, RB",VEN,2013,371005379786.57,false
"Venezuela, RB",VEN,2014,482359318767.70,false
Virgin Islands (U.S.),VIR,2002,3262000000.00,false
Virgin Islands (U.S.),VIR,2003,3443000000.00,false
Virgin Islands (U.S.),VIR,2004,3797000000.00,false
Virgin Islands (U.S.),VIR,2005,4428000000.00,false
Virgin Islands (U.S.),VIR,2006,4484000000.00,false
Virgin Islands (U.S.),VIR,2007,4784000000.00,false
Virgin Islands (U.S.),VIR,2008,4244000000.00,false
Virgin Islands (U.S.),VIR,2009,4201000000.00,false
Virgin Islands (U.S.),VIR,2010,4324000000.00,false
Virgin Islands (U.S.),VIR,2011,4223000000.00,false
Virgin Islands (U.S.),VIR,2012,4089000000.00,false
Virgin Islands (U.S.),VIR,2013,3738000000.00,false
Virgin Islands (U.S.),VIR,2014,3565000000.00,false
Virgin Islands (U.S.),VIR,2015,3663000000.00,false
Virgin Islands (U.S.),VIR,2016,3798000000.00,false
Virgin Islands (U.S.),VIR,2017,3794000000.00,false
Virgin Islands (U.S.),VIR,2018,3922000000.00,false
Virgin Islands (U.S.),VIR,2019,4117000000.00,false
Virgin Islands (U.S.),VIR,2020,4204000000.00,false
Viet Nam,VNM,1985,14094687820.74,false
Viet Nam,VNM,1986,26336616250.44,false
Viet Nam,VNM,1987,36658108850.31,false
Viet Nam,VNM,1988,25423812648.59,false
Viet Nam,VNM,1989,6293304974.59,false
Viet Nam,VNM,1990,6471740805.57,false
Viet Nam,VNM,1991,9613369520.42,false
Viet Nam,VNM,1992,9866990236.44,false
Viet Nam,VNM,1993,13180953598.17,false
Viet Nam,VNM,1994,16286433533.32,false
Viet Nam,VNM,1995,20736164458.95,false
Viet Nam,VNM,1996,24657470574.75,false
Viet Nam,VNM,1997,26843700441.55,false
Viet Nam,VNM,1998,27209602050.05,false
Viet Nam,VNM,1999,28683659006.78,false
Viet Nam,VNM,2000,31172518403.32,false
Viet Nam,VNM,2001,32685198809.29,false
Viet Nam,VNM,2002,35064105500.83,false
Viet Nam,VNM,2003,39552513231.07,false
Viet Nam,VNM,2004,45427854693.26,false
Viet Nam,VNM,2005,57633255739.41,false
Viet Nam,VNM,2006,66371664817.04,false
Viet Nam,VNM,2007,77414425532.25,false
Viet Nam,VNM,2008,99130304099.13,false
Viet Nam,VNM,2009,106014659563.14,false
Viet Nam,VNM,2010,147201164066.17,false
Viet Nam,VNM,2011,172595034069.16,false
Viet Nam,VNM,2012,195590647205.68,false
Viet Nam,VNM,2013,213708830776.95,false
Viet Nam,VNM,2014,233451484773.97,false
Viet Nam,VNM,2015,239258340825.53,false
Viet Nam,VNM,2016,257096001174.08,false
Viet Nam,VNM,2017,281353626107.24,false
Viet Nam,VNM,2018,310106472642.97,false
Viet Nam,VNM,2019,334365257920.29,false
Viet Nam,VNM,2020,346615750166.55,false
Viet Nam,VNM,2021,366137590717.80,false
Viet Nam,VNM,2022,408802379068.23,false
Vanuatu,VUT,1979,119258835.34,false
Vanuatu,VUT,1980,121185497.57,false
Vanuatu,VUT,1981,113781795.82,false
Vanuatu,VUT,1982,114501912.52,false
Vanuatu,VUT,1983,117389554.19,false
Vanuatu,VUT,1984,144482515.37,false
Vanuatu,VUT,1985,131856420.70,false
Vanuatu,VUT,1986,126498935.34,false
Vanuatu,VUT,1987,139464173.55,false
Vanuatu,VUT,1988,158351368.43,false
Vanuatu,VUT,1989,154013202.12,false
Vanuatu,VUT,1990,168879207.24,false
Vanuatu,VUT,1991,201334169.05,false
Vanuatu,VUT,1992,209088824.61,false
Vanuatu,VUT,1993,200491853.17,false
Vanuatu,VUT,1994,233701301.49,false
Vanuatu,VUT,1995,249333250.08,false
Vanuatu,VUT,1996,261370044.49,false
Vanuatu,VUT,1997,272771209.11,false
Vanuatu,VUT,1998,262293410.71,false
Vanuatu,VUT,1999,268006972.69,false
Vanuatu,VUT,2000,272014627.18,false
Vanuatu,VUT,2001,257926881.72,false
Vanuatu,VUT,2002,262596534.92,false
Vanuatu,VUT,2003,314471413.86,false
Vanuatu,VUT,2004,364996869.13,false
Vanuatu,VUT,2005,394962431.82,false
Vanuatu,VUT,2006,439358585.21,false
Vanuatu,VUT,2007,516392922.51,false
Vanuatu,VUT,2008,590748431.35,false
Vanuatu,VUT,2009,592622317.30,false
Vanuatu,VUT,2010,670712977.37,false
Vanuatu,VUT,2011,770153591.09,false
Vanuatu,VUT,2012,747839697.75,false
Vanuatu,VUT,2013,758304466.25,false
Vanuatu,VUT,2014,772315986.47,false
Vanuatu,VUT,2015,730870805.20,false
Vanuatu,VUT,2016,780889605.90,false
Vanuatu,VUT,2017,880061830.97,false
Vanuatu,VUT,2018,914736985.43,false
Vanuatu,VUT,2019,936526267.62,false
Vanuatu,VUT,2020,909421043.51,false
Vanuatu,VUT,2021,971636097.85,false
Vanuatu,VUT,2022,983582864.56,false
World,WLD,1960,1384857385930.82,true
World,WLD,1961,1449220624663.54,true
World,WLD,1962,1550815493822.99,true
World,WLD,1963,1671446748430.40,true
World,WLD,1964,1830491675385.55,true
World,WLD,1965,1994103484703.31,true
World,WLD,1966,2164118096871.42,true
World,WLD,1967,2302576793880.14,true
World,WLD,1968,2484674455063.36,true
World,WLD,1969,2740499243838.15,true
World,WLD,1970,2997270495500.10,true
World,WLD,1971,3310475491926.64,true
World,WLD,1972,3816822738898.91,true
World,WLD,1973,4657445187869.57,true
World,WLD,1974,5366817636381.24,true
World,WLD,1975,5977972780215.23,true
World,WLD,1976,6498746015379.64,true
World,WLD,1977,7349730997168.28,true
World,WLD,1978,8690496944982.17,true
World,WLD,1979,10053770929850.00,true
World,WLD,1980,11337132638434.10,true
World,WLD,1981,11728414403391.60,true
World,WLD,1982,11610171959211.80,true
World,WLD,1983,11840481044980.50,true
World,WLD,1984,12311633033275.50,true
World,WLD,1985,12897178603739.50,true
World,WLD,1986,15252515336773.90,true
World,WLD,1987,17372959408471.90,true
World,WLD,1988,19394022898347.00,true
World,WLD,1989,20266663642625.50,true
World,WLD,1990,22861712031487.90,true
World,WLD,1991,23834453957464.70,true
World,WLD,1992,25484024569814.20,true
World,WLD,1993,25905901713517.00,true
World,WLD,1994,27899567789057.40,true
World,WLD,1995,31051499245623.40,true
World,WLD,1996,31745724938568.60,true
World,WLD,1997,31629694547537.60,true
World,WLD,1998,31552853706969.60,true
World,WLD,1999,32752012211615.90,true
World,WLD,2000,33845583188359.90,true
World,WLD,2001,33631012546213.10,true
World,WLD,2002,34925116624464.40,true
World,WLD,2003,39161645364740.60,true
World,WLD,2004,44133615904574.90,true
World,WLD,2005,47793587715631.10,true
World,WLD,2006,51791096256796.50,true
World,WLD,2007,58361096784020.20,true
World,WLD,2008,64135192896903.20,true
World,WLD,2009,60817919586141.30,true
World,WLD,2010,66619781549531.80,true
World,WLD,2011,73881739609759.50,true
World,WLD,2012,75525948524603.41,true
World,WLD,2013,77635152493358.30,true
World,WLD,2014,79756517210011.00,true
World,WLD,2015,75215062596594.91,true
World,WLD,2016,76486454870400.41,true
World,WLD,2017,81442048665487.80,true
World,WLD,2018,86502223934428.30,true
World,WLD,2019,87728102156402.91,true
World,WLD,2020,85215150558552.09,true
World,WLD,2021,96882397612409.20,true
World,WLD,2022,100562011134034.00,true
Samoa,WSM,1982,121221651.62,false
Samoa,WSM,1983,111862823.57,false
Samoa,WSM,1984,109200934.33,false
Samoa,WSM,1985,95572172.98,false
Samoa,WSM,1986,100947848.64,false
Samoa,WSM,1987,111713922.14,false
Samoa,WSM,1988,133016065.42,false
Samoa,WSM,1989,122888609.72,false
Samoa,WSM,1990,125766269.76,false
Samoa,WSM,1991,125597205.42,false
Samoa,WSM,1992,132303041.36,false
Samoa,WSM,1993,133122897.20,false
Samoa,WSM,1994,221098106.51,false
Samoa,WSM,1995,224865731.38,false
Samoa,WSM,1996,249907893.82,false
Samoa,WSM,1997,285475620.93,false
Samoa,WSM,1998,269485284.96,false
Samoa,WSM,1999,255408053.17,false
Samoa,WSM,2000,258856139.80,false
Samoa,WSM,2001,266299591.48,false
Samoa,WSM,2002,281790139.03,false
Samoa,WSM,2003,333426144.54,false
Samoa,WSM,2004,407747521.12,false
Samoa,WSM,2005,476801793.16,false
Samoa,WSM,2006,499923757.78,false
Samoa,WSM,2007,573548459.83,false
Samoa,WSM,2008,641346191.66,false
Samoa,WSM,2009,628006115.42,false
Samoa,WSM,2010,680260919.88,false
Samoa,WSM,2011,744096948.49,false
Samoa,WSM,2012,773141695.15,false
Samoa,WSM,2013,797736265.92,false
Samoa,WSM,2014,796683672.75,false
Samoa,WSM,2015,824150487.21,false
Samoa,WSM,2016,843924750.67,false
Samoa,WSM,2017,884844419.78,false
Samoa,WSM,2018,878448439.45,false
Samoa,WSM,2019,912950619.37,false
Samoa,WSM,2020,868898350.36,false
Samoa,WSM,2021,843850777.82,false
Samoa,WSM,2022,832421565.37,false
Kosovo,XKX,2008,5181776768.71,false
Kosovo,XKX,2009,5015894692.97,false
Kosovo,XKX,2010,5343950626.17,false
Kosovo,XKX,2011,6341614504.59,false
Kosovo,XKX,2012,6163483291.08,false
Kosovo,XKX,2013,6735327512.05,false
Kosovo,XKX,2014,7074392884.05,false
Kosovo,XKX,2015,6295845465.36,false
Kosovo,XKX,2016,6682674062.96,false
Kosovo,XKX,2017,7180768692.26,false
Kosovo,XKX,2018,7878762812.20,false
Kosovo,XKX,2019,7899741278.94,false
Kosovo,XKX,2020,7717143395.26,false
Kosovo,XKX,2021,9412034299.23,false
Kosovo,XKX,2022,9429156201.96,false
"Yemen, Rep.",YEM,1990,5647119229.01,false
"Yemen, Rep.",YEM,1991,5930370370.37,false
"Yemen, Rep.",YEM,1992,6463649985.02,false
"Yemen, Rep.",YEM,1993,5368270614.85,false
"Yemen, Rep.",YEM,1994,4167356037.15,false
"Yemen, Rep.",YEM,1995,4258788725.45,false
"Yemen, Rep.",YEM,1996,5785685310.87,false
"Yemen, Rep.",YEM,1997,6838557384.40,false
"Yemen, Rep.",YEM,1998,6325141675.87,false
"Yemen, Rep.",YEM,1999,7641102523.15,false
"Yemen, Rep.",YEM,2000,9652436179.65,false
"Yemen, Rep.",YEM,2001,9861560094.74,false
"Yemen, Rep.",YEM,2002,10694628091.67,false
"Yemen, Rep.",YEM,2003,11777966673.39,false
"Yemen, Rep.",YEM,2004,13872791658.55,false
"Yemen, Rep.",YEM,2005,16746347681.01,false
"Yemen, Rep.",YEM,2006,19061978586.13,false
"Yemen, Rep.",YEM,2007,21650532264.23,false
"Yemen, Rep.",YEM,2008,26910855852.19,false
"Yemen, Rep.",YEM,2009,25130278253.85,false
"Yemen, Rep.",YEM,2010,30906749533.22,false
"Yemen, Rep.",YEM,2011,32726417878.39,false
"Yemen, Rep.",YEM,2012,35401323349.88,false
"Yemen, Rep.",YEM,2013,40415233436.18,false
"Yemen, Rep.",YEM,2014,43228585321.33,false
"Yemen, Rep.",YEM,2015,42444489460.94,false
"Yemen, Rep.",YEM,2016,31317824906.44,false
"Yemen, Rep.",YEM,2017,26842231204.80,false
"Yemen, Rep.",YEM,2018,21606161066.21,false
South Africa,ZAF,1960,8748596504.06,false
South Africa,ZAF,1961,9225996313.29,false
South Africa,ZAF,1962,9813996078.33,false
South Africa,ZAF,1963,10854195662.66,false
South Africa,ZAF,1964,11955995222.38,false
South Africa,ZAF,1965,13068994777.63,false
South Africa,ZAF,1966,14211394321.13,false
South Africa,ZAF,1967,15821393677.77,false
South Africa,ZAF,1968,17124793156.93,false
South Africa,ZAF,1969,19256992304.91,false
South Africa,ZAF,1970,21218391521.13,false
South Africa,ZAF,1971,23411079377.32,false
South Africa,ZAF,1972,24515911652.31,false
South Africa,ZAF,1973,33262767309.81,false
South Africa,ZAF,1974,41389185877.12,false
South Africa,ZAF,1975,42906919870.35,false
South Africa,ZAF,1976,41150449964.22,false
South Africa,ZAF,1977,45328399960.58,false
South Africa,ZAF,1978,51607399955.12,false
South Africa,ZAF,1979,63038687890.35,false
South Africa,ZAF,1980,89411894563.73,false
South Africa,ZAF,1981,93141478239.10,false
South Africa,ZAF,1982,85904070614.93,false
South Africa,ZAF,1983,96204110963.16,false
South Africa,ZAF,1984,84870134616.18,false
South Africa,ZAF,1985,64459376103.56,false
South Africa,ZAF,1986,73354782108.05,false
South Africa,ZAF,1987,96535747613.82,false
South Africa,ZAF,1988,103976854738.41,false
South Africa,ZAF,1989,108055603481.56,false
South Africa,ZAF,1990,126048148261.47,false
South Africa,ZAF,1991,135203698237.98,false
South Africa,ZAF,1992,146956142398.78,false
South Africa,ZAF,1993,147194766334.42,false
South Africa,ZAF,1994,153512697970.74,false
South Africa,ZAF,1995,171735933897.33,false
South Africa,ZAF,1996,163234919052.67,false
South Africa,ZAF,1997,168978069551.36,false
South Africa,ZAF,1998,152982979945.10,false
South Africa,ZAF,1999,151516952945.15,false
South Africa,ZAF,2000,151752749926.33,false
South Africa,ZAF,2001,135429908544.34,false
South Africa,ZAF,2002,129087560694.62,false
South Africa,ZAF,2003,197018960967.97,false
South Africa,ZAF,2004,255806928394.81,false
South Africa,ZAF,2005,288867202055.14,false
South Africa,ZAF,2006,303858667884.84,false
South Africa,ZAF,2007,333077117253.68,false
South Africa,ZAF,2008,316131245860.68,false
South Africa,ZAF,2009,329754054488.86,false
South Africa,ZAF,2010,417363825016.29,false
South Africa,ZAF,2011,458199486480.58,false
South Africa,ZAF,2012,434400545085.81,false
South Africa,ZAF,2013,400886013595.57,false
South Africa,ZAF,2014,381198869776.11,false
South Africa,ZAF,2015,346709790458.56,false
South Africa,ZAF,2016,323585509674.48,false
South Africa,ZAF,2017,381448814653.46,false
South Africa,ZAF,2018,404158882459.02,false
South Africa,ZAF,2019,388531226582.35,false
South Africa,ZAF,2020,337619569570.51,false
South Africa,ZAF,2021,419015636064.71,false
South Africa,ZAF,2022,405869718462.34,false
Zambia,ZMB,1960,713000000.00,false
Zambia,ZMB,1961,696285714.29,false
Zambia,ZMB,1962,693142857.14,false
Zambia,ZMB,1963,718714285.71,false
Zambia,ZMB,1964,839428571.43,false
Zambia,ZMB,1965,1082857142.86,false
Zambia,ZMB,1966,1264285714.29,false
Zambia,ZMB,1967,1368000000.00,false
Zambia,ZMB,1968,1605857142.86,false
Zambia,ZMB,1969,1965714285.71,false
Zambia,ZMB,1970,1825285714.29,false
Zambia,ZMB,1971,1687000000.00,false
Zambia,ZMB,1972,1872416680.08,false
Zambia,ZMB,1973,2434255237.00,false
Zambia,ZMB,1974,2910981262.10,false
Zambia,ZMB,1975,2442672140.95,false
Zambia,ZMB,1976,2742859262.98,false
Zambia,ZMB,1977,2515296939.61,false
Zambia,ZMB,1978,2811032472.94,false
Zambia,ZMB,1979,3353445378.15,false
Zambia,ZMB,1980,3884530853.76,false
Zambia,ZMB,1981,4008126497.36,false
Zambia,ZMB,1982,3871117092.87,false
Zambia,ZMB,1983,3321048451.15,false
Zambia,ZMB,1984,2719518933.00,false
Zambia,ZMB,1985,2252454500.15,false
Zambia,ZMB,1986,1664413508.10,false
Zambia,ZMB,1987,2265250972.35,false
Zambia,ZMB,1988,3728878148.81,false
Zambia,ZMB,1989,3994673161.03,false
Zambia,ZMB,1990,3285217391.30,false
Zambia,ZMB,1991,3376806697.12,false
Zambia,ZMB,1992,3181921787.71,false
Zambia,ZMB,1993,3273507753.88,false
Zambia,ZMB,1994,3656808232.64,false
Zambia,ZMB,1995,3806982678.89,false
Zambia,ZMB,1996,3597220962.00,false
Zambia,ZMB,1997,4303290116.57,false
Zambia,ZMB,1998,3537741625.24,false
Zambia,ZMB,1999,3404284652.94,false
Zambia,ZMB,2000,3600631918.51,false
Zambia,ZMB,2001,4094441301.21,false
Zambia,ZMB,2002,4193850445.43,false
Zambia,ZMB,2003,4901869715.90,false
Zambia,ZMB,2004,6221109716.40,false
Zambia,ZMB,2005,8331870169.15,false
Zambia,ZMB,2006,12756858899.28,false
Zambia,ZMB,2007,14056957976.26,false
Zambia,ZMB,2008,17910858637.90,false
Zambia,ZMB,2009,15328342303.96,false
Zambia,ZMB,2010,20265559483.85,false
Zambia,ZMB,2011,23459515275.58,false
Zambia,ZMB,2012,25503060420.03,false
Zambia,ZMB,2013,28037239462.71,false
Zambia,ZMB,2014,27141023558.08,false
Zambia,ZMB,2015,21251216798.78,false
Zambia,ZMB,2016,20958412538.31,false
Zambia,ZMB,2017,25873601260.84,false
Zambia,ZMB,2018,26311506435.06,false
Zambia,ZMB,2019,23308667781.23,false
Zambia,ZMB,2020,18110638619.37,false
Zambia,ZMB,2021,22147649568.61,false
Zambia,ZMB,2022,29784454055.94,false
Zimbabwe,ZWE,1960,1052990400.00,false
Zimbabwe,ZWE,1961,1096646600.00,false
Zimbabwe,ZWE,1962,1117601600.00,false
Zimbabwe,ZWE,1963,1159511700.00,false
Zimbabwe,ZWE,1964,1217138000.00,false
Zimbabwe,ZWE,1965,1311435800.00,false
Zimbabwe,ZWE,1966,1281749500.00,false
Zimbabwe,ZWE,1967,1397002000.00,false
Zimbabwe,ZWE,1968,1479599900.00,false
Zimbabwe,ZWE,1969,1747998800.00,false
Zimbabwe,ZWE,1970,1884206300.00,false
Zimbabwe,ZWE,1971,2178716300.00,false
Zimbabwe,ZWE,1972,2677729400.00,false
Zimbabwe,ZWE,1973,3309353600.00,false
Zimbabwe,ZWE,1974,3982161400.00,false
Zimbabwe,ZWE,1975,4371300700.00,false
Zimbabwe,ZWE,1976,4318372000.00,false
Zimbabwe,ZWE,1977,4364382100.00,false
Zimbabwe,ZWE,1978,4351600500.00,false
Zimbabwe,ZWE,1979,5177459400.00,false
Zimbabwe,ZWE,1980,6678868200.00,false
Zimbabwe,ZWE,1981,8011373800.00,false
Zimbabwe,ZWE,1982,8539700700.00,false
Zimbabwe,ZWE,1983,7764067000.00,false
Zimbabwe,ZWE,1984,6352125900.00,false
Zimbabwe,ZWE,1985,5637259300.00,false
Zimbabwe,ZWE,1986,6217523700.00,false
Zimbabwe,ZWE,1987,6741215100.00,false
Zimbabwe,ZWE,1988,7814784100.00,false
Zimbabwe,ZWE,1989,8286322700.00,false
Zimbabwe,ZWE,1990,8783816700.00,false
Zimbabwe,ZWE,1991,8641481700.00,false
Zimbabwe,ZWE,1992,6751472200.00,false
Zimbabwe,ZWE,1993,6563813300.00,false
Zimbabwe,ZWE,1994,6890675000.00,false
Zimbabwe,ZWE,1995,7111270700.00,false
Zimbabwe,ZWE,1996,8553146600.00,false
Zimbabwe,ZWE,1997,8529571600.00,false
Zimbabwe,ZWE,1998,6401968200.00,false
Zimbabwe,ZWE,1999,6858013100.00,false
Zimbabwe,ZWE,2000,6689957600.00,false
Zimbabwe,ZWE,2001,6777384700.00,false
Zimbabwe,ZWE,2002,6342116400.00,false
Zimbabwe,ZWE,2003,5727591800.00,false
Zimbabwe,ZWE,2004,5805598400.00,false
Zimbabwe,ZWE,2005,5755215200.00,false
Zimbabwe,ZWE,2006,5443896500.00,false
Zimbabwe,ZWE,2007,5291950100.00,false
Zimbabwe,ZWE,2008,4415702800.00,false
Zimbabwe,ZWE,2009,9665793300.00,false
Zimbabwe,ZWE,2010,12041655200.00,false
Zimbabwe,ZWE,2011,14101920300.00,false
Zimbabwe,ZWE,2012,17114849900.00,false
Zimbabwe,ZWE,2013,19091020000.00,false
Zimbabwe,ZWE,2014,19495519600.00,false
Zimbabwe,ZWE,2015,19963120600.00,false
Zimbabwe,ZWE,2016,20548678100.00,false
Zimbabwe,ZWE,2017,17584890936.65,false
Zimbabwe,ZWE,2018,34156069918.06,false
Zimbabwe,ZWE,2019,21832234925.50,false
Zimbabwe,ZWE,2020,21509698406.11,false
Zimbabwe,ZWE,2021,28371238665.51,false
Zimbabwe,ZWE,2022,20678055597.73,false
