Country Name,Country Code,Series Code,Year,GDP
Aruba,ABW,NY.GDP.MKTP.KD,1986,967924669.426005
Aruba,ABW,NY.GDP.MKTP.KD,1987,1123551773.16707
Aruba,ABW,NY.GDP.MKTP.KD,1988,1333078995.9507
Aruba,ABW,NY.GDP.MKTP.KD,1989,1494779352.50098
Aruba,ABW,NY.GDP.MKTP.KD,1990,1553993567.53506
Aruba,ABW,NY.GDP.MKTP.KD,1991,1677736082.04648
Aruba,ABW,NY.GDP.MKTP.KD,1992,1776426456.79667
Aruba,ABW,NY.GDP.MKTP.KD,1993,1906242252.98798
Aruba,ABW,NY.GDP.MKTP.KD,1994,2062628485.83087
Aruba,ABW,NY.GDP.MKTP.KD,1995,2115166597.09495
Aruba,ABW,NY.GDP.MKTP.KD,1996,2140247999.59914
Aruba,ABW,NY.GDP.MKTP.KD,1997,2291068600.65849
Aruba,ABW,NY.GDP.MKTP.KD,1998,2336706330.90095
Aruba,ABW,NY.GDP.MKTP.KD,1999,2365635733.00384
Aruba,ABW,NY.GDP.MKTP.KD,2000,2545966267.78226
Aruba,ABW,NY.GDP.MKTP.KD,2001,2652438618.61234
Aruba,ABW,NY.GDP.MKTP.KD,2002,2627374307.5502
Aruba,ABW,NY.GDP.MKTP.KD,2003,2656551420.08012
Aruba,ABW,NY.GDP.MKTP.KD,2004,2850313056.72604
Aruba,ABW,NY.GDP.MKTP.KD,2005,2839392433.63397
Aruba,ABW,NY.GDP.MKTP.KD,2006,2871404069.44201
Aruba,ABW,NY.GDP.MKTP.KD,2007,2960117372.63583
Aruba,ABW,NY.GDP.MKTP.KD,2008,3014457880.39871
Aruba,ABW,NY.GDP.MKTP.KD,2009,2662437285.4367
Aruba,ABW,NY.GDP.MKTP.KD,2010,2589660712.61171
Aruba,ABW,NY.GDP.MKTP.KD,2011,2676912524.28603
Aruba,ABW,NY.GDP.MKTP.KD,2012,2649051221.82866
Aruba,ABW,NY.GDP.MKTP.KD,2013,2819423912.92302
Aruba,ABW,NY.GDP.MKTP.KD,2014,2859631703.57391
Aruba,ABW,NY.GDP.MKTP.KD,2015,2962906703.91061
Aruba,ABW,NY.GDP.MKTP.KD,2016,2999478909.44476
Aruba,ABW,NY.GDP.MKTP.KD,2017,3104263601.09893
Aruba,ABW,NY.GDP.MKTP.KD,2018,3203987172.7481
Aruba,ABW,NY.GDP.MKTP.KD,2019,3243368791.69297
Aruba,ABW,NY.GDP.MKTP.KD,2020,2466904380.69
Aruba,ABW,NY.GDP.MKTP.KD,2021,2832837377.86958
Aruba,ABW,NY.GDP.MKTP.KD,2022,3133343655.36878
Aruba,ABW,NY.GDP.MKTP.KD,2023,3431523924.65298
Aruba,ABW,NY.GDP.MKTP.KD,2024,3665237356.33639
Africa Eastern and Southern,AFE,NY.GDP.MKTP.KD,1960,154305147879.483
Africa Eastern and Southern,AFE,NY.GDP.MKTP.KD,1961,154951076200.567
Africa Eastern and Southern,AFE,NY.GDP.MKTP.KD,1962,167249681779.316
Africa Eastern and Southern,AFE,NY.GDP.MKTP.KD,1963,176656334265.69
Africa Eastern and Southern,AFE,NY.GDP.MKTP.KD,1964,184871470772.949
Africa Eastern and Southern,AFE,NY.GDP.MKTP.KD,1965,194370450192.529
Africa Eastern and Southern,AFE,NY.GDP.MKTP.KD,1966,203753815221.304
Africa Eastern and Southern,AFE,NY.GDP.MKTP.KD,1967,214631830668.565
Africa Eastern and Southern,AFE,NY.GDP.MKTP.KD,1968,223552997186.881
Africa Eastern and Southern,AFE,NY.GDP.MKTP.KD,1969,235001946030.78
Africa Eastern and Southern,AFE,NY.GDP.MKTP.KD,1970,237615970026.247
Africa Eastern and Southern,AFE,NY.GDP.MKTP.KD,1971,250643212371.397
Africa Eastern and Southern,AFE,NY.GDP.MKTP.KD,1972,257570362585.723
Africa Eastern and Southern,AFE,NY.GDP.MKTP.KD,1973,269472828294.159
Africa Eastern and Southern,AFE,NY.GDP.MKTP.KD,1974,284219648106.144
Africa Eastern and Southern,AFE,NY.GDP.MKTP.KD,1975,288126802029.171
Africa Eastern and Southern,AFE,NY.GDP.MKTP.KD,1976,294893971866.124
Africa Eastern and Southern,AFE,NY.GDP.MKTP.KD,1977,298167519460.302
Africa Eastern and Southern,AFE,NY.GDP.MKTP.KD,1978,302581740510.117
Africa Eastern and Southern,AFE,NY.GDP.MKTP.KD,1979,311439869941.689
Africa Eastern and Southern,AFE,NY.GDP.MKTP.KD,1980,328421157711.414
Africa Eastern and Southern,AFE,NY.GDP.MKTP.KD,1981,341323351628.666
Africa Eastern and Southern,AFE,NY.GDP.MKTP.KD,1982,342377130045.501
Africa Eastern and Southern,AFE,NY.GDP.MKTP.KD,1983,342593887446.628
Africa Eastern and Southern,AFE,NY.GDP.MKTP.KD,1984,354262631781.422
Africa Eastern and Southern,AFE,NY.GDP.MKTP.KD,1985,353957018357.914
Africa Eastern and Southern,AFE,NY.GDP.MKTP.KD,1986,361994952077.806
Africa Eastern and Southern,AFE,NY.GDP.MKTP.KD,1987,376252507130.125
Africa Eastern and Southern,AFE,NY.GDP.MKTP.KD,1988,392379846000.569
Africa Eastern and Southern,AFE,NY.GDP.MKTP.KD,1989,402841164298.095
Africa Eastern and Southern,AFE,NY.GDP.MKTP.KD,1990,403329601596.887
Africa Eastern and Southern,AFE,NY.GDP.MKTP.KD,1991,402901735021.257
Africa Eastern and Southern,AFE,NY.GDP.MKTP.KD,1992,393248220517.701
Africa Eastern and Southern,AFE,NY.GDP.MKTP.KD,1993,389948875251.46
Africa Eastern and Southern,AFE,NY.GDP.MKTP.KD,1994,397443536782.507
Africa Eastern and Southern,AFE,NY.GDP.MKTP.KD,1995,414747938205.659
Africa Eastern and Southern,AFE,NY.GDP.MKTP.KD,1996,437554497336.446
Africa Eastern and Southern,AFE,NY.GDP.MKTP.KD,1997,454428117758.243
Africa Eastern and Southern,AFE,NY.GDP.MKTP.KD,1998,462493023138.114
Africa Eastern and Southern,AFE,NY.GDP.MKTP.KD,1999,474675656820.177
Africa Eastern and Southern,AFE,NY.GDP.MKTP.KD,2000,489774839579.489
Africa Eastern and Southern,AFE,NY.GDP.MKTP.KD,2001,506933350116.767
Africa Eastern and Southern,AFE,NY.GDP.MKTP.KD,2002,526789156387.883
Africa Eastern and Southern,AFE,NY.GDP.MKTP.KD,2003,542641656787.667
Africa Eastern and Southern,AFE,NY.GDP.MKTP.KD,2004,573217790338.928
Africa Eastern and Southern,AFE,NY.GDP.MKTP.KD,2005,608606705623.434
Africa Eastern and Southern,AFE,NY.GDP.MKTP.KD,2006,649002734406.452
Africa Eastern and Southern,AFE,NY.GDP.MKTP.KD,2007,692501255768.634
Africa Eastern and Southern,AFE,NY.GDP.MKTP.KD,2008,723243701061.761
Africa Eastern and Southern,AFE,NY.GDP.MKTP.KD,2009,729889709678.908
Africa Eastern and Southern,AFE,NY.GDP.MKTP.KD,2010,768830878585.468
Africa Eastern and Southern,AFE,NY.GDP.MKTP.KD,2011,797979105937.12
Africa Eastern and Southern,AFE,NY.GDP.MKTP.KD,2012,812982148861.25
Africa Eastern and Southern,AFE,NY.GDP.MKTP.KD,2013,850655742324.312
Africa Eastern and Southern,AFE,NY.GDP.MKTP.KD,2014,883970498430.359
Africa Eastern and Southern,AFE,NY.GDP.MKTP.KD,2015,909905339457.167
Africa Eastern and Southern,AFE,NY.GDP.MKTP.KD,2016,930764924653.388
Africa Eastern and Southern,AFE,NY.GDP.MKTP.KD,2017,955698838744.12
Africa Eastern and Southern,AFE,NY.GDP.MKTP.KD,2018,981562031627.013
Africa Eastern and Southern,AFE,NY.GDP.MKTP.KD,2019,1000561073932.47
Africa Eastern and Southern,AFE,NY.GDP.MKTP.KD,2020,971236989040.354
Africa Eastern and Southern,AFE,NY.GDP.MKTP.KD,2021,1014482704419.61
Africa Eastern and Southern,AFE,NY.GDP.MKTP.KD,2022,1051694225642.19
Africa Eastern and Southern,AFE,NY.GDP.MKTP.KD,2023,1072111623592.75
Africa Eastern and Southern,AFE,NY.GDP.MKTP.KD,2024,1102001360919.78
Africa Eastern and Southern,AFE,NY.GDP.MKTP.KD,2025,1143249446768.12
Afghanistan,AFG,NY.GDP.MKTP.KD,2000,6206547590.07403
Afghanistan,AFG,NY.GDP.MKTP.KD,2001,5621147630.73068
Afghanistan,AFG,NY.GDP.MKTP.KD,2002,7228795918.92525
Afghanistan,AFG,NY.GDP.MKTP.KD,2003,7867263256.28817
Afghanistan,AFG,NY.GDP.MKTP.KD,2004,7978515641.58304
Afghanistan,AFG,NY.GDP.MKTP.KD,2005,8874480195.58321
Afghanistan,AFG,NY.GDP.MKTP.KD,2006,9349921885.77888
Afghanistan,AFG,NY.GDP.MKTP.KD,2007,10642671963.1135
Afghanistan,AFG,NY.GDP.MKTP.KD,2008,11060395115.6809
Afghanistan,AFG,NY.GDP.MKTP.KD,2009,13426272073.2398
Afghanistan,AFG,NY.GDP.MKTP.KD,2010,15354612541.5059
Afghanistan,AFG,NY.GDP.MKTP.KD,2011,15420077665.5323
Afghanistan,AFG,NY.GDP.MKTP.KD,2012,17386490239.3536
Afghanistan,AFG,NY.GDP.MKTP.KD,2013,18360263162.7578
Afghanistan,AFG,NY.GDP.MKTP.KD,2014,18860496494.0404
Afghanistan,AFG,NY.GDP.MKTP.KD,2015,19134221644.7325
Afghanistan,AFG,NY.GDP.MKTP.KD,2016,19566715174.1633
Afghanistan,AFG,NY.GDP.MKTP.KD,2017,20084646751.4954
Afghanistan,AFG,NY.GDP.MKTP.KD,2018,20323499020.3639
Afghanistan,AFG,NY.GDP.MKTP.KD,2019,21118473702.3471
Afghanistan,AFG,NY.GDP.MKTP.KD,2020,20621957125.2077
Afghanistan,AFG,NY.GDP.MKTP.KD,2021,16345202562.5485
Afghanistan,AFG,NY.GDP.MKTP.KD,2022,15325233810.1388
Afghanistan,AFG,NY.GDP.MKTP.KD,2023,15672648238.1005
Afghanistan,AFG,NY.GDP.MKTP.KD,2024,15966227156.538
Africa Western and Central,AFW,NY.GDP.MKTP.KD,1960,110365745470.193
Africa Western and Central,AFW,NY.GDP.MKTP.KD,1961,112429135898.678
Africa Western and Central,AFW,NY.GDP.MKTP.KD,1962,116618263318.401
Africa Western and Central,AFW,NY.GDP.MKTP.KD,1963,124826056712.771
Africa Western and Central,AFW,NY.GDP.MKTP.KD,1964,131522450398.234
Africa Western and Central,AFW,NY.GDP.MKTP.KD,1965,136922314987.168
Africa Western and Central,AFW,NY.GDP.MKTP.KD,1966,134850736285.192
Africa Western and Central,AFW,NY.GDP.MKTP.KD,1967,122759581851.839
Africa Western and Central,AFW,NY.GDP.MKTP.KD,1968,124692544543.257
Africa Western and Central,AFW,NY.GDP.MKTP.KD,1969,143417030186.76
Africa Western and Central,AFW,NY.GDP.MKTP.KD,1970,168241315205.985
Africa Western and Central,AFW,NY.GDP.MKTP.KD,1971,185750385460.306
Africa Western and Central,AFW,NY.GDP.MKTP.KD,1972,191633584374.918
Africa Western and Central,AFW,NY.GDP.MKTP.KD,1973,199149225452.946
Africa Western and Central,AFW,NY.GDP.MKTP.KD,1974,218896783237.463
Africa Western and Central,AFW,NY.GDP.MKTP.KD,1975,214488398821.095
Africa Western and Central,AFW,NY.GDP.MKTP.KD,1976,232552880017.676
Africa Western and Central,AFW,NY.GDP.MKTP.KD,1977,243159872520.707
Africa Western and Central,AFW,NY.GDP.MKTP.KD,1978,238502695160.062
Africa Western and Central,AFW,NY.GDP.MKTP.KD,1979,250501369031.577
Africa Western and Central,AFW,NY.GDP.MKTP.KD,1980,255182088308.919
Africa Western and Central,AFW,NY.GDP.MKTP.KD,1981,238236575766.817
Africa Western and Central,AFW,NY.GDP.MKTP.KD,1982,230444780408.294
Africa Western and Central,AFW,NY.GDP.MKTP.KD,1983,215951352727.224
Africa Western and Central,AFW,NY.GDP.MKTP.KD,1984,216995920740.691
Africa Western and Central,AFW,NY.GDP.MKTP.KD,1985,228539883078.537
Africa Western and Central,AFW,NY.GDP.MKTP.KD,1986,231434027799.624
Africa Western and Central,AFW,NY.GDP.MKTP.KD,1987,234698694034.025
Africa Western and Central,AFW,NY.GDP.MKTP.KD,1988,245873388994.139
Africa Western and Central,AFW,NY.GDP.MKTP.KD,1989,250111041736.179
Africa Western and Central,AFW,NY.GDP.MKTP.KD,1990,264118859239.114
Africa Western and Central,AFW,NY.GDP.MKTP.KD,1991,267072069350.346
Africa Western and Central,AFW,NY.GDP.MKTP.KD,1992,273185770322.5
Africa Western and Central,AFW,NY.GDP.MKTP.KD,1993,269565068912.566
Africa Western and Central,AFW,NY.GDP.MKTP.KD,1994,268948105291.085
Africa Western and Central,AFW,NY.GDP.MKTP.KD,1995,273928643456.074
Africa Western and Central,AFW,NY.GDP.MKTP.KD,1996,286589236203.22
Africa Western and Central,AFW,NY.GDP.MKTP.KD,1997,299163526124.645
Africa Western and Central,AFW,NY.GDP.MKTP.KD,1998,309980005629.656
Africa Western and Central,AFW,NY.GDP.MKTP.KD,1999,314685670206.216
Africa Western and Central,AFW,NY.GDP.MKTP.KD,2000,326681308271.75
Africa Western and Central,AFW,NY.GDP.MKTP.KD,2001,343827259045.611
Africa Western and Central,AFW,NY.GDP.MKTP.KD,2002,378014334343.861
Africa Western and Central,AFW,NY.GDP.MKTP.KD,2003,399282895865.352
Africa Western and Central,AFW,NY.GDP.MKTP.KD,2004,431510602302.785
Africa Western and Central,AFW,NY.GDP.MKTP.KD,2005,456527409674.039
Africa Western and Central,AFW,NY.GDP.MKTP.KD,2006,480666156445.854
Africa Western and Central,AFW,NY.GDP.MKTP.KD,2007,506849675483.645
Africa Western and Central,AFW,NY.GDP.MKTP.KD,2008,538328363237.086
Africa Western and Central,AFW,NY.GDP.MKTP.KD,2009,571387408829.944
Africa Western and Central,AFW,NY.GDP.MKTP.KD,2010,611388224267.602
Africa Western and Central,AFW,NY.GDP.MKTP.KD,2011,641480947279.533
Africa Western and Central,AFW,NY.GDP.MKTP.KD,2012,674386929443.408
Africa Western and Central,AFW,NY.GDP.MKTP.KD,2013,715164775061.073
Africa Western and Central,AFW,NY.GDP.MKTP.KD,2014,755868545379.953
Africa Western and Central,AFW,NY.GDP.MKTP.KD,2015,778037497377.313
Africa Western and Central,AFW,NY.GDP.MKTP.KD,2016,779408179407.793
Africa Western and Central,AFW,NY.GDP.MKTP.KD,2017,797356083809.555
Africa Western and Central,AFW,NY.GDP.MKTP.KD,2018,820479044942.052
Africa Western and Central,AFW,NY.GDP.MKTP.KD,2019,847416540470.494
Africa Western and Central,AFW,NY.GDP.MKTP.KD,2020,815902870911.023
Africa Western and Central,AFW,NY.GDP.MKTP.KD,2021,836671456137.296
Africa Western and Central,AFW,NY.GDP.MKTP.KD,2022,874130137799.265
Africa Western and Central,AFW,NY.GDP.MKTP.KD,2023,905988605069.203
Africa Western and Central,AFW,NY.GDP.MKTP.KD,2024,947629502494.46
Africa Western and Central,AFW,NY.GDP.MKTP.KD,2025,991221406822.122
Angola,AGO,NY.GDP.MKTP.KD,1980,25920531977.0214
Angola,AGO,NY.GDP.MKTP.KD,1981,24780028254.1518
Angola,AGO,NY.GDP.MKTP.KD,1982,24780028254.1518
Angola,AGO,NY.GDP.MKTP.KD,1983,25820789794.8182
Angola,AGO,NY.GDP.MKTP.KD,1984,27370037741.5508
Angola,AGO,NY.GDP.MKTP.KD,1985,28327988922.9414
Angola,AGO,NY.GDP.MKTP.KD,1986,29149501095.313
Angola,AGO,NY.GDP.MKTP.KD,1987,30339601953.4225
Angola,AGO,NY.GDP.MKTP.KD,1988,32199082928.503
Angola,AGO,NY.GDP.MKTP.KD,1989,32212484657.516
Angola,AGO,NY.GDP.MKTP.KD,1990,31101122147.9405
Angola,AGO,NY.GDP.MKTP.KD,1991,31409446015.0835
Angola,AGO,NY.GDP.MKTP.KD,1992,29575674380.5177
Angola,AGO,NY.GDP.MKTP.KD,1993,22482416932.2805
Angola,AGO,NY.GDP.MKTP.KD,1994,22783538204.3008
Angola,AGO,NY.GDP.MKTP.KD,1995,26201068941.4005
Angola,AGO,NY.GDP.MKTP.KD,1996,29749838598.7982
Angola,AGO,NY.GDP.MKTP.KD,1997,31913924370.8939
Angola,AGO,NY.GDP.MKTP.KD,1998,33411053301.7686
Angola,AGO,NY.GDP.MKTP.KD,1999,34139911993.9942
Angola,AGO,NY.GDP.MKTP.KD,2000,35182758019.4097
Angola,AGO,NY.GDP.MKTP.KD,2001,36662544314.0008
Angola,AGO,NY.GDP.MKTP.KD,2002,41672733511.8362
Angola,AGO,NY.GDP.MKTP.KD,2003,43125991915.4198
Angola,AGO,NY.GDP.MKTP.KD,2004,48050921277.9409
Angola,AGO,NY.GDP.MKTP.KD,2005,54852422288.0609
Angola,AGO,NY.GDP.MKTP.KD,2006,61347946235.8253
Angola,AGO,NY.GDP.MKTP.KD,2007,69324828859.5048
Angola,AGO,NY.GDP.MKTP.KD,2008,76802645840.6279
Angola,AGO,NY.GDP.MKTP.KD,2009,78335311067.9143
Angola,AGO,NY.GDP.MKTP.KD,2010,82482120582.995
Angola,AGO,NY.GDP.MKTP.KD,2011,85446420442.044
Angola,AGO,NY.GDP.MKTP.KD,2012,92712034533.4741
Angola,AGO,NY.GDP.MKTP.KD,2013,97239220009.3318
Angola,AGO,NY.GDP.MKTP.KD,2014,101766409287.935
Angola,AGO,NY.GDP.MKTP.KD,2015,102543067840.819
Angola,AGO,NY.GDP.MKTP.KD,2016,102304063580.932
Angola,AGO,NY.GDP.MKTP.KD,2017,102135580392.604
Angola,AGO,NY.GDP.MKTP.KD,2018,101618061915.596
Angola,AGO,NY.GDP.MKTP.KD,2019,100545753428.833
Angola,AGO,NY.GDP.MKTP.KD,2020,95243481886.3369
Angola,AGO,NY.GDP.MKTP.KD,2021,96282191774.5762
Angola,AGO,NY.GDP.MKTP.KD,2022,99707423108.6562
Angola,AGO,NY.GDP.MKTP.KD,2023,101023726479.201
Angola,AGO,NY.GDP.MKTP.KD,2024,106027106965.762
Angola,AGO,NY.GDP.MKTP.KD,2025,109349503922.107
Albania,ALB,NY.GDP.MKTP.KD,1980,4872357833.48621
Albania,ALB,NY.GDP.MKTP.KD,1981,5152305744.73323
Albania,ALB,NY.GDP.MKTP.KD,1982,5304226467.10994
Albania,ALB,NY.GDP.MKTP.KD,1983,5362834894.84554
Albania,ALB,NY.GDP.MKTP.KD,1984,5295713833.27528
Albania,ALB,NY.GDP.MKTP.KD,1985,5390011641.7466
Albania,ALB,NY.GDP.MKTP.KD,1986,5693859705.34246
Albania,ALB,NY.GDP.MKTP.KD,1987,5649001049.87206
Albania,ALB,NY.GDP.MKTP.KD,1988,5568782994.815
Albania,ALB,NY.GDP.MKTP.KD,1989,6116559061.23727
Albania,ALB,NY.GDP.MKTP.KD,1990,5530859374.75169
Albania,ALB,NY.GDP.MKTP.KD,1991,3982100297.96084
Albania,ALB,NY.GDP.MKTP.KD,1992,3695902333.01319
Albania,ALB,NY.GDP.MKTP.KD,1993,4049208851.98817
Albania,ALB,NY.GDP.MKTP.KD,1994,4385409261.20229
Albania,ALB,NY.GDP.MKTP.KD,1995,4969648100.72759
Albania,ALB,NY.GDP.MKTP.KD,1996,5334237832.94103
Albania,ALB,NY.GDP.MKTP.KD,1997,4709514660.14116
Albania,ALB,NY.GDP.MKTP.KD,1998,5100876515.377
Albania,ALB,NY.GDP.MKTP.KD,1999,5725771032.93267
Albania,ALB,NY.GDP.MKTP.KD,2000,6153077235.62289
Albania,ALB,NY.GDP.MKTP.KD,2001,6698469429.12028
Albania,ALB,NY.GDP.MKTP.KD,2002,7008501111.79519
Albania,ALB,NY.GDP.MKTP.KD,2003,7382282996.75923
Albania,ALB,NY.GDP.MKTP.KD,2004,7771053341.65332
Albania,ALB,NY.GDP.MKTP.KD,2005,8169772250.74253
Albania,ALB,NY.GDP.MKTP.KD,2006,8661509309.89701
Albania,ALB,NY.GDP.MKTP.KD,2007,9224515436.60112
Albania,ALB,NY.GDP.MKTP.KD,2008,9861658465.33864
Albania,ALB,NY.GDP.MKTP.KD,2009,10127011190.7491
Albania,ALB,NY.GDP.MKTP.KD,2010,10428102872.2706
Albania,ALB,NY.GDP.MKTP.KD,2011,10685000942.5337
Albania,ALB,NY.GDP.MKTP.KD,2012,10790155229.5092
Albania,ALB,NY.GDP.MKTP.KD,2013,10974367815.094
Albania,ALB,NY.GDP.MKTP.KD,2014,11220218560.8998
Albania,ALB,NY.GDP.MKTP.KD,2015,11470171826.9575
Albania,ALB,NY.GDP.MKTP.KD,2016,11918533446.9749
Albania,ALB,NY.GDP.MKTP.KD,2017,12309839868.7084
Albania,ALB,NY.GDP.MKTP.KD,2018,12761785703.1071
Albania,ALB,NY.GDP.MKTP.KD,2019,13025007474.8895
Albania,ALB,NY.GDP.MKTP.KD,2020,12593390460.142
Albania,ALB,NY.GDP.MKTP.KD,2021,13722964212.462
Albania,ALB,NY.GDP.MKTP.KD,2022,14385344334.623
Albania,ALB,NY.GDP.MKTP.KD,2023,14962975920.9066
Albania,ALB,NY.GDP.MKTP.KD,2024,15568367220.7999
Albania,ALB,NY.GDP.MKTP.KD,2025,16158243058.8297
Andorra,AND,NY.GDP.MKTP.KD,1970,859121720.677023
Andorra,AND,NY.GDP.MKTP.KD,1971,899066287.442032
Andorra,AND,NY.GDP.MKTP.KD,1972,972337884.010709
Andorra,AND,NY.GDP.MKTP.KD,1973,1048068101.62075
Andorra,AND,NY.GDP.MKTP.KD,1974,1106956843.40263
Andorra,AND,NY.GDP.MKTP.KD,1975,1112958826.16902
Andorra,AND,NY.GDP.MKTP.KD,1976,1149728615.77638
Andorra,AND,NY.GDP.MKTP.KD,1977,1182364531.3744
Andorra,AND,NY.GDP.MKTP.KD,1978,1199662526.47625
Andorra,AND,NY.GDP.MKTP.KD,1979,1200161072.91193
Andorra,AND,NY.GDP.MKTP.KD,1980,1226669361.91159
Andorra,AND,NY.GDP.MKTP.KD,1981,1225044337.89951
Andorra,AND,NY.GDP.MKTP.KD,1982,1240314039.4968
Andorra,AND,NY.GDP.MKTP.KD,1983,1262269064.92566
Andorra,AND,NY.GDP.MKTP.KD,1984,1284796612.69585
Andorra,AND,NY.GDP.MKTP.KD,1985,1314622305.68634
Andorra,AND,NY.GDP.MKTP.KD,1986,1357391200.11924
Andorra,AND,NY.GDP.MKTP.KD,1987,1432687348.19433
Andorra,AND,NY.GDP.MKTP.KD,1988,1505673115.05845
Andorra,AND,NY.GDP.MKTP.KD,1989,1578352472.35328
Andorra,AND,NY.GDP.MKTP.KD,1990,1638036096.2221
Andorra,AND,NY.GDP.MKTP.KD,1991,1679740553.06772
Andorra,AND,NY.GDP.MKTP.KD,1992,1695348938.12452
Andorra,AND,NY.GDP.MKTP.KD,1993,1677861678.47175
Andorra,AND,NY.GDP.MKTP.KD,1994,1717848180.14263
Andorra,AND,NY.GDP.MKTP.KD,1995,1765217871.42347
Andorra,AND,NY.GDP.MKTP.KD,1996,1847295889.3575
Andorra,AND,NY.GDP.MKTP.KD,1997,2014802622.42419
Andorra,AND,NY.GDP.MKTP.KD,1998,2079171403.48522
Andorra,AND,NY.GDP.MKTP.KD,1999,2164398280.23315
Andorra,AND,NY.GDP.MKTP.KD,2000,2240766094.49987
Andorra,AND,NY.GDP.MKTP.KD,2001,2422701909.41887
Andorra,AND,NY.GDP.MKTP.KD,2002,2532846713.57798
Andorra,AND,NY.GDP.MKTP.KD,2003,2753057566.67362
Andorra,AND,NY.GDP.MKTP.KD,2004,2977037419.70729
Andorra,AND,NY.GDP.MKTP.KD,2005,3137731826.02032
Andorra,AND,NY.GDP.MKTP.KD,2006,3288615581.7484
Andorra,AND,NY.GDP.MKTP.KD,2007,3339693968.96825
Andorra,AND,NY.GDP.MKTP.KD,2008,3154034157.09556
Andorra,AND,NY.GDP.MKTP.KD,2009,2986780565.81575
Andorra,AND,NY.GDP.MKTP.KD,2010,2927792904.09907
Andorra,AND,NY.GDP.MKTP.KD,2011,2927556638.43132
Andorra,AND,NY.GDP.MKTP.KD,2012,2781926981.12431
Andorra,AND,NY.GDP.MKTP.KD,2013,2683235436.47838
Andorra,AND,NY.GDP.MKTP.KD,2014,2750436142.83613
Andorra,AND,NY.GDP.MKTP.KD,2015,2789881258.60547
Andorra,AND,NY.GDP.MKTP.KD,2016,2893376871.82913
Andorra,AND,NY.GDP.MKTP.KD,2017,2903390035.8436
Andorra,AND,NY.GDP.MKTP.KD,2018,2949518094.78664
Andorra,AND,NY.GDP.MKTP.KD,2019,3008967037.09274
Andorra,AND,NY.GDP.MKTP.KD,2020,2672445970.98414
Andorra,AND,NY.GDP.MKTP.KD,2021,2893905656.89506
Andorra,AND,NY.GDP.MKTP.KD,2022,3170696512.04547
Andorra,AND,NY.GDP.MKTP.KD,2023,3252613194.28066
Andorra,AND,NY.GDP.MKTP.KD,2024,3377811496.69972
Andorra,AND,NY.GDP.MKTP.KD,2025,3508466410.96936
Arab World,ARB,NY.GDP.MKTP.KD,1966,257754537863.242
Arab World,ARB,NY.GDP.MKTP.KD,1967,275246616630.622
Arab World,ARB,NY.GDP.MKTP.KD,1968,304919969048.024
Arab World,ARB,NY.GDP.MKTP.KD,1969,327650708086.541
Arab World,ARB,NY.GDP.MKTP.KD,1970,402817736104.685
Arab World,ARB,NY.GDP.MKTP.KD,1971,432966910415.846
Arab World,ARB,NY.GDP.MKTP.KD,1972,493319004158.438
Arab World,ARB,NY.GDP.MKTP.KD,1973,558888518169.604
Arab World,ARB,NY.GDP.MKTP.KD,1974,617646725511.936
Arab World,ARB,NY.GDP.MKTP.KD,1975,617406023924.53
Arab World,ARB,NY.GDP.MKTP.KD,1976,705761231168.553
Arab World,ARB,NY.GDP.MKTP.KD,1977,752265105045.676
Arab World,ARB,NY.GDP.MKTP.KD,1978,774488956906.384
Arab World,ARB,NY.GDP.MKTP.KD,1979,856954522097.943
Arab World,ARB,NY.GDP.MKTP.KD,1980,910763833347.987
Arab World,ARB,NY.GDP.MKTP.KD,1981,918649264929.83
Arab World,ARB,NY.GDP.MKTP.KD,1982,863772312510.136
Arab World,ARB,NY.GDP.MKTP.KD,1983,831292925645.847
Arab World,ARB,NY.GDP.MKTP.KD,1984,841645378319.456
Arab World,ARB,NY.GDP.MKTP.KD,1985,834519949493.471
Arab World,ARB,NY.GDP.MKTP.KD,1986,828086138084.752
Arab World,ARB,NY.GDP.MKTP.KD,1987,830190249986.46
Arab World,ARB,NY.GDP.MKTP.KD,1988,857413830460.606
Arab World,ARB,NY.GDP.MKTP.KD,1989,889938076622.062
Arab World,ARB,NY.GDP.MKTP.KD,1990,959639429334.876
Arab World,ARB,NY.GDP.MKTP.KD,1991,952981017338.167
Arab World,ARB,NY.GDP.MKTP.KD,1992,1015651907464.57
Arab World,ARB,NY.GDP.MKTP.KD,1993,1048718228145.68
Arab World,ARB,NY.GDP.MKTP.KD,1994,1083907612570.11
Arab World,ARB,NY.GDP.MKTP.KD,1995,1114268868515.05
Arab World,ARB,NY.GDP.MKTP.KD,1996,1167920827657.54
Arab World,ARB,NY.GDP.MKTP.KD,1997,1231763017347.56
Arab World,ARB,NY.GDP.MKTP.KD,1998,1290523949179.56
Arab World,ARB,NY.GDP.MKTP.KD,1999,1326380717880.33
Arab World,ARB,NY.GDP.MKTP.KD,2000,1410422739425.07
Arab World,ARB,NY.GDP.MKTP.KD,2001,1440660496172.62
Arab World,ARB,NY.GDP.MKTP.KD,2002,1459294917437.01
Arab World,ARB,NY.GDP.MKTP.KD,2003,1520468514448.92
Arab World,ARB,NY.GDP.MKTP.KD,2004,1658639699658.35
Arab World,ARB,NY.GDP.MKTP.KD,2005,1751176396361.22
Arab World,ARB,NY.GDP.MKTP.KD,2006,1861644304791.18
Arab World,ARB,NY.GDP.MKTP.KD,2007,1947827477465.5
Arab World,ARB,NY.GDP.MKTP.KD,2008,2056854003443.43
Arab World,ARB,NY.GDP.MKTP.KD,2009,2070860109522.11
Arab World,ARB,NY.GDP.MKTP.KD,2010,2168946517568.13
Arab World,ARB,NY.GDP.MKTP.KD,2011,2252420739997.23
Arab World,ARB,NY.GDP.MKTP.KD,2012,2375884472392.0
Arab World,ARB,NY.GDP.MKTP.KD,2013,2437316444750.17
Arab World,ARB,NY.GDP.MKTP.KD,2014,2500388675785.57
Arab World,ARB,NY.GDP.MKTP.KD,2015,2584151265962.58
Arab World,ARB,NY.GDP.MKTP.KD,2016,2676468941692.91
Arab World,ARB,NY.GDP.MKTP.KD,2017,2712099967421.58
Arab World,ARB,NY.GDP.MKTP.KD,2018,2784523435071.95
Arab World,ARB,NY.GDP.MKTP.KD,2019,2833238460472.72
Arab World,ARB,NY.GDP.MKTP.KD,2020,2683461741006.24
Arab World,ARB,NY.GDP.MKTP.KD,2021,2802376771055.43
Arab World,ARB,NY.GDP.MKTP.KD,2022,2998450003632.71
Arab World,ARB,NY.GDP.MKTP.KD,2023,3047886326783.24
Arab World,ARB,NY.GDP.MKTP.KD,2024,3109003094904.36
Arab World,ARB,NY.GDP.MKTP.KD,2025,3223339169009.29
United Arab Emirates,ARE,NY.GDP.MKTP.KD,1970,13966074001.8245
United Arab Emirates,ARE,NY.GDP.MKTP.KD,1971,19079385786.6452
United Arab Emirates,ARE,NY.GDP.MKTP.KD,1972,26535540606.2097
United Arab Emirates,ARE,NY.GDP.MKTP.KD,1973,46867112958.5302
United Arab Emirates,ARE,NY.GDP.MKTP.KD,1974,53661926336.268
United Arab Emirates,ARE,NY.GDP.MKTP.KD,1975,57003782314.576
United Arab Emirates,ARE,NY.GDP.MKTP.KD,1976,66424614559.7911
United Arab Emirates,ARE,NY.GDP.MKTP.KD,1977,80665852296.705
United Arab Emirates,ARE,NY.GDP.MKTP.KD,1978,79383572280.2415
United Arab Emirates,ARE,NY.GDP.MKTP.KD,1979,95993384098.2552
United Arab Emirates,ARE,NY.GDP.MKTP.KD,1980,118911400791.779
United Arab Emirates,ARE,NY.GDP.MKTP.KD,1981,124451915974.059
United Arab Emirates,ARE,NY.GDP.MKTP.KD,1982,116089811549.844
United Arab Emirates,ARE,NY.GDP.MKTP.KD,1983,110580108175.276
United Arab Emirates,ARE,NY.GDP.MKTP.KD,1984,115022263754.173
United Arab Emirates,ARE,NY.GDP.MKTP.KD,1985,110887366579.005
United Arab Emirates,ARE,NY.GDP.MKTP.KD,1986,94301087257.4771
United Arab Emirates,ARE,NY.GDP.MKTP.KD,1987,97489831986.9554
United Arab Emirates,ARE,NY.GDP.MKTP.KD,1988,94936520957.0187
United Arab Emirates,ARE,NY.GDP.MKTP.KD,1989,106650141006.735
United Arab Emirates,ARE,NY.GDP.MKTP.KD,1990,126196683288.874
United Arab Emirates,ARE,NY.GDP.MKTP.KD,1991,127282106423.381
United Arab Emirates,ARE,NY.GDP.MKTP.KD,1992,131540051388.686
United Arab Emirates,ARE,NY.GDP.MKTP.KD,1993,133198900253.156
United Arab Emirates,ARE,NY.GDP.MKTP.KD,1994,142384397291.437
United Arab Emirates,ARE,NY.GDP.MKTP.KD,1995,151906594919.073
United Arab Emirates,ARE,NY.GDP.MKTP.KD,1996,160714976106.725
United Arab Emirates,ARE,NY.GDP.MKTP.KD,1997,173877954756.643
United Arab Emirates,ARE,NY.GDP.MKTP.KD,1998,174386072208.874
United Arab Emirates,ARE,NY.GDP.MKTP.KD,1999,179446849173.821
United Arab Emirates,ARE,NY.GDP.MKTP.KD,2000,198921924880.306
United Arab Emirates,ARE,NY.GDP.MKTP.KD,2001,201704686675.699
United Arab Emirates,ARE,NY.GDP.MKTP.KD,2002,206612917837.677
United Arab Emirates,ARE,NY.GDP.MKTP.KD,2003,224796049036.595
United Arab Emirates,ARE,NY.GDP.MKTP.KD,2004,246301222105.371
United Arab Emirates,ARE,NY.GDP.MKTP.KD,2005,258259482836.718
United Arab Emirates,ARE,NY.GDP.MKTP.KD,2006,283665189297.709
United Arab Emirates,ARE,NY.GDP.MKTP.KD,2007,292698259936.258
United Arab Emirates,ARE,NY.GDP.MKTP.KD,2008,302040639158.395
United Arab Emirates,ARE,NY.GDP.MKTP.KD,2009,286204884318.804
United Arab Emirates,ARE,NY.GDP.MKTP.KD,2010,290792319431.216
United Arab Emirates,ARE,NY.GDP.MKTP.KD,2011,310381577991.262
United Arab Emirates,ARE,NY.GDP.MKTP.KD,2012,324917543197.553
United Arab Emirates,ARE,NY.GDP.MKTP.KD,2013,340898452024.167
United Arab Emirates,ARE,NY.GDP.MKTP.KD,2014,356691997288.357
United Arab Emirates,ARE,NY.GDP.MKTP.KD,2015,381973135513.065
United Arab Emirates,ARE,NY.GDP.MKTP.KD,2016,403584799169.773
United Arab Emirates,ARE,NY.GDP.MKTP.KD,2017,399301266566.886
United Arab Emirates,ARE,NY.GDP.MKTP.KD,2018,405439350953.112
United Arab Emirates,ARE,NY.GDP.MKTP.KD,2019,410593665764.859
United Arab Emirates,ARE,NY.GDP.MKTP.KD,2020,374898977910.719
United Arab Emirates,ARE,NY.GDP.MKTP.KD,2021,391967383829.611
United Arab Emirates,ARE,NY.GDP.MKTP.KD,2022,421421867518.393
United Arab Emirates,ARE,NY.GDP.MKTP.KD,2023,439547797217.97
United Arab Emirates,ARE,NY.GDP.MKTP.KD,2024,457093718948.957
Argentina,ARG,NY.GDP.MKTP.KD,1960,150797810295.884
Argentina,ARG,NY.GDP.MKTP.KD,1961,158982878499.524
Argentina,ARG,NY.GDP.MKTP.KD,1962,157628310158.567
Argentina,ARG,NY.GDP.MKTP.KD,1963,149261089202.812
Argentina,ARG,NY.GDP.MKTP.KD,1964,164381681831.918
Argentina,ARG,NY.GDP.MKTP.KD,1965,181755894112.433
Argentina,ARG,NY.GDP.MKTP.KD,1966,180556802912.311
Argentina,ARG,NY.GDP.MKTP.KD,1967,186320169964.576
Argentina,ARG,NY.GDP.MKTP.KD,1968,195305461613.156
Argentina,ARG,NY.GDP.MKTP.KD,1969,214210104570.482
Argentina,ARG,NY.GDP.MKTP.KD,1970,220734180309.322
Argentina,ARG,NY.GDP.MKTP.KD,1971,233223609573.669
Argentina,ARG,NY.GDP.MKTP.KD,1972,237021461356.448
Argentina,ARG,NY.GDP.MKTP.KD,1973,243685921868.226
Argentina,ARG,NY.GDP.MKTP.KD,1974,257171024124.452
Argentina,ARG,NY.GDP.MKTP.KD,1975,257097956426.363
Argentina,ARG,NY.GDP.MKTP.KD,1976,251909073021.038
Argentina,ARG,NY.GDP.MKTP.KD,1977,269376820356.431
Argentina,ARG,NY.GDP.MKTP.KD,1978,257238364643.474
Argentina,ARG,NY.GDP.MKTP.KD,1979,283535234199.299
Argentina,ARG,NY.GDP.MKTP.KD,1980,287841521828.634
Argentina,ARG,NY.GDP.MKTP.KD,1981,272903153784.458
Argentina,ARG,NY.GDP.MKTP.KD,1982,270895516738.16
Argentina,ARG,NY.GDP.MKTP.KD,1983,282677015450.457
Argentina,ARG,NY.GDP.MKTP.KD,1984,287117132733.287
Argentina,ARG,NY.GDP.MKTP.KD,1985,272218554792.861
Argentina,ARG,NY.GDP.MKTP.KD,1986,288969188904.054
Argentina,ARG,NY.GDP.MKTP.KD,1987,296785426416.393
Argentina,ARG,NY.GDP.MKTP.KD,1988,293550663101.649
Argentina,ARG,NY.GDP.MKTP.KD,1989,272541389928.67
Argentina,ARG,NY.GDP.MKTP.KD,1990,265817211205.311
Argentina,ARG,NY.GDP.MKTP.KD,1991,290094591011.844
Argentina,ARG,NY.GDP.MKTP.KD,1992,313120244489.89
Argentina,ARG,NY.GDP.MKTP.KD,1993,338817957426.035
Argentina,ARG,NY.GDP.MKTP.KD,1994,358592053441.545
Argentina,ARG,NY.GDP.MKTP.KD,1995,348389357874.283
Argentina,ARG,NY.GDP.MKTP.KD,1996,367643757074.802
Argentina,ARG,NY.GDP.MKTP.KD,1997,397463514160.866
Argentina,ARG,NY.GDP.MKTP.KD,1998,412766570325.764
Argentina,ARG,NY.GDP.MKTP.KD,1999,398792535409.293
Argentina,ARG,NY.GDP.MKTP.KD,2000,395646066535.875
Argentina,ARG,NY.GDP.MKTP.KD,2001,378202665751.853
Argentina,ARG,NY.GDP.MKTP.KD,2002,336999433710.193
Argentina,ARG,NY.GDP.MKTP.KD,2003,366780211148.674
Argentina,ARG,NY.GDP.MKTP.KD,2004,399898899166.738
Argentina,ARG,NY.GDP.MKTP.KD,2005,435296589745.339
Argentina,ARG,NY.GDP.MKTP.KD,2006,470325565798.353
Argentina,ARG,NY.GDP.MKTP.KD,2007,512690850741.56
Argentina,ARG,NY.GDP.MKTP.KD,2008,533491913656.279
Argentina,ARG,NY.GDP.MKTP.KD,2009,501917060966.235
Argentina,ARG,NY.GDP.MKTP.KD,2010,552738161802.463
Argentina,ARG,NY.GDP.MKTP.KD,2011,585924294024.785
Argentina,ARG,NY.GDP.MKTP.KD,2012,579910247223.428
Argentina,ARG,NY.GDP.MKTP.KD,2013,593858966307.156
Argentina,ARG,NY.GDP.MKTP.KD,2014,578937574935.696
Argentina,ARG,NY.GDP.MKTP.KD,2015,594749285413.212
Argentina,ARG,NY.GDP.MKTP.KD,2016,582376550428.09
Argentina,ARG,NY.GDP.MKTP.KD,2017,598790850843.677
Argentina,ARG,NY.GDP.MKTP.KD,2018,583118120294.002
Argentina,ARG,NY.GDP.MKTP.KD,2019,571450737224.442
Argentina,ARG,NY.GDP.MKTP.KD,2020,514874343768.066
Argentina,ARG,NY.GDP.MKTP.KD,2021,568636554720.066
Argentina,ARG,NY.GDP.MKTP.KD,2022,602872713790.916
Argentina,ARG,NY.GDP.MKTP.KD,2023,591684674129.454
Argentina,ARG,NY.GDP.MKTP.KD,2024,583738758865.705
Argentina,ARG,NY.GDP.MKTP.KD,2025,609232576079.322
Armenia,ARM,NY.GDP.MKTP.KD,1990,5839777093.95123
Armenia,ARM,NY.GDP.MKTP.KD,1991,5156523262.60518
Armenia,ARM,NY.GDP.MKTP.KD,1992,3001096397.25066
Armenia,ARM,NY.GDP.MKTP.KD,1993,2736999950.50702
Armenia,ARM,NY.GDP.MKTP.KD,1994,2884798023.90046
Armenia,ARM,NY.GDP.MKTP.KD,1995,3083849041.96219
Armenia,ARM,NY.GDP.MKTP.KD,1996,3264729146.7809
Armenia,ARM,NY.GDP.MKTP.KD,1997,3373153403.74995
Armenia,ARM,NY.GDP.MKTP.KD,1998,3619393601.80914
Armenia,ARM,NY.GDP.MKTP.KD,1999,3738833590.68989
Armenia,ARM,NY.GDP.MKTP.KD,2000,3959424772.65728
Armenia,ARM,NY.GDP.MKTP.KD,2001,4339529550.80371
Armenia,ARM,NY.GDP.MKTP.KD,2002,4912347451.42022
Armenia,ARM,NY.GDP.MKTP.KD,2003,5600076094.6952
Armenia,ARM,NY.GDP.MKTP.KD,2004,6188084084.57212
Armenia,ARM,NY.GDP.MKTP.KD,2005,7048227772.27278
Armenia,ARM,NY.GDP.MKTP.KD,2006,7978593838.17516
Armenia,ARM,NY.GDP.MKTP.KD,2007,9071661194.12856
Armenia,ARM,NY.GDP.MKTP.KD,2008,9697605816.5624
Armenia,ARM,NY.GDP.MKTP.KD,2009,8330243396.35924
Armenia,ARM,NY.GDP.MKTP.KD,2010,8513508751.09706
Armenia,ARM,NY.GDP.MKTP.KD,2011,8913643662.28574
Armenia,ARM,NY.GDP.MKTP.KD,2012,9555426006.05632
Armenia,ARM,NY.GDP.MKTP.KD,2013,9870755064.25618
Armenia,ARM,NY.GDP.MKTP.KD,2014,10226102246.6276
Armenia,ARM,NY.GDP.MKTP.KD,2015,10553337518.414
Armenia,ARM,NY.GDP.MKTP.KD,2016,10574444193.4325
Armenia,ARM,NY.GDP.MKTP.KD,2017,11367527508.1135
Armenia,ARM,NY.GDP.MKTP.KD,2018,11958638938.496
Armenia,ARM,NY.GDP.MKTP.KD,2019,12867495497.6469
Armenia,ARM,NY.GDP.MKTP.KD,2020,11941035821.9185
Armenia,ARM,NY.GDP.MKTP.KD,2021,12633615899.6682
Armenia,ARM,NY.GDP.MKTP.KD,2022,14225451502.9981
Armenia,ARM,NY.GDP.MKTP.KD,2023,15406163977.6894
Armenia,ARM,NY.GDP.MKTP.KD,2024,16315127652.4443
Armenia,ARM,NY.GDP.MKTP.KD,2025,17489816843.4203
American Samoa,ASM,NY.GDP.MKTP.KD,2002,744923664.122138
American Samoa,ASM,NY.GDP.MKTP.KD,2003,752116030.534351
American Samoa,ASM,NY.GDP.MKTP.KD,2004,755198473.282443
American Samoa,ASM,NY.GDP.MKTP.KD,2005,752116030.534351
American Samoa,ASM,NY.GDP.MKTP.KD,2006,721291603.053435
American Samoa,ASM,NY.GDP.MKTP.KD,2007,734648854.961832
American Samoa,ASM,NY.GDP.MKTP.KD,2008,715126717.557252
American Samoa,ASM,NY.GDP.MKTP.KD,2009,685329770.992367
American Samoa,ASM,NY.GDP.MKTP.KD,2010,687384732.824428
American Samoa,ASM,NY.GDP.MKTP.KD,2011,687384732.824428
American Samoa,ASM,NY.GDP.MKTP.KD,2012,657587786.259542
American Samoa,ASM,NY.GDP.MKTP.KD,2013,641148091.603054
American Samoa,ASM,NY.GDP.MKTP.KD,2014,652450381.679389
American Samoa,ASM,NY.GDP.MKTP.KD,2015,673000000.0
American Samoa,ASM,NY.GDP.MKTP.KD,2016,661697709.923664
American Samoa,ASM,NY.GDP.MKTP.KD,2017,615461068.70229
American Samoa,ASM,NY.GDP.MKTP.KD,2018,631900763.358779
American Samoa,ASM,NY.GDP.MKTP.KD,2019,628818320.610687
American Samoa,ASM,NY.GDP.MKTP.KD,2020,656560305.343511
American Samoa,ASM,NY.GDP.MKTP.KD,2021,651422900.763359
American Samoa,ASM,NY.GDP.MKTP.KD,2022,662725190.839695
Antigua and Barbuda,ATG,NY.GDP.MKTP.KD,1977,387163203.126708
Antigua and Barbuda,ATG,NY.GDP.MKTP.KD,1978,404134550.442489
Antigua and Barbuda,ATG,NY.GDP.MKTP.KD,1979,436786384.138376
Antigua and Barbuda,ATG,NY.GDP.MKTP.KD,1980,472436818.308071
Antigua and Barbuda,ATG,NY.GDP.MKTP.KD,1981,490457675.789685
Antigua and Barbuda,ATG,NY.GDP.MKTP.KD,1982,490048110.846921
Antigua and Barbuda,ATG,NY.GDP.MKTP.KD,1983,516333403.780737
Antigua and Barbuda,ATG,NY.GDP.MKTP.KD,1984,568819882.561907
Antigua and Barbuda,ATG,NY.GDP.MKTP.KD,1985,612299589.432117
Antigua and Barbuda,ATG,NY.GDP.MKTP.KD,1986,682675279.820441
Antigua and Barbuda,ATG,NY.GDP.MKTP.KD,1987,727910265.016782
Antigua and Barbuda,ATG,NY.GDP.MKTP.KD,1988,765857188.329832
Antigua and Barbuda,ATG,NY.GDP.MKTP.KD,1989,806082316.637007
Antigua and Barbuda,ATG,NY.GDP.MKTP.KD,1990,830360009.985309
Antigua and Barbuda,ATG,NY.GDP.MKTP.KD,1991,848435719.914615
Antigua and Barbuda,ATG,NY.GDP.MKTP.KD,1992,858265278.54095
Antigua and Barbuda,ATG,NY.GDP.MKTP.KD,1993,903580713.993905
Antigua and Barbuda,ATG,NY.GDP.MKTP.KD,1994,963907435.965129
Antigua and Barbuda,ATG,NY.GDP.MKTP.KD,1995,921883147.37367
Antigua and Barbuda,ATG,NY.GDP.MKTP.KD,1996,982773021.141193
Antigua and Barbuda,ATG,NY.GDP.MKTP.KD,1997,1036543047.19835
Antigua and Barbuda,ATG,NY.GDP.MKTP.KD,1998,1085584792.26449
Antigua and Barbuda,ATG,NY.GDP.MKTP.KD,1999,1125835518.38058
Antigua and Barbuda,ATG,NY.GDP.MKTP.KD,2000,1195677311.61138
Antigua and Barbuda,ATG,NY.GDP.MKTP.KD,2001,1141296594.96992
Antigua and Barbuda,ATG,NY.GDP.MKTP.KD,2002,1153020391.45654
Antigua and Barbuda,ATG,NY.GDP.MKTP.KD,2003,1223085251.30795
Antigua and Barbuda,ATG,NY.GDP.MKTP.KD,2004,1293621842.2095
Antigua and Barbuda,ATG,NY.GDP.MKTP.KD,2005,1377366902.51519
Antigua and Barbuda,ATG,NY.GDP.MKTP.KD,2006,1552404719.92894
Antigua and Barbuda,ATG,NY.GDP.MKTP.KD,2007,1697014056.19323
Antigua and Barbuda,ATG,NY.GDP.MKTP.KD,2008,1696776362.25323
Antigua and Barbuda,ATG,NY.GDP.MKTP.KD,2009,1493793051.15554
Antigua and Barbuda,ATG,NY.GDP.MKTP.KD,2010,1376672104.84443
Antigua and Barbuda,ATG,NY.GDP.MKTP.KD,2011,1349706641.55924
Antigua and Barbuda,ATG,NY.GDP.MKTP.KD,2012,1395234173.14327
Antigua and Barbuda,ATG,NY.GDP.MKTP.KD,2013,1386849062.30615
Antigua and Barbuda,ATG,NY.GDP.MKTP.KD,2014,1417336052.73314
Antigua and Barbuda,ATG,NY.GDP.MKTP.KD,2015,1437485185.18519
Antigua and Barbuda,ATG,NY.GDP.MKTP.KD,2016,1496714858.20258
Antigua and Barbuda,ATG,NY.GDP.MKTP.KD,2017,1537316639.9839
Antigua and Barbuda,ATG,NY.GDP.MKTP.KD,2018,1640501407.75149
Antigua and Barbuda,ATG,NY.GDP.MKTP.KD,2019,1692541753.29144
Antigua and Barbuda,ATG,NY.GDP.MKTP.KD,2020,1373179832.3414
Antigua and Barbuda,ATG,NY.GDP.MKTP.KD,2021,1485407940.31841
Antigua and Barbuda,ATG,NY.GDP.MKTP.KD,2022,1611634392.94633
Antigua and Barbuda,ATG,NY.GDP.MKTP.KD,2023,1673932146.2046
Antigua and Barbuda,ATG,NY.GDP.MKTP.KD,2024,1716457420.48498
Antigua and Barbuda,ATG,NY.GDP.MKTP.KD,2025,1802246648.67464
Australia,AUS,NY.GDP.MKTP.KD,1960,205087842011.627
Australia,AUS,NY.GDP.MKTP.KD,1961,210175778904.47
Australia,AUS,NY.GDP.MKTP.KD,1962,212901615358.772
Australia,AUS,NY.GDP.MKTP.KD,1963,226132122992.082
Australia,AUS,NY.GDP.MKTP.KD,1964,241910654447.632
Australia,AUS,NY.GDP.MKTP.KD,1965,256370876810.039
Australia,AUS,NY.GDP.MKTP.KD,1966,262475153273.507
Australia,AUS,NY.GDP.MKTP.KD,1967,279029197366.433
Australia,AUS,NY.GDP.MKTP.KD,1968,293246097179.704
Australia,AUS,NY.GDP.MKTP.KD,1969,313912916257.011
Australia,AUS,NY.GDP.MKTP.KD,1970,336435225747.478
Australia,AUS,NY.GDP.MKTP.KD,1971,349895953946.509
Australia,AUS,NY.GDP.MKTP.KD,1972,363566313880.18
Australia,AUS,NY.GDP.MKTP.KD,1973,373086464591.143
Australia,AUS,NY.GDP.MKTP.KD,1974,388407674435.11
Australia,AUS,NY.GDP.MKTP.KD,1975,393607290138.968
Australia,AUS,NY.GDP.MKTP.KD,1976,403793146388.209
Australia,AUS,NY.GDP.MKTP.KD,1977,418298913740.583
Australia,AUS,NY.GDP.MKTP.KD,1978,422044209285.37
Australia,AUS,NY.GDP.MKTP.KD,1979,439143545449.951
Australia,AUS,NY.GDP.MKTP.KD,1980,452469510390.999
Australia,AUS,NY.GDP.MKTP.KD,1981,467592942675.796
Australia,AUS,NY.GDP.MKTP.KD,1982,483157475068.901
Australia,AUS,NY.GDP.MKTP.KD,1983,472403242301.035
Australia,AUS,NY.GDP.MKTP.KD,1984,493965987482.343
Australia,AUS,NY.GDP.MKTP.KD,1985,520055779885.535
Australia,AUS,NY.GDP.MKTP.KD,1986,540700762323.817
Australia,AUS,NY.GDP.MKTP.KD,1987,554525226538.608
Australia,AUS,NY.GDP.MKTP.KD,1988,586473477240.243
Australia,AUS,NY.GDP.MKTP.KD,1989,609222887776.571
Australia,AUS,NY.GDP.MKTP.KD,1990,630990273460.742
Australia,AUS,NY.GDP.MKTP.KD,1991,628563287009.097
Australia,AUS,NY.GDP.MKTP.KD,1992,631285380039.566
Australia,AUS,NY.GDP.MKTP.KD,1993,656826136947.271
Australia,AUS,NY.GDP.MKTP.KD,1994,682960226532.486
Australia,AUS,NY.GDP.MKTP.KD,1995,709528553282.314
Australia,AUS,NY.GDP.MKTP.KD,1996,736956619705.757
Australia,AUS,NY.GDP.MKTP.KD,1997,765830271632.661
Australia,AUS,NY.GDP.MKTP.KD,1998,801646726961.596
Australia,AUS,NY.GDP.MKTP.KD,1999,841955290889.975
Australia,AUS,NY.GDP.MKTP.KD,2000,874926744105.928
Australia,AUS,NY.GDP.MKTP.KD,2001,892700520464.398
Australia,AUS,NY.GDP.MKTP.KD,2002,927960453450.18
Australia,AUS,NY.GDP.MKTP.KD,2003,956646310281.468
Australia,AUS,NY.GDP.MKTP.KD,2004,997006658239.536
Australia,AUS,NY.GDP.MKTP.KD,2005,1028467016034.95
Australia,AUS,NY.GDP.MKTP.KD,2006,1056965077770.63
Australia,AUS,NY.GDP.MKTP.KD,2007,1097018464974.4
Australia,AUS,NY.GDP.MKTP.KD,2008,1136774249983.46
Australia,AUS,NY.GDP.MKTP.KD,2009,1158996461663.32
Australia,AUS,NY.GDP.MKTP.KD,2010,1184610839239.74
Australia,AUS,NY.GDP.MKTP.KD,2011,1212979128949.21
Australia,AUS,NY.GDP.MKTP.KD,2012,1260921781880.75
Australia,AUS,NY.GDP.MKTP.KD,2013,1294392358274.42
Australia,AUS,NY.GDP.MKTP.KD,2014,1328061960035.21
Australia,AUS,NY.GDP.MKTP.KD,2015,1356805839935.9
Australia,AUS,NY.GDP.MKTP.KD,2016,1394194533274.64
Australia,AUS,NY.GDP.MKTP.KD,2017,1426167740135.16
Australia,AUS,NY.GDP.MKTP.KD,2018,1467158231105.1
Australia,AUS,NY.GDP.MKTP.KD,2019,1499347932643.95
Australia,AUS,NY.GDP.MKTP.KD,2020,1497345824797.34
Australia,AUS,NY.GDP.MKTP.KD,2021,1527396783519.68
Australia,AUS,NY.GDP.MKTP.KD,2022,1592357665099.43
Australia,AUS,NY.GDP.MKTP.KD,2023,1649424913623.6
Australia,AUS,NY.GDP.MKTP.KD,2024,1672078242948.22
Australia,AUS,NY.GDP.MKTP.KD,2025,1694657951604.12
Austria,AUT,NY.GDP.MKTP.KD,1960,83828674730.2882
Austria,AUT,NY.GDP.MKTP.KD,1961,88471089153.8992
Austria,AUT,NY.GDP.MKTP.KD,1962,90814400424.5877
Austria,AUT,NY.GDP.MKTP.KD,1963,94572543543.195
Austria,AUT,NY.GDP.MKTP.KD,1964,100364500379.275
Austria,AUT,NY.GDP.MKTP.KD,1965,103857360171.761
Austria,AUT,NY.GDP.MKTP.KD,1966,109717887090.405
Austria,AUT,NY.GDP.MKTP.KD,1967,113018253148.743
Austria,AUT,NY.GDP.MKTP.KD,1968,118072782494.723
Austria,AUT,NY.GDP.MKTP.KD,1969,125482873332.846
Austria,AUT,NY.GDP.MKTP.KD,1970,134420862375.869
Austria,AUT,NY.GDP.MKTP.KD,1971,141296447063.219
Austria,AUT,NY.GDP.MKTP.KD,1972,150067933491.104
Austria,AUT,NY.GDP.MKTP.KD,1973,157406909711.428
Austria,AUT,NY.GDP.MKTP.KD,1974,163612107622.726
Austria,AUT,NY.GDP.MKTP.KD,1975,163016991844.158
Austria,AUT,NY.GDP.MKTP.KD,1976,170480635017.674
Austria,AUT,NY.GDP.MKTP.KD,1977,179141019237.625
Austria,AUT,NY.GDP.MKTP.KD,1978,178763652138.156
Austria,AUT,NY.GDP.MKTP.KD,1979,188339484583.623
Austria,AUT,NY.GDP.MKTP.KD,1980,191600555442.365
Austria,AUT,NY.GDP.MKTP.KD,1981,191324085936.135
Austria,AUT,NY.GDP.MKTP.KD,1982,195172100328.629
Austria,AUT,NY.GDP.MKTP.KD,1983,200974738307.012
Austria,AUT,NY.GDP.MKTP.KD,1984,201077788420.254
Austria,AUT,NY.GDP.MKTP.KD,1985,206102076591.173
Austria,AUT,NY.GDP.MKTP.KD,1986,210845294931.656
Austria,AUT,NY.GDP.MKTP.KD,1987,213706819792.775
Austria,AUT,NY.GDP.MKTP.KD,1988,220750339732.747
Austria,AUT,NY.GDP.MKTP.KD,1989,229331070530.385
Austria,AUT,NY.GDP.MKTP.KD,1990,239296977478.175
Austria,AUT,NY.GDP.MKTP.KD,1991,247532688033.224
Austria,AUT,NY.GDP.MKTP.KD,1992,252714845320.178
Austria,AUT,NY.GDP.MKTP.KD,1993,254046171814.293
Austria,AUT,NY.GDP.MKTP.KD,1994,260148661734.735
Austria,AUT,NY.GDP.MKTP.KD,1995,267089386116.812
Austria,AUT,NY.GDP.MKTP.KD,1996,273007464944.44
Austria,AUT,NY.GDP.MKTP.KD,1997,278865754830.707
Austria,AUT,NY.GDP.MKTP.KD,1998,288606201090.647
Austria,AUT,NY.GDP.MKTP.KD,1999,299463348050.583
Austria,AUT,NY.GDP.MKTP.KD,2000,309014800203.266
Austria,AUT,NY.GDP.MKTP.KD,2001,313084486481.847
Austria,AUT,NY.GDP.MKTP.KD,2002,317731814841.85
Austria,AUT,NY.GDP.MKTP.KD,2003,321358930178.288
Austria,AUT,NY.GDP.MKTP.KD,2004,329602607297.434
Austria,AUT,NY.GDP.MKTP.KD,2005,337250591306.488
Austria,AUT,NY.GDP.MKTP.KD,2006,348276446349.075
Austria,AUT,NY.GDP.MKTP.KD,2007,361424664731.668
Austria,AUT,NY.GDP.MKTP.KD,2008,366677269701.416
Austria,AUT,NY.GDP.MKTP.KD,2009,353527252121.64
Austria,AUT,NY.GDP.MKTP.KD,2010,359922497999.326
Austria,AUT,NY.GDP.MKTP.KD,2011,370459113959.145
Austria,AUT,NY.GDP.MKTP.KD,2012,372786509411.403
Austria,AUT,NY.GDP.MKTP.KD,2013,371851835129.742
Austria,AUT,NY.GDP.MKTP.KD,2014,374662287024.534
Austria,AUT,NY.GDP.MKTP.KD,2015,379546097300.633
Austria,AUT,NY.GDP.MKTP.KD,2016,387581921834.297
Austria,AUT,NY.GDP.MKTP.KD,2017,396388751744.592
Austria,AUT,NY.GDP.MKTP.KD,2018,406235924915.185
Austria,AUT,NY.GDP.MKTP.KD,2019,413365268699.049
Austria,AUT,NY.GDP.MKTP.KD,2020,387247796560.501
Austria,AUT,NY.GDP.MKTP.KD,2021,406312360757.929
Austria,AUT,NY.GDP.MKTP.KD,2022,427972725600.496
Austria,AUT,NY.GDP.MKTP.KD,2023,424607814488.72
Austria,AUT,NY.GDP.MKTP.KD,2024,421809268656.554
Austria,AUT,NY.GDP.MKTP.KD,2025,424406547759.14
Azerbaijan,AZE,NY.GDP.MKTP.KD,1990,20567069388.6795
Azerbaijan,AZE,NY.GDP.MKTP.KD,1991,20423099866.8225
Azerbaijan,AZE,NY.GDP.MKTP.KD,1992,15807479230.2505
Azerbaijan,AZE,NY.GDP.MKTP.KD,1993,12155951730.5819
Azerbaijan,AZE,NY.GDP.MKTP.KD,1994,9761229088.93276
Azerbaijan,AZE,NY.GDP.MKTP.KD,1995,8609404143.53992
Azerbaijan,AZE,NY.GDP.MKTP.KD,1996,8721326346.14884
Azerbaijan,AZE,NY.GDP.MKTP.KD,1997,9227163287.12935
Azerbaijan,AZE,NY.GDP.MKTP.KD,1998,10149879579.9982
Azerbaijan,AZE,NY.GDP.MKTP.KD,1999,10900970800.8244
Azerbaijan,AZE,NY.GDP.MKTP.KD,2000,12110978466.342
Azerbaijan,AZE,NY.GDP.MKTP.KD,2001,13309965318.2008
Azerbaijan,AZE,NY.GDP.MKTP.KD,2002,14566281800.0274
Azerbaijan,AZE,NY.GDP.MKTP.KD,2003,16053251457.6915
Azerbaijan,AZE,NY.GDP.MKTP.KD,2004,17538787529.6067
Azerbaijan,AZE,NY.GDP.MKTP.KD,2005,22442902288.4162
Azerbaijan,AZE,NY.GDP.MKTP.KD,2006,30178120036.5547
Azerbaijan,AZE,NY.GDP.MKTP.KD,2007,37862439845.1581
Azerbaijan,AZE,NY.GDP.MKTP.KD,2008,41872616483.1256
Azerbaijan,AZE,NY.GDP.MKTP.KD,2009,45795872374.3607
Azerbaijan,AZE,NY.GDP.MKTP.KD,2010,47988959988.6111
Azerbaijan,AZE,NY.GDP.MKTP.KD,2011,47234094919.1645
Azerbaijan,AZE,NY.GDP.MKTP.KD,2012,48274633178.2711
Azerbaijan,AZE,NY.GDP.MKTP.KD,2013,51095520771.413
Azerbaijan,AZE,NY.GDP.MKTP.KD,2014,52524961505.7785
Azerbaijan,AZE,NY.GDP.MKTP.KD,2015,53076235354.746
Azerbaijan,AZE,NY.GDP.MKTP.KD,2016,51450192645.6866
Azerbaijan,AZE,NY.GDP.MKTP.KD,2017,51529227685.0867
Azerbaijan,AZE,NY.GDP.MKTP.KD,2018,52302373078.674
Azerbaijan,AZE,NY.GDP.MKTP.KD,2019,53599371924.6281
Azerbaijan,AZE,NY.GDP.MKTP.KD,2020,51348755387.0791
Azerbaijan,AZE,NY.GDP.MKTP.KD,2021,54232727563.5559
Azerbaijan,AZE,NY.GDP.MKTP.KD,2022,56789627303.7604
Azerbaijan,AZE,NY.GDP.MKTP.KD,2023,57558830022.9022
Azerbaijan,AZE,NY.GDP.MKTP.KD,2024,59952165317.7227
Azerbaijan,AZE,NY.GDP.MKTP.KD,2025,60821385330.4903
Burundi,BDI,NY.GDP.MKTP.KD,1960,697959754.339106
Burundi,BDI,NY.GDP.MKTP.KD,1961,602017263.885198
Burundi,BDI,NY.GDP.MKTP.KD,1962,656579039.30025
Burundi,BDI,NY.GDP.MKTP.KD,1963,683731257.621822
Burundi,BDI,NY.GDP.MKTP.KD,1964,726621978.552538
Burundi,BDI,NY.GDP.MKTP.KD,1965,755448711.768332
Burundi,BDI,NY.GDP.MKTP.KD,1966,790297507.171932
Burundi,BDI,NY.GDP.MKTP.KD,1967,899528624.137534
Burundi,BDI,NY.GDP.MKTP.KD,1968,896849075.228019
Burundi,BDI,NY.GDP.MKTP.KD,1969,883759193.989328
Burundi,BDI,NY.GDP.MKTP.KD,1970,1072226769.77092
Burundi,BDI,NY.GDP.MKTP.KD,1971,1101679002.54222
Burundi,BDI,NY.GDP.MKTP.KD,1972,1031127865.64347
Burundi,BDI,NY.GDP.MKTP.KD,1973,1102162787.28502
Burundi,BDI,NY.GDP.MKTP.KD,1974,1094151832.10116
Burundi,BDI,NY.GDP.MKTP.KD,1975,1101788139.15232
Burundi,BDI,NY.GDP.MKTP.KD,1976,1189299435.72052
Burundi,BDI,NY.GDP.MKTP.KD,1977,1325705576.052
Burundi,BDI,NY.GDP.MKTP.KD,1978,1313236307.72665
Burundi,BDI,NY.GDP.MKTP.KD,1979,1335101100.64043
Burundi,BDI,NY.GDP.MKTP.KD,1980,1348332696.53429
Burundi,BDI,NY.GDP.MKTP.KD,1981,1512334118.01185
Burundi,BDI,NY.GDP.MKTP.KD,1982,1496400168.4635
Burundi,BDI,NY.GDP.MKTP.KD,1983,1551996327.82165
Burundi,BDI,NY.GDP.MKTP.KD,1984,1554410365.06677
Burundi,BDI,NY.GDP.MKTP.KD,1985,1737569339.09844
Burundi,BDI,NY.GDP.MKTP.KD,1986,1794043478.2316
Burundi,BDI,NY.GDP.MKTP.KD,1987,1892771415.26471
Burundi,BDI,NY.GDP.MKTP.KD,1988,1987997206.38758
Burundi,BDI,NY.GDP.MKTP.KD,1989,2014825273.1497
Burundi,BDI,NY.GDP.MKTP.KD,1990,2085340574.06338
Burundi,BDI,NY.GDP.MKTP.KD,1991,2189541631.93147
Burundi,BDI,NY.GDP.MKTP.KD,1992,2211655966.74626
Burundi,BDI,NY.GDP.MKTP.KD,1993,2073648634.39054
Burundi,BDI,NY.GDP.MKTP.KD,1994,1994227891.77222
Burundi,BDI,NY.GDP.MKTP.KD,1995,1836285042.66912
Burundi,BDI,NY.GDP.MKTP.KD,1996,1689382239.2934
Burundi,BDI,NY.GDP.MKTP.KD,1997,1662521061.74171
Burundi,BDI,NY.GDP.MKTP.KD,1998,1741490812.09292
Burundi,BDI,NY.GDP.MKTP.KD,1999,1723901754.95176
Burundi,BDI,NY.GDP.MKTP.KD,2000,1709130260.41104
Burundi,BDI,NY.GDP.MKTP.KD,2001,1744266681.79557
Burundi,BDI,NY.GDP.MKTP.KD,2002,1821825838.40298
Burundi,BDI,NY.GDP.MKTP.KD,2003,1799531646.23167
Burundi,BDI,NY.GDP.MKTP.KD,2004,1886514847.43907
Burundi,BDI,NY.GDP.MKTP.KD,2005,1903493481.08303
Burundi,BDI,NY.GDP.MKTP.KD,2006,2006544947.16489
Burundi,BDI,NY.GDP.MKTP.KD,2007,2075660260.38688
Burundi,BDI,NY.GDP.MKTP.KD,2008,2177549065.459
Burundi,BDI,NY.GDP.MKTP.KD,2009,2260014499.81439
Burundi,BDI,NY.GDP.MKTP.KD,2010,2375133693.99181
Burundi,BDI,NY.GDP.MKTP.KD,2011,2470719237.95292
Burundi,BDI,NY.GDP.MKTP.KD,2012,2579999920.33893
Burundi,BDI,NY.GDP.MKTP.KD,2013,2707037177.57679
Burundi,BDI,NY.GDP.MKTP.KD,2014,2821948416.12645
Burundi,BDI,NY.GDP.MKTP.KD,2015,2810532912.49975
Burundi,BDI,NY.GDP.MKTP.KD,2016,2900474875.81569
Burundi,BDI,NY.GDP.MKTP.KD,2017,3011616941.92851
Burundi,BDI,NY.GDP.MKTP.KD,2018,3172504889.35261
Burundi,BDI,NY.GDP.MKTP.KD,2019,3313977733.08389
Burundi,BDI,NY.GDP.MKTP.KD,2020,3324133212.76644
Burundi,BDI,NY.GDP.MKTP.KD,2021,3431737891.10688
Burundi,BDI,NY.GDP.MKTP.KD,2022,3511275322.19666
Burundi,BDI,NY.GDP.MKTP.KD,2023,3625559221.94932
Burundi,BDI,NY.GDP.MKTP.KD,2024,3774652142.62998
Burundi,BDI,NY.GDP.MKTP.KD,2025,3934701368.14248
Belgium,BEL,NY.GDP.MKTP.KD,1960,107240691377.591
Belgium,BEL,NY.GDP.MKTP.KD,1961,112579586517.438
Belgium,BEL,NY.GDP.MKTP.KD,1962,118447238126.414
Belgium,BEL,NY.GDP.MKTP.KD,1963,123601569654.333
Belgium,BEL,NY.GDP.MKTP.KD,1964,132200141516.243
Belgium,BEL,NY.GDP.MKTP.KD,1965,136907339322.177
Belgium,BEL,NY.GDP.MKTP.KD,1966,141227991046.425
Belgium,BEL,NY.GDP.MKTP.KD,1967,146690897661.05
Belgium,BEL,NY.GDP.MKTP.KD,1968,152843303774.484
Belgium,BEL,NY.GDP.MKTP.KD,1969,162976509268.166
Belgium,BEL,NY.GDP.MKTP.KD,1970,173329872813.631
Belgium,BEL,NY.GDP.MKTP.KD,1971,180238502024.186
Belgium,BEL,NY.GDP.MKTP.KD,1972,189783220555.824
Belgium,BEL,NY.GDP.MKTP.KD,1973,201894619758.016
Belgium,BEL,NY.GDP.MKTP.KD,1974,211111631064.729
Belgium,BEL,NY.GDP.MKTP.KD,1975,206961299090.215
Belgium,BEL,NY.GDP.MKTP.KD,1976,218660295776.641
Belgium,BEL,NY.GDP.MKTP.KD,1977,220029447215.922
Belgium,BEL,NY.GDP.MKTP.KD,1978,226282457072.755
Belgium,BEL,NY.GDP.MKTP.KD,1979,231579894681.772
Belgium,BEL,NY.GDP.MKTP.KD,1980,241871430005.578
Belgium,BEL,NY.GDP.MKTP.KD,1981,241195922803.815
Belgium,BEL,NY.GDP.MKTP.KD,1982,242631006628.437
Belgium,BEL,NY.GDP.MKTP.KD,1983,243387634461.423
Belgium,BEL,NY.GDP.MKTP.KD,1984,249390504366.821
Belgium,BEL,NY.GDP.MKTP.KD,1985,253509919187.379
Belgium,BEL,NY.GDP.MKTP.KD,1986,258130801744.636
Belgium,BEL,NY.GDP.MKTP.KD,1987,264085000894.302
Belgium,BEL,NY.GDP.MKTP.KD,1988,276558286707.311
Belgium,BEL,NY.GDP.MKTP.KD,1989,286152555458.327
Belgium,BEL,NY.GDP.MKTP.KD,1990,295130312078.184
Belgium,BEL,NY.GDP.MKTP.KD,1991,300540270315.165
Belgium,BEL,NY.GDP.MKTP.KD,1992,305140504242.68
Belgium,BEL,NY.GDP.MKTP.KD,1993,302205439885.582
Belgium,BEL,NY.GDP.MKTP.KD,1994,311957523163.918
Belgium,BEL,NY.GDP.MKTP.KD,1995,319396952810.439
Belgium,BEL,NY.GDP.MKTP.KD,1996,323617566812.874
Belgium,BEL,NY.GDP.MKTP.KD,1997,335894554716.996
Belgium,BEL,NY.GDP.MKTP.KD,1998,342484242936.573
Belgium,BEL,NY.GDP.MKTP.KD,1999,354617493817.972
Belgium,BEL,NY.GDP.MKTP.KD,2000,367797580320.048
Belgium,BEL,NY.GDP.MKTP.KD,2001,371841895842.954
Belgium,BEL,NY.GDP.MKTP.KD,2002,378188843981.109
Belgium,BEL,NY.GDP.MKTP.KD,2003,382114274683.528
Belgium,BEL,NY.GDP.MKTP.KD,2004,395760365336.901
Belgium,BEL,NY.GDP.MKTP.KD,2005,404948883847.345
Belgium,BEL,NY.GDP.MKTP.KD,2006,415284559725.448
Belgium,BEL,NY.GDP.MKTP.KD,2007,430554259966.472
Belgium,BEL,NY.GDP.MKTP.KD,2008,432478429044.827
Belgium,BEL,NY.GDP.MKTP.KD,2009,424233482718.834
Belgium,BEL,NY.GDP.MKTP.KD,2010,435731531598.616
Belgium,BEL,NY.GDP.MKTP.KD,2011,444146182962.729
Belgium,BEL,NY.GDP.MKTP.KD,2012,445104666468.521
Belgium,BEL,NY.GDP.MKTP.KD,2013,446464436962.24
Belgium,BEL,NY.GDP.MKTP.KD,2014,454346946885.841
Belgium,BEL,NY.GDP.MKTP.KD,2015,461044767544.531
Belgium,BEL,NY.GDP.MKTP.KD,2016,466547349432.055
Belgium,BEL,NY.GDP.MKTP.KD,2017,473426439010.72
Belgium,BEL,NY.GDP.MKTP.KD,2018,482317238282.145
Belgium,BEL,NY.GDP.MKTP.KD,2019,494099718080.569
Belgium,BEL,NY.GDP.MKTP.KD,2020,470417598101.755
Belgium,BEL,NY.GDP.MKTP.KD,2021,499839663858.827
Belgium,BEL,NY.GDP.MKTP.KD,2022,519956253598.61
Belgium,BEL,NY.GDP.MKTP.KD,2023,528074098661.743
Belgium,BEL,NY.GDP.MKTP.KD,2024,533871052348.802
Belgium,BEL,NY.GDP.MKTP.KD,2025,539119634585.727
Benin,BEN,NY.GDP.MKTP.KD,1960,1651120631.15842
Benin,BEN,NY.GDP.MKTP.KD,1961,1702986960.85679
Benin,BEN,NY.GDP.MKTP.KD,1962,1644635648.37988
Benin,BEN,NY.GDP.MKTP.KD,1963,1722427374.56795
Benin,BEN,NY.GDP.MKTP.KD,1964,1836981870.40947
Benin,BEN,NY.GDP.MKTP.KD,1965,1934229170.81725
Benin,BEN,NY.GDP.MKTP.KD,1966,2003394550.8974
Benin,BEN,NY.GDP.MKTP.KD,1967,2024999131.02193
Benin,BEN,NY.GDP.MKTP.KD,1968,2102806394.23342
Benin,BEN,NY.GDP.MKTP.KD,1969,2163314605.62541
Benin,BEN,NY.GDP.MKTP.KD,1970,2208695701.75521
Benin,BEN,NY.GDP.MKTP.KD,1971,2175635020.67241
Benin,BEN,NY.GDP.MKTP.KD,1972,2315449323.53487
Benin,BEN,NY.GDP.MKTP.KD,1973,2401263703.34438
Benin,BEN,NY.GDP.MKTP.KD,1974,2481449394.1221
Benin,BEN,NY.GDP.MKTP.KD,1975,2359973874.1976
Benin,BEN,NY.GDP.MKTP.KD,1976,2380844452.60757
Benin,BEN,NY.GDP.MKTP.KD,1977,2499497734.05871
Benin,BEN,NY.GDP.MKTP.KD,1978,2530868380.92301
Benin,BEN,NY.GDP.MKTP.KD,1979,2696279545.70683
Benin,BEN,NY.GDP.MKTP.KD,1980,2879134857.71386
Benin,BEN,NY.GDP.MKTP.KD,1981,3165730597.06271
Benin,BEN,NY.GDP.MKTP.KD,1982,3236486776.18013
Benin,BEN,NY.GDP.MKTP.KD,1983,3095770068.30471
Benin,BEN,NY.GDP.MKTP.KD,1984,3341259668.03857
Benin,BEN,NY.GDP.MKTP.KD,1985,3592867374.72505
Benin,BEN,NY.GDP.MKTP.KD,1986,3670873612.85602
Benin,BEN,NY.GDP.MKTP.KD,1987,3615810400.28745
Benin,BEN,NY.GDP.MKTP.KD,1988,3738937613.84945
Benin,BEN,NY.GDP.MKTP.KD,1989,3632222333.49652
Benin,BEN,NY.GDP.MKTP.KD,1990,3958255490.40473
Benin,BEN,NY.GDP.MKTP.KD,1991,4125523427.98874
Benin,BEN,NY.GDP.MKTP.KD,1992,4247544481.09719
Benin,BEN,NY.GDP.MKTP.KD,1993,4495438486.40154
Benin,BEN,NY.GDP.MKTP.KD,1994,4586264345.70312
Benin,BEN,NY.GDP.MKTP.KD,1995,4863513136.03406
Benin,BEN,NY.GDP.MKTP.KD,1996,5073825257.93663
Benin,BEN,NY.GDP.MKTP.KD,1997,5364793325.18214
Benin,BEN,NY.GDP.MKTP.KD,1998,5577293439.98873
Benin,BEN,NY.GDP.MKTP.KD,1999,5875201745.41607
Benin,BEN,NY.GDP.MKTP.KD,2000,6219354272.65514
Benin,BEN,NY.GDP.MKTP.KD,2001,6551040876.0552
Benin,BEN,NY.GDP.MKTP.KD,2002,6855207726.28555
Benin,BEN,NY.GDP.MKTP.KD,2003,7091272067.48876
Benin,BEN,NY.GDP.MKTP.KD,2004,7405393050.93385
Benin,BEN,NY.GDP.MKTP.KD,2005,7532259620.47862
Benin,BEN,NY.GDP.MKTP.KD,2006,7829312267.7691
Benin,BEN,NY.GDP.MKTP.KD,2007,8298002249.61043
Benin,BEN,NY.GDP.MKTP.KD,2008,8704320326.21926
Benin,BEN,NY.GDP.MKTP.KD,2009,8906198943.30981
Benin,BEN,NY.GDP.MKTP.KD,2010,9094481753.64081
Benin,BEN,NY.GDP.MKTP.KD,2011,9364019722.08608
Benin,BEN,NY.GDP.MKTP.KD,2012,9814543622.24071
Benin,BEN,NY.GDP.MKTP.KD,2013,10520350021.8969
Benin,BEN,NY.GDP.MKTP.KD,2014,11189200116.267
Benin,BEN,NY.GDP.MKTP.KD,2015,11388160996.7738
Benin,BEN,NY.GDP.MKTP.KD,2016,11768488383.3269
Benin,BEN,NY.GDP.MKTP.KD,2017,12435945492.7429
Benin,BEN,NY.GDP.MKTP.KD,2018,13268812302.6618
Benin,BEN,NY.GDP.MKTP.KD,2019,14179807374.6843
Benin,BEN,NY.GDP.MKTP.KD,2020,14725558723.2985
Benin,BEN,NY.GDP.MKTP.KD,2021,15779238957.3117
Benin,BEN,NY.GDP.MKTP.KD,2022,16765906414.7949
Benin,BEN,NY.GDP.MKTP.KD,2023,17831007125.9788
Benin,BEN,NY.GDP.MKTP.KD,2024,19159972710.8241
Benin,BEN,NY.GDP.MKTP.KD,2025,20706965104.7399
Burkina Faso,BFA,NY.GDP.MKTP.KD,1960,1166782785.98608
Burkina Faso,BFA,NY.GDP.MKTP.KD,1961,1213966641.5058
Burkina Faso,BFA,NY.GDP.MKTP.KD,1962,1288368214.22299
Burkina Faso,BFA,NY.GDP.MKTP.KD,1963,1272031494.32608
Burkina Faso,BFA,NY.GDP.MKTP.KD,1964,1301069673.81082
Burkina Faso,BFA,NY.GDP.MKTP.KD,1965,1350049032.11506
Burkina Faso,BFA,NY.GDP.MKTP.KD,1966,1357307072.34754
Burkina Faso,BFA,NY.GDP.MKTP.KD,1967,1477066550.51673
Burkina Faso,BFA,NY.GDP.MKTP.KD,1968,1522423925.19439
Burkina Faso,BFA,NY.GDP.MKTP.KD,1969,1553269467.6992
Burkina Faso,BFA,NY.GDP.MKTP.KD,1970,1555087097.58311
Burkina Faso,BFA,NY.GDP.MKTP.KD,1971,1577065763.72581
Burkina Faso,BFA,NY.GDP.MKTP.KD,1972,1613519619.00794
Burkina Faso,BFA,NY.GDP.MKTP.KD,1973,1620769604.83282
Burkina Faso,BFA,NY.GDP.MKTP.KD,1974,1755073486.55337
Burkina Faso,BFA,NY.GDP.MKTP.KD,1975,1807697309.80526
Burkina Faso,BFA,NY.GDP.MKTP.KD,1976,1961982376.4042
Burkina Faso,BFA,NY.GDP.MKTP.KD,1977,1969248648.05364
Burkina Faso,BFA,NY.GDP.MKTP.KD,1978,2059988179.56406
Burkina Faso,BFA,NY.GDP.MKTP.KD,1979,2135478949.53865
Burkina Faso,BFA,NY.GDP.MKTP.KD,1980,2152496130.24403
Burkina Faso,BFA,NY.GDP.MKTP.KD,1981,2244091371.14198
Burkina Faso,BFA,NY.GDP.MKTP.KD,1982,2458675800.42369
Burkina Faso,BFA,NY.GDP.MKTP.KD,1983,2467182443.50436
Burkina Faso,BFA,NY.GDP.MKTP.KD,1984,2423298751.1015
Burkina Faso,BFA,NY.GDP.MKTP.KD,1985,2629699950.55815
Burkina Faso,BFA,NY.GDP.MKTP.KD,1986,2838902120.30277
Burkina Faso,BFA,NY.GDP.MKTP.KD,1987,2832192750.18472
Burkina Faso,BFA,NY.GDP.MKTP.KD,1988,2996335113.95777
Burkina Faso,BFA,NY.GDP.MKTP.KD,1989,3060764327.26471
Burkina Faso,BFA,NY.GDP.MKTP.KD,1990,3042310107.50399
Burkina Faso,BFA,NY.GDP.MKTP.KD,1991,3318247161.44233
Burkina Faso,BFA,NY.GDP.MKTP.KD,1992,3325969079.69165
Burkina Faso,BFA,NY.GDP.MKTP.KD,1993,3441093672.50713
Burkina Faso,BFA,NY.GDP.MKTP.KD,1994,3486344304.54047
Burkina Faso,BFA,NY.GDP.MKTP.KD,1995,3685636779.12882
Burkina Faso,BFA,NY.GDP.MKTP.KD,1996,4091600230.31209
Burkina Faso,BFA,NY.GDP.MKTP.KD,1997,4350059854.87114
Burkina Faso,BFA,NY.GDP.MKTP.KD,1998,4667950033.01846
Burkina Faso,BFA,NY.GDP.MKTP.KD,1999,5013156038.3976
Burkina Faso,BFA,NY.GDP.MKTP.KD,2000,5107828181.20084
Burkina Faso,BFA,NY.GDP.MKTP.KD,2001,5445629583.60137
Burkina Faso,BFA,NY.GDP.MKTP.KD,2002,5682675869.68484
Burkina Faso,BFA,NY.GDP.MKTP.KD,2003,6126066307.13183
Burkina Faso,BFA,NY.GDP.MKTP.KD,2004,6400419254.55947
Burkina Faso,BFA,NY.GDP.MKTP.KD,2005,6954815456.4763
Burkina Faso,BFA,NY.GDP.MKTP.KD,2006,7389711520.7284
Burkina Faso,BFA,NY.GDP.MKTP.KD,2007,7693530569.65392
Burkina Faso,BFA,NY.GDP.MKTP.KD,2008,8139754707.2893
Burkina Faso,BFA,NY.GDP.MKTP.KD,2009,8380850241.73524
Burkina Faso,BFA,NY.GDP.MKTP.KD,2010,9088720451.70527
Burkina Faso,BFA,NY.GDP.MKTP.KD,2011,9690626654.34607
Burkina Faso,BFA,NY.GDP.MKTP.KD,2012,10315931043.8746
Burkina Faso,BFA,NY.GDP.MKTP.KD,2013,10913490102.1529
Burkina Faso,BFA,NY.GDP.MKTP.KD,2014,11385699970.03
Burkina Faso,BFA,NY.GDP.MKTP.KD,2015,11832159315.6298
Burkina Faso,BFA,NY.GDP.MKTP.KD,2016,12537116611.6541
Burkina Faso,BFA,NY.GDP.MKTP.KD,2017,13314855313.1302
Burkina Faso,BFA,NY.GDP.MKTP.KD,2018,14194244128.6065
Burkina Faso,BFA,NY.GDP.MKTP.KD,2019,15030172259.3791
Burkina Faso,BFA,NY.GDP.MKTP.KD,2020,15332394848.5201
Burkina Faso,BFA,NY.GDP.MKTP.KD,2021,16396850182.5889
Burkina Faso,BFA,NY.GDP.MKTP.KD,2022,16663583086.9504
Burkina Faso,BFA,NY.GDP.MKTP.KD,2023,17163536264.1285
Burkina Faso,BFA,NY.GDP.MKTP.KD,2024,17993214415.8961
Burkina Faso,BFA,NY.GDP.MKTP.KD,2025,18945886455.8867
Bangladesh,BGD,NY.GDP.MKTP.KD,1960,22255159273.9147
Bangladesh,BGD,NY.GDP.MKTP.KD,1961,23603412614.6943
Bangladesh,BGD,NY.GDP.MKTP.KD,1962,24890514014.5217
Bangladesh,BGD,NY.GDP.MKTP.KD,1963,24777039582.3854
Bangladesh,BGD,NY.GDP.MKTP.KD,1964,27490816335.8173
Bangladesh,BGD,NY.GDP.MKTP.KD,1965,27932389835.4113
Bangladesh,BGD,NY.GDP.MKTP.KD,1966,28649361769.9512
Bangladesh,BGD,NY.GDP.MKTP.KD,1967,28111938729.2916
Bangladesh,BGD,NY.GDP.MKTP.KD,1968,30779608227.8708
Bangladesh,BGD,NY.GDP.MKTP.KD,1969,31155383509.3056
Bangladesh,BGD,NY.GDP.MKTP.KD,1970,32906270043.7907
Bangladesh,BGD,NY.GDP.MKTP.KD,1971,31103176561.8473
Bangladesh,BGD,NY.GDP.MKTP.KD,1972,26756903051.3733
Bangladesh,BGD,NY.GDP.MKTP.KD,1973,27646752077.9687
Bangladesh,BGD,NY.GDP.MKTP.KD,1974,30298616455.7662
Bangladesh,BGD,NY.GDP.MKTP.KD,1975,29059944148.1974
Bangladesh,BGD,NY.GDP.MKTP.KD,1976,30705132551.2905
Bangladesh,BGD,NY.GDP.MKTP.KD,1977,31525897954.6263
Bangladesh,BGD,NY.GDP.MKTP.KD,1978,33755988819.6807
Bangladesh,BGD,NY.GDP.MKTP.KD,1979,35376828058.6038
Bangladesh,BGD,NY.GDP.MKTP.KD,1980,35666614469.1264
Bangladesh,BGD,NY.GDP.MKTP.KD,1981,38246717277.6993
Bangladesh,BGD,NY.GDP.MKTP.KD,1982,39063027610.8276
Bangladesh,BGD,NY.GDP.MKTP.KD,1983,40579081837.574
Bangladesh,BGD,NY.GDP.MKTP.KD,1984,42528220939.5754
Bangladesh,BGD,NY.GDP.MKTP.KD,1985,43949520315.5326
Bangladesh,BGD,NY.GDP.MKTP.KD,1986,45783701931.1458
Bangladesh,BGD,NY.GDP.MKTP.KD,1987,47510847150.9471
Bangladesh,BGD,NY.GDP.MKTP.KD,1988,48658831252.413
Bangladesh,BGD,NY.GDP.MKTP.KD,1989,50039078963.9421
Bangladesh,BGD,NY.GDP.MKTP.KD,1990,52852405164.9835
Bangladesh,BGD,NY.GDP.MKTP.KD,1991,54694431891.2081
Bangladesh,BGD,NY.GDP.MKTP.KD,1992,57671277832.2235
Bangladesh,BGD,NY.GDP.MKTP.KD,1993,60388495684.6196
Bangladesh,BGD,NY.GDP.MKTP.KD,1994,62737684522.6707
Bangladesh,BGD,NY.GDP.MKTP.KD,1995,65950655693.3725
Bangladesh,BGD,NY.GDP.MKTP.KD,1996,68933550573.3629
Bangladesh,BGD,NY.GDP.MKTP.KD,1997,72028595646.2459
Bangladesh,BGD,NY.GDP.MKTP.KD,1998,75757535399.2044
Bangladesh,BGD,NY.GDP.MKTP.KD,1999,79295530763.5123
Bangladesh,BGD,NY.GDP.MKTP.KD,2000,83492876905.7611
Bangladesh,BGD,NY.GDP.MKTP.KD,2001,87732050538.1162
Bangladesh,BGD,NY.GDP.MKTP.KD,2002,91094928770.2862
Bangladesh,BGD,NY.GDP.MKTP.KD,2003,95412434316.9993
Bangladesh,BGD,NY.GDP.MKTP.KD,2004,100411600213.555
Bangladesh,BGD,NY.GDP.MKTP.KD,2005,106974447115.636
Bangladesh,BGD,NY.GDP.MKTP.KD,2006,114111680586.242
Bangladesh,BGD,NY.GDP.MKTP.KD,2007,122166366935.51
Bangladesh,BGD,NY.GDP.MKTP.KD,2008,129513195397.247
Bangladesh,BGD,NY.GDP.MKTP.KD,2009,136047297736.462
Bangladesh,BGD,NY.GDP.MKTP.KD,2010,143627564998.204
Bangladesh,BGD,NY.GDP.MKTP.KD,2011,152912195327.661
Bangladesh,BGD,NY.GDP.MKTP.KD,2012,162884301114.117
Bangladesh,BGD,NY.GDP.MKTP.KD,2013,172679520662.469
Bangladesh,BGD,NY.GDP.MKTP.KD,2014,183145728910.398
Bangladesh,BGD,NY.GDP.MKTP.KD,2015,195146608978.131
Bangladesh,BGD,NY.GDP.MKTP.KD,2016,209028320490.615
Bangladesh,BGD,NY.GDP.MKTP.KD,2017,222803809377.443
Bangladesh,BGD,NY.GDP.MKTP.KD,2018,239111739541.452
Bangladesh,BGD,NY.GDP.MKTP.KD,2019,257958323968.613
Bangladesh,BGD,NY.GDP.MKTP.KD,2020,266852772253.895
Bangladesh,BGD,NY.GDP.MKTP.KD,2021,285368829855.224
Bangladesh,BGD,NY.GDP.MKTP.KD,2022,305629528154.311
Bangladesh,BGD,NY.GDP.MKTP.KD,2023,323279976841.364
Bangladesh,BGD,NY.GDP.MKTP.KD,2024,336932927922.21
Bangladesh,BGD,NY.GDP.MKTP.KD,2025,348691572810.162
Bulgaria,BGR,NY.GDP.MKTP.KD,1980,30370599960.313
Bulgaria,BGR,NY.GDP.MKTP.KD,1981,31858809078.4739
Bulgaria,BGR,NY.GDP.MKTP.KD,1982,32602573517.4569
Bulgaria,BGR,NY.GDP.MKTP.KD,1983,33720942030.588
Bulgaria,BGR,NY.GDP.MKTP.KD,1984,34866254670.1276
Bulgaria,BGR,NY.GDP.MKTP.KD,1985,35801869191.0099
Bulgaria,BGR,NY.GDP.MKTP.KD,1986,37308269594.595
Bulgaria,BGR,NY.GDP.MKTP.KD,1987,39567104147.6112
Bulgaria,BGR,NY.GDP.MKTP.KD,1988,43897601722.5727
Bulgaria,BGR,NY.GDP.MKTP.KD,1989,42453422290.7239
Bulgaria,BGR,NY.GDP.MKTP.KD,1990,38582784071.2185
Bulgaria,BGR,NY.GDP.MKTP.KD,1991,35324330741.4984
Bulgaria,BGR,NY.GDP.MKTP.KD,1992,32755408561.5247
Bulgaria,BGR,NY.GDP.MKTP.KD,1993,32270558200.3249
Bulgaria,BGR,NY.GDP.MKTP.KD,1994,32857240786.8744
Bulgaria,BGR,NY.GDP.MKTP.KD,1995,33810861560.6968
Bulgaria,BGR,NY.GDP.MKTP.KD,1996,35570878928.5363
Bulgaria,BGR,NY.GDP.MKTP.KD,1997,30549915208.7641
Bulgaria,BGR,NY.GDP.MKTP.KD,1998,31707486473.8409
Bulgaria,BGR,NY.GDP.MKTP.KD,1999,29045298089.2644
Bulgaria,BGR,NY.GDP.MKTP.KD,2000,30377671419.1597
Bulgaria,BGR,NY.GDP.MKTP.KD,2001,31539223117.3354
Bulgaria,BGR,NY.GDP.MKTP.KD,2002,33391184646.0874
Bulgaria,BGR,NY.GDP.MKTP.KD,2003,35139932016.0581
Bulgaria,BGR,NY.GDP.MKTP.KD,2004,37427690632.4498
Bulgaria,BGR,NY.GDP.MKTP.KD,2005,40068719166.9668
Bulgaria,BGR,NY.GDP.MKTP.KD,2006,42794430901.6819
Bulgaria,BGR,NY.GDP.MKTP.KD,2007,45642137145.3704
Bulgaria,BGR,NY.GDP.MKTP.KD,2008,48439798806.2002
Bulgaria,BGR,NY.GDP.MKTP.KD,2009,46818449430.0631
Bulgaria,BGR,NY.GDP.MKTP.KD,2010,47546646111.8377
Bulgaria,BGR,NY.GDP.MKTP.KD,2011,48540454689.7673
Bulgaria,BGR,NY.GDP.MKTP.KD,2012,48903932680.2008
Bulgaria,BGR,NY.GDP.MKTP.KD,2013,48638504922.6532
Bulgaria,BGR,NY.GDP.MKTP.KD,2014,49100303096.7466
Bulgaria,BGR,NY.GDP.MKTP.KD,2015,50768512172.9373
Bulgaria,BGR,NY.GDP.MKTP.KD,2016,52305086279.5727
Bulgaria,BGR,NY.GDP.MKTP.KD,2017,53741345963.5537
Bulgaria,BGR,NY.GDP.MKTP.KD,2018,54993600227.8576
Bulgaria,BGR,NY.GDP.MKTP.KD,2019,57079683269.2842
Bulgaria,BGR,NY.GDP.MKTP.KD,2020,55291242409.0405
Bulgaria,BGR,NY.GDP.MKTP.KD,2021,59619536577.8514
Bulgaria,BGR,NY.GDP.MKTP.KD,2022,62054317357.9063
Bulgaria,BGR,NY.GDP.MKTP.KD,2023,63097767380.2873
Bulgaria,BGR,NY.GDP.MKTP.KD,2024,65234945309.7356
Bulgaria,BGR,NY.GDP.MKTP.KD,2025,67254858232.0129
Bahrain,BHR,NY.GDP.MKTP.KD,1970,3916965157.58936
Bahrain,BHR,NY.GDP.MKTP.KD,1971,3979916383.27079
Bahrain,BHR,NY.GDP.MKTP.KD,1972,4420574963.04069
Bahrain,BHR,NY.GDP.MKTP.KD,1973,5036098060.16118
Bahrain,BHR,NY.GDP.MKTP.KD,1974,5462767480.23746
Bahrain,BHR,NY.GDP.MKTP.KD,1975,4980141415.73861
Bahrain,BHR,NY.GDP.MKTP.KD,1976,6497904126.31634
Bahrain,BHR,NY.GDP.MKTP.KD,1977,7343778517.94162
Bahrain,BHR,NY.GDP.MKTP.KD,1978,7627414969.64117
Bahrain,BHR,NY.GDP.MKTP.KD,1979,7892030438.49177
Bahrain,BHR,NY.GDP.MKTP.KD,1980,8095666863.54271
Bahrain,BHR,NY.GDP.MKTP.KD,1981,7665244757.71484
Bahrain,BHR,NY.GDP.MKTP.KD,1982,7086042175.65203
Bahrain,BHR,NY.GDP.MKTP.KD,1983,7537874924.95327
Bahrain,BHR,NY.GDP.MKTP.KD,1984,7915043505.51334
Bahrain,BHR,NY.GDP.MKTP.KD,1985,7538424480.61697
Bahrain,BHR,NY.GDP.MKTP.KD,1986,7627603583.58375
Bahrain,BHR,NY.GDP.MKTP.KD,1987,8420798792.09029
Bahrain,BHR,NY.GDP.MKTP.KD,1988,9010254004.35388
Bahrain,BHR,NY.GDP.MKTP.KD,1989,9043051972.09625
Bahrain,BHR,NY.GDP.MKTP.KD,1990,9444382363.28063
Bahrain,BHR,NY.GDP.MKTP.KD,1991,10504986339.9206
Bahrain,BHR,NY.GDP.MKTP.KD,1992,11207769729.3404
Bahrain,BHR,NY.GDP.MKTP.KD,1993,12650210449.4817
Bahrain,BHR,NY.GDP.MKTP.KD,1994,12618584748.6334
Bahrain,BHR,NY.GDP.MKTP.KD,1995,13114494169.3527
Bahrain,BHR,NY.GDP.MKTP.KD,1996,13653500708.2059
Bahrain,BHR,NY.GDP.MKTP.KD,1997,14075803380.4845
Bahrain,BHR,NY.GDP.MKTP.KD,1998,14750034868.1901
Bahrain,BHR,NY.GDP.MKTP.KD,1999,15384286108.5506
Bahrain,BHR,NY.GDP.MKTP.KD,2000,16199663949.4689
Bahrain,BHR,NY.GDP.MKTP.KD,2001,16603189276.6705
Bahrain,BHR,NY.GDP.MKTP.KD,2002,17159155482.6073
Bahrain,BHR,NY.GDP.MKTP.KD,2003,18239571633.5594
Bahrain,BHR,NY.GDP.MKTP.KD,2004,19512869154.2447
Bahrain,BHR,NY.GDP.MKTP.KD,2005,20833694755.6476
Bahrain,BHR,NY.GDP.MKTP.KD,2006,22181009695.3903
Bahrain,BHR,NY.GDP.MKTP.KD,2007,24020694053.4652
Bahrain,BHR,NY.GDP.MKTP.KD,2008,25520789027.3601
Bahrain,BHR,NY.GDP.MKTP.KD,2009,26168987898.7969
Bahrain,BHR,NY.GDP.MKTP.KD,2010,27303230073.1892
Bahrain,BHR,NY.GDP.MKTP.KD,2011,27829679463.9972
Bahrain,BHR,NY.GDP.MKTP.KD,2012,28888050241.9569
Bahrain,BHR,NY.GDP.MKTP.KD,2013,30416985616.3829
Bahrain,BHR,NY.GDP.MKTP.KD,2014,31727610007.9685
Bahrain,BHR,NY.GDP.MKTP.KD,2015,32523297872.3404
Bahrain,BHR,NY.GDP.MKTP.KD,2016,33764059498.7261
Bahrain,BHR,NY.GDP.MKTP.KD,2017,35436675410.8102
Bahrain,BHR,NY.GDP.MKTP.KD,2018,36164044588.1584
Bahrain,BHR,NY.GDP.MKTP.KD,2019,36906448210.9064
Bahrain,BHR,NY.GDP.MKTP.KD,2020,34724774104.3146
Bahrain,BHR,NY.GDP.MKTP.KD,2021,36235315986.0804
Bahrain,BHR,NY.GDP.MKTP.KD,2022,38474716945.1891
Bahrain,BHR,NY.GDP.MKTP.KD,2023,39966811156.113
Bahrain,BHR,NY.GDP.MKTP.KD,2024,41124691812.9282
Bahrain,BHR,NY.GDP.MKTP.KD,2025,42556396855.4905
"Bahamas, The",BHS,NY.GDP.MKTP.KD,1960,2184276201.18651
"Bahamas, The",BHS,NY.GDP.MKTP.KD,1961,2417275071.18938
"Bahamas, The",BHS,NY.GDP.MKTP.KD,1962,2669927982.16983
"Bahamas, The",BHS,NY.GDP.MKTP.KD,1963,2950912677.3124
"Bahamas, The",BHS,NY.GDP.MKTP.KD,1964,3260804755.13467
"Bahamas, The",BHS,NY.GDP.MKTP.KD,1965,3600763100.29082
"Bahamas, The",BHS,NY.GDP.MKTP.KD,1966,3927421762.14234
"Bahamas, The",BHS,NY.GDP.MKTP.KD,1967,4304380175.11547
"Bahamas, The",BHS,NY.GDP.MKTP.KD,1968,4666884896.26568
"Bahamas, The",BHS,NY.GDP.MKTP.KD,1969,5086048750.16656
"Bahamas, The",BHS,NY.GDP.MKTP.KD,1970,4798704822.18132
"Bahamas, The",BHS,NY.GDP.MKTP.KD,1971,4876756175.55366
"Bahamas, The",BHS,NY.GDP.MKTP.KD,1972,4706199629.16581
"Bahamas, The",BHS,NY.GDP.MKTP.KD,1973,5062344525.22621
"Bahamas, The",BHS,NY.GDP.MKTP.KD,1974,4214187726.48604
"Bahamas, The",BHS,NY.GDP.MKTP.KD,1975,3590356194.49727
"Bahamas, The",BHS,NY.GDP.MKTP.KD,1976,3776522804.41801
"Bahamas, The",BHS,NY.GDP.MKTP.KD,1977,4122260793.71872
"Bahamas, The",BHS,NY.GDP.MKTP.KD,1978,4706777593.7735
"Bahamas, The",BHS,NY.GDP.MKTP.KD,1979,5937096110.08025
"Bahamas, The",BHS,NY.GDP.MKTP.KD,1980,6322727240.34951
"Bahamas, The",BHS,NY.GDP.MKTP.KD,1981,5739366812.97085
"Bahamas, The",BHS,NY.GDP.MKTP.KD,1982,6123841127.10326
"Bahamas, The",BHS,NY.GDP.MKTP.KD,1983,6344118868.72404
"Bahamas, The",BHS,NY.GDP.MKTP.KD,1984,7243153383.1935
"Bahamas, The",BHS,NY.GDP.MKTP.KD,1985,7592938305.37769
"Bahamas, The",BHS,NY.GDP.MKTP.KD,1986,7729383424.42499
"Bahamas, The",BHS,NY.GDP.MKTP.KD,1987,7960068367.47981
"Bahamas, The",BHS,NY.GDP.MKTP.KD,1988,8143922676.47521
"Bahamas, The",BHS,NY.GDP.MKTP.KD,1989,8691791214.13895
"Bahamas, The",BHS,NY.GDP.MKTP.KD,1990,8553048576.19105
"Bahamas, The",BHS,NY.GDP.MKTP.KD,1991,8195378471.78349
"Bahamas, The",BHS,NY.GDP.MKTP.KD,1992,7881857523.78963
"Bahamas, The",BHS,NY.GDP.MKTP.KD,1993,7906118401.13611
"Bahamas, The",BHS,NY.GDP.MKTP.KD,1994,8155075426.23486
"Bahamas, The",BHS,NY.GDP.MKTP.KD,1995,8512165957.40263
"Bahamas, The",BHS,NY.GDP.MKTP.KD,1996,8871679871.09791
"Bahamas, The",BHS,NY.GDP.MKTP.KD,1997,8985925213.01949
"Bahamas, The",BHS,NY.GDP.MKTP.KD,1998,9409773203.61725
"Bahamas, The",BHS,NY.GDP.MKTP.KD,1999,10082017178.6752
"Bahamas, The",BHS,NY.GDP.MKTP.KD,2000,10500261525.9051
"Bahamas, The",BHS,NY.GDP.MKTP.KD,2001,10775999425.4187
"Bahamas, The",BHS,NY.GDP.MKTP.KD,2002,11067485495.0867
"Bahamas, The",BHS,NY.GDP.MKTP.KD,2003,10927491025.4318
"Bahamas, The",BHS,NY.GDP.MKTP.KD,2004,11023912337.1748
"Bahamas, The",BHS,NY.GDP.MKTP.KD,2005,11398293682.8703
"Bahamas, The",BHS,NY.GDP.MKTP.KD,2006,11685142254.5787
"Bahamas, The",BHS,NY.GDP.MKTP.KD,2007,11854121086.481
"Bahamas, The",BHS,NY.GDP.MKTP.KD,2008,11578673030.5899
"Bahamas, The",BHS,NY.GDP.MKTP.KD,2009,11095213868.3034
"Bahamas, The",BHS,NY.GDP.MKTP.KD,2010,11265931761.9405
"Bahamas, The",BHS,NY.GDP.MKTP.KD,2011,11335011158.6301
"Bahamas, The",BHS,NY.GDP.MKTP.KD,2012,11847358068.6233
"Bahamas, The",BHS,NY.GDP.MKTP.KD,2013,11508144415.7879
"Bahamas, The",BHS,NY.GDP.MKTP.KD,2014,11720696405.6022
"Bahamas, The",BHS,NY.GDP.MKTP.KD,2015,11837600000.0
"Bahamas, The",BHS,NY.GDP.MKTP.KD,2016,11700697195.6515
"Bahamas, The",BHS,NY.GDP.MKTP.KD,2017,12095174365.8385
"Bahamas, The",BHS,NY.GDP.MKTP.KD,2018,12385211217.3941
"Bahamas, The",BHS,NY.GDP.MKTP.KD,2019,12281350586.0076
"Bahamas, The",BHS,NY.GDP.MKTP.KD,2020,9814105056.96843
"Bahamas, The",BHS,NY.GDP.MKTP.KD,2021,11540027214.2601
"Bahamas, The",BHS,NY.GDP.MKTP.KD,2022,12795339943.1948
"Bahamas, The",BHS,NY.GDP.MKTP.KD,2023,13185372844.5039
"Bahamas, The",BHS,NY.GDP.MKTP.KD,2024,13630862492.2464
Bosnia and Herzegovina,BIH,NY.GDP.MKTP.KD,1990,3520858801.76097
Bosnia and Herzegovina,BIH,NY.GDP.MKTP.KD,1991,3191728026.41704
Bosnia and Herzegovina,BIH,NY.GDP.MKTP.KD,1992,2986279441.80637
Bosnia and Herzegovina,BIH,NY.GDP.MKTP.KD,1993,2921138314.38103
Bosnia and Herzegovina,BIH,NY.GDP.MKTP.KD,1994,3246318380.95743
Bosnia and Herzegovina,BIH,NY.GDP.MKTP.KD,1995,3764700269.186
Bosnia and Herzegovina,BIH,NY.GDP.MKTP.KD,1996,5805141478.60787
Bosnia and Herzegovina,BIH,NY.GDP.MKTP.KD,1997,7932210829.32782
Bosnia and Herzegovina,BIH,NY.GDP.MKTP.KD,1998,9250256733.83292
Bosnia and Herzegovina,BIH,NY.GDP.MKTP.KD,1999,10131026399.8326
Bosnia and Herzegovina,BIH,NY.GDP.MKTP.KD,2000,10679552181.9622
Bosnia and Herzegovina,BIH,NY.GDP.MKTP.KD,2001,10938351172.2094
Bosnia and Herzegovina,BIH,NY.GDP.MKTP.KD,2002,11488270722.7089
Bosnia and Herzegovina,BIH,NY.GDP.MKTP.KD,2003,11932537720.474
Bosnia and Herzegovina,BIH,NY.GDP.MKTP.KD,2004,12687302704.3598
Bosnia and Herzegovina,BIH,NY.GDP.MKTP.KD,2005,13181750134.5787
Bosnia and Herzegovina,BIH,NY.GDP.MKTP.KD,2006,13895410481.7996
Bosnia and Herzegovina,BIH,NY.GDP.MKTP.KD,2007,14709558824.8469
Bosnia and Herzegovina,BIH,NY.GDP.MKTP.KD,2008,15510030554.8428
Bosnia and Herzegovina,BIH,NY.GDP.MKTP.KD,2009,15044038582.7515
Bosnia and Herzegovina,BIH,NY.GDP.MKTP.KD,2010,15174269895.7758
Bosnia and Herzegovina,BIH,NY.GDP.MKTP.KD,2011,15319868792.2914
Bosnia and Herzegovina,BIH,NY.GDP.MKTP.KD,2012,15193964403.4513
Bosnia and Herzegovina,BIH,NY.GDP.MKTP.KD,2013,15551001102.6808
Bosnia and Herzegovina,BIH,NY.GDP.MKTP.KD,2014,15730436007.5757
Bosnia and Herzegovina,BIH,NY.GDP.MKTP.KD,2015,16404348361.0926
Bosnia and Herzegovina,BIH,NY.GDP.MKTP.KD,2016,16936219694.6475
Bosnia and Herzegovina,BIH,NY.GDP.MKTP.KD,2017,17485647420.4505
Bosnia and Herzegovina,BIH,NY.GDP.MKTP.KD,2018,18155173558.4672
Bosnia and Herzegovina,BIH,NY.GDP.MKTP.KD,2019,18679105074.1119
Bosnia and Herzegovina,BIH,NY.GDP.MKTP.KD,2020,18115912618.3228
Bosnia and Herzegovina,BIH,NY.GDP.MKTP.KD,2021,19454976126.4078
Bosnia and Herzegovina,BIH,NY.GDP.MKTP.KD,2022,20277301651.4265
Bosnia and Herzegovina,BIH,NY.GDP.MKTP.KD,2023,20681710969.038
Bosnia and Herzegovina,BIH,NY.GDP.MKTP.KD,2024,21349068376.8323
Bosnia and Herzegovina,BIH,NY.GDP.MKTP.KD,2025,21803508730.6731
Belarus,BLR,NY.GDP.MKTP.KD,1990,29435120615.7016
Belarus,BLR,NY.GDP.MKTP.KD,1991,29081900420.7261
Belarus,BLR,NY.GDP.MKTP.KD,1992,26290037664.1334
Belarus,BLR,NY.GDP.MKTP.KD,1993,24291994270.7127
Belarus,BLR,NY.GDP.MKTP.KD,1994,21449830003.0732
Belarus,BLR,NY.GDP.MKTP.KD,1995,19219047601.6334
Belarus,BLR,NY.GDP.MKTP.KD,1996,19757181812.0191
Belarus,BLR,NY.GDP.MKTP.KD,1997,22009501605.6264
Belarus,BLR,NY.GDP.MKTP.KD,1998,23858297841.0347
Belarus,BLR,NY.GDP.MKTP.KD,1999,24669479777.7189
Belarus,BLR,NY.GDP.MKTP.KD,2000,26100310412.7168
Belarus,BLR,NY.GDP.MKTP.KD,2001,27333629960.0077
Belarus,BLR,NY.GDP.MKTP.KD,2002,28712684731.6691
Belarus,BLR,NY.GDP.MKTP.KD,2003,30734974379.4373
Belarus,BLR,NY.GDP.MKTP.KD,2004,34254050021.1784
Belarus,BLR,NY.GDP.MKTP.KD,2005,37473931242.4089
Belarus,BLR,NY.GDP.MKTP.KD,2006,41221322391.8597
Belarus,BLR,NY.GDP.MKTP.KD,2007,44766358837.3896
Belarus,BLR,NY.GDP.MKTP.KD,2008,49332527208.7462
Belarus,BLR,NY.GDP.MKTP.KD,2009,49431189910.8575
Belarus,BLR,NY.GDP.MKTP.KD,2010,53262115569.3291
Belarus,BLR,NY.GDP.MKTP.KD,2011,56218149516.8364
Belarus,BLR,NY.GDP.MKTP.KD,2012,57178272607.7523
Belarus,BLR,NY.GDP.MKTP.KD,2013,57749323051.4988
Belarus,BLR,NY.GDP.MKTP.KD,2014,58702836389.8022
Belarus,BLR,NY.GDP.MKTP.KD,2015,56454769844.7632
Belarus,BLR,NY.GDP.MKTP.KD,2016,55028470318.3987
Belarus,BLR,NY.GDP.MKTP.KD,2017,56421892161.1976
Belarus,BLR,NY.GDP.MKTP.KD,2018,58198729025.2815
Belarus,BLR,NY.GDP.MKTP.KD,2019,59040547731.7471
Belarus,BLR,NY.GDP.MKTP.KD,2020,58643356627.7874
Belarus,BLR,NY.GDP.MKTP.KD,2021,60073587228.1282
Belarus,BLR,NY.GDP.MKTP.KD,2022,57275121695.7263
Belarus,BLR,NY.GDP.MKTP.KD,2023,59638602543.5231
Belarus,BLR,NY.GDP.MKTP.KD,2024,62232879596.0873
Belarus,BLR,NY.GDP.MKTP.KD,2025,63041907030.8365
Belize,BLZ,NY.GDP.MKTP.KD,1960,142139035.313058
Belize,BLZ,NY.GDP.MKTP.KD,1961,149092870.660029
Belize,BLZ,NY.GDP.MKTP.KD,1962,156387466.372865
Belize,BLZ,NY.GDP.MKTP.KD,1963,164138708.20421
Belize,BLZ,NY.GDP.MKTP.KD,1964,172345446.339353
Belize,BLZ,NY.GDP.MKTP.KD,1965,180843009.245751
Belize,BLZ,NY.GDP.MKTP.KD,1966,189470749.243306
Belize,BLZ,NY.GDP.MKTP.KD,1967,198779680.598585
Belize,BLZ,NY.GDP.MKTP.KD,1968,213424227.817475
Belize,BLZ,NY.GDP.MKTP.KD,1969,224322468.601289
Belize,BLZ,NY.GDP.MKTP.KD,1970,235107205.106333
Belize,BLZ,NY.GDP.MKTP.KD,1971,244416136.461612
Belize,BLZ,NY.GDP.MKTP.KD,1972,269391319.728864
Belize,BLZ,NY.GDP.MKTP.KD,1973,283808857.891163
Belize,BLZ,NY.GDP.MKTP.KD,1974,322293297.061951
Belize,BLZ,NY.GDP.MKTP.KD,1975,333872729.203488
Belize,BLZ,NY.GDP.MKTP.KD,1976,333759142.581217
Belize,BLZ,NY.GDP.MKTP.KD,1977,355442120.369127
Belize,BLZ,NY.GDP.MKTP.KD,1978,383596005.336003
Belize,BLZ,NY.GDP.MKTP.KD,1979,412430999.3171
Belize,BLZ,NY.GDP.MKTP.KD,1980,462371237.600911
Belize,BLZ,NY.GDP.MKTP.KD,1981,467611278.60988
Belize,BLZ,NY.GDP.MKTP.KD,1982,467112227.085216
Belize,BLZ,NY.GDP.MKTP.KD,1983,457081291.439476
Belize,BLZ,NY.GDP.MKTP.KD,1984,466114124.035889
Belize,BLZ,NY.GDP.MKTP.KD,1985,470805208.367727
Belize,BLZ,NY.GDP.MKTP.KD,1986,492214518.7758
Belize,BLZ,NY.GDP.MKTP.KD,1987,545014170.085219
Belize,BLZ,NY.GDP.MKTP.KD,1988,598362778.071767
Belize,BLZ,NY.GDP.MKTP.KD,1989,676214815.919303
Belize,BLZ,NY.GDP.MKTP.KD,1990,752917474.31819
Belize,BLZ,NY.GDP.MKTP.KD,1991,841601389.485595
Belize,BLZ,NY.GDP.MKTP.KD,1992,948789622.253809
Belize,BLZ,NY.GDP.MKTP.KD,1993,1007025242.20078
Belize,BLZ,NY.GDP.MKTP.KD,1994,1006823974.72088
Belize,BLZ,NY.GDP.MKTP.KD,1995,1014189476.17339
Belize,BLZ,NY.GDP.MKTP.KD,1996,1025399371.141
Belize,BLZ,NY.GDP.MKTP.KD,1997,1068821095.7247
Belize,BLZ,NY.GDP.MKTP.KD,1998,1110430514.69659
Belize,BLZ,NY.GDP.MKTP.KD,1999,1215068544.26862
Belize,BLZ,NY.GDP.MKTP.KD,2000,1363800371.11261
Belize,BLZ,NY.GDP.MKTP.KD,2001,1431902589.03825
Belize,BLZ,NY.GDP.MKTP.KD,2002,1509212058.06817
Belize,BLZ,NY.GDP.MKTP.KD,2003,1655080826.31517
Belize,BLZ,NY.GDP.MKTP.KD,2004,1734204696.97331
Belize,BLZ,NY.GDP.MKTP.KD,2005,1772690003.49565
Belize,BLZ,NY.GDP.MKTP.KD,2006,1852664108.23636
Belize,BLZ,NY.GDP.MKTP.KD,2007,1914531924.99014
Belize,BLZ,NY.GDP.MKTP.KD,2008,1883373343.61685
Belize,BLZ,NY.GDP.MKTP.KD,2009,1874960133.39346
Belize,BLZ,NY.GDP.MKTP.KD,2010,1901536024.42607
Belize,BLZ,NY.GDP.MKTP.KD,2011,1899062675.16468
Belize,BLZ,NY.GDP.MKTP.KD,2012,1973959679.21923
Belize,BLZ,NY.GDP.MKTP.KD,2013,2054230070.85013
Belize,BLZ,NY.GDP.MKTP.KD,2014,2134186060.0205
Belize,BLZ,NY.GDP.MKTP.KD,2015,2193095150.0
Belize,BLZ,NY.GDP.MKTP.KD,2016,2192684131.16429
Belize,BLZ,NY.GDP.MKTP.KD,2017,2152487028.0072
Belize,BLZ,NY.GDP.MKTP.KD,2018,2170181947.82235
Belize,BLZ,NY.GDP.MKTP.KD,2019,2262557632.66642
Belize,BLZ,NY.GDP.MKTP.KD,2020,1956594233.22066
Belize,BLZ,NY.GDP.MKTP.KD,2021,2308584056.87279
Belize,BLZ,NY.GDP.MKTP.KD,2022,2522139931.98722
Belize,BLZ,NY.GDP.MKTP.KD,2023,2534753858.51431
Belize,BLZ,NY.GDP.MKTP.KD,2024,2623588473.35997
Belize,BLZ,NY.GDP.MKTP.KD,2025,2695693009.71686
Bermuda,BMU,NY.GDP.MKTP.KD,1960,1684353374.14037
Bermuda,BMU,NY.GDP.MKTP.KD,1961,1763181111.49654
Bermuda,BMU,NY.GDP.MKTP.KD,1962,1841995308.02833
Bermuda,BMU,NY.GDP.MKTP.KD,1963,1861704657.7204
Bermuda,BMU,NY.GDP.MKTP.KD,1964,2068540044.96173
Bermuda,BMU,NY.GDP.MKTP.KD,1965,2167002551.42304
Bermuda,BMU,NY.GDP.MKTP.KD,1966,2478262917.22143
Bermuda,BMU,NY.GDP.MKTP.KD,1967,2807253305.25257
Bermuda,BMU,NY.GDP.MKTP.KD,1968,2866353374.41263
Bermuda,BMU,NY.GDP.MKTP.KD,1969,2964853490.3864
Bermuda,BMU,NY.GDP.MKTP.KD,1970,3152003710.10026
Bermuda,BMU,NY.GDP.MKTP.KD,1971,3260353838.30773
Bermuda,BMU,NY.GDP.MKTP.KD,1972,3319453907.46778
Bermuda,BMU,NY.GDP.MKTP.KD,1973,3368703965.45467
Bermuda,BMU,NY.GDP.MKTP.KD,1974,3398254000.03469
Bermuda,BMU,NY.GDP.MKTP.KD,1975,3526304151.64902
Bermuda,BMU,NY.GDP.MKTP.KD,1976,3841504521.91668
Bermuda,BMU,NY.GDP.MKTP.KD,1977,4068054788.44426
Bermuda,BMU,NY.GDP.MKTP.KD,1978,4127154858.66484
Bermuda,BMU,NY.GDP.MKTP.KD,1979,4215804962.40492
Bermuda,BMU,NY.GDP.MKTP.KD,1980,4550705357.13996
Bermuda,BMU,NY.GDP.MKTP.KD,1981,4659055484.2869
Bermuda,BMU,NY.GDP.MKTP.KD,1982,4412805194.35247
Bermuda,BMU,NY.GDP.MKTP.KD,1983,4501455299.15307
Bermuda,BMU,NY.GDP.MKTP.KD,1984,4523125324.79457
Bermuda,BMU,NY.GDP.MKTP.KD,1985,4432505217.75933
Bermuda,BMU,NY.GDP.MKTP.KD,1986,4728005565.68065
Bermuda,BMU,NY.GDP.MKTP.KD,1987,4905305774.22134
Bermuda,BMU,NY.GDP.MKTP.KD,1988,5104276008.40352
Bermuda,BMU,NY.GDP.MKTP.KD,1989,5126931035.69259
Bermuda,BMU,NY.GDP.MKTP.KD,1990,5127916036.27965
Bermuda,BMU,NY.GDP.MKTP.KD,1991,4946675890.08297
Bermuda,BMU,NY.GDP.MKTP.KD,1992,4943720834.23487
Bermuda,BMU,NY.GDP.MKTP.KD,1993,5092455993.93519
Bermuda,BMU,NY.GDP.MKTP.KD,1994,5122991040.76808
Bermuda,BMU,NY.GDP.MKTP.KD,1995,5348359015.58225
Bermuda,BMU,NY.GDP.MKTP.KD,1996,5487441777.63634
Bermuda,BMU,NY.GDP.MKTP.KD,1997,5739864145.64664
Bermuda,BMU,NY.GDP.MKTP.KD,1998,5963718852.73555
Bermuda,BMU,NY.GDP.MKTP.KD,1999,6165450410.7722
Bermuda,BMU,NY.GDP.MKTP.KD,2000,6739895068.97791
Bermuda,BMU,NY.GDP.MKTP.KD,2001,7226679645.63174
Bermuda,BMU,NY.GDP.MKTP.KD,2002,7119884453.30351
Bermuda,BMU,NY.GDP.MKTP.KD,2003,7362722827.73814
Bermuda,BMU,NY.GDP.MKTP.KD,2004,7533631299.4758
Bermuda,BMU,NY.GDP.MKTP.KD,2005,7659759815.30576
Bermuda,BMU,NY.GDP.MKTP.KD,2006,8084406664.52899
Bermuda,BMU,NY.GDP.MKTP.KD,2007,8354841362.08309
Bermuda,BMU,NY.GDP.MKTP.KD,2008,8198943712.90485
Bermuda,BMU,NY.GDP.MKTP.KD,2009,7737613934.72433
Bermuda,BMU,NY.GDP.MKTP.KD,2010,7543950875.42882
Bermuda,BMU,NY.GDP.MKTP.KD,2011,7261600082.73073
Bermuda,BMU,NY.GDP.MKTP.KD,2012,6876350478.40565
Bermuda,BMU,NY.GDP.MKTP.KD,2013,6857116738.50431
Bermuda,BMU,NY.GDP.MKTP.KD,2014,6603330213.03728
Bermuda,BMU,NY.GDP.MKTP.KD,2015,6654541000.0
Bermuda,BMU,NY.GDP.MKTP.KD,2016,6610806937.02849
Bermuda,BMU,NY.GDP.MKTP.KD,2017,6849550930.14215
Bermuda,BMU,NY.GDP.MKTP.KD,2018,6819905984.64909
Bermuda,BMU,NY.GDP.MKTP.KD,2019,6840850356.57848
Bermuda,BMU,NY.GDP.MKTP.KD,2020,6363931874.00836
Bermuda,BMU,NY.GDP.MKTP.KD,2021,6667171891.16811
Bermuda,BMU,NY.GDP.MKTP.KD,2022,7084333850.33281
Bermuda,BMU,NY.GDP.MKTP.KD,2023,7391402374.38734
Bermuda,BMU,NY.GDP.MKTP.KD,2024,7530968949.418
Bolivia,BOL,NY.GDP.MKTP.KD,1960,4727739746.61748
Bolivia,BOL,NY.GDP.MKTP.KD,1961,4826516221.30926
Bolivia,BOL,NY.GDP.MKTP.KD,1962,5095783596.89719
Bolivia,BOL,NY.GDP.MKTP.KD,1963,5442175895.81511
Bolivia,BOL,NY.GDP.MKTP.KD,1964,5657500838.51146
Bolivia,BOL,NY.GDP.MKTP.KD,1965,5935478858.33005
Bolivia,BOL,NY.GDP.MKTP.KD,1966,6361087691.79895
Bolivia,BOL,NY.GDP.MKTP.KD,1967,6762931564.98009
Bolivia,BOL,NY.GDP.MKTP.KD,1968,7339771963.91649
Bolivia,BOL,NY.GDP.MKTP.KD,1969,7668160505.29912
Bolivia,BOL,NY.GDP.MKTP.KD,1970,8069284228.42698
Bolivia,BOL,NY.GDP.MKTP.KD,1971,8477859237.10072
Bolivia,BOL,NY.GDP.MKTP.KD,1972,9153331417.91667
Bolivia,BOL,NY.GDP.MKTP.KD,1973,9678655892.97587
Bolivia,BOL,NY.GDP.MKTP.KD,1974,9963166545.87984
Bolivia,BOL,NY.GDP.MKTP.KD,1975,10691575418.658
Bolivia,BOL,NY.GDP.MKTP.KD,1976,11184945381.6671
Bolivia,BOL,NY.GDP.MKTP.KD,1977,11740973137.7078
Bolivia,BOL,NY.GDP.MKTP.KD,1978,11981979455.3401
Bolivia,BOL,NY.GDP.MKTP.KD,1979,11997956711.7528
Bolivia,BOL,NY.GDP.MKTP.KD,1980,11833371991.7641
Bolivia,BOL,NY.GDP.MKTP.KD,1981,11865986702.4249
Bolivia,BOL,NY.GDP.MKTP.KD,1982,11398616584.0015
Bolivia,BOL,NY.GDP.MKTP.KD,1983,10937870663.4467
Bolivia,BOL,NY.GDP.MKTP.KD,1984,10915922109.0496
Bolivia,BOL,NY.GDP.MKTP.KD,1985,10732928706.1236
Bolivia,BOL,NY.GDP.MKTP.KD,1986,10456675549.8987
Bolivia,BOL,NY.GDP.MKTP.KD,1987,10714274143.8023
Bolivia,BOL,NY.GDP.MKTP.KD,1988,11026005731.4817
Bolivia,BOL,NY.GDP.MKTP.KD,1989,11443905788.5866
Bolivia,BOL,NY.GDP.MKTP.KD,1990,11974420934.4213
Bolivia,BOL,NY.GDP.MKTP.KD,1991,12605057002.3211
Bolivia,BOL,NY.GDP.MKTP.KD,1992,12812599041.2997
Bolivia,BOL,NY.GDP.MKTP.KD,1993,13359606839.1564
Bolivia,BOL,NY.GDP.MKTP.KD,1994,13983135103.2068
Bolivia,BOL,NY.GDP.MKTP.KD,1995,14637304840.3199
Bolivia,BOL,NY.GDP.MKTP.KD,1996,15275687759.8007
Bolivia,BOL,NY.GDP.MKTP.KD,1997,16032477216.9508
Bolivia,BOL,NY.GDP.MKTP.KD,1998,16838807372.3412
Bolivia,BOL,NY.GDP.MKTP.KD,1999,16910689778.8934
Bolivia,BOL,NY.GDP.MKTP.KD,2000,17334777886.0337
Bolivia,BOL,NY.GDP.MKTP.KD,2001,17626660727.9135
Bolivia,BOL,NY.GDP.MKTP.KD,2002,18064782972.6588
Bolivia,BOL,NY.GDP.MKTP.KD,2003,18554580624.3609
Bolivia,BOL,NY.GDP.MKTP.KD,2004,19328918119.4062
Bolivia,BOL,NY.GDP.MKTP.KD,2005,20183533309.8717
Bolivia,BOL,NY.GDP.MKTP.KD,2006,21151739181.0517
Bolivia,BOL,NY.GDP.MKTP.KD,2007,22117185833.1355
Bolivia,BOL,NY.GDP.MKTP.KD,2008,23477060534.7097
Bolivia,BOL,NY.GDP.MKTP.KD,2009,24265185359.0687
Bolivia,BOL,NY.GDP.MKTP.KD,2010,25266542244.7777
Bolivia,BOL,NY.GDP.MKTP.KD,2011,26581436462.8276
Bolivia,BOL,NY.GDP.MKTP.KD,2012,27943010897.2274
Bolivia,BOL,NY.GDP.MKTP.KD,2013,29842021106.8507
Bolivia,BOL,NY.GDP.MKTP.KD,2014,31471565407.0189
Bolivia,BOL,NY.GDP.MKTP.KD,2015,33000198248.9146
Bolivia,BOL,NY.GDP.MKTP.KD,2016,34407300589.1656
Bolivia,BOL,NY.GDP.MKTP.KD,2017,35850757842.7191
Bolivia,BOL,NY.GDP.MKTP.KD,2018,36878987709.5463
Bolivia,BOL,NY.GDP.MKTP.KD,2019,37434651171.7885
Bolivia,BOL,NY.GDP.MKTP.KD,2020,32673162317.2639
Bolivia,BOL,NY.GDP.MKTP.KD,2021,35949969737.6152
Bolivia,BOL,NY.GDP.MKTP.KD,2022,37297165307.1202
Bolivia,BOL,NY.GDP.MKTP.KD,2023,38235698457.1529
Bolivia,BOL,NY.GDP.MKTP.KD,2024,37806175461.5329
Bolivia,BOL,NY.GDP.MKTP.KD,2025,37207939737.9555
Brazil,BRA,NY.GDP.MKTP.KD,1960,188463862170.398
Brazil,BRA,NY.GDP.MKTP.KD,1961,204671754317.052
Brazil,BRA,NY.GDP.MKTP.KD,1962,218180090101.977
Brazil,BRA,NY.GDP.MKTP.KD,1963,219489170642.589
Brazil,BRA,NY.GDP.MKTP.KD,1964,226951802444.437
Brazil,BRA,NY.GDP.MKTP.KD,1965,232398645703.104
Brazil,BRA,NY.GDP.MKTP.KD,1966,247969354965.212
Brazil,BRA,NY.GDP.MKTP.KD,1967,258384067873.751
Brazil,BRA,NY.GDP.MKTP.KD,1968,283705706525.378
Brazil,BRA,NY.GDP.MKTP.KD,1969,310657748645.289
Brazil,BRA,NY.GDP.MKTP.KD,1970,342966154504.399
Brazil,BRA,NY.GDP.MKTP.KD,1971,381868537872.879
Brazil,BRA,NY.GDP.MKTP.KD,1972,427464970641.338
Brazil,BRA,NY.GDP.MKTP.KD,1973,487176363095.81
Brazil,BRA,NY.GDP.MKTP.KD,1974,526900425028.37
Brazil,BRA,NY.GDP.MKTP.KD,1975,554123521012.024
Brazil,BRA,NY.GDP.MKTP.KD,1976,610960688344.948
Brazil,BRA,NY.GDP.MKTP.KD,1977,641107493085.333
Brazil,BRA,NY.GDP.MKTP.KD,1978,672969879569.773
Brazil,BRA,NY.GDP.MKTP.KD,1979,718459683182.517
Brazil,BRA,NY.GDP.MKTP.KD,1980,784557974035.307
Brazil,BRA,NY.GDP.MKTP.KD,1981,751214260138.81
Brazil,BRA,NY.GDP.MKTP.KD,1982,757449338497.958
Brazil,BRA,NY.GDP.MKTP.KD,1983,735256072879.968
Brazil,BRA,NY.GDP.MKTP.KD,1984,774959900815.486
Brazil,BRA,NY.GDP.MKTP.KD,1985,835794253029.505
Brazil,BRA,NY.GDP.MKTP.KD,1986,898395242581.413
Brazil,BRA,NY.GDP.MKTP.KD,1987,930108594644.536
Brazil,BRA,NY.GDP.MKTP.KD,1988,929550529487.75
Brazil,BRA,NY.GDP.MKTP.KD,1989,958924326219.565
Brazil,BRA,NY.GDP.MKTP.KD,1990,917211118029.012
Brazil,BRA,NY.GDP.MKTP.KD,1991,926678475666.292
Brazil,BRA,NY.GDP.MKTP.KD,1992,921636677088.89
Brazil,BRA,NY.GDP.MKTP.KD,1993,967024426395.984
Brazil,BRA,NY.GDP.MKTP.KD,1994,1023623112443.65
Brazil,BRA,NY.GDP.MKTP.KD,1995,1066858840298.13
Brazil,BRA,NY.GDP.MKTP.KD,1996,1090424301689.88
Brazil,BRA,NY.GDP.MKTP.KD,1997,1127442527329.51
Brazil,BRA,NY.GDP.MKTP.KD,1998,1131254386851.73
Brazil,BRA,NY.GDP.MKTP.KD,1999,1136547951100.23
Brazil,BRA,NY.GDP.MKTP.KD,2000,1186419100640.61
Brazil,BRA,NY.GDP.MKTP.KD,2001,1202909097020.67
Brazil,BRA,NY.GDP.MKTP.KD,2002,1239639467497.76
Brazil,BRA,NY.GDP.MKTP.KD,2003,1253781634016.71
Brazil,BRA,NY.GDP.MKTP.KD,2004,1325999012757.63
Brazil,BRA,NY.GDP.MKTP.KD,2005,1368459252277.73
Brazil,BRA,NY.GDP.MKTP.KD,2006,1422677453370.7
Brazil,BRA,NY.GDP.MKTP.KD,2007,1509032133942.18
Brazil,BRA,NY.GDP.MKTP.KD,2008,1585905180197.0
Brazil,BRA,NY.GDP.MKTP.KD,2009,1583909921137.42
Brazil,BRA,NY.GDP.MKTP.KD,2010,1703150236756.78
Brazil,BRA,NY.GDP.MKTP.KD,2011,1770840632844.1
Brazil,BRA,NY.GDP.MKTP.KD,2012,1804861597828.48
Brazil,BRA,NY.GDP.MKTP.KD,2013,1859094488272.12
Brazil,BRA,NY.GDP.MKTP.KD,2014,1868463501662.3
Brazil,BRA,NY.GDP.MKTP.KD,2015,1802212206814.5
Brazil,BRA,NY.GDP.MKTP.KD,2016,1743173232416.64
Brazil,BRA,NY.GDP.MKTP.KD,2017,1766233131666.66
Brazil,BRA,NY.GDP.MKTP.KD,2018,1797736844969.16
Brazil,BRA,NY.GDP.MKTP.KD,2019,1819683217699.38
Brazil,BRA,NY.GDP.MKTP.KD,2020,1760056587795.46
Brazil,BRA,NY.GDP.MKTP.KD,2021,1843881119920.2
Brazil,BRA,NY.GDP.MKTP.KD,2022,1899505377558.02
Brazil,BRA,NY.GDP.MKTP.KD,2023,1961080794855.6
Brazil,BRA,NY.GDP.MKTP.KD,2024,2028136327872.37
Brazil,BRA,NY.GDP.MKTP.KD,2025,2074494382804.15
Barbados,BRB,NY.GDP.MKTP.KD,1960,1952658978.13138
Barbados,BRB,NY.GDP.MKTP.KD,1961,2102945958.28804
Barbados,BRB,NY.GDP.MKTP.KD,1962,2293488815.25593
Barbados,BRB,NY.GDP.MKTP.KD,1963,2177015795.79499
Barbados,BRB,NY.GDP.MKTP.KD,1964,2285972731.54075
Barbados,BRB,NY.GDP.MKTP.KD,1965,2547370135.67407
Barbados,BRB,NY.GDP.MKTP.KD,1966,2649350819.12371
Barbados,BRB,NY.GDP.MKTP.KD,1967,2931139379.25577
Barbados,BRB,NY.GDP.MKTP.KD,1968,3134027609.98628
Barbados,BRB,NY.GDP.MKTP.KD,1969,3369656492.07877
Barbados,BRB,NY.GDP.MKTP.KD,1970,3690090707.33554
Barbados,BRB,NY.GDP.MKTP.KD,1971,3834473714.47323
Barbados,BRB,NY.GDP.MKTP.KD,1972,3883317266.42714
Barbados,BRB,NY.GDP.MKTP.KD,1973,3935380917.48569
Barbados,BRB,NY.GDP.MKTP.KD,1974,3752352598.80454
Barbados,BRB,NY.GDP.MKTP.KD,1975,3681057899.32418
Barbados,BRB,NY.GDP.MKTP.KD,1976,3841559791.14055
Barbados,BRB,NY.GDP.MKTP.KD,1977,3981477303.04947
Barbados,BRB,NY.GDP.MKTP.KD,1978,4175651534.80747
Barbados,BRB,NY.GDP.MKTP.KD,1979,4505236050.49308
Barbados,BRB,NY.GDP.MKTP.KD,1980,4702252942.92575
Barbados,BRB,NY.GDP.MKTP.KD,1981,4612921818.77254
Barbados,BRB,NY.GDP.MKTP.KD,1982,4386845358.41557
Barbados,BRB,NY.GDP.MKTP.KD,1983,4408834558.20714
Barbados,BRB,NY.GDP.MKTP.KD,1984,4567569094.20243
Barbados,BRB,NY.GDP.MKTP.KD,1985,4617731956.22693
Barbados,BRB,NY.GDP.MKTP.KD,1986,4853428691.49267
Barbados,BRB,NY.GDP.MKTP.KD,1987,4979179427.80065
Barbados,BRB,NY.GDP.MKTP.KD,1988,5153718701.14615
Barbados,BRB,NY.GDP.MKTP.KD,1989,5339252574.38739
Barbados,BRB,NY.GDP.MKTP.KD,1990,5162651813.56145
Barbados,BRB,NY.GDP.MKTP.KD,1991,4961313182.99568
Barbados,BRB,NY.GDP.MKTP.KD,1992,4678889397.92359
Barbados,BRB,NY.GDP.MKTP.KD,1993,4715996211.92084
Barbados,BRB,NY.GDP.MKTP.KD,1994,4810824618.76933
Barbados,BRB,NY.GDP.MKTP.KD,1995,4907714545.91523
Barbados,BRB,NY.GDP.MKTP.KD,1996,5102868633.97329
Barbados,BRB,NY.GDP.MKTP.KD,1997,5344749893.39647
Barbados,BRB,NY.GDP.MKTP.KD,1998,5544026979.63733
Barbados,BRB,NY.GDP.MKTP.KD,1999,5562580407.84196
Barbados,BRB,NY.GDP.MKTP.KD,2000,5809958899.21421
Barbados,BRB,NY.GDP.MKTP.KD,2001,5672526404.0074
Barbados,BRB,NY.GDP.MKTP.KD,2002,5717191970.25111
Barbados,BRB,NY.GDP.MKTP.KD,2003,5841568396.43838
Barbados,BRB,NY.GDP.MKTP.KD,2004,5924027851.15045
Barbados,BRB,NY.GDP.MKTP.KD,2005,6158350231.09115
Barbados,BRB,NY.GDP.MKTP.KD,2006,6532195763.58308
Barbados,BRB,NY.GDP.MKTP.KD,2007,6668012106.95058
Barbados,BRB,NY.GDP.MKTP.KD,2008,6710251324.83512
Barbados,BRB,NY.GDP.MKTP.KD,2009,6373579532.48337
Barbados,BRB,NY.GDP.MKTP.KD,2010,5858548339.28011
Barbados,BRB,NY.GDP.MKTP.KD,2011,5854200642.29805
Barbados,BRB,NY.GDP.MKTP.KD,2012,5686889314.11823
Barbados,BRB,NY.GDP.MKTP.KD,2013,5697997060.48008
Barbados,BRB,NY.GDP.MKTP.KD,2014,5743998435.21408
Barbados,BRB,NY.GDP.MKTP.KD,2015,5699619150.0
Barbados,BRB,NY.GDP.MKTP.KD,2016,5780344250.61654
Barbados,BRB,NY.GDP.MKTP.KD,2017,5818185598.11782
Barbados,BRB,NY.GDP.MKTP.KD,2018,5803518805.99554
Barbados,BRB,NY.GDP.MKTP.KD,2019,5817511077.59999
Barbados,BRB,NY.GDP.MKTP.KD,2020,4804919086.45399
Barbados,BRB,NY.GDP.MKTP.KD,2021,5190267687.6007
Barbados,BRB,NY.GDP.MKTP.KD,2022,6017872511.55711
Barbados,BRB,NY.GDP.MKTP.KD,2023,6127048645.01886
Barbados,BRB,NY.GDP.MKTP.KD,2024,6333343263.91816
Barbados,BRB,NY.GDP.MKTP.KD,2025,6504343545.82786
Brunei Darussalam,BRN,NY.GDP.MKTP.KD,1974,9912272267.89615
Brunei Darussalam,BRN,NY.GDP.MKTP.KD,1975,9848309209.66318
Brunei Darussalam,BRN,NY.GDP.MKTP.KD,1976,11904059044.8316
Brunei Darussalam,BRN,NY.GDP.MKTP.KD,1977,13086612418.4455
Brunei Darussalam,BRN,NY.GDP.MKTP.KD,1978,14005179314.3602
Brunei Darussalam,BRN,NY.GDP.MKTP.KD,1979,17413814293.2045
Brunei Darussalam,BRN,NY.GDP.MKTP.KD,1980,15723288139.5098
Brunei Darussalam,BRN,NY.GDP.MKTP.KD,1981,12203657762.7171
Brunei Darussalam,BRN,NY.GDP.MKTP.KD,1982,12484528603.9686
Brunei Darussalam,BRN,NY.GDP.MKTP.KD,1983,12534388984.5446
Brunei Darussalam,BRN,NY.GDP.MKTP.KD,1984,12236497488.711
Brunei Darussalam,BRN,NY.GDP.MKTP.KD,1985,11880752639.9944
Brunei Darussalam,BRN,NY.GDP.MKTP.KD,1986,11238334169.2837
Brunei Darussalam,BRN,NY.GDP.MKTP.KD,1987,11472489831.7877
Brunei Darussalam,BRN,NY.GDP.MKTP.KD,1988,11296288084.0505
Brunei Darussalam,BRN,NY.GDP.MKTP.KD,1989,10988327048.8558
Brunei Darussalam,BRN,NY.GDP.MKTP.KD,1990,11278756616.4487
Brunei Darussalam,BRN,NY.GDP.MKTP.KD,1991,11607042426.7693
Brunei Darussalam,BRN,NY.GDP.MKTP.KD,1992,11244830875.618
Brunei Darussalam,BRN,NY.GDP.MKTP.KD,1993,11173578043.1446
Brunei Darussalam,BRN,NY.GDP.MKTP.KD,1994,11284502058.5432
Brunei Darussalam,BRN,NY.GDP.MKTP.KD,1995,11436537451.0601
Brunei Darussalam,BRN,NY.GDP.MKTP.KD,1996,11433413507.5779
Brunei Darussalam,BRN,NY.GDP.MKTP.KD,1997,12158742971.3512
Brunei Darussalam,BRN,NY.GDP.MKTP.KD,1998,11349316081.3304
Brunei Darussalam,BRN,NY.GDP.MKTP.KD,1999,11832878906.9191
Brunei Darussalam,BRN,NY.GDP.MKTP.KD,2000,12244033143.1515
Brunei Darussalam,BRN,NY.GDP.MKTP.KD,2001,12423538115.8353
Brunei Darussalam,BRN,NY.GDP.MKTP.KD,2002,12915688987.5154
Brunei Darussalam,BRN,NY.GDP.MKTP.KD,2003,13378513545.1324
Brunei Darussalam,BRN,NY.GDP.MKTP.KD,2004,13392499225.471
Brunei Darussalam,BRN,NY.GDP.MKTP.KD,2005,13391973527.4748
Brunei Darussalam,BRN,NY.GDP.MKTP.KD,2006,13940831854.3091
Brunei Darussalam,BRN,NY.GDP.MKTP.KD,2007,13416151463.6479
Brunei Darussalam,BRN,NY.GDP.MKTP.KD,2008,12892826165.4277
Brunei Darussalam,BRN,NY.GDP.MKTP.KD,2009,12647829762.7913
Brunei Darussalam,BRN,NY.GDP.MKTP.KD,2010,12994552864.5932
Brunei Darussalam,BRN,NY.GDP.MKTP.KD,2011,13481121714.8966
Brunei Darussalam,BRN,NY.GDP.MKTP.KD,2012,13604222581.2368
Brunei Darussalam,BRN,NY.GDP.MKTP.KD,2013,13315162382.5279
Brunei Darussalam,BRN,NY.GDP.MKTP.KD,2014,12981233119.3701
Brunei Darussalam,BRN,NY.GDP.MKTP.KD,2015,12930296870.1247
Brunei Darussalam,BRN,NY.GDP.MKTP.KD,2016,12609894752.9469
Brunei Darussalam,BRN,NY.GDP.MKTP.KD,2017,12777445780.0952
Brunei Darussalam,BRN,NY.GDP.MKTP.KD,2018,12784137461.5724
Brunei Darussalam,BRN,NY.GDP.MKTP.KD,2019,13278735842.9555
Brunei Darussalam,BRN,NY.GDP.MKTP.KD,2020,13429260053.625
Brunei Darussalam,BRN,NY.GDP.MKTP.KD,2021,13215632407.1015
Brunei Darussalam,BRN,NY.GDP.MKTP.KD,2022,13000438095.7254
Brunei Darussalam,BRN,NY.GDP.MKTP.KD,2023,13147036779.4979
Brunei Darussalam,BRN,NY.GDP.MKTP.KD,2024,13679822692.2189
Brunei Darussalam,BRN,NY.GDP.MKTP.KD,2025,13771417606.902
Bhutan,BTN,NY.GDP.MKTP.KD,1970,126311212.051553
Bhutan,BTN,NY.GDP.MKTP.KD,1971,129692690.12441
Bhutan,BTN,NY.GDP.MKTP.KD,1972,131201349.548041
Bhutan,BTN,NY.GDP.MKTP.KD,1973,133126190.949982
Bhutan,BTN,NY.GDP.MKTP.KD,1974,139993192.572191
Bhutan,BTN,NY.GDP.MKTP.KD,1975,135363168.738005
Bhutan,BTN,NY.GDP.MKTP.KD,1976,147484467.111233
Bhutan,BTN,NY.GDP.MKTP.KD,1977,159137560.782369
Bhutan,BTN,NY.GDP.MKTP.KD,1978,170478518.081892
Bhutan,BTN,NY.GDP.MKTP.KD,1979,178646088.218144
Bhutan,BTN,NY.GDP.MKTP.KD,1980,187593999.442569
Bhutan,BTN,NY.GDP.MKTP.KD,1981,215962517.145629
Bhutan,BTN,NY.GDP.MKTP.KD,1982,223391139.340414
Bhutan,BTN,NY.GDP.MKTP.KD,1983,246693104.693754
Bhutan,BTN,NY.GDP.MKTP.KD,1984,257934068.232727
Bhutan,BTN,NY.GDP.MKTP.KD,1985,268325027.287451
Bhutan,BTN,NY.GDP.MKTP.KD,1986,298893144.602371
Bhutan,BTN,NY.GDP.MKTP.KD,1987,385734526.793258
Bhutan,BTN,NY.GDP.MKTP.KD,1988,404123930.550951
Bhutan,BTN,NY.GDP.MKTP.KD,1989,433849538.315426
Bhutan,BTN,NY.GDP.MKTP.KD,1990,478896647.442211
Bhutan,BTN,NY.GDP.MKTP.KD,1991,476943344.281171
Bhutan,BTN,NY.GDP.MKTP.KD,1992,498886988.870284
Bhutan,BTN,NY.GDP.MKTP.KD,1993,508796713.190136
Bhutan,BTN,NY.GDP.MKTP.KD,1994,533989801.395013
Bhutan,BTN,NY.GDP.MKTP.KD,1995,571764867.157183
Bhutan,BTN,NY.GDP.MKTP.KD,1996,603584570.491821
Bhutan,BTN,NY.GDP.MKTP.KD,1997,636020230.797729
Bhutan,BTN,NY.GDP.MKTP.KD,1998,673634664.004838
Bhutan,BTN,NY.GDP.MKTP.KD,1999,727417465.574037
Bhutan,BTN,NY.GDP.MKTP.KD,2000,751822818.964787
Bhutan,BTN,NY.GDP.MKTP.KD,2001,806919209.637853
Bhutan,BTN,NY.GDP.MKTP.KD,2002,891192074.385711
Bhutan,BTN,NY.GDP.MKTP.KD,2003,960585283.615957
Bhutan,BTN,NY.GDP.MKTP.KD,2004,1010125138.87137
Bhutan,BTN,NY.GDP.MKTP.KD,2005,1080178039.16497
Bhutan,BTN,NY.GDP.MKTP.KD,2006,1141108777.66963
Bhutan,BTN,NY.GDP.MKTP.KD,2007,1324881877.57243
Bhutan,BTN,NY.GDP.MKTP.KD,2008,1384891723.57233
Bhutan,BTN,NY.GDP.MKTP.KD,2009,1491078191.02509
Bhutan,BTN,NY.GDP.MKTP.KD,2010,1668991759.59852
Bhutan,BTN,NY.GDP.MKTP.KD,2011,1810676784.15218
Bhutan,BTN,NY.GDP.MKTP.KD,2012,1904194983.13207
Bhutan,BTN,NY.GDP.MKTP.KD,2013,1937258289.82484
Bhutan,BTN,NY.GDP.MKTP.KD,2014,2051190106.33281
Bhutan,BTN,NY.GDP.MKTP.KD,2015,2187815803.36833
Bhutan,BTN,NY.GDP.MKTP.KD,2016,2373253832.39027
Bhutan,BTN,NY.GDP.MKTP.KD,2017,2422779966.72395
Bhutan,BTN,NY.GDP.MKTP.KD,2018,2507622616.54362
Bhutan,BTN,NY.GDP.MKTP.KD,2019,2651940022.25787
Bhutan,BTN,NY.GDP.MKTP.KD,2020,2380954251.4208
Bhutan,BTN,NY.GDP.MKTP.KD,2021,2486224986.25084
Bhutan,BTN,NY.GDP.MKTP.KD,2022,2615853471.18587
Bhutan,BTN,NY.GDP.MKTP.KD,2023,2737023911.63804
Bhutan,BTN,NY.GDP.MKTP.KD,2024,2942261348.45564
Bhutan,BTN,NY.GDP.MKTP.KD,2025,3177790168.58628
Botswana,BWA,NY.GDP.MKTP.KD,1960,203297646.310888
Botswana,BWA,NY.GDP.MKTP.KD,1961,216193392.770107
Botswana,BWA,NY.GDP.MKTP.KD,1962,230606288.144643
Botswana,BWA,NY.GDP.MKTP.KD,1963,244260590.446339
Botswana,BWA,NY.GDP.MKTP.KD,1964,260949209.017402
Botswana,BWA,NY.GDP.MKTP.KD,1965,276120678.761373
Botswana,BWA,NY.GDP.MKTP.KD,1966,293637827.376465
Botswana,BWA,NY.GDP.MKTP.KD,1967,311034576.440118
Botswana,BWA,NY.GDP.MKTP.KD,1968,343901775.878978
Botswana,BWA,NY.GDP.MKTP.KD,1969,395911433.315038
Botswana,BWA,NY.GDP.MKTP.KD,1970,463692530.432643
Botswana,BWA,NY.GDP.MKTP.KD,1971,583423075.814774
Botswana,BWA,NY.GDP.MKTP.KD,1972,737224722.544914
Botswana,BWA,NY.GDP.MKTP.KD,1973,894277062.41177
Botswana,BWA,NY.GDP.MKTP.KD,1974,972953726.998367
Botswana,BWA,NY.GDP.MKTP.KD,1975,1055131834.82994
Botswana,BWA,NY.GDP.MKTP.KD,1976,1167475696.06134
Botswana,BWA,NY.GDP.MKTP.KD,1977,1307713344.76305
Botswana,BWA,NY.GDP.MKTP.KD,1978,1495145303.78854
Botswana,BWA,NY.GDP.MKTP.KD,1979,1676784360.54518
Botswana,BWA,NY.GDP.MKTP.KD,1980,1877778848.23491
Botswana,BWA,NY.GDP.MKTP.KD,1981,2047996824.33982
Botswana,BWA,NY.GDP.MKTP.KD,1982,2297146530.42091
Botswana,BWA,NY.GDP.MKTP.KD,1983,2599146160.6333
Botswana,BWA,NY.GDP.MKTP.KD,1984,2821253171.4171
Botswana,BWA,NY.GDP.MKTP.KD,1985,3022275113.05842
Botswana,BWA,NY.GDP.MKTP.KD,1986,3269283371.12699
Botswana,BWA,NY.GDP.MKTP.KD,1987,3657737271.88202
Botswana,BWA,NY.GDP.MKTP.KD,1988,4369166056.00913
Botswana,BWA,NY.GDP.MKTP.KD,1989,4939753185.09045
Botswana,BWA,NY.GDP.MKTP.KD,1990,5274313873.08845
Botswana,BWA,NY.GDP.MKTP.KD,1991,5667709608.2008
Botswana,BWA,NY.GDP.MKTP.KD,1992,5833040675.49628
Botswana,BWA,NY.GDP.MKTP.KD,1993,5944807979.21822
Botswana,BWA,NY.GDP.MKTP.KD,1994,6160480628.0856
Botswana,BWA,NY.GDP.MKTP.KD,1995,6593587689.50958
Botswana,BWA,NY.GDP.MKTP.KD,1996,6977980665.54234
Botswana,BWA,NY.GDP.MKTP.KD,1997,7558959721.65963
Botswana,BWA,NY.GDP.MKTP.KD,1998,7592496073.43073
Botswana,BWA,NY.GDP.MKTP.KD,1999,8326480944.19697
Botswana,BWA,NY.GDP.MKTP.KD,2000,8491986059.02571
Botswana,BWA,NY.GDP.MKTP.KD,2001,8513264763.90086
Botswana,BWA,NY.GDP.MKTP.KD,2002,9029979997.34259
Botswana,BWA,NY.GDP.MKTP.KD,2003,9447697367.92895
Botswana,BWA,NY.GDP.MKTP.KD,2004,9703335214.03812
Botswana,BWA,NY.GDP.MKTP.KD,2005,10145481816.2871
Botswana,BWA,NY.GDP.MKTP.KD,2006,10994036837.1472
Botswana,BWA,NY.GDP.MKTP.KD,2007,11630872553.1126
Botswana,BWA,NY.GDP.MKTP.KD,2008,12009117014.1882
Botswana,BWA,NY.GDP.MKTP.KD,2009,10310519328.3503
Botswana,BWA,NY.GDP.MKTP.KD,2010,11353915357.5123
Botswana,BWA,NY.GDP.MKTP.KD,2011,12130342700.3127
Botswana,BWA,NY.GDP.MKTP.KD,2012,12109617148.6354
Botswana,BWA,NY.GDP.MKTP.KD,2013,13454136663.42
Botswana,BWA,NY.GDP.MKTP.KD,2014,14220638232.789
Botswana,BWA,NY.GDP.MKTP.KD,2015,13530748844.505
Botswana,BWA,NY.GDP.MKTP.KD,2016,14505561464.3559
Botswana,BWA,NY.GDP.MKTP.KD,2017,15102375175.8986
Botswana,BWA,NY.GDP.MKTP.KD,2018,15734967212.8207
Botswana,BWA,NY.GDP.MKTP.KD,2019,16212015762.4196
Botswana,BWA,NY.GDP.MKTP.KD,2020,14796887965.3696
Botswana,BWA,NY.GDP.MKTP.KD,2021,16560125447.6096
Botswana,BWA,NY.GDP.MKTP.KD,2022,17468616755.5627
Botswana,BWA,NY.GDP.MKTP.KD,2023,18029021881.095
Botswana,BWA,NY.GDP.MKTP.KD,2024,17527834937.7785
Botswana,BWA,NY.GDP.MKTP.KD,2025,17399198450.9626
Central African Republic,CAF,NY.GDP.MKTP.KD,1960,980371513.739357
Central African Republic,CAF,NY.GDP.MKTP.KD,1961,1028934744.09243
Central African Republic,CAF,NY.GDP.MKTP.KD,1962,990722163.67209
Central African Republic,CAF,NY.GDP.MKTP.KD,1963,983717651.45014
Central African Republic,CAF,NY.GDP.MKTP.KD,1964,1004182171.74198
Central African Republic,CAF,NY.GDP.MKTP.KD,1965,1013697588.23369
Central African Republic,CAF,NY.GDP.MKTP.KD,1966,1020233745.25506
Central African Republic,CAF,NY.GDP.MKTP.KD,1967,1067946130.32709
Central African Republic,CAF,NY.GDP.MKTP.KD,1968,1082941302.66553
Central African Republic,CAF,NY.GDP.MKTP.KD,1969,1159738545.69334
Central African Republic,CAF,NY.GDP.MKTP.KD,1970,1186793864.44662
Central African Republic,CAF,NY.GDP.MKTP.KD,1971,1200207036.99646
Central African Republic,CAF,NY.GDP.MKTP.KD,1972,1200196629.10311
Central African Republic,CAF,NY.GDP.MKTP.KD,1973,1222867622.78433
Central African Republic,CAF,NY.GDP.MKTP.KD,1974,1300385612.42636
Central African Republic,CAF,NY.GDP.MKTP.KD,1975,1305652006.45951
Central African Republic,CAF,NY.GDP.MKTP.KD,1976,1376581799.61343
Central African Republic,CAF,NY.GDP.MKTP.KD,1977,1428977736.69122
Central African Republic,CAF,NY.GDP.MKTP.KD,1978,1446257441.61914
Central African Republic,CAF,NY.GDP.MKTP.KD,1979,1410605202.96195
Central African Republic,CAF,NY.GDP.MKTP.KD,1980,1347429290.3509
Central African Republic,CAF,NY.GDP.MKTP.KD,1981,1326618707.6053
Central African Republic,CAF,NY.GDP.MKTP.KD,1982,1428977736.69122
Central African Republic,CAF,NY.GDP.MKTP.KD,1983,1312851666.6817
Central African Republic,CAF,NY.GDP.MKTP.KD,1984,1437332673.07483
Central African Republic,CAF,NY.GDP.MKTP.KD,1985,1493779882.6376
Central African Republic,CAF,NY.GDP.MKTP.KD,1986,1547227016.94335
Central African Republic,CAF,NY.GDP.MKTP.KD,1987,1470809662.02268
Central African Republic,CAF,NY.GDP.MKTP.KD,1988,1495962938.26696
Central African Republic,CAF,NY.GDP.MKTP.KD,1989,1525542171.15668
Central African Republic,CAF,NY.GDP.MKTP.KD,1990,1492780724.87637
Central African Republic,CAF,NY.GDP.MKTP.KD,1991,1484532469.39956
Central African Republic,CAF,NY.GDP.MKTP.KD,1992,1389164942.66891
Central African Republic,CAF,NY.GDP.MKTP.KD,1993,1393822474.94131
Central African Republic,CAF,NY.GDP.MKTP.KD,1994,1462119071.07866
Central African Republic,CAF,NY.GDP.MKTP.KD,1995,1567392310.30149
Central African Republic,CAF,NY.GDP.MKTP.KD,1996,1504695160.78436
Central African Republic,CAF,NY.GDP.MKTP.KD,1997,1584443041.5758
Central African Republic,CAF,NY.GDP.MKTP.KD,1998,1658914120.44075
Central African Republic,CAF,NY.GDP.MKTP.KD,1999,1718634612.46088
Central African Republic,CAF,NY.GDP.MKTP.KD,2000,1675850364.88825
Central African Republic,CAF,NY.GDP.MKTP.KD,2001,1750672710.15363
Central African Republic,CAF,NY.GDP.MKTP.KD,2002,1813986527.35151
Central African Republic,CAF,NY.GDP.MKTP.KD,2003,1716076872.67107
Central African Republic,CAF,NY.GDP.MKTP.KD,2004,1818953694.45096
Central African Republic,CAF,NY.GDP.MKTP.KD,2005,1835473623.16461
Central African Republic,CAF,NY.GDP.MKTP.KD,2006,1923045637.77901
Central African Republic,CAF,NY.GDP.MKTP.KD,2007,2011650635.80801
Central African Republic,CAF,NY.GDP.MKTP.KD,2008,2052972574.3655
Central African Republic,CAF,NY.GDP.MKTP.KD,2009,2229266675.80904
Central African Republic,CAF,NY.GDP.MKTP.KD,2010,2332499967.93604
Central African Republic,CAF,NY.GDP.MKTP.KD,2011,2430339369.3364
Central African Republic,CAF,NY.GDP.MKTP.KD,2012,2553162918.71416
Central African Republic,CAF,NY.GDP.MKTP.KD,2013,1624016454.05115
Central African Republic,CAF,NY.GDP.MKTP.KD,2014,1625333052.55944
Central African Republic,CAF,NY.GDP.MKTP.KD,2015,1695825714.19282
Central African Republic,CAF,NY.GDP.MKTP.KD,2016,1776382808.69192
Central African Republic,CAF,NY.GDP.MKTP.KD,2017,1856804600.57752
Central African Republic,CAF,NY.GDP.MKTP.KD,2018,1927167163.54408
Central African Republic,CAF,NY.GDP.MKTP.KD,2019,1986909345.61394
Central African Republic,CAF,NY.GDP.MKTP.KD,2020,2004791529.66202
Central African Republic,CAF,NY.GDP.MKTP.KD,2021,2024497026.49048
Central African Republic,CAF,NY.GDP.MKTP.KD,2022,2033686256.48235
Central African Republic,CAF,NY.GDP.MKTP.KD,2023,2047921417.64834
Central African Republic,CAF,NY.GDP.MKTP.KD,2024,2078640238.88184
Central African Republic,CAF,NY.GDP.MKTP.KD,2025,2172168656.51218
Canada,CAN,NY.GDP.MKTP.KD,1960,276385908059.151
Canada,CAN,NY.GDP.MKTP.KD,1961,285128800638.552
Canada,CAN,NY.GDP.MKTP.KD,1962,306307703908.028
Canada,CAN,NY.GDP.MKTP.KD,1963,322534170982.217
Canada,CAN,NY.GDP.MKTP.KD,1964,344002045346.374
Canada,CAN,NY.GDP.MKTP.KD,1965,365733342374.397
Canada,CAN,NY.GDP.MKTP.KD,1966,390455782959.693
Canada,CAN,NY.GDP.MKTP.KD,1967,402424895568.735
Canada,CAN,NY.GDP.MKTP.KD,1968,422579437508.508
Canada,CAN,NY.GDP.MKTP.KD,1969,443991674454.406
Canada,CAN,NY.GDP.MKTP.KD,1970,456950517397.954
Canada,CAN,NY.GDP.MKTP.KD,1971,475314650671.813
Canada,CAN,NY.GDP.MKTP.KD,1972,501550450510.347
Canada,CAN,NY.GDP.MKTP.KD,1973,535297982389.479
Canada,CAN,NY.GDP.MKTP.KD,1974,553272089249.577
Canada,CAN,NY.GDP.MKTP.KD,1975,561822374580.195
Canada,CAN,NY.GDP.MKTP.KD,1976,594909644370.074
Canada,CAN,NY.GDP.MKTP.KD,1977,615938668639.395
Canada,CAN,NY.GDP.MKTP.KD,1978,638949991969.794
Canada,CAN,NY.GDP.MKTP.KD,1979,662752153582.223
Canada,CAN,NY.GDP.MKTP.KD,1980,677181588350.121
Canada,CAN,NY.GDP.MKTP.KD,1981,700307780942.98
Canada,CAN,NY.GDP.MKTP.KD,1982,678134984073.747
Canada,CAN,NY.GDP.MKTP.KD,1983,695510522515.037
Canada,CAN,NY.GDP.MKTP.KD,1984,736535693822.227
Canada,CAN,NY.GDP.MKTP.KD,1985,771430403355.963
Canada,CAN,NY.GDP.MKTP.KD,1986,787796151895.929
Canada,CAN,NY.GDP.MKTP.KD,1987,819875334674.611
Canada,CAN,NY.GDP.MKTP.KD,1988,856038716216.907
Canada,CAN,NY.GDP.MKTP.KD,1989,876047164404.839
Canada,CAN,NY.GDP.MKTP.KD,1990,877825083275.001
Canada,CAN,NY.GDP.MKTP.KD,1991,859469276531.644
Canada,CAN,NY.GDP.MKTP.KD,1992,867122560316.335
Canada,CAN,NY.GDP.MKTP.KD,1993,890168135899.429
Canada,CAN,NY.GDP.MKTP.KD,1994,930172731125.229
Canada,CAN,NY.GDP.MKTP.KD,1995,955123017248.51
Canada,CAN,NY.GDP.MKTP.KD,1996,971254674627.055
Canada,CAN,NY.GDP.MKTP.KD,1997,1012825994794.92
Canada,CAN,NY.GDP.MKTP.KD,1998,1052254162075.79
Canada,CAN,NY.GDP.MKTP.KD,1999,1106350585213.86
Canada,CAN,NY.GDP.MKTP.KD,2000,1163200843613.23
Canada,CAN,NY.GDP.MKTP.KD,2001,1185012000891.58
Canada,CAN,NY.GDP.MKTP.KD,2002,1220553536588.13
Canada,CAN,NY.GDP.MKTP.KD,2003,1242601434048.71
Canada,CAN,NY.GDP.MKTP.KD,2004,1281027191102.52
Canada,CAN,NY.GDP.MKTP.KD,2005,1322153985116.97
Canada,CAN,NY.GDP.MKTP.KD,2006,1357031663572.77
Canada,CAN,NY.GDP.MKTP.KD,2007,1384849517992.3
Canada,CAN,NY.GDP.MKTP.KD,2008,1398634398326.82
Canada,CAN,NY.GDP.MKTP.KD,2009,1357862999005.37
Canada,CAN,NY.GDP.MKTP.KD,2010,1399831914632.5
Canada,CAN,NY.GDP.MKTP.KD,2011,1443747363549.13
Canada,CAN,NY.GDP.MKTP.KD,2012,1469094677743.48
Canada,CAN,NY.GDP.MKTP.KD,2013,1503263081057.7
Canada,CAN,NY.GDP.MKTP.KD,2014,1546458845944.07
Canada,CAN,NY.GDP.MKTP.KD,2015,1556510380200.23
Canada,CAN,NY.GDP.MKTP.KD,2016,1572675533072.03
Canada,CAN,NY.GDP.MKTP.KD,2017,1620387912547.73
Canada,CAN,NY.GDP.MKTP.KD,2018,1664834560154.15
Canada,CAN,NY.GDP.MKTP.KD,2019,1696606794629.52
Canada,CAN,NY.GDP.MKTP.KD,2020,1611127783961.78
Canada,CAN,NY.GDP.MKTP.KD,2021,1706998394665.32
Canada,CAN,NY.GDP.MKTP.KD,2022,1787149136135.45
Canada,CAN,NY.GDP.MKTP.KD,2023,1822053687169.68
Canada,CAN,NY.GDP.MKTP.KD,2024,1859337753256.2
Canada,CAN,NY.GDP.MKTP.KD,2025,1891740160107.82
Central Europe and the Baltics,CEB,NY.GDP.MKTP.KD,1990,747652989072.988
Central Europe and the Baltics,CEB,NY.GDP.MKTP.KD,1991,666366252243.004
Central Europe and the Baltics,CEB,NY.GDP.MKTP.KD,1992,633478690962.563
Central Europe and the Baltics,CEB,NY.GDP.MKTP.KD,1993,634802040679.395
Central Europe and the Baltics,CEB,NY.GDP.MKTP.KD,1994,658216608402.021
Central Europe and the Baltics,CEB,NY.GDP.MKTP.KD,1995,695812203050.709
Central Europe and the Baltics,CEB,NY.GDP.MKTP.KD,1996,727027590135.076
Central Europe and the Baltics,CEB,NY.GDP.MKTP.KD,1997,743277824341.724
Central Europe and the Baltics,CEB,NY.GDP.MKTP.KD,1998,762854060648.267
Central Europe and the Baltics,CEB,NY.GDP.MKTP.KD,1999,777356319923.598
Central Europe and the Baltics,CEB,NY.GDP.MKTP.KD,2000,808032125753.83
Central Europe and the Baltics,CEB,NY.GDP.MKTP.KD,2001,832316694940.427
Central Europe and the Baltics,CEB,NY.GDP.MKTP.KD,2002,861800288032.615
Central Europe and the Baltics,CEB,NY.GDP.MKTP.KD,2003,896245379774.168
Central Europe and the Baltics,CEB,NY.GDP.MKTP.KD,2004,948891284091.252
Central Europe and the Baltics,CEB,NY.GDP.MKTP.KD,2005,995480894776.611
Central Europe and the Baltics,CEB,NY.GDP.MKTP.KD,2006,1061586539226.78
Central Europe and the Baltics,CEB,NY.GDP.MKTP.KD,2007,1128878811816.45
Central Europe and the Baltics,CEB,NY.GDP.MKTP.KD,2008,1173607586997.64
Central Europe and the Baltics,CEB,NY.GDP.MKTP.KD,2009,1131096726054.26
Central Europe and the Baltics,CEB,NY.GDP.MKTP.KD,2010,1148498328336.39
Central Europe and the Baltics,CEB,NY.GDP.MKTP.KD,2011,1189850824005.63
Central Europe and the Baltics,CEB,NY.GDP.MKTP.KD,2012,1199821456540.4
Central Europe and the Baltics,CEB,NY.GDP.MKTP.KD,2013,1207835174789.79
Central Europe and the Baltics,CEB,NY.GDP.MKTP.KD,2014,1247233889201.67
Central Europe and the Baltics,CEB,NY.GDP.MKTP.KD,2015,1297144243677.59
Central Europe and the Baltics,CEB,NY.GDP.MKTP.KD,2016,1333558317977.66
Central Europe and the Baltics,CEB,NY.GDP.MKTP.KD,2017,1401664884446.4
Central Europe and the Baltics,CEB,NY.GDP.MKTP.KD,2018,1471094563284.51
Central Europe and the Baltics,CEB,NY.GDP.MKTP.KD,2019,1530413893927.59
Central Europe and the Baltics,CEB,NY.GDP.MKTP.KD,2020,1479893284865.72
Central Europe and the Baltics,CEB,NY.GDP.MKTP.KD,2021,1577162479351.97
Central Europe and the Baltics,CEB,NY.GDP.MKTP.KD,2022,1640878132518.42
Central Europe and the Baltics,CEB,NY.GDP.MKTP.KD,2023,1652697842075.3
Central Europe and the Baltics,CEB,NY.GDP.MKTP.KD,2024,1687327482198.07
Central Europe and the Baltics,CEB,NY.GDP.MKTP.KD,2025,1727266718893.41
Switzerland,CHE,NY.GDP.MKTP.KD,1960,196839065454.774
Switzerland,CHE,NY.GDP.MKTP.KD,1961,208022069019.488
Switzerland,CHE,NY.GDP.MKTP.KD,1962,216881827355.653
Switzerland,CHE,NY.GDP.MKTP.KD,1963,228437147456.19
Switzerland,CHE,NY.GDP.MKTP.KD,1964,244019221182.565
Switzerland,CHE,NY.GDP.MKTP.KD,1965,253344433994.343
Switzerland,CHE,NY.GDP.MKTP.KD,1966,258641471339.228
Switzerland,CHE,NY.GDP.MKTP.KD,1967,267345761752.129
Switzerland,CHE,NY.GDP.MKTP.KD,1968,277073152912.184
Switzerland,CHE,NY.GDP.MKTP.KD,1969,290951955564.815
Switzerland,CHE,NY.GDP.MKTP.KD,1970,309787236276.999
Switzerland,CHE,NY.GDP.MKTP.KD,1971,312713629841.14
Switzerland,CHE,NY.GDP.MKTP.KD,1972,319870828024.087
Switzerland,CHE,NY.GDP.MKTP.KD,1973,332563241880.503
Switzerland,CHE,NY.GDP.MKTP.KD,1974,343199265081.793
Switzerland,CHE,NY.GDP.MKTP.KD,1975,351960670660.83
Switzerland,CHE,NY.GDP.MKTP.KD,1976,355684783213.029
Switzerland,CHE,NY.GDP.MKTP.KD,1977,350007134559.434
Switzerland,CHE,NY.GDP.MKTP.KD,1978,356137677392.592
Switzerland,CHE,NY.GDP.MKTP.KD,1979,369813376246.222
Switzerland,CHE,NY.GDP.MKTP.KD,1980,376100097923.17
Switzerland,CHE,NY.GDP.MKTP.KD,1981,377810715525.731
Switzerland,CHE,NY.GDP.MKTP.KD,1982,382528304336.173
Switzerland,CHE,NY.GDP.MKTP.KD,1983,389798785657.422
Switzerland,CHE,NY.GDP.MKTP.KD,1984,406285463225.414
Switzerland,CHE,NY.GDP.MKTP.KD,1985,415062747429.696
Switzerland,CHE,NY.GDP.MKTP.KD,1986,426233426971.8
Switzerland,CHE,NY.GDP.MKTP.KD,1987,440528626383.252
Switzerland,CHE,NY.GDP.MKTP.KD,1988,451801924205.647
Switzerland,CHE,NY.GDP.MKTP.KD,1989,463796392622.083
Switzerland,CHE,NY.GDP.MKTP.KD,1990,467296547356.45
Switzerland,CHE,NY.GDP.MKTP.KD,1991,461941446601.359
Switzerland,CHE,NY.GDP.MKTP.KD,1992,456589426851.921
Switzerland,CHE,NY.GDP.MKTP.KD,1993,447158041157.217
Switzerland,CHE,NY.GDP.MKTP.KD,1994,465114861421.351
Switzerland,CHE,NY.GDP.MKTP.KD,1995,484158477551.541
Switzerland,CHE,NY.GDP.MKTP.KD,1996,486870573206.165
Switzerland,CHE,NY.GDP.MKTP.KD,1997,497083252159.406
Switzerland,CHE,NY.GDP.MKTP.KD,1998,510882848604.35
Switzerland,CHE,NY.GDP.MKTP.KD,1999,519466067256.275
Switzerland,CHE,NY.GDP.MKTP.KD,2000,538339395342.966
Switzerland,CHE,NY.GDP.MKTP.KD,2001,546910823425.202
Switzerland,CHE,NY.GDP.MKTP.KD,2002,548991327622.523
Switzerland,CHE,NY.GDP.MKTP.KD,2003,547430971526.72
Switzerland,CHE,NY.GDP.MKTP.KD,2004,561592621839.375
Switzerland,CHE,NY.GDP.MKTP.KD,2005,578171312685.584
Switzerland,CHE,NY.GDP.MKTP.KD,2006,602074779439.36
Switzerland,CHE,NY.GDP.MKTP.KD,2007,626056585014.773
Switzerland,CHE,NY.GDP.MKTP.KD,2008,641905809443.95
Switzerland,CHE,NY.GDP.MKTP.KD,2009,629485513283.088
Switzerland,CHE,NY.GDP.MKTP.KD,2010,650010711944.314
Switzerland,CHE,NY.GDP.MKTP.KD,2011,659160657118.589
Switzerland,CHE,NY.GDP.MKTP.KD,2012,666570517717.021
Switzerland,CHE,NY.GDP.MKTP.KD,2013,678809578498.348
Switzerland,CHE,NY.GDP.MKTP.KD,2014,696074580680.37
Switzerland,CHE,NY.GDP.MKTP.KD,2015,706199008878.656
Switzerland,CHE,NY.GDP.MKTP.KD,2016,719698645165.924
Switzerland,CHE,NY.GDP.MKTP.KD,2017,729920856964.874
Switzerland,CHE,NY.GDP.MKTP.KD,2018,754208481229.163
Switzerland,CHE,NY.GDP.MKTP.KD,2019,762620333380.6
Switzerland,CHE,NY.GDP.MKTP.KD,2020,745421277740.833
Switzerland,CHE,NY.GDP.MKTP.KD,2021,791460198101.875
Switzerland,CHE,NY.GDP.MKTP.KD,2022,819432798585.826
Switzerland,CHE,NY.GDP.MKTP.KD,2023,826197715652.355
Switzerland,CHE,NY.GDP.MKTP.KD,2024,837684620415.719
Switzerland,CHE,NY.GDP.MKTP.KD,2025,848575173117.719
Channel Islands,CHI,NY.GDP.MKTP.KD,2009,10650550531.1342
Channel Islands,CHI,NY.GDP.MKTP.KD,2010,10266424333.8754
Channel Islands,CHI,NY.GDP.MKTP.KD,2011,10381926033.3796
Channel Islands,CHI,NY.GDP.MKTP.KD,2012,9784585181.16353
Channel Islands,CHI,NY.GDP.MKTP.KD,2013,9832914292.38795
Channel Islands,CHI,NY.GDP.MKTP.KD,2014,10071569130.6786
Channel Islands,CHI,NY.GDP.MKTP.KD,2015,10109273770.329
Channel Islands,CHI,NY.GDP.MKTP.KD,2016,10231901695.1297
Channel Islands,CHI,NY.GDP.MKTP.KD,2017,10416739087.3022
Channel Islands,CHI,NY.GDP.MKTP.KD,2018,10533640271.4811
Channel Islands,CHI,NY.GDP.MKTP.KD,2019,10699371928.6621
Channel Islands,CHI,NY.GDP.MKTP.KD,2020,9747472425.32923
Channel Islands,CHI,NY.GDP.MKTP.KD,2021,10716059398.8152
Channel Islands,CHI,NY.GDP.MKTP.KD,2022,11288507155.9037
Channel Islands,CHI,NY.GDP.MKTP.KD,2023,11707875863.1821
Chile,CHL,NY.GDP.MKTP.KD,1960,26275664125.0674
Chile,CHL,NY.GDP.MKTP.KD,1961,27725978494.5169
Chile,CHL,NY.GDP.MKTP.KD,1962,28815827040.3647
Chile,CHL,NY.GDP.MKTP.KD,1963,30454488579.4691
Chile,CHL,NY.GDP.MKTP.KD,1964,31204014436.8887
Chile,CHL,NY.GDP.MKTP.KD,1965,31413343021.734
Chile,CHL,NY.GDP.MKTP.KD,1966,35014387052.3099
Chile,CHL,NY.GDP.MKTP.KD,1967,36270742031.799
Chile,CHL,NY.GDP.MKTP.KD,1968,37566955711.0659
Chile,CHL,NY.GDP.MKTP.KD,1969,39108395437.0641
Chile,CHL,NY.GDP.MKTP.KD,1970,39771076474.1111
Chile,CHL,NY.GDP.MKTP.KD,1971,43577595609.5563
Chile,CHL,NY.GDP.MKTP.KD,1972,43267163670.3658
Chile,CHL,NY.GDP.MKTP.KD,1973,41087469485.9866
Chile,CHL,NY.GDP.MKTP.KD,1974,41600890292.2375
Chile,CHL,NY.GDP.MKTP.KD,1975,36494895964.0875
Chile,CHL,NY.GDP.MKTP.KD,1976,37810425597.6727
Chile,CHL,NY.GDP.MKTP.KD,1977,42025983481.558
Chile,CHL,NY.GDP.MKTP.KD,1978,45399335593.8651
Chile,CHL,NY.GDP.MKTP.KD,1979,49229142623.601
Chile,CHL,NY.GDP.MKTP.KD,1980,53252287646.3653
Chile,CHL,NY.GDP.MKTP.KD,1981,56830116589.3263
Chile,CHL,NY.GDP.MKTP.KD,1982,50293481314.1023
Chile,CHL,NY.GDP.MKTP.KD,1983,47811382482.5795
Chile,CHL,NY.GDP.MKTP.KD,1984,49716049397.1484
Chile,CHL,NY.GDP.MKTP.KD,1985,51482161643.7612
Chile,CHL,NY.GDP.MKTP.KD,1986,54265063038.9036
Chile,CHL,NY.GDP.MKTP.KD,1987,57921900186.3915
Chile,CHL,NY.GDP.MKTP.KD,1988,62179629420.7548
Chile,CHL,NY.GDP.MKTP.KD,1989,68620417335.9924
Chile,CHL,NY.GDP.MKTP.KD,1990,71089876109.5537
Chile,CHL,NY.GDP.MKTP.KD,1991,76603750426.1864
Chile,CHL,NY.GDP.MKTP.KD,1992,85414661278.3917
Chile,CHL,NY.GDP.MKTP.KD,1993,91125130548.8196
Chile,CHL,NY.GDP.MKTP.KD,1994,95751374590.6832
Chile,CHL,NY.GDP.MKTP.KD,1995,104613573720.419
Chile,CHL,NY.GDP.MKTP.KD,1996,112056685779.901
Chile,CHL,NY.GDP.MKTP.KD,1997,120339623825.598
Chile,CHL,NY.GDP.MKTP.KD,1998,125370887065.113
Chile,CHL,NY.GDP.MKTP.KD,1999,125027832953.909
Chile,CHL,NY.GDP.MKTP.KD,2000,131243743563.397
Chile,CHL,NY.GDP.MKTP.KD,2001,135383217071.739
Chile,CHL,NY.GDP.MKTP.KD,2002,139719269577.32
Chile,CHL,NY.GDP.MKTP.KD,2003,146318553366.968
Chile,CHL,NY.GDP.MKTP.KD,2004,156084225513.955
Chile,CHL,NY.GDP.MKTP.KD,2005,165194933117.629
Chile,CHL,NY.GDP.MKTP.KD,2006,175189211415.667
Chile,CHL,NY.GDP.MKTP.KD,2007,184243394522.927
Chile,CHL,NY.GDP.MKTP.KD,2008,191225100461.158
Chile,CHL,NY.GDP.MKTP.KD,2009,189087132632.604
Chile,CHL,NY.GDP.MKTP.KD,2010,200151851762.225
Chile,CHL,NY.GDP.MKTP.KD,2011,212609096429.355
Chile,CHL,NY.GDP.MKTP.KD,2012,225695909224.96
Chile,CHL,NY.GDP.MKTP.KD,2013,233163076995.037
Chile,CHL,NY.GDP.MKTP.KD,2014,237342873662.271
Chile,CHL,NY.GDP.MKTP.KD,2015,242450355830.884
Chile,CHL,NY.GDP.MKTP.KD,2016,246700604515.86
Chile,CHL,NY.GDP.MKTP.KD,2017,250050047209.619
Chile,CHL,NY.GDP.MKTP.KD,2018,260027117802.785
Chile,CHL,NY.GDP.MKTP.KD,2019,261702273348.86
Chile,CHL,NY.GDP.MKTP.KD,2020,245634546877.039
Chile,CHL,NY.GDP.MKTP.KD,2021,273483125955.671
Chile,CHL,NY.GDP.MKTP.KD,2022,279127595176.477
Chile,CHL,NY.GDP.MKTP.KD,2023,281017358307.658
Chile,CHL,NY.GDP.MKTP.KD,2024,288900250332.819
Chile,CHL,NY.GDP.MKTP.KD,2025,296005043455.575
China,CHN,NY.GDP.MKTP.KD,1960,161019131971.415
China,CHN,NY.GDP.MKTP.KD,1961,117109214676.55
China,CHN,NY.GDP.MKTP.KD,1962,110574520509.079
China,CHN,NY.GDP.MKTP.KD,1963,121963696117.532
China,CHN,NY.GDP.MKTP.KD,1964,144136696064.162
China,CHN,NY.GDP.MKTP.KD,1965,168567866052.615
China,CHN,NY.GDP.MKTP.KD,1966,186520343784.551
China,CHN,NY.GDP.MKTP.KD,1967,175758119940.626
China,CHN,NY.GDP.MKTP.KD,1968,168552037046.827
China,CHN,NY.GDP.MKTP.KD,1969,197104752115.92
China,CHN,NY.GDP.MKTP.KD,1970,235145969267.792
China,CHN,NY.GDP.MKTP.KD,1971,251747274694.657
China,CHN,NY.GDP.MKTP.KD,1972,261338845861.077
China,CHN,NY.GDP.MKTP.KD,1973,281618740302.101
China,CHN,NY.GDP.MKTP.KD,1974,288124133211.379
China,CHN,NY.GDP.MKTP.KD,1975,313248557620.151
China,CHN,NY.GDP.MKTP.KD,1976,308330555260.336
China,CHN,NY.GDP.MKTP.KD,1977,331671178297.81
China,CHN,NY.GDP.MKTP.KD,1978,369239420801.258
China,CHN,NY.GDP.MKTP.KD,1979,397282422830.885
China,CHN,NY.GDP.MKTP.KD,1980,428434994544.795
China,CHN,NY.GDP.MKTP.KD,1981,450348857948.493
China,CHN,NY.GDP.MKTP.KD,1982,490989885719.788
China,CHN,NY.GDP.MKTP.KD,1983,543878522308.357
China,CHN,NY.GDP.MKTP.KD,1984,626505281173.79
China,CHN,NY.GDP.MKTP.KD,1985,710635430095.605
China,CHN,NY.GDP.MKTP.KD,1986,774192860723.962
China,CHN,NY.GDP.MKTP.KD,1987,864427096743.192
China,CHN,NY.GDP.MKTP.KD,1988,961423696945.326
China,CHN,NY.GDP.MKTP.KD,1989,1001879030667.2
China,CHN,NY.GDP.MKTP.KD,1990,1041177931705.26
China,CHN,NY.GDP.MKTP.KD,1991,1138794946993.44
China,CHN,NY.GDP.MKTP.KD,1992,1301615550876.41
China,CHN,NY.GDP.MKTP.KD,1993,1482879870958.35
China,CHN,NY.GDP.MKTP.KD,1994,1676880778212.51
China,CHN,NY.GDP.MKTP.KD,1995,1861596132617.78
China,CHN,NY.GDP.MKTP.KD,1996,2047258472826.1
China,CHN,NY.GDP.MKTP.KD,1997,2237604266165.63
China,CHN,NY.GDP.MKTP.KD,1998,2414901854973.07
China,CHN,NY.GDP.MKTP.KD,1999,2601845161729.03
China,CHN,NY.GDP.MKTP.KD,2000,2824916263542.96
China,CHN,NY.GDP.MKTP.KD,2001,3060063619716.51
China,CHN,NY.GDP.MKTP.KD,2002,3342692586001.97
China,CHN,NY.GDP.MKTP.KD,2003,3680766226629.83
China,CHN,NY.GDP.MKTP.KD,2004,4054011719388.36
China,CHN,NY.GDP.MKTP.KD,2005,4518338478814.27
China,CHN,NY.GDP.MKTP.KD,2006,5091050723394.27
China,CHN,NY.GDP.MKTP.KD,2007,5811473655332.24
China,CHN,NY.GDP.MKTP.KD,2008,6373372030110.07
China,CHN,NY.GDP.MKTP.KD,2009,6972857785771.39
China,CHN,NY.GDP.MKTP.KD,2010,7711401293675.62
China,CHN,NY.GDP.MKTP.KD,2011,8441058131256.55
China,CHN,NY.GDP.MKTP.KD,2012,9104341297809.09
China,CHN,NY.GDP.MKTP.KD,2013,9812516071429.73
China,CHN,NY.GDP.MKTP.KD,2014,10544628617502.6
China,CHN,NY.GDP.MKTP.KD,2015,11280814787468.9
China,CHN,NY.GDP.MKTP.KD,2016,12044942062503.5
China,CHN,NY.GDP.MKTP.KD,2017,12874987827480.3
China,CHN,NY.GDP.MKTP.KD,2018,13745054545709.3
China,CHN,NY.GDP.MKTP.KD,2019,14579018970009.3
China,CHN,NY.GDP.MKTP.KD,2020,14920095680400.9
China,CHN,NY.GDP.MKTP.KD,2021,16198805195731.6
China,CHN,NY.GDP.MKTP.KD,2022,16706452162504.0
China,CHN,NY.GDP.MKTP.KD,2023,17611274170444.3
China,CHN,NY.GDP.MKTP.KD,2024,18484494644731.6
China,CHN,NY.GDP.MKTP.KD,2025,19401316126585.1
Cote d'Ivoire,CIV,NY.GDP.MKTP.KD,1960,5492745889.81492
Cote d'Ivoire,CIV,NY.GDP.MKTP.KD,1961,6038315904.9062
Cote d'Ivoire,CIV,NY.GDP.MKTP.KD,1962,6112405708.35254
Cote d'Ivoire,CIV,NY.GDP.MKTP.KD,1963,6998115047.44617
Cote d'Ivoire,CIV,NY.GDP.MKTP.KD,1964,8230699197.19349
Cote d'Ivoire,CIV,NY.GDP.MKTP.KD,1965,7974752907.88309
Cote d'Ivoire,CIV,NY.GDP.MKTP.KD,1966,8898018736.25985
Cote d'Ivoire,CIV,NY.GDP.MKTP.KD,1967,9307163143.6156
Cote d'Ivoire,CIV,NY.GDP.MKTP.KD,1968,10475049116.1628
Cote d'Ivoire,CIV,NY.GDP.MKTP.KD,1969,11474286967.6777
Cote d'Ivoire,CIV,NY.GDP.MKTP.KD,1970,12664747894.4167
Cote d'Ivoire,CIV,NY.GDP.MKTP.KD,1971,13862407213.5663
Cote d'Ivoire,CIV,NY.GDP.MKTP.KD,1972,14449705424.8071
Cote d'Ivoire,CIV,NY.GDP.MKTP.KD,1973,15307901973.3808
Cote d'Ivoire,CIV,NY.GDP.MKTP.KD,1974,15970333193.0689
Cote d'Ivoire,CIV,NY.GDP.MKTP.KD,1975,17288346643.98
Cote d'Ivoire,CIV,NY.GDP.MKTP.KD,1976,19521378206.8974
Cote d'Ivoire,CIV,NY.GDP.MKTP.KD,1977,20949261442.0495
Cote d'Ivoire,CIV,NY.GDP.MKTP.KD,1978,23234711409.5838
Cote d'Ivoire,CIV,NY.GDP.MKTP.KD,1979,23791045073.3334
Cote d'Ivoire,CIV,NY.GDP.MKTP.KD,1980,21184094378.322
Cote d'Ivoire,CIV,NY.GDP.MKTP.KD,1981,21925643370.8117
Cote d'Ivoire,CIV,NY.GDP.MKTP.KD,1982,21969674962.3516
Cote d'Ivoire,CIV,NY.GDP.MKTP.KD,1983,21112804814.63
Cote d'Ivoire,CIV,NY.GDP.MKTP.KD,1984,20542492760.3513
Cote d'Ivoire,CIV,NY.GDP.MKTP.KD,1985,21467156206.3713
Cote d'Ivoire,CIV,NY.GDP.MKTP.KD,1986,22166845697.292
Cote d'Ivoire,CIV,NY.GDP.MKTP.KD,1987,22089489409.9338
Cote d'Ivoire,CIV,NY.GDP.MKTP.KD,1988,22340532915.1657
Cote d'Ivoire,CIV,NY.GDP.MKTP.KD,1989,22999132929.8765
Cote d'Ivoire,CIV,NY.GDP.MKTP.KD,1990,22747083497.3228
Cote d'Ivoire,CIV,NY.GDP.MKTP.KD,1991,22756392780.3066
Cote d'Ivoire,CIV,NY.GDP.MKTP.KD,1992,22700739607.1517
Cote d'Ivoire,CIV,NY.GDP.MKTP.KD,1993,22657044066.1342
Cote d'Ivoire,CIV,NY.GDP.MKTP.KD,1994,22840839521.0746
Cote d'Ivoire,CIV,NY.GDP.MKTP.KD,1995,24468419439.1566
Cote d'Ivoire,CIV,NY.GDP.MKTP.KD,1996,26359663691.9048
Cote d'Ivoire,CIV,NY.GDP.MKTP.KD,1997,28903065478.586
Cote d'Ivoire,CIV,NY.GDP.MKTP.KD,1998,30135465005.6332
Cote d'Ivoire,CIV,NY.GDP.MKTP.KD,1999,30487103687.1804
Cote d'Ivoire,CIV,NY.GDP.MKTP.KD,2000,30406072178.2268
Cote d'Ivoire,CIV,NY.GDP.MKTP.KD,2001,29751121585.5543
Cote d'Ivoire,CIV,NY.GDP.MKTP.KD,2002,28938759334.2241
Cote d'Ivoire,CIV,NY.GDP.MKTP.KD,2003,27571152176.3563
Cote d'Ivoire,CIV,NY.GDP.MKTP.KD,2004,28449303912.4541
Cote d'Ivoire,CIV,NY.GDP.MKTP.KD,2005,28732677632.1669
Cote d'Ivoire,CIV,NY.GDP.MKTP.KD,2006,29541668752.6369
Cote d'Ivoire,CIV,NY.GDP.MKTP.KD,2007,29867049486.2231
Cote d'Ivoire,CIV,NY.GDP.MKTP.KD,2008,31295490700.8623
Cote d'Ivoire,CIV,NY.GDP.MKTP.KD,2009,32423167866.6818
Cote d'Ivoire,CIV,NY.GDP.MKTP.KD,2010,34643522418.9356
Cote d'Ivoire,CIV,NY.GDP.MKTP.KD,2011,32783010325.3471
Cote d'Ivoire,CIV,NY.GDP.MKTP.KD,2012,35281210700.9425
Cote d'Ivoire,CIV,NY.GDP.MKTP.KD,2013,39077544167.6054
Cote d'Ivoire,CIV,NY.GDP.MKTP.KD,2014,42739891584.4862
Cote d'Ivoire,CIV,NY.GDP.MKTP.KD,2015,45815005169.2651
Cote d'Ivoire,CIV,NY.GDP.MKTP.KD,2016,49101205368.91
Cote d'Ivoire,CIV,NY.GDP.MKTP.KD,2017,52739979047.0655
Cote d'Ivoire,CIV,NY.GDP.MKTP.KD,2018,55294253263.7438
Cote d'Ivoire,CIV,NY.GDP.MKTP.KD,2019,59010785540.9857
Cote d'Ivoire,CIV,NY.GDP.MKTP.KD,2020,59423700880.6615
Cote d'Ivoire,CIV,NY.GDP.MKTP.KD,2021,63620521822.0335
Cote d'Ivoire,CIV,NY.GDP.MKTP.KD,2022,67692161181.7305
Cote d'Ivoire,CIV,NY.GDP.MKTP.KD,2023,72159844125.7554
Cote d'Ivoire,CIV,NY.GDP.MKTP.KD,2024,76503530924.2047
Cote d'Ivoire,CIV,NY.GDP.MKTP.KD,2025,81476260434.278
Cameroon,CMR,NY.GDP.MKTP.KD,1960,4827329401.77259
Cameroon,CMR,NY.GDP.MKTP.KD,1961,4884469573.58571
Cameroon,CMR,NY.GDP.MKTP.KD,1962,5033033599.98434
Cameroon,CMR,NY.GDP.MKTP.KD,1963,5221397415.12354
Cameroon,CMR,NY.GDP.MKTP.KD,1964,5406608719.74354
Cameroon,CMR,NY.GDP.MKTP.KD,1965,5516149516.56753
Cameroon,CMR,NY.GDP.MKTP.KD,1966,5770717368.63748
Cameroon,CMR,NY.GDP.MKTP.KD,1967,5141012904.4288
Cameroon,CMR,NY.GDP.MKTP.KD,1968,5467278232.7078
Cameroon,CMR,NY.GDP.MKTP.KD,1969,5735255755.81943
Cameroon,CMR,NY.GDP.MKTP.KD,1970,5912593777.17627
Cameroon,CMR,NY.GDP.MKTP.KD,1971,6118334765.00775
Cameroon,CMR,NY.GDP.MKTP.KD,1972,6281929448.77639
Cameroon,CMR,NY.GDP.MKTP.KD,1973,6618369536.82128
Cameroon,CMR,NY.GDP.MKTP.KD,1974,7328802680.10935
Cameroon,CMR,NY.GDP.MKTP.KD,1975,8152930849.0535
Cameroon,CMR,NY.GDP.MKTP.KD,1976,7704916015.45028
Cameroon,CMR,NY.GDP.MKTP.KD,1977,8763561576.93245
Cameroon,CMR,NY.GDP.MKTP.KD,1978,10691808462.1321
Cameroon,CMR,NY.GDP.MKTP.KD,1979,11337071801.8535
Cameroon,CMR,NY.GDP.MKTP.KD,1980,11114265274.3313
Cameroon,CMR,NY.GDP.MKTP.KD,1981,13012879895.4302
Cameroon,CMR,NY.GDP.MKTP.KD,1982,13990954313.1341
Cameroon,CMR,NY.GDP.MKTP.KD,1983,14951689440.3101
Cameroon,CMR,NY.GDP.MKTP.KD,1984,16069264314.0233
Cameroon,CMR,NY.GDP.MKTP.KD,1985,17364955075.045
Cameroon,CMR,NY.GDP.MKTP.KD,1986,18540851327.4109
Cameroon,CMR,NY.GDP.MKTP.KD,1987,18142844102.4615
Cameroon,CMR,NY.GDP.MKTP.KD,1988,16723414750.1032
Cameroon,CMR,NY.GDP.MKTP.KD,1989,16419195682.0992
Cameroon,CMR,NY.GDP.MKTP.KD,1990,15416689237.8441
Cameroon,CMR,NY.GDP.MKTP.KD,1991,14829529308.2261
Cameroon,CMR,NY.GDP.MKTP.KD,1992,14369813423.5217
Cameroon,CMR,NY.GDP.MKTP.KD,1993,13229990256.1401
Cameroon,CMR,NY.GDP.MKTP.KD,1994,13478291933.8403
Cameroon,CMR,NY.GDP.MKTP.KD,1995,13868353888.0552
Cameroon,CMR,NY.GDP.MKTP.KD,1996,14452915010.389
Cameroon,CMR,NY.GDP.MKTP.KD,1997,15107243821.2788
Cameroon,CMR,NY.GDP.MKTP.KD,1998,15821141892.6295
Cameroon,CMR,NY.GDP.MKTP.KD,1999,16534881734.7065
Cameroon,CMR,NY.GDP.MKTP.KD,2000,17168567484.5749
Cameroon,CMR,NY.GDP.MKTP.KD,2001,17910981185.5697
Cameroon,CMR,NY.GDP.MKTP.KD,2002,18712860619.4251
Cameroon,CMR,NY.GDP.MKTP.KD,2003,19733301668.5758
Cameroon,CMR,NY.GDP.MKTP.KD,2004,21124275032.771
Cameroon,CMR,NY.GDP.MKTP.KD,2005,21594980960.2444
Cameroon,CMR,NY.GDP.MKTP.KD,2006,22417659743.2882
Cameroon,CMR,NY.GDP.MKTP.KD,2007,23387803922.5771
Cameroon,CMR,NY.GDP.MKTP.KD,2008,24053813243.6522
Cameroon,CMR,NY.GDP.MKTP.KD,2009,24674221649.2686
Cameroon,CMR,NY.GDP.MKTP.KD,2010,25389533434.6495
Cameroon,CMR,NY.GDP.MKTP.KD,2011,26247499413.6974
Cameroon,CMR,NY.GDP.MKTP.KD,2012,27461703151.6573
Cameroon,CMR,NY.GDP.MKTP.KD,2013,28833560540.7901
Cameroon,CMR,NY.GDP.MKTP.KD,2014,30482787768.4783
Cameroon,CMR,NY.GDP.MKTP.KD,2015,32210233020.4569
Cameroon,CMR,NY.GDP.MKTP.KD,2016,33671222913.4548
Cameroon,CMR,NY.GDP.MKTP.KD,2017,34863580363.1151
Cameroon,CMR,NY.GDP.MKTP.KD,2018,36242614248.5756
Cameroon,CMR,NY.GDP.MKTP.KD,2019,37502066832.7403
Cameroon,CMR,NY.GDP.MKTP.KD,2020,37599547048.5841
Cameroon,CMR,NY.GDP.MKTP.KD,2021,38854942334.5769
Cameroon,CMR,NY.GDP.MKTP.KD,2022,40306867605.1364
Cameroon,CMR,NY.GDP.MKTP.KD,2023,41656165354.262
Cameroon,CMR,NY.GDP.MKTP.KD,2024,43124429828.9643
Cameroon,CMR,NY.GDP.MKTP.KD,2025,44504411650.8349
"Congo, Dem. Rep.",COD,NY.GDP.MKTP.KD,1960,19887704764.2738
"Congo, Dem. Rep.",COD,NY.GDP.MKTP.KD,1961,17729615125.8997
"Congo, Dem. Rep.",COD,NY.GDP.MKTP.KD,1962,21488417199.2822
"Congo, Dem. Rep.",COD,NY.GDP.MKTP.KD,1963,22608821152.0806
"Congo, Dem. Rep.",COD,NY.GDP.MKTP.KD,1964,22057115370.6738
"Congo, Dem. Rep.",COD,NY.GDP.MKTP.KD,1965,22277101744.7101
"Congo, Dem. Rep.",COD,NY.GDP.MKTP.KD,1966,23786483499.0726
"Congo, Dem. Rep.",COD,NY.GDP.MKTP.KD,1967,23552010935.0138
"Congo, Dem. Rep.",COD,NY.GDP.MKTP.KD,1968,24572448551.0408
"Congo, Dem. Rep.",COD,NY.GDP.MKTP.KD,1969,26864772331.0399
"Congo, Dem. Rep.",COD,NY.GDP.MKTP.KD,1970,26798938440.0607
"Congo, Dem. Rep.",COD,NY.GDP.MKTP.KD,1971,28408219535.2512
"Congo, Dem. Rep.",COD,NY.GDP.MKTP.KD,1972,28451154443.8041
"Congo, Dem. Rep.",COD,NY.GDP.MKTP.KD,1973,30766303374.0472
"Congo, Dem. Rep.",COD,NY.GDP.MKTP.KD,1974,31729468923.0381
"Congo, Dem. Rep.",COD,NY.GDP.MKTP.KD,1975,30148823861.3657
"Congo, Dem. Rep.",COD,NY.GDP.MKTP.KD,1976,28548222175.1774
"Congo, Dem. Rep.",COD,NY.GDP.MKTP.KD,1977,28765415222.8426
"Congo, Dem. Rep.",COD,NY.GDP.MKTP.KD,1978,27227819920.0679
"Congo, Dem. Rep.",COD,NY.GDP.MKTP.KD,1979,27344923577.5678
"Congo, Dem. Rep.",COD,NY.GDP.MKTP.KD,1980,27945120839.1415
"Congo, Dem. Rep.",COD,NY.GDP.MKTP.KD,1981,28601977632.2145
"Congo, Dem. Rep.",COD,NY.GDP.MKTP.KD,1982,28471072784.8717
"Congo, Dem. Rep.",COD,NY.GDP.MKTP.KD,1983,28872999969.4638
"Congo, Dem. Rep.",COD,NY.GDP.MKTP.KD,1984,30472874270.1351
"Congo, Dem. Rep.",COD,NY.GDP.MKTP.KD,1985,30615441902.1885
"Congo, Dem. Rep.",COD,NY.GDP.MKTP.KD,1986,32059636483.0322
"Congo, Dem. Rep.",COD,NY.GDP.MKTP.KD,1987,32917437726.4949
"Congo, Dem. Rep.",COD,NY.GDP.MKTP.KD,1988,33072275210.0962
"Congo, Dem. Rep.",COD,NY.GDP.MKTP.KD,1989,32653563459.5882
"Congo, Dem. Rep.",COD,NY.GDP.MKTP.KD,1990,30508775958.6902
"Congo, Dem. Rep.",COD,NY.GDP.MKTP.KD,1991,27939616223.3552
"Congo, Dem. Rep.",COD,NY.GDP.MKTP.KD,1992,25005954127.0512
"Congo, Dem. Rep.",COD,NY.GDP.MKTP.KD,1993,21637889528.29
"Congo, Dem. Rep.",COD,NY.GDP.MKTP.KD,1994,20794012528.3872
"Congo, Dem. Rep.",COD,NY.GDP.MKTP.KD,1995,20939570372.7472
"Congo, Dem. Rep.",COD,NY.GDP.MKTP.KD,1996,20725322417.2207
"Congo, Dem. Rep.",COD,NY.GDP.MKTP.KD,1997,19561171399.2726
"Congo, Dem. Rep.",COD,NY.GDP.MKTP.KD,1998,19243467842.8715
"Congo, Dem. Rep.",COD,NY.GDP.MKTP.KD,1999,18421744665.2994
"Congo, Dem. Rep.",COD,NY.GDP.MKTP.KD,2000,17148631280.9311
"Congo, Dem. Rep.",COD,NY.GDP.MKTP.KD,2001,16788480352.7335
"Congo, Dem. Rep.",COD,NY.GDP.MKTP.KD,2002,17283365331.2476
"Congo, Dem. Rep.",COD,NY.GDP.MKTP.KD,2003,18247400739.0053
"Congo, Dem. Rep.",COD,NY.GDP.MKTP.KD,2004,19476978833.8904
"Congo, Dem. Rep.",COD,NY.GDP.MKTP.KD,2005,20671920925.7908
"Congo, Dem. Rep.",COD,NY.GDP.MKTP.KD,2006,21728037858.2133
"Congo, Dem. Rep.",COD,NY.GDP.MKTP.KD,2007,23593025525.7682
"Congo, Dem. Rep.",COD,NY.GDP.MKTP.KD,2008,25346774324.7957
"Congo, Dem. Rep.",COD,NY.GDP.MKTP.KD,2009,25484044900.5465
"Congo, Dem. Rep.",COD,NY.GDP.MKTP.KD,2010,27680432461.6835
"Congo, Dem. Rep.",COD,NY.GDP.MKTP.KD,2011,27568834900.4621
"Congo, Dem. Rep.",COD,NY.GDP.MKTP.KD,2012,29958665159.8562
"Congo, Dem. Rep.",COD,NY.GDP.MKTP.KD,2013,35206198726.088
"Congo, Dem. Rep.",COD,NY.GDP.MKTP.KD,2014,37777053057.3322
"Congo, Dem. Rep.",COD,NY.GDP.MKTP.KD,2015,40179574490.3032
"Congo, Dem. Rep.",COD,NY.GDP.MKTP.KD,2016,40337814832.805
"Congo, Dem. Rep.",COD,NY.GDP.MKTP.KD,2017,42048626459.9632
"Congo, Dem. Rep.",COD,NY.GDP.MKTP.KD,2018,44601688163.9569
"Congo, Dem. Rep.",COD,NY.GDP.MKTP.KD,2019,44849398935.1374
"Congo, Dem. Rep.",COD,NY.GDP.MKTP.KD,2020,45197173728.8833
"Congo, Dem. Rep.",COD,NY.GDP.MKTP.KD,2021,48103175756.1974
"Congo, Dem. Rep.",COD,NY.GDP.MKTP.KD,2022,52582143957.1902
"Congo, Dem. Rep.",COD,NY.GDP.MKTP.KD,2023,57069235865.1432
"Congo, Dem. Rep.",COD,NY.GDP.MKTP.KD,2024,60551902787.4427
"Congo, Dem. Rep.",COD,NY.GDP.MKTP.KD,2025,64039235049.4082
"Congo, Rep.",COG,NY.GDP.MKTP.KD,1960,1260529281.26532
"Congo, Rep.",COG,NY.GDP.MKTP.KD,1961,1365792636.82329
"Congo, Rep.",COG,NY.GDP.MKTP.KD,1962,1436845387.19425
"Congo, Rep.",COG,NY.GDP.MKTP.KD,1963,1378950570.28956
"Congo, Rep.",COG,NY.GDP.MKTP.KD,1964,1431582304.19978
"Congo, Rep.",COG,NY.GDP.MKTP.KD,1965,1484213965.735
"Congo, Rep.",COG,NY.GDP.MKTP.KD,1966,1504384173.23264
"Congo, Rep.",COG,NY.GDP.MKTP.KD,1967,1536221035.11639
"Congo, Rep.",COG,NY.GDP.MKTP.KD,1968,1653455074.05444
"Congo, Rep.",COG,NY.GDP.MKTP.KD,1969,1778266546.9019
"Congo, Rep.",COG,NY.GDP.MKTP.KD,1970,1891337095.13146
"Congo, Rep.",COG,NY.GDP.MKTP.KD,1971,2037973138.2197
"Congo, Rep.",COG,NY.GDP.MKTP.KD,1972,2213596509.60999
"Congo, Rep.",COG,NY.GDP.MKTP.KD,1973,2395801820.82719
"Congo, Rep.",COG,NY.GDP.MKTP.KD,1974,2584723272.00207
"Congo, Rep.",COG,NY.GDP.MKTP.KD,1975,2784563654.65878
"Congo, Rep.",COG,NY.GDP.MKTP.KD,1976,2810078242.50247
"Congo, Rep.",COG,NY.GDP.MKTP.KD,1977,2558479910.86763
"Congo, Rep.",COG,NY.GDP.MKTP.KD,1978,2721192760.53148
"Congo, Rep.",COG,NY.GDP.MKTP.KD,1979,2988229521.67918
"Congo, Rep.",COG,NY.GDP.MKTP.KD,1980,3515251773.33714
"Congo, Rep.",COG,NY.GDP.MKTP.KD,1981,4134629379.92641
"Congo, Rep.",COG,NY.GDP.MKTP.KD,1982,5110306815.46562
"Congo, Rep.",COG,NY.GDP.MKTP.KD,1983,5409462277.44975
"Congo, Rep.",COG,NY.GDP.MKTP.KD,1984,5786833455.26737
"Congo, Rep.",COG,NY.GDP.MKTP.KD,1985,5718221236.28327
"Congo, Rep.",COG,NY.GDP.MKTP.KD,1986,5325863974.44945
"Congo, Rep.",COG,NY.GDP.MKTP.KD,1987,5335949916.71488
"Congo, Rep.",COG,NY.GDP.MKTP.KD,1988,5430196848.65541
"Congo, Rep.",COG,NY.GDP.MKTP.KD,1989,5571375261.41265
"Congo, Rep.",COG,NY.GDP.MKTP.KD,1990,5627089212.71733
"Congo, Rep.",COG,NY.GDP.MKTP.KD,1991,5761878676.24506
"Congo, Rep.",COG,NY.GDP.MKTP.KD,1992,5912375954.28022
"Congo, Rep.",COG,NY.GDP.MKTP.KD,1993,5854453399.81827
"Congo, Rep.",COG,NY.GDP.MKTP.KD,1994,5532863840.08629
"Congo, Rep.",COG,NY.GDP.MKTP.KD,1995,5753366411.51292
"Congo, Rep.",COG,NY.GDP.MKTP.KD,1996,6000213536.40355
"Congo, Rep.",COG,NY.GDP.MKTP.KD,1997,5962723473.06651
"Congo, Rep.",COG,NY.GDP.MKTP.KD,1998,6185583409.39015
"Congo, Rep.",COG,NY.GDP.MKTP.KD,1999,6025859314.29582
"Congo, Rep.",COG,NY.GDP.MKTP.KD,2000,6482377234.59307
"Congo, Rep.",COG,NY.GDP.MKTP.KD,2001,6728876234.42485
"Congo, Rep.",COG,NY.GDP.MKTP.KD,2002,7037184600.05768
"Congo, Rep.",COG,NY.GDP.MKTP.KD,2003,7094415494.39314
"Congo, Rep.",COG,NY.GDP.MKTP.KD,2004,7341062186.80916
"Congo, Rep.",COG,NY.GDP.MKTP.KD,2005,7910417276.44806
"Congo, Rep.",COG,NY.GDP.MKTP.KD,2006,8542162055.68026
"Congo, Rep.",COG,NY.GDP.MKTP.KD,2007,7977183901.13328
"Congo, Rep.",COG,NY.GDP.MKTP.KD,2008,8480255108.6285
"Congo, Rep.",COG,NY.GDP.MKTP.KD,2009,9467126891.81813
"Congo, Rep.",COG,NY.GDP.MKTP.KD,2010,10407332392.13
"Congo, Rep.",COG,NY.GDP.MKTP.KD,2011,10636909752.5259
"Congo, Rep.",COG,NY.GDP.MKTP.KD,2012,11694979455.2472
"Congo, Rep.",COG,NY.GDP.MKTP.KD,2013,11611660392.4682
"Congo, Rep.",COG,NY.GDP.MKTP.KD,2014,12383378937.2556
"Congo, Rep.",COG,NY.GDP.MKTP.KD,2015,12434793867.3568
"Congo, Rep.",COG,NY.GDP.MKTP.KD,2016,11354801748.8219
"Congo, Rep.",COG,NY.GDP.MKTP.KD,2017,10719526284.7166
"Congo, Rep.",COG,NY.GDP.MKTP.KD,2018,10472514332.3273
"Congo, Rep.",COG,NY.GDP.MKTP.KD,2019,10590275024.738
"Congo, Rep.",COG,NY.GDP.MKTP.KD,2020,9926500702.40064
"Congo, Rep.",COG,NY.GDP.MKTP.KD,2021,10027261669.7995
"Congo, Rep.",COG,NY.GDP.MKTP.KD,2022,10175199489.7639
"Congo, Rep.",COG,NY.GDP.MKTP.KD,2023,10369226732.5707
"Congo, Rep.",COG,NY.GDP.MKTP.KD,2024,10586979372.007
"Congo, Rep.",COG,NY.GDP.MKTP.KD,2025,10913368247.3216
Colombia,COL,NY.GDP.MKTP.KD,1960,30607351920.8487
Colombia,COL,NY.GDP.MKTP.KD,1961,32165026473.2768
Colombia,COL,NY.GDP.MKTP.KD,1962,33905762200.138
Colombia,COL,NY.GDP.MKTP.KD,1963,35020145447.6353
Colombia,COL,NY.GDP.MKTP.KD,1964,37179817268.7979
Colombia,COL,NY.GDP.MKTP.KD,1965,38518294925.1955
Colombia,COL,NY.GDP.MKTP.KD,1966,40535396289.0875
Colombia,COL,NY.GDP.MKTP.KD,1967,42211479864.7095
Colombia,COL,NY.GDP.MKTP.KD,1968,44715936774.1152
Colombia,COL,NY.GDP.MKTP.KD,1969,47444734555.5178
Colombia,COL,NY.GDP.MKTP.KD,1970,50390007345.5412
Colombia,COL,NY.GDP.MKTP.KD,1971,53393618595.5248
Colombia,COL,NY.GDP.MKTP.KD,1972,57488453984.9103
Colombia,COL,NY.GDP.MKTP.KD,1973,61353376858.8001
Colombia,COL,NY.GDP.MKTP.KD,1974,64878592920.4333
Colombia,COL,NY.GDP.MKTP.KD,1975,66385888256.7983
Colombia,COL,NY.GDP.MKTP.KD,1976,69524857841.2791
Colombia,COL,NY.GDP.MKTP.KD,1977,72416052846.1219
Colombia,COL,NY.GDP.MKTP.KD,1978,78549620712.7422
Colombia,COL,NY.GDP.MKTP.KD,1979,82774898275.6621
Colombia,COL,NY.GDP.MKTP.KD,1980,86158201122.7301
Colombia,COL,NY.GDP.MKTP.KD,1981,88119913721.7807
Colombia,COL,NY.GDP.MKTP.KD,1982,88955661300.656
Colombia,COL,NY.GDP.MKTP.KD,1983,90355784303.2292
Colombia,COL,NY.GDP.MKTP.KD,1984,93383320875.4912
Colombia,COL,NY.GDP.MKTP.KD,1985,96284839824.1916
Colombia,COL,NY.GDP.MKTP.KD,1986,101892542204.383
Colombia,COL,NY.GDP.MKTP.KD,1987,107363083659.426
Colombia,COL,NY.GDP.MKTP.KD,1988,111726505380.416
Colombia,COL,NY.GDP.MKTP.KD,1989,115540955654.074
Colombia,COL,NY.GDP.MKTP.KD,1990,120488417446.261
Colombia,COL,NY.GDP.MKTP.KD,1991,122900122761.671
Colombia,COL,NY.GDP.MKTP.KD,1992,127871346008.238
Colombia,COL,NY.GDP.MKTP.KD,1993,134757742185.312
Colombia,COL,NY.GDP.MKTP.KD,1994,142593449287.222
Colombia,COL,NY.GDP.MKTP.KD,1995,150011784497.792
Colombia,COL,NY.GDP.MKTP.KD,1996,153095808839.253
Colombia,COL,NY.GDP.MKTP.KD,1997,158347444690.971
Colombia,COL,NY.GDP.MKTP.KD,1998,159249683235.263
Colombia,COL,NY.GDP.MKTP.KD,1999,152554802278.5
Colombia,COL,NY.GDP.MKTP.KD,2000,157016818928.93
Colombia,COL,NY.GDP.MKTP.KD,2001,159651401476.819
Colombia,COL,NY.GDP.MKTP.KD,2002,163649041384.447
Colombia,COL,NY.GDP.MKTP.KD,2003,170061255792.911
Colombia,COL,NY.GDP.MKTP.KD,2004,179130660092.783
Colombia,COL,NY.GDP.MKTP.KD,2005,187780451739.376
Colombia,COL,NY.GDP.MKTP.KD,2006,200393418124.055
Colombia,COL,NY.GDP.MKTP.KD,2007,213896316785.023
Colombia,COL,NY.GDP.MKTP.KD,2008,220919487240.849
Colombia,COL,NY.GDP.MKTP.KD,2009,223437193184.792
Colombia,COL,NY.GDP.MKTP.KD,2010,233479933032.173
Colombia,COL,NY.GDP.MKTP.KD,2011,249701866578.277
Colombia,COL,NY.GDP.MKTP.KD,2012,259471791121.288
Colombia,COL,NY.GDP.MKTP.KD,2013,272793056063.57
Colombia,COL,NY.GDP.MKTP.KD,2014,285066097496.814
Colombia,COL,NY.GDP.MKTP.KD,2015,293492370193.166
Colombia,COL,NY.GDP.MKTP.KD,2016,299618678572.191
Colombia,COL,NY.GDP.MKTP.KD,2017,303691577641.583
Colombia,COL,NY.GDP.MKTP.KD,2018,311479214511.795
Colombia,COL,NY.GDP.MKTP.KD,2019,321405606655.842
Colombia,COL,NY.GDP.MKTP.KD,2020,298309675728.093
Colombia,COL,NY.GDP.MKTP.KD,2021,330530695024.886
Colombia,COL,NY.GDP.MKTP.KD,2022,354752900899.02
Colombia,COL,NY.GDP.MKTP.KD,2023,357739280193.385
Colombia,COL,NY.GDP.MKTP.KD,2024,363081426935.517
Colombia,COL,NY.GDP.MKTP.KD,2025,372674094475.955
Comoros,COM,NY.GDP.MKTP.KD,1980,395630863.284826
Comoros,COM,NY.GDP.MKTP.KD,1981,417240160.059937
Comoros,COM,NY.GDP.MKTP.KD,1982,434171371.496824
Comoros,COM,NY.GDP.MKTP.KD,1983,447600567.201792
Comoros,COM,NY.GDP.MKTP.KD,1984,466250045.145888
Comoros,COM,NY.GDP.MKTP.KD,1985,479207765.284854
Comoros,COM,NY.GDP.MKTP.KD,1986,489132325.949205
Comoros,COM,NY.GDP.MKTP.KD,1987,499295243.705257
Comoros,COM,NY.GDP.MKTP.KD,1988,524113193.637884
Comoros,COM,NY.GDP.MKTP.KD,1989,519306762.17336
Comoros,COM,NY.GDP.MKTP.KD,1990,557417703.758555
Comoros,COM,NY.GDP.MKTP.KD,1991,523041896.379579
Comoros,COM,NY.GDP.MKTP.KD,1992,561527399.108876
Comoros,COM,NY.GDP.MKTP.KD,1993,575831443.919649
Comoros,COM,NY.GDP.MKTP.KD,1994,552875822.472732
Comoros,COM,NY.GDP.MKTP.KD,1995,584042976.694191
Comoros,COM,NY.GDP.MKTP.KD,1996,581062203.393576
Comoros,COM,NY.GDP.MKTP.KD,1997,606689519.714507
Comoros,COM,NY.GDP.MKTP.KD,1998,606841439.619108
Comoros,COM,NY.GDP.MKTP.KD,1999,623212118.994192
Comoros,COM,NY.GDP.MKTP.KD,2000,616936255.34896
Comoros,COM,NY.GDP.MKTP.KD,2001,650371730.904631
Comoros,COM,NY.GDP.MKTP.KD,2002,680273759.023984
Comoros,COM,NY.GDP.MKTP.KD,2003,693433165.932851
Comoros,COM,NY.GDP.MKTP.KD,2004,714932451.742561
Comoros,COM,NY.GDP.MKTP.KD,2005,755434822.170869
Comoros,COM,NY.GDP.MKTP.KD,2006,742181120.148801
Comoros,COM,NY.GDP.MKTP.KD,2007,748145286.058732
Comoros,COM,NY.GDP.MKTP.KD,2008,777806337.777683
Comoros,COM,NY.GDP.MKTP.KD,2009,803013024.650108
Comoros,COM,NY.GDP.MKTP.KD,2010,833348983.587867
Comoros,COM,NY.GDP.MKTP.KD,2011,867878854.454375
Comoros,COM,NY.GDP.MKTP.KD,2012,895376813.862954
Comoros,COM,NY.GDP.MKTP.KD,2013,935366556.625267
Comoros,COM,NY.GDP.MKTP.KD,2014,955071527.308299
Comoros,COM,NY.GDP.MKTP.KD,2015,966029600.862227
Comoros,COM,NY.GDP.MKTP.KD,2016,998106097.463253
Comoros,COM,NY.GDP.MKTP.KD,2017,1036191459.38232
Comoros,COM,NY.GDP.MKTP.KD,2018,1073934227.0832
Comoros,COM,NY.GDP.MKTP.KD,2019,1092843848.69752
Comoros,COM,NY.GDP.MKTP.KD,2020,1090706717.7799
Comoros,COM,NY.GDP.MKTP.KD,2021,1112983883.13101
Comoros,COM,NY.GDP.MKTP.KD,2022,1140294412.38083
Comoros,COM,NY.GDP.MKTP.KD,2023,1176631184.41719
Comoros,COM,NY.GDP.MKTP.KD,2024,1215468426.23944
Comoros,COM,NY.GDP.MKTP.KD,2025,1261102493.64924
Cabo Verde,CPV,NY.GDP.MKTP.KD,1980,188081994.537363
Cabo Verde,CPV,NY.GDP.MKTP.KD,1981,203977861.68299
Cabo Verde,CPV,NY.GDP.MKTP.KD,1982,209740297.642838
Cabo Verde,CPV,NY.GDP.MKTP.KD,1983,229709146.509557
Cabo Verde,CPV,NY.GDP.MKTP.KD,1984,238399665.307967
Cabo Verde,CPV,NY.GDP.MKTP.KD,1985,259002370.874424
Cabo Verde,CPV,NY.GDP.MKTP.KD,1986,266439508.497068
Cabo Verde,CPV,NY.GDP.MKTP.KD,1987,277920556.725196
Cabo Verde,CPV,NY.GDP.MKTP.KD,1988,294587049.289005
Cabo Verde,CPV,NY.GDP.MKTP.KD,1989,311372470.196767
Cabo Verde,CPV,NY.GDP.MKTP.KD,1990,313527702.860333
Cabo Verde,CPV,NY.GDP.MKTP.KD,1991,317930092.634861
Cabo Verde,CPV,NY.GDP.MKTP.KD,1992,352704163.840723
Cabo Verde,CPV,NY.GDP.MKTP.KD,1993,383418741.333134
Cabo Verde,CPV,NY.GDP.MKTP.KD,1994,456968584.432283
Cabo Verde,CPV,NY.GDP.MKTP.KD,1995,521911297.414696
Cabo Verde,CPV,NY.GDP.MKTP.KD,1996,581130092.023103
Cabo Verde,CPV,NY.GDP.MKTP.KD,1997,645742611.607662
Cabo Verde,CPV,NY.GDP.MKTP.KD,1998,726572059.757413
Cabo Verde,CPV,NY.GDP.MKTP.KD,1999,808112687.727471
Cabo Verde,CPV,NY.GDP.MKTP.KD,2000,923550525.289887
Cabo Verde,CPV,NY.GDP.MKTP.KD,2001,944160982.565559
Cabo Verde,CPV,NY.GDP.MKTP.KD,2002,993737848.225922
Cabo Verde,CPV,NY.GDP.MKTP.KD,2003,1035238917.7863
Cabo Verde,CPV,NY.GDP.MKTP.KD,2004,1140802982.16763
Cabo Verde,CPV,NY.GDP.MKTP.KD,2005,1219660508.68448
Cabo Verde,CPV,NY.GDP.MKTP.KD,2006,1317035160.01005
Cabo Verde,CPV,NY.GDP.MKTP.KD,2007,1516838454.63714
Cabo Verde,CPV,NY.GDP.MKTP.KD,2008,1623608884.79583
Cabo Verde,CPV,NY.GDP.MKTP.KD,2009,1599196517.15668
Cabo Verde,CPV,NY.GDP.MKTP.KD,2010,1628564468.24228
Cabo Verde,CPV,NY.GDP.MKTP.KD,2011,1692481034.54407
Cabo Verde,CPV,NY.GDP.MKTP.KD,2012,1710821579.61286
Cabo Verde,CPV,NY.GDP.MKTP.KD,2013,1721636311.15762
Cabo Verde,CPV,NY.GDP.MKTP.KD,2014,1733630380.4449
Cabo Verde,CPV,NY.GDP.MKTP.KD,2015,1749857620.35329
Cabo Verde,CPV,NY.GDP.MKTP.KD,2016,1824764034.95256
Cabo Verde,CPV,NY.GDP.MKTP.KD,2017,1907814790.72833
Cabo Verde,CPV,NY.GDP.MKTP.KD,2018,1978536809.33193
Cabo Verde,CPV,NY.GDP.MKTP.KD,2019,2116002110.92756
Cabo Verde,CPV,NY.GDP.MKTP.KD,2020,1675762033.71886
Cabo Verde,CPV,NY.GDP.MKTP.KD,2021,1793627260.88123
Cabo Verde,CPV,NY.GDP.MKTP.KD,2022,2077803747.08658
Cabo Verde,CPV,NY.GDP.MKTP.KD,2023,2177429478.93487
Cabo Verde,CPV,NY.GDP.MKTP.KD,2024,2329607473.48607
Cabo Verde,CPV,NY.GDP.MKTP.KD,2025,2476302510.90263
Costa Rica,CRI,NY.GDP.MKTP.KD,1960,4800628937.88594
Costa Rica,CRI,NY.GDP.MKTP.KD,1961,4890846032.07366
Costa Rica,CRI,NY.GDP.MKTP.KD,1962,5157025014.70159
Costa Rica,CRI,NY.GDP.MKTP.KD,1963,5512804222.35111
Costa Rica,CRI,NY.GDP.MKTP.KD,1964,5714520392.31089
Costa Rica,CRI,NY.GDP.MKTP.KD,1965,6182569761.92205
Costa Rica,CRI,NY.GDP.MKTP.KD,1966,6613452772.94252
Costa Rica,CRI,NY.GDP.MKTP.KD,1967,6987121182.2989
Costa Rica,CRI,NY.GDP.MKTP.KD,1968,7579161225.16842
Costa Rica,CRI,NY.GDP.MKTP.KD,1969,7995393596.97863
Costa Rica,CRI,NY.GDP.MKTP.KD,1970,8595298719.83958
Costa Rica,CRI,NY.GDP.MKTP.KD,1971,9177931509.98109
Costa Rica,CRI,NY.GDP.MKTP.KD,1972,9928506891.19044
Costa Rica,CRI,NY.GDP.MKTP.KD,1973,10693887128.8122
Costa Rica,CRI,NY.GDP.MKTP.KD,1974,11286852475.2522
Costa Rica,CRI,NY.GDP.MKTP.KD,1975,11523884396.4831
Costa Rica,CRI,NY.GDP.MKTP.KD,1976,12159722139.7812
Costa Rica,CRI,NY.GDP.MKTP.KD,1977,13242481488.6657
Costa Rica,CRI,NY.GDP.MKTP.KD,1978,14072478756.1578
Costa Rica,CRI,NY.GDP.MKTP.KD,1979,14767535925.4632
Costa Rica,CRI,NY.GDP.MKTP.KD,1980,14878572349.2713
Costa Rica,CRI,NY.GDP.MKTP.KD,1981,14542070298.3269
Costa Rica,CRI,NY.GDP.MKTP.KD,1982,13482597755.0123
Costa Rica,CRI,NY.GDP.MKTP.KD,1983,13868603544.8315
Costa Rica,CRI,NY.GDP.MKTP.KD,1984,14981435258.5049
Costa Rica,CRI,NY.GDP.MKTP.KD,1985,15089541554.3995
Costa Rica,CRI,NY.GDP.MKTP.KD,1986,15924936425.9334
Costa Rica,CRI,NY.GDP.MKTP.KD,1987,16683685321.7173
Costa Rica,CRI,NY.GDP.MKTP.KD,1988,17256293990.3221
Costa Rica,CRI,NY.GDP.MKTP.KD,1989,18234031388.4278
Costa Rica,CRI,NY.GDP.MKTP.KD,1990,18881898077.7844
Costa Rica,CRI,NY.GDP.MKTP.KD,1991,19309696738.6852
Costa Rica,CRI,NY.GDP.MKTP.KD,1992,21086401937.1339
Costa Rica,CRI,NY.GDP.MKTP.KD,1993,22582944135.6992
Costa Rica,CRI,NY.GDP.MKTP.KD,1994,23603473799.3807
Costa Rica,CRI,NY.GDP.MKTP.KD,1995,24583951077.2047
Costa Rica,CRI,NY.GDP.MKTP.KD,1996,24915947383.1164
Costa Rica,CRI,NY.GDP.MKTP.KD,1997,26280386016.0398
Costa Rica,CRI,NY.GDP.MKTP.KD,1998,28143280979.3168
Costa Rica,CRI,NY.GDP.MKTP.KD,1999,29310608116.4489
Costa Rica,CRI,NY.GDP.MKTP.KD,2000,30425018571.9334
Costa Rica,CRI,NY.GDP.MKTP.KD,2001,31487207733.9328
Costa Rica,CRI,NY.GDP.MKTP.KD,2002,32563086628.1028
Costa Rica,CRI,NY.GDP.MKTP.KD,2003,33968893691.7087
Costa Rica,CRI,NY.GDP.MKTP.KD,2004,35471881289.5277
Costa Rica,CRI,NY.GDP.MKTP.KD,2005,36882479643.8292
Costa Rica,CRI,NY.GDP.MKTP.KD,2006,39584746486.398
Costa Rica,CRI,NY.GDP.MKTP.KD,2007,42836685698.5686
Costa Rica,CRI,NY.GDP.MKTP.KD,2008,44866362879.2074
Costa Rica,CRI,NY.GDP.MKTP.KD,2009,44474474900.3019
Costa Rica,CRI,NY.GDP.MKTP.KD,2010,46858459514.6492
Costa Rica,CRI,NY.GDP.MKTP.KD,2011,48921712094.3507
Costa Rica,CRI,NY.GDP.MKTP.KD,2012,51310359954.2877
Costa Rica,CRI,NY.GDP.MKTP.KD,2013,52590433349.5778
Costa Rica,CRI,NY.GDP.MKTP.KD,2014,54453244336.2209
Costa Rica,CRI,NY.GDP.MKTP.KD,2015,56441920888.425
Costa Rica,CRI,NY.GDP.MKTP.KD,2016,58814921667.238
Costa Rica,CRI,NY.GDP.MKTP.KD,2017,61260269163.5698
Costa Rica,CRI,NY.GDP.MKTP.KD,2018,63007938631.9211
Costa Rica,CRI,NY.GDP.MKTP.KD,2019,64714281272.693
Costa Rica,CRI,NY.GDP.MKTP.KD,2020,62034078866.9288
Costa Rica,CRI,NY.GDP.MKTP.KD,2021,67132150844.0064
Costa Rica,CRI,NY.GDP.MKTP.KD,2022,70798368208.7751
Costa Rica,CRI,NY.GDP.MKTP.KD,2023,74190939160.446
Costa Rica,CRI,NY.GDP.MKTP.KD,2024,77220099149.044
Costa Rica,CRI,NY.GDP.MKTP.KD,2025,80741594727.0308
Caribbean small states,CSS,NY.GDP.MKTP.KD,1960,11441264007.7343
Caribbean small states,CSS,NY.GDP.MKTP.KD,1961,12545928640.6789
Caribbean small states,CSS,NY.GDP.MKTP.KD,1962,13222721096.3466
Caribbean small states,CSS,NY.GDP.MKTP.KD,1963,13502507369.7875
Caribbean small states,CSS,NY.GDP.MKTP.KD,1964,14594212001.5408
Caribbean small states,CSS,NY.GDP.MKTP.KD,1965,15632448542.0274
Caribbean small states,CSS,NY.GDP.MKTP.KD,1966,16707312538.8783
Caribbean small states,CSS,NY.GDP.MKTP.KD,1967,17825461102.3673
Caribbean small states,CSS,NY.GDP.MKTP.KD,1968,18924646440.5863
Caribbean small states,CSS,NY.GDP.MKTP.KD,1969,20050507976.94
Caribbean small states,CSS,NY.GDP.MKTP.KD,1970,20487039830.1297
Caribbean small states,CSS,NY.GDP.MKTP.KD,1971,20971851767.798
Caribbean small states,CSS,NY.GDP.MKTP.KD,1972,21187642477.4079
Caribbean small states,CSS,NY.GDP.MKTP.KD,1973,21707745043.0501
Caribbean small states,CSS,NY.GDP.MKTP.KD,1974,21071515064.4413
Caribbean small states,CSS,NY.GDP.MKTP.KD,1975,20710278138.0883
Caribbean small states,CSS,NY.GDP.MKTP.KD,1976,21817245312.1381
Caribbean small states,CSS,NY.GDP.MKTP.KD,1977,23278604095.1997
Caribbean small states,CSS,NY.GDP.MKTP.KD,1978,25126926921.4148
Caribbean small states,CSS,NY.GDP.MKTP.KD,1979,27002304687.9698
Caribbean small states,CSS,NY.GDP.MKTP.KD,1980,28403523301.7727
Caribbean small states,CSS,NY.GDP.MKTP.KD,1981,28503940473.4194
Caribbean small states,CSS,NY.GDP.MKTP.KD,1982,28638535128.9032
Caribbean small states,CSS,NY.GDP.MKTP.KD,1983,27617808253.9865
Caribbean small states,CSS,NY.GDP.MKTP.KD,1984,28152692079.3206
Caribbean small states,CSS,NY.GDP.MKTP.KD,1985,28457441115.4988
Caribbean small states,CSS,NY.GDP.MKTP.KD,1986,28847857122.0914
Caribbean small states,CSS,NY.GDP.MKTP.KD,1987,28893703306.2009
Caribbean small states,CSS,NY.GDP.MKTP.KD,1988,29395149045.1115
Caribbean small states,CSS,NY.GDP.MKTP.KD,1989,30331788491.9153
Caribbean small states,CSS,NY.GDP.MKTP.KD,1990,30227809159.4319
Caribbean small states,CSS,NY.GDP.MKTP.KD,1991,30205562400.7617
Caribbean small states,CSS,NY.GDP.MKTP.KD,1992,30814421539.6964
Caribbean small states,CSS,NY.GDP.MKTP.KD,1993,30957542913.4779
Caribbean small states,CSS,NY.GDP.MKTP.KD,1994,31988699375.3577
Caribbean small states,CSS,NY.GDP.MKTP.KD,1995,32973393842.5025
Caribbean small states,CSS,NY.GDP.MKTP.KD,1996,34592700715.3969
Caribbean small states,CSS,NY.GDP.MKTP.KD,1997,36189120259.8467
Caribbean small states,CSS,NY.GDP.MKTP.KD,1998,37967437686.3515
Caribbean small states,CSS,NY.GDP.MKTP.KD,1999,39882199827.7147
Caribbean small states,CSS,NY.GDP.MKTP.KD,2000,41752878766.0872
Caribbean small states,CSS,NY.GDP.MKTP.KD,2001,42623436126.0173
Caribbean small states,CSS,NY.GDP.MKTP.KD,2002,44316709615.9925
Caribbean small states,CSS,NY.GDP.MKTP.KD,2003,47013456088.7359
Caribbean small states,CSS,NY.GDP.MKTP.KD,2004,49199069289.3617
Caribbean small states,CSS,NY.GDP.MKTP.KD,2005,51360720840.1919
Caribbean small states,CSS,NY.GDP.MKTP.KD,2006,55380178401.2185
Caribbean small states,CSS,NY.GDP.MKTP.KD,2007,57507142885.6793
Caribbean small states,CSS,NY.GDP.MKTP.KD,2008,58482498475.2242
Caribbean small states,CSS,NY.GDP.MKTP.KD,2009,56495404647.1447
Caribbean small states,CSS,NY.GDP.MKTP.KD,2010,57163949155.5213
Caribbean small states,CSS,NY.GDP.MKTP.KD,2011,57686752452.0181
Caribbean small states,CSS,NY.GDP.MKTP.KD,2012,60060095144.4814
Caribbean small states,CSS,NY.GDP.MKTP.KD,2013,61002258664.8887
Caribbean small states,CSS,NY.GDP.MKTP.KD,2014,62586699781.2035
Caribbean small states,CSS,NY.GDP.MKTP.KD,2015,62546622822.0285
Caribbean small states,CSS,NY.GDP.MKTP.KD,2016,60615559544.4087
Caribbean small states,CSS,NY.GDP.MKTP.KD,2017,60160545363.9982
Caribbean small states,CSS,NY.GDP.MKTP.KD,2018,60948745587.4203
Caribbean small states,CSS,NY.GDP.MKTP.KD,2019,61476006491.9316
Caribbean small states,CSS,NY.GDP.MKTP.KD,2020,55775171373.6773
Caribbean small states,CSS,NY.GDP.MKTP.KD,2021,59811288479.9111
Caribbean small states,CSS,NY.GDP.MKTP.KD,2022,68628283221.9492
Caribbean small states,CSS,NY.GDP.MKTP.KD,2023,74671104148.0188
Caribbean small states,CSS,NY.GDP.MKTP.KD,2024,84623392309.109
Caribbean small states,CSS,NY.GDP.MKTP.KD,2025,91372154983.2326
Cuba,CUB,NY.GDP.MKTP.KD,1970,23120654813.2269
Cuba,CUB,NY.GDP.MKTP.KD,1971,25105299224.9614
Cuba,CUB,NY.GDP.MKTP.KD,1972,26317053148.5303
Cuba,CUB,NY.GDP.MKTP.KD,1973,27220909321.8834
Cuba,CUB,NY.GDP.MKTP.KD,1974,27488896946.333
Cuba,CUB,NY.GDP.MKTP.KD,1975,30093861942.6797
Cuba,CUB,NY.GDP.MKTP.KD,1976,31727344869.416
Cuba,CUB,NY.GDP.MKTP.KD,1977,34490638878.7051
Cuba,CUB,NY.GDP.MKTP.KD,1978,36765640923.6433
Cuba,CUB,NY.GDP.MKTP.KD,1979,37165718488.949
Cuba,CUB,NY.GDP.MKTP.KD,1980,35363388173.5407
Cuba,CUB,NY.GDP.MKTP.KD,1981,42325850268.8874
Cuba,CUB,NY.GDP.MKTP.KD,1982,46100569046.7715
Cuba,CUB,NY.GDP.MKTP.KD,1983,48595287844.2588
Cuba,CUB,NY.GDP.MKTP.KD,1984,52448756410.0218
Cuba,CUB,NY.GDP.MKTP.KD,1985,53286192380.6288
Cuba,CUB,NY.GDP.MKTP.KD,1986,53336975926.0497
Cuba,CUB,NY.GDP.MKTP.KD,1987,52055729737.8622
Cuba,CUB,NY.GDP.MKTP.KD,1988,53984675578.2487
Cuba,CUB,NY.GDP.MKTP.KD,1989,54351816305.329
Cuba,CUB,NY.GDP.MKTP.KD,1990,52749217702.7609
Cuba,CUB,NY.GDP.MKTP.KD,1991,47108903626.7075
Cuba,CUB,NY.GDP.MKTP.KD,1992,41653408481.7606
Cuba,CUB,NY.GDP.MKTP.KD,1993,35456139102.318
Cuba,CUB,NY.GDP.MKTP.KD,1994,35710334910.446
Cuba,CUB,NY.GDP.MKTP.KD,1995,36587809678.5467
Cuba,CUB,NY.GDP.MKTP.KD,1996,39455836484.9562
Cuba,CUB,NY.GDP.MKTP.KD,1997,40554060118.1077
Cuba,CUB,NY.GDP.MKTP.KD,1998,40618600303.8439
Cuba,CUB,NY.GDP.MKTP.KD,1999,43132386084.3646
Cuba,CUB,NY.GDP.MKTP.KD,2000,45683563278.5995
Cuba,CUB,NY.GDP.MKTP.KD,2001,47138598430.4616
Cuba,CUB,NY.GDP.MKTP.KD,2002,47810239203.2308
Cuba,CUB,NY.GDP.MKTP.KD,2003,49623557376.225
Cuba,CUB,NY.GDP.MKTP.KD,2004,52487103646.4154
Cuba,CUB,NY.GDP.MKTP.KD,2005,58366528662.6983
Cuba,CUB,NY.GDP.MKTP.KD,2006,65408954114.9466
Cuba,CUB,NY.GDP.MKTP.KD,2007,70159041951.1157
Cuba,CUB,NY.GDP.MKTP.KD,2008,73047369063.91
Cuba,CUB,NY.GDP.MKTP.KD,2009,74107509498.1477
Cuba,CUB,NY.GDP.MKTP.KD,2010,75878940053.321
Cuba,CUB,NY.GDP.MKTP.KD,2011,78005296225.1446
Cuba,CUB,NY.GDP.MKTP.KD,2012,80357078126.4622
Cuba,CUB,NY.GDP.MKTP.KD,2013,82564971264.2729
Cuba,CUB,NY.GDP.MKTP.KD,2014,83429902609.353
Cuba,CUB,NY.GDP.MKTP.KD,2015,87132800000.0
Cuba,CUB,NY.GDP.MKTP.KD,2016,87579654548.8907
Cuba,CUB,NY.GDP.MKTP.KD,2017,89164663941.1994
Cuba,CUB,NY.GDP.MKTP.KD,2018,91169039692.7712
Cuba,CUB,NY.GDP.MKTP.KD,2019,91020354637.1475
Cuba,CUB,NY.GDP.MKTP.KD,2020,81054139247.4509
Cuba,CUB,NY.GDP.MKTP.KD,2021,82070953176.2327
Cuba,CUB,NY.GDP.MKTP.KD,2022,83527427215.7299
Cuba,CUB,NY.GDP.MKTP.KD,2023,81915873064.4531
Cuba,CUB,NY.GDP.MKTP.KD,2024,81046145427.2561
Curacao,CUW,NY.GDP.MKTP.KD,2000,2881155239.82198
Curacao,CUW,NY.GDP.MKTP.KD,2001,2861109495.5201
Curacao,CUW,NY.GDP.MKTP.KD,2002,2872469966.14033
Curacao,CUW,NY.GDP.MKTP.KD,2003,2880748042.0172
Curacao,CUW,NY.GDP.MKTP.KD,2004,2886753280.29916
Curacao,CUW,NY.GDP.MKTP.KD,2005,2906280011.14055
Curacao,CUW,NY.GDP.MKTP.KD,2006,2953824854.02756
Curacao,CUW,NY.GDP.MKTP.KD,2007,3026783241.75244
Curacao,CUW,NY.GDP.MKTP.KD,2008,3093010563.026
Curacao,CUW,NY.GDP.MKTP.KD,2009,3076577142.96825
Curacao,CUW,NY.GDP.MKTP.KD,2010,3079109369.28215
Curacao,CUW,NY.GDP.MKTP.KD,2011,3094765331.25038
Curacao,CUW,NY.GDP.MKTP.KD,2012,3083966122.11675
Curacao,CUW,NY.GDP.MKTP.KD,2013,3064361444.8473
Curacao,CUW,NY.GDP.MKTP.KD,2014,3044829285.48859
Curacao,CUW,NY.GDP.MKTP.KD,2015,3058779217.87709
Curacao,CUW,NY.GDP.MKTP.KD,2016,3026120372.58291
Curacao,CUW,NY.GDP.MKTP.KD,2017,2987500779.24655
Curacao,CUW,NY.GDP.MKTP.KD,2018,2924640436.8364
Curacao,CUW,NY.GDP.MKTP.KD,2019,2830872595.0303
Curacao,CUW,NY.GDP.MKTP.KD,2020,2308903011.8277
Curacao,CUW,NY.GDP.MKTP.KD,2021,2405500822.32169
Curacao,CUW,NY.GDP.MKTP.KD,2022,2571624722.4524
Curacao,CUW,NY.GDP.MKTP.KD,2023,2679684375.22705
Curacao,CUW,NY.GDP.MKTP.KD,2024,2814389433.23231
Cayman Islands,CYM,NY.GDP.MKTP.KD,2006,4633485653.94262
Cayman Islands,CYM,NY.GDP.MKTP.KD,2007,4780025440.10176
Cayman Islands,CYM,NY.GDP.MKTP.KD,2008,4762941571.76629
Cayman Islands,CYM,NY.GDP.MKTP.KD,2009,4419986799.9472
Cayman Islands,CYM,NY.GDP.MKTP.KD,2010,4299956079.82432
Cayman Islands,CYM,NY.GDP.MKTP.KD,2011,4350225240.90096
Cayman Islands,CYM,NY.GDP.MKTP.KD,2012,4403722294.88918
Cayman Islands,CYM,NY.GDP.MKTP.KD,2013,4460060480.24192
Cayman Islands,CYM,NY.GDP.MKTP.KD,2014,4578454033.81614
Cayman Islands,CYM,NY.GDP.MKTP.KD,2015,4708167232.66893
Cayman Islands,CYM,NY.GDP.MKTP.KD,2016,4860710642.84257
Cayman Islands,CYM,NY.GDP.MKTP.KD,2017,5015477901.91161
Cayman Islands,CYM,NY.GDP.MKTP.KD,2018,5229501758.00703
Cayman Islands,CYM,NY.GDP.MKTP.KD,2019,5434269977.07991
Cayman Islands,CYM,NY.GDP.MKTP.KD,2020,5165012389.74956
Cayman Islands,CYM,NY.GDP.MKTP.KD,2021,5416518358.04824
Cayman Islands,CYM,NY.GDP.MKTP.KD,2022,5723136286.36151
Cayman Islands,CYM,NY.GDP.MKTP.KD,2023,6055328269.81965
Cayman Islands,CYM,NY.GDP.MKTP.KD,2024,6282791345.88668
Cyprus,CYP,NY.GDP.MKTP.KD,1975,3097708001.60916
Cyprus,CYP,NY.GDP.MKTP.KD,1976,3725498555.88337
Cyprus,CYP,NY.GDP.MKTP.KD,1977,4335064665.05968
Cyprus,CYP,NY.GDP.MKTP.KD,1978,4672220129.67056
Cyprus,CYP,NY.GDP.MKTP.KD,1979,5135030135.97273
Cyprus,CYP,NY.GDP.MKTP.KD,1980,5430460985.10836
Cyprus,CYP,NY.GDP.MKTP.KD,1981,5567145604.34272
Cyprus,CYP,NY.GDP.MKTP.KD,1982,5902382911.50115
Cyprus,CYP,NY.GDP.MKTP.KD,1983,6231864649.89071
Cyprus,CYP,NY.GDP.MKTP.KD,1984,6777644774.22432
Cyprus,CYP,NY.GDP.MKTP.KD,1985,7108566043.08215
Cyprus,CYP,NY.GDP.MKTP.KD,1986,7371863795.68712
Cyprus,CYP,NY.GDP.MKTP.KD,1987,7892704462.69855
Cyprus,CYP,NY.GDP.MKTP.KD,1988,8575169083.9488
Cyprus,CYP,NY.GDP.MKTP.KD,1989,9256674260.63165
Cyprus,CYP,NY.GDP.MKTP.KD,1990,9942038377.66027
Cyprus,CYP,NY.GDP.MKTP.KD,1991,10015559894.0581
Cyprus,CYP,NY.GDP.MKTP.KD,1992,10957022354.5007
Cyprus,CYP,NY.GDP.MKTP.KD,1993,11033721594.8106
Cyprus,CYP,NY.GDP.MKTP.KD,1994,11684711090.0388
Cyprus,CYP,NY.GDP.MKTP.KD,1995,12661841415.9856
Cyprus,CYP,NY.GDP.MKTP.KD,1996,12819929757.5972
Cyprus,CYP,NY.GDP.MKTP.KD,1997,13158495213.6066
Cyprus,CYP,NY.GDP.MKTP.KD,1998,13962595454.0219
Cyprus,CYP,NY.GDP.MKTP.KD,1999,14660439649.0362
Cyprus,CYP,NY.GDP.MKTP.KD,2000,15534979508.5343
Cyprus,CYP,NY.GDP.MKTP.KD,2001,16149009295.7114
Cyprus,CYP,NY.GDP.MKTP.KD,2002,16750232860.2126
Cyprus,CYP,NY.GDP.MKTP.KD,2003,17189641655.7119
Cyprus,CYP,NY.GDP.MKTP.KD,2004,18053639846.9903
Cyprus,CYP,NY.GDP.MKTP.KD,2005,18929780754.0412
Cyprus,CYP,NY.GDP.MKTP.KD,2006,19822089652.0795
Cyprus,CYP,NY.GDP.MKTP.KD,2007,20832664609.9104
Cyprus,CYP,NY.GDP.MKTP.KD,2008,21592429642.6892
Cyprus,CYP,NY.GDP.MKTP.KD,2009,21157324471.6427
Cyprus,CYP,NY.GDP.MKTP.KD,2010,21640276581.9862
Cyprus,CYP,NY.GDP.MKTP.KD,2011,21730454182.8598
Cyprus,CYP,NY.GDP.MKTP.KD,2012,20981322522.5069
Cyprus,CYP,NY.GDP.MKTP.KD,2013,19599182619.7879
Cyprus,CYP,NY.GDP.MKTP.KD,2014,19251089636.192
Cyprus,CYP,NY.GDP.MKTP.KD,2015,19909269064.8473
Cyprus,CYP,NY.GDP.MKTP.KD,2016,21218022946.2823
Cyprus,CYP,NY.GDP.MKTP.KD,2017,22438235877.2059
Cyprus,CYP,NY.GDP.MKTP.KD,2018,23845486549.3253
Cyprus,CYP,NY.GDP.MKTP.KD,2019,25246550963.5826
Cyprus,CYP,NY.GDP.MKTP.KD,2020,24433452922.2307
Cyprus,CYP,NY.GDP.MKTP.KD,2021,27218270154.3629
Cyprus,CYP,NY.GDP.MKTP.KD,2022,29596751443.2394
Cyprus,CYP,NY.GDP.MKTP.KD,2023,30668288120.7253
Cyprus,CYP,NY.GDP.MKTP.KD,2024,31876854617.463
Cyprus,CYP,NY.GDP.MKTP.KD,2025,33079649143.5759
Czechia,CZE,NY.GDP.MKTP.KD,1990,122972963913.465
Czechia,CZE,NY.GDP.MKTP.KD,1991,108689725030.78
Czechia,CZE,NY.GDP.MKTP.KD,1992,108139165550.882
Czechia,CZE,NY.GDP.MKTP.KD,1993,108206108282.012
Czechia,CZE,NY.GDP.MKTP.KD,1994,111354158852.668
Czechia,CZE,NY.GDP.MKTP.KD,1995,118281953160.126
Czechia,CZE,NY.GDP.MKTP.KD,1996,123212636052.806
Czechia,CZE,NY.GDP.MKTP.KD,1997,122478487836.036
Czechia,CZE,NY.GDP.MKTP.KD,1998,121996963423.806
Czechia,CZE,NY.GDP.MKTP.KD,1999,123678521512.351
Czechia,CZE,NY.GDP.MKTP.KD,2000,128638858401.092
Czechia,CZE,NY.GDP.MKTP.KD,2001,132391536300.246
Czechia,CZE,NY.GDP.MKTP.KD,2002,134395228572.192
Czechia,CZE,NY.GDP.MKTP.KD,2003,138831395778.178
Czechia,CZE,NY.GDP.MKTP.KD,2004,145406922288.089
Czechia,CZE,NY.GDP.MKTP.KD,2005,154676655549.654
Czechia,CZE,NY.GDP.MKTP.KD,2006,164921158024.599
Czechia,CZE,NY.GDP.MKTP.KD,2007,173973393346.007
Czechia,CZE,NY.GDP.MKTP.KD,2008,178518044754.249
Czechia,CZE,NY.GDP.MKTP.KD,2009,169952170270.619
Czechia,CZE,NY.GDP.MKTP.KD,2010,174565802522.079
Czechia,CZE,NY.GDP.MKTP.KD,2011,177659773382.538
Czechia,CZE,NY.GDP.MKTP.KD,2012,176290606021.546
Czechia,CZE,NY.GDP.MKTP.KD,2013,176216894659.909
Czechia,CZE,NY.GDP.MKTP.KD,2014,180173337874.854
Czechia,CZE,NY.GDP.MKTP.KD,2015,189107698561.919
Czechia,CZE,NY.GDP.MKTP.KD,2016,193988322685.058
Czechia,CZE,NY.GDP.MKTP.KD,2017,204024435232.921
Czechia,CZE,NY.GDP.MKTP.KD,2018,209798950825.42
Czechia,CZE,NY.GDP.MKTP.KD,2019,217279912681.73
Czechia,CZE,NY.GDP.MKTP.KD,2020,205753475017.539
Czechia,CZE,NY.GDP.MKTP.KD,2021,214043320221.167
Czechia,CZE,NY.GDP.MKTP.KD,2022,220137498830.73
Czechia,CZE,NY.GDP.MKTP.KD,2023,220242240981.103
Czechia,CZE,NY.GDP.MKTP.KD,2024,222998156286.465
Czechia,CZE,NY.GDP.MKTP.KD,2025,228752549524.494
Germany,DEU,NY.GDP.MKTP.KD,1960,917973384996.142
Germany,DEU,NY.GDP.MKTP.KD,1961,957431915665.88
Germany,DEU,NY.GDP.MKTP.KD,1962,1001698502729.21
Germany,DEU,NY.GDP.MKTP.KD,1963,1029097926174.09
Germany,DEU,NY.GDP.MKTP.KD,1964,1097424573188.11
Germany,DEU,NY.GDP.MKTP.KD,1965,1154975317849.36
Germany,DEU,NY.GDP.MKTP.KD,1966,1187455317825.36
Germany,DEU,NY.GDP.MKTP.KD,1967,1183533670015.16
Germany,DEU,NY.GDP.MKTP.KD,1968,1250625508374.29
Germany,DEU,NY.GDP.MKTP.KD,1969,1343398193373.42
Germany,DEU,NY.GDP.MKTP.KD,1970,1411953745416.57
Germany,DEU,NY.GDP.MKTP.KD,1971,1456186017148.9
Germany,DEU,NY.GDP.MKTP.KD,1972,1518806985739.63
Germany,DEU,NY.GDP.MKTP.KD,1973,1591367790663.22
Germany,DEU,NY.GDP.MKTP.KD,1974,1605532057258.85
Germany,DEU,NY.GDP.MKTP.KD,1975,1591616285780.14
Germany,DEU,NY.GDP.MKTP.KD,1976,1670389489050.0
Germany,DEU,NY.GDP.MKTP.KD,1977,1726301068039.45
Germany,DEU,NY.GDP.MKTP.KD,1978,1778236712904.22
Germany,DEU,NY.GDP.MKTP.KD,1979,1852039997497.07
Germany,DEU,NY.GDP.MKTP.KD,1980,1878132067487.92
Germany,DEU,NY.GDP.MKTP.KD,1981,1888071903820.79
Germany,DEU,NY.GDP.MKTP.KD,1982,1880617026826.43
Germany,DEU,NY.GDP.MKTP.KD,1983,1910188039686.95
Germany,DEU,NY.GDP.MKTP.KD,1984,1964111651614.06
Germany,DEU,NY.GDP.MKTP.KD,1985,2009834898132.56
Germany,DEU,NY.GDP.MKTP.KD,1986,2055806640789.14
Germany,DEU,NY.GDP.MKTP.KD,1987,2084632166256.58
Germany,DEU,NY.GDP.MKTP.KD,1988,2161914393719.1
Germany,DEU,NY.GDP.MKTP.KD,1989,2246154505899.82
Germany,DEU,NY.GDP.MKTP.KD,1990,2364190062225.0
Germany,DEU,NY.GDP.MKTP.KD,1991,2484959073005.6
Germany,DEU,NY.GDP.MKTP.KD,1992,2534996542114.29
Germany,DEU,NY.GDP.MKTP.KD,1993,2510330187123.32
Germany,DEU,NY.GDP.MKTP.KD,1994,2575519839599.45
Germany,DEU,NY.GDP.MKTP.KD,1995,2614281254585.26
Germany,DEU,NY.GDP.MKTP.KD,1996,2641414240990.66
Germany,DEU,NY.GDP.MKTP.KD,1997,2690394576515.06
Germany,DEU,NY.GDP.MKTP.KD,1998,2746774816494.42
Germany,DEU,NY.GDP.MKTP.KD,1999,2805269313430.67
Germany,DEU,NY.GDP.MKTP.KD,2000,2885963533943.47
Germany,DEU,NY.GDP.MKTP.KD,2001,2933181986968.52
Germany,DEU,NY.GDP.MKTP.KD,2002,2926486831428.63
Germany,DEU,NY.GDP.MKTP.KD,2003,2910982263391.97
Germany,DEU,NY.GDP.MKTP.KD,2004,2944810405337.25
Germany,DEU,NY.GDP.MKTP.KD,2005,2970886268370.04
Germany,DEU,NY.GDP.MKTP.KD,2006,3085761005285.65
Germany,DEU,NY.GDP.MKTP.KD,2007,3174912263837.68
Germany,DEU,NY.GDP.MKTP.KD,2008,3203102383827.36
Germany,DEU,NY.GDP.MKTP.KD,2009,3025504625850.04
Germany,DEU,NY.GDP.MKTP.KD,2010,3150598283304.25
Germany,DEU,NY.GDP.MKTP.KD,2011,3268996785218.57
Germany,DEU,NY.GDP.MKTP.KD,2012,3284148978797.69
Germany,DEU,NY.GDP.MKTP.KD,2013,3297186905208.25
Germany,DEU,NY.GDP.MKTP.KD,2014,3369071713224.27
Germany,DEU,NY.GDP.MKTP.KD,2015,3425099578746.09
Germany,DEU,NY.GDP.MKTP.KD,2016,3501212900675.89
Germany,DEU,NY.GDP.MKTP.KD,2017,3599173571724.7
Germany,DEU,NY.GDP.MKTP.KD,2018,3640049243667.4
Germany,DEU,NY.GDP.MKTP.KD,2019,3675639268112.03
Germany,DEU,NY.GDP.MKTP.KD,2020,3523764998709.97
Germany,DEU,NY.GDP.MKTP.KD,2021,3661544208117.2
Germany,DEU,NY.GDP.MKTP.KD,2022,3727790994177.62
Germany,DEU,NY.GDP.MKTP.KD,2023,3695372350062.48
Germany,DEU,NY.GDP.MKTP.KD,2024,3677048776153.86
Germany,DEU,NY.GDP.MKTP.KD,2025,3685858188650.63
Djibouti,DJI,NY.GDP.MKTP.KD,2013,2107658964.77279
Djibouti,DJI,NY.GDP.MKTP.KD,2014,2259262606.11241
Djibouti,DJI,NY.GDP.MKTP.KD,2015,2424391785.43897
Djibouti,DJI,NY.GDP.MKTP.KD,2016,2597091693.86547
Djibouti,DJI,NY.GDP.MKTP.KD,2017,2738843335.30256
Djibouti,DJI,NY.GDP.MKTP.KD,2018,2869605010.3792
Djibouti,DJI,NY.GDP.MKTP.KD,2019,3028726927.17701
Djibouti,DJI,NY.GDP.MKTP.KD,2020,3065135713.11422
Djibouti,DJI,NY.GDP.MKTP.KD,2021,3200221046.31128
Djibouti,DJI,NY.GDP.MKTP.KD,2022,3365561651.66421
Djibouti,DJI,NY.GDP.MKTP.KD,2023,3594666717.82039
Djibouti,DJI,NY.GDP.MKTP.KD,2024,3845591877.09476
Djibouti,DJI,NY.GDP.MKTP.KD,2025,4095380799.70674
Dominica,DMA,NY.GDP.MKTP.KD,1977,233294626.823169
Dominica,DMA,NY.GDP.MKTP.KD,1978,257873955.507832
Dominica,DMA,NY.GDP.MKTP.KD,1979,210530140.027739
Dominica,DMA,NY.GDP.MKTP.KD,1980,238705772.141786
Dominica,DMA,NY.GDP.MKTP.KD,1981,264556010.586857
Dominica,DMA,NY.GDP.MKTP.KD,1982,275476045.458265
Dominica,DMA,NY.GDP.MKTP.KD,1983,282518088.922677
Dominica,DMA,NY.GDP.MKTP.KD,1984,294374375.456091
Dominica,DMA,NY.GDP.MKTP.KD,1985,298557238.5782
Dominica,DMA,NY.GDP.MKTP.KD,1986,319675256.719584
Dominica,DMA,NY.GDP.MKTP.KD,1987,339838968.611364
Dominica,DMA,NY.GDP.MKTP.KD,1988,366402899.65313
Dominica,DMA,NY.GDP.MKTP.KD,1989,365702570.33004
Dominica,DMA,NY.GDP.MKTP.KD,1990,385516275.291539
Dominica,DMA,NY.GDP.MKTP.KD,1991,390712144.756186
Dominica,DMA,NY.GDP.MKTP.KD,1992,398641309.306198
Dominica,DMA,NY.GDP.MKTP.KD,1993,407257627.831801
Dominica,DMA,NY.GDP.MKTP.KD,1994,407398040.189879
Dominica,DMA,NY.GDP.MKTP.KD,1995,419745728.315355
Dominica,DMA,NY.GDP.MKTP.KD,1996,432775457.268364
Dominica,DMA,NY.GDP.MKTP.KD,1997,442234316.346954
Dominica,DMA,NY.GDP.MKTP.KD,1998,458925258.524187
Dominica,DMA,NY.GDP.MKTP.KD,1999,460550210.337071
Dominica,DMA,NY.GDP.MKTP.KD,2000,471328095.603734
Dominica,DMA,NY.GDP.MKTP.KD,2001,471027183.520201
Dominica,DMA,NY.GDP.MKTP.KD,2002,456484593.584498
Dominica,DMA,NY.GDP.MKTP.KD,2003,482983317.391998
Dominica,DMA,NY.GDP.MKTP.KD,2004,502775184.653807
Dominica,DMA,NY.GDP.MKTP.KD,2005,507377017.907434
Dominica,DMA,NY.GDP.MKTP.KD,2006,529705537.84296
Dominica,DMA,NY.GDP.MKTP.KD,2007,558086829.799671
Dominica,DMA,NY.GDP.MKTP.KD,2008,597829935.171901
Dominica,DMA,NY.GDP.MKTP.KD,2009,591040072.975893
Dominica,DMA,NY.GDP.MKTP.KD,2010,590415870.485502
Dominica,DMA,NY.GDP.MKTP.KD,2011,590668207.662469
Dominica,DMA,NY.GDP.MKTP.KD,2012,589738544.378908
Dominica,DMA,NY.GDP.MKTP.KD,2013,589765106.18701
Dominica,DMA,NY.GDP.MKTP.KD,2014,603537403.687762
Dominica,DMA,NY.GDP.MKTP.KD,2015,583177777.777778
Dominica,DMA,NY.GDP.MKTP.KD,2016,591617792.302106
Dominica,DMA,NY.GDP.MKTP.KD,2017,546983994.013143
Dominica,DMA,NY.GDP.MKTP.KD,2018,563196657.633243
Dominica,DMA,NY.GDP.MKTP.KD,2019,585432211.240413
Dominica,DMA,NY.GDP.MKTP.KD,2020,493481872.044211
Dominica,DMA,NY.GDP.MKTP.KD,2021,520030399.241901
Dominica,DMA,NY.GDP.MKTP.KD,2022,574096959.632995
Dominica,DMA,NY.GDP.MKTP.KD,2023,595064186.903307
Dominica,DMA,NY.GDP.MKTP.KD,2024,607279298.404095
Dominica,DMA,NY.GDP.MKTP.KD,2025,625816120.233098
Denmark,DNK,NY.GDP.MKTP.KD,1960,80238063251.0121
Denmark,DNK,NY.GDP.MKTP.KD,1961,85356314838.5914
Denmark,DNK,NY.GDP.MKTP.KD,1962,90193305340.9904
Denmark,DNK,NY.GDP.MKTP.KD,1963,90767855836.0511
Denmark,DNK,NY.GDP.MKTP.KD,1964,99181979986.8505
Denmark,DNK,NY.GDP.MKTP.KD,1965,103699971949.541
Denmark,DNK,NY.GDP.MKTP.KD,1966,106542294923.76
Denmark,DNK,NY.GDP.MKTP.KD,1967,112813620772.675
Denmark,DNK,NY.GDP.MKTP.KD,1968,119416599036.831
Denmark,DNK,NY.GDP.MKTP.KD,1969,127535877471.206
Denmark,DNK,NY.GDP.MKTP.KD,1970,129902945560.357
Denmark,DNK,NY.GDP.MKTP.KD,1971,134031029529.879
Denmark,DNK,NY.GDP.MKTP.KD,1972,139120989452.469
Denmark,DNK,NY.GDP.MKTP.KD,1973,145686794687.837
Denmark,DNK,NY.GDP.MKTP.KD,1974,144281984443.386
Denmark,DNK,NY.GDP.MKTP.KD,1975,142247753418.635
Denmark,DNK,NY.GDP.MKTP.KD,1976,150773233048.039
Denmark,DNK,NY.GDP.MKTP.KD,1977,153766730433.028
Denmark,DNK,NY.GDP.MKTP.KD,1978,157483262378.602
Denmark,DNK,NY.GDP.MKTP.KD,1979,163866531123.869
Denmark,DNK,NY.GDP.MKTP.KD,1980,162635188845.175
Denmark,DNK,NY.GDP.MKTP.KD,1981,161430084232.087
Denmark,DNK,NY.GDP.MKTP.KD,1982,167713124648.919
Denmark,DNK,NY.GDP.MKTP.KD,1983,172165579296.735
Denmark,DNK,NY.GDP.MKTP.KD,1984,179636437842.04
Denmark,DNK,NY.GDP.MKTP.KD,1985,187096889700.136
Denmark,DNK,NY.GDP.MKTP.KD,1986,195952945326.293
Denmark,DNK,NY.GDP.MKTP.KD,1987,196860120910.661
Denmark,DNK,NY.GDP.MKTP.KD,1988,197397452813.504
Denmark,DNK,NY.GDP.MKTP.KD,1989,198773654972.474
Denmark,DNK,NY.GDP.MKTP.KD,1990,202073829844.963
Denmark,DNK,NY.GDP.MKTP.KD,1991,205020430124.221
Denmark,DNK,NY.GDP.MKTP.KD,1992,209167606432.298
Denmark,DNK,NY.GDP.MKTP.KD,1993,209002572327.368
Denmark,DNK,NY.GDP.MKTP.KD,1994,220068623481.056
Denmark,DNK,NY.GDP.MKTP.KD,1995,226754355587.313
Denmark,DNK,NY.GDP.MKTP.KD,1996,233320596409.064
Denmark,DNK,NY.GDP.MKTP.KD,1997,240713316196.954
Denmark,DNK,NY.GDP.MKTP.KD,1998,246313036680.162
Denmark,DNK,NY.GDP.MKTP.KD,1999,253621896626.282
Denmark,DNK,NY.GDP.MKTP.KD,2000,263066798869.213
Denmark,DNK,NY.GDP.MKTP.KD,2001,265566018286.991
Denmark,DNK,NY.GDP.MKTP.KD,2002,266778406880.15
Denmark,DNK,NY.GDP.MKTP.KD,2003,267955142440.516
Denmark,DNK,NY.GDP.MKTP.KD,2004,275394519880.793
Denmark,DNK,NY.GDP.MKTP.KD,2005,281892753289.031
Denmark,DNK,NY.GDP.MKTP.KD,2006,292651155542.909
Denmark,DNK,NY.GDP.MKTP.KD,2007,295540131122.49
Denmark,DNK,NY.GDP.MKTP.KD,2008,294307201413.926
Denmark,DNK,NY.GDP.MKTP.KD,2009,279666951317.258
Denmark,DNK,NY.GDP.MKTP.KD,2010,284093791186.593
Denmark,DNK,NY.GDP.MKTP.KD,2011,287817703286.122
Denmark,DNK,NY.GDP.MKTP.KD,2012,287802068160.374
Denmark,DNK,NY.GDP.MKTP.KD,2013,291810211099.295
Denmark,DNK,NY.GDP.MKTP.KD,2014,295539545106.694
Denmark,DNK,NY.GDP.MKTP.KD,2015,301758922337.637
Denmark,DNK,NY.GDP.MKTP.KD,2016,311032111297.516
Denmark,DNK,NY.GDP.MKTP.KD,2017,320538736986.013
Denmark,DNK,NY.GDP.MKTP.KD,2018,326500781502.599
Denmark,DNK,NY.GDP.MKTP.KD,2019,332088518944.146
Denmark,DNK,NY.GDP.MKTP.KD,2020,326176991232.295
Denmark,DNK,NY.GDP.MKTP.KD,2021,347379325644.417
Denmark,DNK,NY.GDP.MKTP.KD,2022,348921108389.075
Denmark,DNK,NY.GDP.MKTP.KD,2023,351030642724.0
Denmark,DNK,NY.GDP.MKTP.KD,2024,363238912546.89
Denmark,DNK,NY.GDP.MKTP.KD,2025,373876120004.794
Dominican Republic,DOM,NY.GDP.MKTP.KD,1960,4496273447.01387
Dominican Republic,DOM,NY.GDP.MKTP.KD,1961,4392263457.70639
Dominican Republic,DOM,NY.GDP.MKTP.KD,1962,5141023191.76688
Dominican Republic,DOM,NY.GDP.MKTP.KD,1963,5475338924.3175
Dominican Republic,DOM,NY.GDP.MKTP.KD,1964,5845738217.21372
Dominican Republic,DOM,NY.GDP.MKTP.KD,1965,5116082881.76774
Dominican Republic,DOM,NY.GDP.MKTP.KD,1966,5804878762.06109
Dominican Republic,DOM,NY.GDP.MKTP.KD,1967,5998038557.59129
Dominican Republic,DOM,NY.GDP.MKTP.KD,1968,6012365501.5622
Dominican Republic,DOM,NY.GDP.MKTP.KD,1969,6667199033.31331
Dominican Republic,DOM,NY.GDP.MKTP.KD,1970,7882408258.07043
Dominican Republic,DOM,NY.GDP.MKTP.KD,1971,8739341597.20218
Dominican Republic,DOM,NY.GDP.MKTP.KD,1972,9647723102.04395
Dominican Republic,DOM,NY.GDP.MKTP.KD,1973,10891870678.1356
Dominican Republic,DOM,NY.GDP.MKTP.KD,1974,11545590180.5936
Dominican Republic,DOM,NY.GDP.MKTP.KD,1975,12145181930.2512
Dominican Republic,DOM,NY.GDP.MKTP.KD,1976,12962324665.6091
Dominican Republic,DOM,NY.GDP.MKTP.KD,1977,13608079675.4608
Dominican Republic,DOM,NY.GDP.MKTP.KD,1978,13899385751.843
Dominican Republic,DOM,NY.GDP.MKTP.KD,1979,14529222408.9409
Dominican Republic,DOM,NY.GDP.MKTP.KD,1980,15687018149.8741
Dominican Republic,DOM,NY.GDP.MKTP.KD,1981,16358401738.178
Dominican Republic,DOM,NY.GDP.MKTP.KD,1982,16636283320.3946
Dominican Republic,DOM,NY.GDP.MKTP.KD,1983,17406201586.8393
Dominican Republic,DOM,NY.GDP.MKTP.KD,1984,17624283185.8384
Dominican Republic,DOM,NY.GDP.MKTP.KD,1985,17250201610.9079
Dominican Republic,DOM,NY.GDP.MKTP.KD,1986,17857752538.4605
Dominican Republic,DOM,NY.GDP.MKTP.KD,1987,19664486965.3284
Dominican Republic,DOM,NY.GDP.MKTP.KD,1988,20088446093.5456
Dominican Republic,DOM,NY.GDP.MKTP.KD,1989,20972445961.2045
Dominican Republic,DOM,NY.GDP.MKTP.KD,1990,19828543241.5842
Dominican Republic,DOM,NY.GDP.MKTP.KD,1991,20015752229.4614
Dominican Republic,DOM,NY.GDP.MKTP.KD,1992,22265015206.6119
Dominican Republic,DOM,NY.GDP.MKTP.KD,1993,23905211028.6478
Dominican Republic,DOM,NY.GDP.MKTP.KD,1994,24525260342.7332
Dominican Republic,DOM,NY.GDP.MKTP.KD,1995,25923197384.3629
Dominican Republic,DOM,NY.GDP.MKTP.KD,1996,27468529262.4571
Dominican Republic,DOM,NY.GDP.MKTP.KD,1997,29913105390.3086
Dominican Republic,DOM,NY.GDP.MKTP.KD,1998,31919035075.5019
Dominican Republic,DOM,NY.GDP.MKTP.KD,1999,33820295671.4738
Dominican Republic,DOM,NY.GDP.MKTP.KD,2000,35393522990.4108
Dominican Republic,DOM,NY.GDP.MKTP.KD,2001,36267520113.1855
Dominican Republic,DOM,NY.GDP.MKTP.KD,2002,37894663734.2472
Dominican Republic,DOM,NY.GDP.MKTP.KD,2003,37383329266.8199
Dominican Republic,DOM,NY.GDP.MKTP.KD,2004,38349900170.1598
Dominican Republic,DOM,NY.GDP.MKTP.KD,2005,41966981958.5524
Dominican Republic,DOM,NY.GDP.MKTP.KD,2006,45815860539.7981
Dominican Republic,DOM,NY.GDP.MKTP.KD,2007,49214666985.2049
Dominican Republic,DOM,NY.GDP.MKTP.KD,2008,50823044977.7376
Dominican Republic,DOM,NY.GDP.MKTP.KD,2009,51333030311.777
Dominican Republic,DOM,NY.GDP.MKTP.KD,2010,55645592832.7047
Dominican Republic,DOM,NY.GDP.MKTP.KD,2011,57421779163.4885
Dominican Republic,DOM,NY.GDP.MKTP.KD,2012,59015618840.2876
Dominican Republic,DOM,NY.GDP.MKTP.KD,2013,61927882062.5429
Dominican Republic,DOM,NY.GDP.MKTP.KD,2014,66331713896.7879
Dominican Republic,DOM,NY.GDP.MKTP.KD,2015,70966782572.4386
Dominican Republic,DOM,NY.GDP.MKTP.KD,2016,75735566406.0476
Dominican Republic,DOM,NY.GDP.MKTP.KD,2017,78714898894.6559
Dominican Republic,DOM,NY.GDP.MKTP.KD,2018,84301701754.6018
Dominican Republic,DOM,NY.GDP.MKTP.KD,2019,88427452425.8944
Dominican Republic,DOM,NY.GDP.MKTP.KD,2020,81415993438.0734
Dominican Republic,DOM,NY.GDP.MKTP.KD,2021,92824351636.8768
Dominican Republic,DOM,NY.GDP.MKTP.KD,2022,97686450823.9666
Dominican Republic,DOM,NY.GDP.MKTP.KD,2023,99828029402.8707
Dominican Republic,DOM,NY.GDP.MKTP.KD,2024,104773032846.36
Dominican Republic,DOM,NY.GDP.MKTP.KD,2025,106991487756.082
Algeria,DZA,NY.GDP.MKTP.KD,1960,27287513101.983
Algeria,DZA,NY.GDP.MKTP.KD,1961,23574926517.9503
Algeria,DZA,NY.GDP.MKTP.KD,1962,18934192372.524
Algeria,DZA,NY.GDP.MKTP.KD,1963,25431219789.9774
Algeria,DZA,NY.GDP.MKTP.KD,1964,26916253746.4174
Algeria,DZA,NY.GDP.MKTP.KD,1965,28586918218.6911
Algeria,DZA,NY.GDP.MKTP.KD,1966,27213325104.703
Algeria,DZA,NY.GDP.MKTP.KD,1967,29785790538.944
Algeria,DZA,NY.GDP.MKTP.KD,1968,33001535545.8172
Algeria,DZA,NY.GDP.MKTP.KD,1969,35784647535.9227
Algeria,DZA,NY.GDP.MKTP.KD,1970,38956118145.081
Algeria,DZA,NY.GDP.MKTP.KD,1971,34541720238.014
Algeria,DZA,NY.GDP.MKTP.KD,1972,44014431054.1008
Algeria,DZA,NY.GDP.MKTP.KD,1973,45692778905.9266
Algeria,DZA,NY.GDP.MKTP.KD,1974,49117415081.8386
Algeria,DZA,NY.GDP.MKTP.KD,1975,51595556464.0315
Algeria,DZA,NY.GDP.MKTP.KD,1976,55922750141.4526
Algeria,DZA,NY.GDP.MKTP.KD,1977,58863496043.6358
Algeria,DZA,NY.GDP.MKTP.KD,1978,64287670491.7336
Algeria,DZA,NY.GDP.MKTP.KD,1979,69094990985.068
Algeria,DZA,NY.GDP.MKTP.KD,1980,69641260800.9969
Algeria,DZA,NY.GDP.MKTP.KD,1981,71730495900.9514
Algeria,DZA,NY.GDP.MKTP.KD,1982,76321250590.2067
Algeria,DZA,NY.GDP.MKTP.KD,1983,80442600430.4278
Algeria,DZA,NY.GDP.MKTP.KD,1984,84947383262.6758
Algeria,DZA,NY.GDP.MKTP.KD,1985,88090434111.4929
Algeria,DZA,NY.GDP.MKTP.KD,1986,88442796731.3094
Algeria,DZA,NY.GDP.MKTP.KD,1987,87823699342.0674
Algeria,DZA,NY.GDP.MKTP.KD,1988,86945457526.5473
Algeria,DZA,NY.GDP.MKTP.KD,1989,90771059536.2581
Algeria,DZA,NY.GDP.MKTP.KD,1990,91497228539.1792
Algeria,DZA,NY.GDP.MKTP.KD,1991,90399261260.1306
Algeria,DZA,NY.GDP.MKTP.KD,1992,92026450044.2876
Algeria,DZA,NY.GDP.MKTP.KD,1993,90093893896.7426
Algeria,DZA,NY.GDP.MKTP.KD,1994,89283051957.2347
Algeria,DZA,NY.GDP.MKTP.KD,1995,92675803280.5324
Algeria,DZA,NY.GDP.MKTP.KD,1996,96475509798.6511
Algeria,DZA,NY.GDP.MKTP.KD,1997,97536740345.5047
Algeria,DZA,NY.GDP.MKTP.KD,1998,102511117625.248
Algeria,DZA,NY.GDP.MKTP.KD,1999,105791474981.454
Algeria,DZA,NY.GDP.MKTP.KD,2000,109811551032.426
Algeria,DZA,NY.GDP.MKTP.KD,2001,113105897561.895
Algeria,DZA,NY.GDP.MKTP.KD,2002,119213616030.237
Algeria,DZA,NY.GDP.MKTP.KD,2003,126962501072.943
Algeria,DZA,NY.GDP.MKTP.KD,2004,132675813620.929
Algeria,DZA,NY.GDP.MKTP.KD,2005,139840307556.055
Algeria,DZA,NY.GDP.MKTP.KD,2006,143895676473.864
Algeria,DZA,NY.GDP.MKTP.KD,2007,148356442446.405
Algeria,DZA,NY.GDP.MKTP.KD,2008,152065353506.518
Algeria,DZA,NY.GDP.MKTP.KD,2009,153890137748.132
Algeria,DZA,NY.GDP.MKTP.KD,2010,161276864361.482
Algeria,DZA,NY.GDP.MKTP.KD,2011,166115170291.39
Algeria,DZA,NY.GDP.MKTP.KD,2012,170101934378.955
Algeria,DZA,NY.GDP.MKTP.KD,2013,174524584673.849
Algeria,DZA,NY.GDP.MKTP.KD,2014,181680092643.147
Algeria,DZA,NY.GDP.MKTP.KD,2015,187493855609.345
Algeria,DZA,NY.GDP.MKTP.KD,2016,194806115978.439
Algeria,DZA,NY.GDP.MKTP.KD,2017,197728207716.082
Algeria,DZA,NY.GDP.MKTP.KD,2018,200496402625.853
Algeria,DZA,NY.GDP.MKTP.KD,2019,202300870247.92
Algeria,DZA,NY.GDP.MKTP.KD,2020,192185826737.373
Algeria,DZA,NY.GDP.MKTP.KD,2021,199488888151.485
Algeria,DZA,NY.GDP.MKTP.KD,2022,206670488126.832
Algeria,DZA,NY.GDP.MKTP.KD,2023,215143978140.155
Algeria,DZA,NY.GDP.MKTP.KD,2024,223104305329.361
Algeria,DZA,NY.GDP.MKTP.KD,2025,231616947638.689
East Asia & Pacific (excluding high income),EAP,NY.GDP.MKTP.KD,1960,291490818933.795
East Asia & Pacific (excluding high income),EAP,NY.GDP.MKTP.KD,1961,252330763018.918
East Asia & Pacific (excluding high income),EAP,NY.GDP.MKTP.KD,1962,250635396595.204
East Asia & Pacific (excluding high income),EAP,NY.GDP.MKTP.KD,1963,266833687135.696
East Asia & Pacific (excluding high income),EAP,NY.GDP.MKTP.KD,1964,295735573387.564
East Asia & Pacific (excluding high income),EAP,NY.GDP.MKTP.KD,1965,327743693348.116
East Asia & Pacific (excluding high income),EAP,NY.GDP.MKTP.KD,1966,354032140896.298
East Asia & Pacific (excluding high income),EAP,NY.GDP.MKTP.KD,1967,348891079955.391
East Asia & Pacific (excluding high income),EAP,NY.GDP.MKTP.KD,1968,354936814535.739
East Asia & Pacific (excluding high income),EAP,NY.GDP.MKTP.KD,1969,395473680600.654
East Asia & Pacific (excluding high income),EAP,NY.GDP.MKTP.KD,1970,448791137885.059
East Asia & Pacific (excluding high income),EAP,NY.GDP.MKTP.KD,1971,479201153619.91
East Asia & Pacific (excluding high income),EAP,NY.GDP.MKTP.KD,1972,502661442110.487
East Asia & Pacific (excluding high income),EAP,NY.GDP.MKTP.KD,1973,544195883975.238
East Asia & Pacific (excluding high income),EAP,NY.GDP.MKTP.KD,1974,565531324241.688
East Asia & Pacific (excluding high income),EAP,NY.GDP.MKTP.KD,1975,603547002013.851
East Asia & Pacific (excluding high income),EAP,NY.GDP.MKTP.KD,1976,620181907179.423
East Asia & Pacific (excluding high income),EAP,NY.GDP.MKTP.KD,1977,666517016566.928
East Asia & Pacific (excluding high income),EAP,NY.GDP.MKTP.KD,1978,727759221707.526
East Asia & Pacific (excluding high income),EAP,NY.GDP.MKTP.KD,1979,778838825956.173
East Asia & Pacific (excluding high income),EAP,NY.GDP.MKTP.KD,1980,837020067365.854
East Asia & Pacific (excluding high income),EAP,NY.GDP.MKTP.KD,1981,883683031316.382
East Asia & Pacific (excluding high income),EAP,NY.GDP.MKTP.KD,1982,940467564486.994
East Asia & Pacific (excluding high income),EAP,NY.GDP.MKTP.KD,1983,1012928882607.67
East Asia & Pacific (excluding high income),EAP,NY.GDP.MKTP.KD,1984,1114213428835.49
East Asia & Pacific (excluding high income),EAP,NY.GDP.MKTP.KD,1985,1202544124540.5
East Asia & Pacific (excluding high income),EAP,NY.GDP.MKTP.KD,1986,1288520075932.53
East Asia & Pacific (excluding high income),EAP,NY.GDP.MKTP.KD,1987,1406962362866.68
East Asia & Pacific (excluding high income),EAP,NY.GDP.MKTP.KD,1988,1544496695198.45
East Asia & Pacific (excluding high income),EAP,NY.GDP.MKTP.KD,1989,1632331372802.18
East Asia & Pacific (excluding high income),EAP,NY.GDP.MKTP.KD,1990,1716272105170.03
East Asia & Pacific (excluding high income),EAP,NY.GDP.MKTP.KD,1991,1855348135694.36
East Asia & Pacific (excluding high income),EAP,NY.GDP.MKTP.KD,1992,2064070412570.84
East Asia & Pacific (excluding high income),EAP,NY.GDP.MKTP.KD,1993,2297566663550.96
East Asia & Pacific (excluding high income),EAP,NY.GDP.MKTP.KD,1994,2549275272411.5
East Asia & Pacific (excluding high income),EAP,NY.GDP.MKTP.KD,1995,2802297125570.03
East Asia & Pacific (excluding high income),EAP,NY.GDP.MKTP.KD,1996,3057425741986.04
East Asia & Pacific (excluding high income),EAP,NY.GDP.MKTP.KD,1997,3283766082279.36
East Asia & Pacific (excluding high income),EAP,NY.GDP.MKTP.KD,1998,3382458223942.18
East Asia & Pacific (excluding high income),EAP,NY.GDP.MKTP.KD,1999,3600770375477.55
East Asia & Pacific (excluding high income),EAP,NY.GDP.MKTP.KD,2000,3878731151071.84
East Asia & Pacific (excluding high income),EAP,NY.GDP.MKTP.KD,2001,4149802045782.37
East Asia & Pacific (excluding high income),EAP,NY.GDP.MKTP.KD,2002,4487992759266.78
East Asia & Pacific (excluding high income),EAP,NY.GDP.MKTP.KD,2003,4892839071339.18
East Asia & Pacific (excluding high income),EAP,NY.GDP.MKTP.KD,2004,5340818908007.62
East Asia & Pacific (excluding high income),EAP,NY.GDP.MKTP.KD,2005,5877346880589.46
East Asia & Pacific (excluding high income),EAP,NY.GDP.MKTP.KD,2006,6528010255376.57
East Asia & Pacific (excluding high income),EAP,NY.GDP.MKTP.KD,2007,7340893871206.55
East Asia & Pacific (excluding high income),EAP,NY.GDP.MKTP.KD,2008,7975706363893.31
East Asia & Pacific (excluding high income),EAP,NY.GDP.MKTP.KD,2009,8615252999045.12
East Asia & Pacific (excluding high income),EAP,NY.GDP.MKTP.KD,2010,9467658267549.77
East Asia & Pacific (excluding high income),EAP,NY.GDP.MKTP.KD,2011,10280488400786.8
East Asia & Pacific (excluding high income),EAP,NY.GDP.MKTP.KD,2012,11059794522321.9
East Asia & Pacific (excluding high income),EAP,NY.GDP.MKTP.KD,2013,11869065707610.3
East Asia & Pacific (excluding high income),EAP,NY.GDP.MKTP.KD,2014,12702539029123.1
East Asia & Pacific (excluding high income),EAP,NY.GDP.MKTP.KD,2015,13549001701885.3
East Asia & Pacific (excluding high income),EAP,NY.GDP.MKTP.KD,2016,14430842372325.0
East Asia & Pacific (excluding high income),EAP,NY.GDP.MKTP.KD,2017,15392898339965.9
East Asia & Pacific (excluding high income),EAP,NY.GDP.MKTP.KD,2018,16399286721574.2
East Asia & Pacific (excluding high income),EAP,NY.GDP.MKTP.KD,2019,17364367080365.6
East Asia & Pacific (excluding high income),EAP,NY.GDP.MKTP.KD,2020,17597641475173.1
East Asia & Pacific (excluding high income),EAP,NY.GDP.MKTP.KD,2021,18956219942852.2
East Asia & Pacific (excluding high income),EAP,NY.GDP.MKTP.KD,2022,19629009807090.5
East Asia & Pacific (excluding high income),EAP,NY.GDP.MKTP.KD,2023,20661523520296.8
East Asia & Pacific (excluding high income),EAP,NY.GDP.MKTP.KD,2024,21685110845956.9
East Asia & Pacific (excluding high income),EAP,NY.GDP.MKTP.KD,2025,22757329753833.4
Early-demographic dividend,EAR,NY.GDP.MKTP.KD,1960,1034806041709.2
Early-demographic dividend,EAR,NY.GDP.MKTP.KD,1961,1083897604618.18
Early-demographic dividend,EAR,NY.GDP.MKTP.KD,1962,1129129877941.38
Early-demographic dividend,EAR,NY.GDP.MKTP.KD,1963,1188691228210.17
Early-demographic dividend,EAR,NY.GDP.MKTP.KD,1964,1289157176603.89
Early-demographic dividend,EAR,NY.GDP.MKTP.KD,1965,1367595071937.11
Early-demographic dividend,EAR,NY.GDP.MKTP.KD,1966,1425610496761.48
Early-demographic dividend,EAR,NY.GDP.MKTP.KD,1967,1505033024849.98
Early-demographic dividend,EAR,NY.GDP.MKTP.KD,1968,1613859504601.57
Early-demographic dividend,EAR,NY.GDP.MKTP.KD,1969,1719697043943.56
Early-demographic dividend,EAR,NY.GDP.MKTP.KD,1970,1864299729209.48
Early-demographic dividend,EAR,NY.GDP.MKTP.KD,1971,1963623263138.27
Early-demographic dividend,EAR,NY.GDP.MKTP.KD,1972,2094193645431.81
Early-demographic dividend,EAR,NY.GDP.MKTP.KD,1973,2241826207382.97
Early-demographic dividend,EAR,NY.GDP.MKTP.KD,1974,2394035314132.81
Early-demographic dividend,EAR,NY.GDP.MKTP.KD,1975,2463342175855.21
Early-demographic dividend,EAR,NY.GDP.MKTP.KD,1976,2636054729881.46
Early-demographic dividend,EAR,NY.GDP.MKTP.KD,1977,2742179694015.76
Early-demographic dividend,EAR,NY.GDP.MKTP.KD,1978,2801689165515.26
Early-demographic dividend,EAR,NY.GDP.MKTP.KD,1979,2915307474961.51
Early-demographic dividend,EAR,NY.GDP.MKTP.KD,1980,3008926458416.53
Early-demographic dividend,EAR,NY.GDP.MKTP.KD,1981,3118194316676.99
Early-demographic dividend,EAR,NY.GDP.MKTP.KD,1982,3134506091412.1
Early-demographic dividend,EAR,NY.GDP.MKTP.KD,1983,3144457776618.59
Early-demographic dividend,EAR,NY.GDP.MKTP.KD,1984,3211413871805.69
Early-demographic dividend,EAR,NY.GDP.MKTP.KD,1985,3244664765436.76
Early-demographic dividend,EAR,NY.GDP.MKTP.KD,1986,3294497169671.0
Early-demographic dividend,EAR,NY.GDP.MKTP.KD,1987,3390833483576.49
Early-demographic dividend,EAR,NY.GDP.MKTP.KD,1988,3500717981076.48
Early-demographic dividend,EAR,NY.GDP.MKTP.KD,1989,3569842690226.66
Early-demographic dividend,EAR,NY.GDP.MKTP.KD,1990,3751453958571.99
Early-demographic dividend,EAR,NY.GDP.MKTP.KD,1991,3916731998385.26
Early-demographic dividend,EAR,NY.GDP.MKTP.KD,1992,4078254005756.71
Early-demographic dividend,EAR,NY.GDP.MKTP.KD,1993,4221693419508.33
Early-demographic dividend,EAR,NY.GDP.MKTP.KD,1994,4363059531562.77
Early-demographic dividend,EAR,NY.GDP.MKTP.KD,1995,4473325300711.71
Early-demographic dividend,EAR,NY.GDP.MKTP.KD,1996,4728417893050.41
Early-demographic dividend,EAR,NY.GDP.MKTP.KD,1997,4963399236698.3
Early-demographic dividend,EAR,NY.GDP.MKTP.KD,1998,5082331511948.09
Early-demographic dividend,EAR,NY.GDP.MKTP.KD,1999,5195450844201.19
Early-demographic dividend,EAR,NY.GDP.MKTP.KD,2000,5422237647346.81
Early-demographic dividend,EAR,NY.GDP.MKTP.KD,2001,5488045572467.66
Early-demographic dividend,EAR,NY.GDP.MKTP.KD,2002,5584341741072.65
Early-demographic dividend,EAR,NY.GDP.MKTP.KD,2003,5860739065994.62
Early-demographic dividend,EAR,NY.GDP.MKTP.KD,2004,6233825831152.16
Early-demographic dividend,EAR,NY.GDP.MKTP.KD,2005,6605986367119.49
Early-demographic dividend,EAR,NY.GDP.MKTP.KD,2006,7011768965126.5
Early-demographic dividend,EAR,NY.GDP.MKTP.KD,2007,7416375299024.91
Early-demographic dividend,EAR,NY.GDP.MKTP.KD,2008,7675237520556.4
Early-demographic dividend,EAR,NY.GDP.MKTP.KD,2009,7725575711169.97
Early-demographic dividend,EAR,NY.GDP.MKTP.KD,2010,8218513370459.67
Early-demographic dividend,EAR,NY.GDP.MKTP.KD,2011,8626003599759.26
Early-demographic dividend,EAR,NY.GDP.MKTP.KD,2012,8991167198026.36
Early-demographic dividend,EAR,NY.GDP.MKTP.KD,2013,9354273954653.48
Early-demographic dividend,EAR,NY.GDP.MKTP.KD,2014,9727904881516.54
Early-demographic dividend,EAR,NY.GDP.MKTP.KD,2015,10141599371579.2
Early-demographic dividend,EAR,NY.GDP.MKTP.KD,2016,10562182262135.8
Early-demographic dividend,EAR,NY.GDP.MKTP.KD,2017,11036424941221.8
Early-demographic dividend,EAR,NY.GDP.MKTP.KD,2018,11435149981877.9
Early-demographic dividend,EAR,NY.GDP.MKTP.KD,2019,11695029341370.2
Early-demographic dividend,EAR,NY.GDP.MKTP.KD,2020,11194081317911.1
Early-demographic dividend,EAR,NY.GDP.MKTP.KD,2021,12034409317738.6
Early-demographic dividend,EAR,NY.GDP.MKTP.KD,2022,12759397250798.7
Early-demographic dividend,EAR,NY.GDP.MKTP.KD,2023,13285513155386.8
Early-demographic dividend,EAR,NY.GDP.MKTP.KD,2024,13798541048926.3
Early-demographic dividend,EAR,NY.GDP.MKTP.KD,2025,14401835893175.0
East Asia & Pacific,EAS,NY.GDP.MKTP.KD,1960,1204824691149.71
East Asia & Pacific,EAS,NY.GDP.MKTP.KD,1961,1251102124907.74
East Asia & Pacific,EAS,NY.GDP.MKTP.KD,1962,1319439722336.91
East Asia & Pacific,EAS,NY.GDP.MKTP.KD,1963,1421980912199.57
East Asia & Pacific,EAS,NY.GDP.MKTP.KD,1964,1570055590484.15
East Asia & Pacific,EAS,NY.GDP.MKTP.KD,1965,1679517442622.32
East Asia & Pacific,EAS,NY.GDP.MKTP.KD,1966,1824388467486.41
East Asia & Pacific,EAS,NY.GDP.MKTP.KD,1967,1958700964099.46
East Asia & Pacific,EAS,NY.GDP.MKTP.KD,1968,2141678684498.17
East Asia & Pacific,EAS,NY.GDP.MKTP.KD,1969,2387772191998.66
East Asia & Pacific,EAS,NY.GDP.MKTP.KD,1970,2480473648061.83
East Asia & Pacific,EAS,NY.GDP.MKTP.KD,1971,2611454891465.83
East Asia & Pacific,EAS,NY.GDP.MKTP.KD,1972,2798717755254.9
East Asia & Pacific,EAS,NY.GDP.MKTP.KD,1973,3013422030743.78
East Asia & Pacific,EAS,NY.GDP.MKTP.KD,1974,3043697033373.72
East Asia & Pacific,EAS,NY.GDP.MKTP.KD,1975,3151702931890.13
East Asia & Pacific,EAS,NY.GDP.MKTP.KD,1976,3283478430652.11
East Asia & Pacific,EAS,NY.GDP.MKTP.KD,1977,3454174162053.73
East Asia & Pacific,EAS,NY.GDP.MKTP.KD,1978,3654470721064.54
East Asia & Pacific,EAS,NY.GDP.MKTP.KD,1979,3871147720026.98
East Asia & Pacific,EAS,NY.GDP.MKTP.KD,1980,4016051864115.34
East Asia & Pacific,EAS,NY.GDP.MKTP.KD,1981,4201001867816.0
East Asia & Pacific,EAS,NY.GDP.MKTP.KD,1982,4376233944997.86
East Asia & Pacific,EAS,NY.GDP.MKTP.KD,1983,4567417273512.26
East Asia & Pacific,EAS,NY.GDP.MKTP.KD,1984,4851113551693.41
East Asia & Pacific,EAS,NY.GDP.MKTP.KD,1985,5129939121964.25
East Asia & Pacific,EAS,NY.GDP.MKTP.KD,1986,5383484441908.91
East Asia & Pacific,EAS,NY.GDP.MKTP.KD,1987,5723760756482.9
East Asia & Pacific,EAS,NY.GDP.MKTP.KD,1988,6163417266399.4
East Asia & Pacific,EAS,NY.GDP.MKTP.KD,1989,6478470643077.78
East Asia & Pacific,EAS,NY.GDP.MKTP.KD,1990,6809383648103.16
East Asia & Pacific,EAS,NY.GDP.MKTP.KD,1991,7138565924076.17
East Asia & Pacific,EAS,NY.GDP.MKTP.KD,1992,7440221755755.48
East Asia & Pacific,EAS,NY.GDP.MKTP.KD,1993,7751068821257.16
East Asia & Pacific,EAS,NY.GDP.MKTP.KD,1994,8154326382304.28
East Asia & Pacific,EAS,NY.GDP.MKTP.KD,1995,8607830032343.25
East Asia & Pacific,EAS,NY.GDP.MKTP.KD,1996,9091363654267.15
East Asia & Pacific,EAS,NY.GDP.MKTP.KD,1997,9478998871634.3
East Asia & Pacific,EAS,NY.GDP.MKTP.KD,1998,9504531878692.21
East Asia & Pacific,EAS,NY.GDP.MKTP.KD,1999,9864855457070.58
East Asia & Pacific,EAS,NY.GDP.MKTP.KD,2000,10410628851117.6
East Asia & Pacific,EAS,NY.GDP.MKTP.KD,2001,10750501131208.8
East Asia & Pacific,EAS,NY.GDP.MKTP.KD,2002,11228158149392.2
East Asia & Pacific,EAS,NY.GDP.MKTP.KD,2003,11780775492578.2
East Asia & Pacific,EAS,NY.GDP.MKTP.KD,2004,12471351307838.4
East Asia & Pacific,EAS,NY.GDP.MKTP.KD,2005,13214477677847.5
East Asia & Pacific,EAS,NY.GDP.MKTP.KD,2006,14076333712468.0
East Asia & Pacific,EAS,NY.GDP.MKTP.KD,2007,15137773427430.2
East Asia & Pacific,EAS,NY.GDP.MKTP.KD,2008,15808133836545.1
East Asia & Pacific,EAS,NY.GDP.MKTP.KD,2009,16207768959104.9
East Asia & Pacific,EAS,NY.GDP.MKTP.KD,2010,17443624176618.6
East Asia & Pacific,EAS,NY.GDP.MKTP.KD,2011,18382455176283.0
East Asia & Pacific,EAS,NY.GDP.MKTP.KD,2012,19350249360674.0
East Asia & Pacific,EAS,NY.GDP.MKTP.KD,2013,20369669523477.5
East Asia & Pacific,EAS,NY.GDP.MKTP.KD,2014,21371640894034.6
East Asia & Pacific,EAS,NY.GDP.MKTP.KD,2015,22388696608294.0
East Asia & Pacific,EAS,NY.GDP.MKTP.KD,2016,23425550033381.4
East Asia & Pacific,EAS,NY.GDP.MKTP.KD,2017,24605417734608.6
East Asia & Pacific,EAS,NY.GDP.MKTP.KD,2018,25789431199019.1
East Asia & Pacific,EAS,NY.GDP.MKTP.KD,2019,26831557863474.9
East Asia & Pacific,EAS,NY.GDP.MKTP.KD,2020,26807230984539.5
East Asia & Pacific,EAS,NY.GDP.MKTP.KD,2021,28544440452498.4
East Asia & Pacific,EAS,NY.GDP.MKTP.KD,2022,29415490830816.5
East Asia & Pacific,EAS,NY.GDP.MKTP.KD,2023,30613052966806.9
East Asia & Pacific,EAS,NY.GDP.MKTP.KD,2024,31753493803199.7
East Asia & Pacific,EAS,NY.GDP.MKTP.KD,2025,33022789352605.6
Europe & Central Asia (excluding high income),ECA,NY.GDP.MKTP.KD,1987,691118089851.43
Europe & Central Asia (excluding high income),ECA,NY.GDP.MKTP.KD,1988,714080571684.851
Europe & Central Asia (excluding high income),ECA,NY.GDP.MKTP.KD,1989,723036286167.85
Europe & Central Asia (excluding high income),ECA,NY.GDP.MKTP.KD,1990,743032451260.494
Europe & Central Asia (excluding high income),ECA,NY.GDP.MKTP.KD,1991,708411451531.442
Europe & Central Asia (excluding high income),ECA,NY.GDP.MKTP.KD,1992,674866799729.413
Europe & Central Asia (excluding high income),ECA,NY.GDP.MKTP.KD,1993,661184116979.637
Europe & Central Asia (excluding high income),ECA,NY.GDP.MKTP.KD,1994,595282253885.977
Europe & Central Asia (excluding high income),ECA,NY.GDP.MKTP.KD,1995,600923970770.549
Europe & Central Asia (excluding high income),ECA,NY.GDP.MKTP.KD,1996,623830351266.705
Europe & Central Asia (excluding high income),ECA,NY.GDP.MKTP.KD,1997,657950509155.397
Europe & Central Asia (excluding high income),ECA,NY.GDP.MKTP.KD,1998,671508692313.771
Europe & Central Asia (excluding high income),ECA,NY.GDP.MKTP.KD,1999,664052668649.04
Europe & Central Asia (excluding high income),ECA,NY.GDP.MKTP.KD,2000,709182446850.173
Europe & Central Asia (excluding high income),ECA,NY.GDP.MKTP.KD,2001,709797907953.552
Europe & Central Asia (excluding high income),ECA,NY.GDP.MKTP.KD,2002,755126160670.569
Europe & Central Asia (excluding high income),ECA,NY.GDP.MKTP.KD,2003,805012247945.543
Europe & Central Asia (excluding high income),ECA,NY.GDP.MKTP.KD,2004,882272475253.836
Europe & Central Asia (excluding high income),ECA,NY.GDP.MKTP.KD,2005,957515209643.605
Europe & Central Asia (excluding high income),ECA,NY.GDP.MKTP.KD,2006,1036433697764.48
Europe & Central Asia (excluding high income),ECA,NY.GDP.MKTP.KD,2007,1110940171536.93
Europe & Central Asia (excluding high income),ECA,NY.GDP.MKTP.KD,2008,1145602847305.9
Europe & Central Asia (excluding high income),ECA,NY.GDP.MKTP.KD,2009,1106152357445.49
Europe & Central Asia (excluding high income),ECA,NY.GDP.MKTP.KD,2010,1185003417106.59
Europe & Central Asia (excluding high income),ECA,NY.GDP.MKTP.KD,2011,1284050046254.62
Europe & Central Asia (excluding high income),ECA,NY.GDP.MKTP.KD,2012,1336575041517.98
Europe & Central Asia (excluding high income),ECA,NY.GDP.MKTP.KD,2013,1424217261208.39
Europe & Central Asia (excluding high income),ECA,NY.GDP.MKTP.KD,2014,1470584654497.81
Europe & Central Asia (excluding high income),ECA,NY.GDP.MKTP.KD,2015,1521842301869.27
Europe & Central Asia (excluding high income),ECA,NY.GDP.MKTP.KD,2016,1565336145438.53
Europe & Central Asia (excluding high income),ECA,NY.GDP.MKTP.KD,2017,1659396687268.53
Europe & Central Asia (excluding high income),ECA,NY.GDP.MKTP.KD,2018,1722246893986.14
Europe & Central Asia (excluding high income),ECA,NY.GDP.MKTP.KD,2019,1767356445546.51
Europe & Central Asia (excluding high income),ECA,NY.GDP.MKTP.KD,2020,1772495854640.22
Europe & Central Asia (excluding high income),ECA,NY.GDP.MKTP.KD,2021,1936981176857.74
Europe & Central Asia (excluding high income),ECA,NY.GDP.MKTP.KD,2022,1997257716557.03
Europe & Central Asia (excluding high income),ECA,NY.GDP.MKTP.KD,2023,2098131813476.21
Europe & Central Asia (excluding high income),ECA,NY.GDP.MKTP.KD,2024,2183252021278.85
Europe & Central Asia (excluding high income),ECA,NY.GDP.MKTP.KD,2025,2274969077900.55
Europe & Central Asia,ECS,NY.GDP.MKTP.KD,1960,4842213258826.04
Europe & Central Asia,ECS,NY.GDP.MKTP.KD,1961,5087174590909.27
Europe & Central Asia,ECS,NY.GDP.MKTP.KD,1962,5324704210419.46
Europe & Central Asia,ECS,NY.GDP.MKTP.KD,1963,5584579071400.15
Europe & Central Asia,ECS,NY.GDP.MKTP.KD,1964,5915964191041.49
Europe & Central Asia,ECS,NY.GDP.MKTP.KD,1965,6185342889277.91
Europe & Central Asia,ECS,NY.GDP.MKTP.KD,1966,6419340381507.7
Europe & Central Asia,ECS,NY.GDP.MKTP.KD,1967,6641823766926.03
Europe & Central Asia,ECS,NY.GDP.MKTP.KD,1968,7002343706961.77
Europe & Central Asia,ECS,NY.GDP.MKTP.KD,1969,7416542701834.74
Europe & Central Asia,ECS,NY.GDP.MKTP.KD,1970,7787048038452.43
Europe & Central Asia,ECS,NY.GDP.MKTP.KD,1971,8045288022813.89
Europe & Central Asia,ECS,NY.GDP.MKTP.KD,1972,8408916437238.86
Europe & Central Asia,ECS,NY.GDP.MKTP.KD,1973,8917827113921.66
Europe & Central Asia,ECS,NY.GDP.MKTP.KD,1974,9132847929467.35
Europe & Central Asia,ECS,NY.GDP.MKTP.KD,1975,9114393223577.99
Europe & Central Asia,ECS,NY.GDP.MKTP.KD,1976,9524408520276.24
Europe & Central Asia,ECS,NY.GDP.MKTP.KD,1977,9780671425472.0
Europe & Central Asia,ECS,NY.GDP.MKTP.KD,1978,10078629759916.8
Europe & Central Asia,ECS,NY.GDP.MKTP.KD,1979,10443828740720.9
Europe & Central Asia,ECS,NY.GDP.MKTP.KD,1980,10584556173757.9
Europe & Central Asia,ECS,NY.GDP.MKTP.KD,1981,10626120053993.6
Europe & Central Asia,ECS,NY.GDP.MKTP.KD,1982,10740424909692.7
Europe & Central Asia,ECS,NY.GDP.MKTP.KD,1983,10946124012210.9
Europe & Central Asia,ECS,NY.GDP.MKTP.KD,1984,11251016806295.5
Europe & Central Asia,ECS,NY.GDP.MKTP.KD,1985,11545520724574.2
Europe & Central Asia,ECS,NY.GDP.MKTP.KD,1986,11882434351273.8
Europe & Central Asia,ECS,NY.GDP.MKTP.KD,1987,12243644450112.4
Europe & Central Asia,ECS,NY.GDP.MKTP.KD,1988,12742081420767.3
Europe & Central Asia,ECS,NY.GDP.MKTP.KD,1989,13176374051703.2
Europe & Central Asia,ECS,NY.GDP.MKTP.KD,1990,13465533999100.7
Europe & Central Asia,ECS,NY.GDP.MKTP.KD,1991,13485714514307.7
Europe & Central Asia,ECS,NY.GDP.MKTP.KD,1992,13400701923175.5
Europe & Central Asia,ECS,NY.GDP.MKTP.KD,1993,13306881069200.6
Europe & Central Asia,ECS,NY.GDP.MKTP.KD,1994,13505919071874.7
Europe & Central Asia,ECS,NY.GDP.MKTP.KD,1995,13836597115880.3
Europe & Central Asia,ECS,NY.GDP.MKTP.KD,1996,14087085180842.7
Europe & Central Asia,ECS,NY.GDP.MKTP.KD,1997,14521050830449.2
Europe & Central Asia,ECS,NY.GDP.MKTP.KD,1998,14894083752482.3
Europe & Central Asia,ECS,NY.GDP.MKTP.KD,1999,15326588871222.1
Europe & Central Asia,ECS,NY.GDP.MKTP.KD,2000,16000909941118.8
Europe & Central Asia,ECS,NY.GDP.MKTP.KD,2001,16357958592814.1
Europe & Central Asia,ECS,NY.GDP.MKTP.KD,2002,16616267966168.2
Europe & Central Asia,ECS,NY.GDP.MKTP.KD,2003,16918699670427.6
Europe & Central Asia,ECS,NY.GDP.MKTP.KD,2004,17456982626350.7
Europe & Central Asia,ECS,NY.GDP.MKTP.KD,2005,17934793268688.3
Europe & Central Asia,ECS,NY.GDP.MKTP.KD,2006,18633509790807.2
Europe & Central Asia,ECS,NY.GDP.MKTP.KD,2007,19323664440725.5
Europe & Central Asia,ECS,NY.GDP.MKTP.KD,2008,19521776725222.7
Europe & Central Asia,ECS,NY.GDP.MKTP.KD,2009,18661238407869.3
Europe & Central Asia,ECS,NY.GDP.MKTP.KD,2010,19153582058001.8
Europe & Central Asia,ECS,NY.GDP.MKTP.KD,2011,19598629957150.9
Europe & Central Asia,ECS,NY.GDP.MKTP.KD,2012,19661393267222.0
Europe & Central Asia,ECS,NY.GDP.MKTP.KD,2013,19833679521303.8
Europe & Central Asia,ECS,NY.GDP.MKTP.KD,2014,20219177494570.9
Europe & Central Asia,ECS,NY.GDP.MKTP.KD,2015,20639397476661.5
Europe & Central Asia,ECS,NY.GDP.MKTP.KD,2016,21033249573691.0
Europe & Central Asia,ECS,NY.GDP.MKTP.KD,2017,21656188549289.9
Europe & Central Asia,ECS,NY.GDP.MKTP.KD,2018,22128860125580.3
Europe & Central Asia,ECS,NY.GDP.MKTP.KD,2019,22534149729887.7
Europe & Central Asia,ECS,NY.GDP.MKTP.KD,2020,21322747788376.5
Europe & Central Asia,ECS,NY.GDP.MKTP.KD,2021,22777941569934.7
Europe & Central Asia,ECS,NY.GDP.MKTP.KD,2022,23558792720238.9
Europe & Central Asia,ECS,NY.GDP.MKTP.KD,2023,23805442456000.2
Europe & Central Asia,ECS,NY.GDP.MKTP.KD,2024,24188931412158.1
Europe & Central Asia,ECS,NY.GDP.MKTP.KD,2025,24600940778761.2
Ecuador,ECU,NY.GDP.MKTP.KD,1960,10979942382.0563
Ecuador,ECU,NY.GDP.MKTP.KD,1961,11542600183.1743
Ecuador,ECU,NY.GDP.MKTP.KD,1962,12110397647.342
Ecuador,ECU,NY.GDP.MKTP.KD,1963,12365487217.9945
Ecuador,ECU,NY.GDP.MKTP.KD,1964,13281429196.1171
Ecuador,ECU,NY.GDP.MKTP.KD,1965,13716406958.1242
Ecuador,ECU,NY.GDP.MKTP.KD,1966,13669836239.7136
Ecuador,ECU,NY.GDP.MKTP.KD,1967,14301529480.3009
Ecuador,ECU,NY.GDP.MKTP.KD,1968,14574608375.6098
Ecuador,ECU,NY.GDP.MKTP.KD,1969,15255131525.6245
Ecuador,ECU,NY.GDP.MKTP.KD,1970,16303453382.4831
Ecuador,ECU,NY.GDP.MKTP.KD,1971,17329365500.4189
Ecuador,ECU,NY.GDP.MKTP.KD,1972,18198890797.8275
Ecuador,ECU,NY.GDP.MKTP.KD,1973,20737760204.2233
Ecuador,ECU,NY.GDP.MKTP.KD,1974,23062154053.8238
Ecuador,ECU,NY.GDP.MKTP.KD,1975,25592569112.8408
Ecuador,ECU,NY.GDP.MKTP.KD,1976,27485699466.5657
Ecuador,ECU,NY.GDP.MKTP.KD,1977,27926801545.6376
Ecuador,ECU,NY.GDP.MKTP.KD,1978,29520535222.701
Ecuador,ECU,NY.GDP.MKTP.KD,1979,30622846296.7579
Ecuador,ECU,NY.GDP.MKTP.KD,1980,31758550581.5091
Ecuador,ECU,NY.GDP.MKTP.KD,1981,33541114872.2049
Ecuador,ECU,NY.GDP.MKTP.KD,1982,33747340858.0018
Ecuador,ECU,NY.GDP.MKTP.KD,1983,33633656605.9448
Ecuador,ECU,NY.GDP.MKTP.KD,1984,34516632001.893
Ecuador,ECU,NY.GDP.MKTP.KD,1985,35874861958.723
Ecuador,ECU,NY.GDP.MKTP.KD,1986,37117847903.4178
Ecuador,ECU,NY.GDP.MKTP.KD,1987,37021676038.7371
Ecuador,ECU,NY.GDP.MKTP.KD,1988,39202425756.3364
Ecuador,ECU,NY.GDP.MKTP.KD,1989,39596715108.4606
Ecuador,ECU,NY.GDP.MKTP.KD,1990,41053840192.2984
Ecuador,ECU,NY.GDP.MKTP.KD,1991,42815601069.5925
Ecuador,ECU,NY.GDP.MKTP.KD,1992,43720855882.7784
Ecuador,ECU,NY.GDP.MKTP.KD,1993,44583563740.6155
Ecuador,ECU,NY.GDP.MKTP.KD,1994,46482043534.1577
Ecuador,ECU,NY.GDP.MKTP.KD,1995,47529074179.3251
Ecuador,ECU,NY.GDP.MKTP.KD,1996,48352157793.1227
Ecuador,ECU,NY.GDP.MKTP.KD,1997,50444773789.827
Ecuador,ECU,NY.GDP.MKTP.KD,1998,52092567129.0487
Ecuador,ECU,NY.GDP.MKTP.KD,1999,49623699371.7399
Ecuador,ECU,NY.GDP.MKTP.KD,2000,50165491738.8835
Ecuador,ECU,NY.GDP.MKTP.KD,2001,52275588700.0666
Ecuador,ECU,NY.GDP.MKTP.KD,2002,54851779632.3615
Ecuador,ECU,NY.GDP.MKTP.KD,2003,56433979416.1321
Ecuador,ECU,NY.GDP.MKTP.KD,2004,60289773139.5514
Ecuador,ECU,NY.GDP.MKTP.KD,2005,63544590361.2542
Ecuador,ECU,NY.GDP.MKTP.KD,2006,66303144898.6572
Ecuador,ECU,NY.GDP.MKTP.KD,2007,67564514887.9228
Ecuador,ECU,NY.GDP.MKTP.KD,2008,72000071699.6601
Ecuador,ECU,NY.GDP.MKTP.KD,2009,72785601820.191
Ecuador,ECU,NY.GDP.MKTP.KD,2010,75718234074.2169
Ecuador,ECU,NY.GDP.MKTP.KD,2011,82140258351.3877
Ecuador,ECU,NY.GDP.MKTP.KD,2012,86890603905.3287
Ecuador,ECU,NY.GDP.MKTP.KD,2013,93156490881.1886
Ecuador,ECU,NY.GDP.MKTP.KD,2014,97093344927.4784
Ecuador,ECU,NY.GDP.MKTP.KD,2015,97209558000.0
Ecuador,ECU,NY.GDP.MKTP.KD,2016,96540800718.3398
Ecuador,ECU,NY.GDP.MKTP.KD,2017,102304671535.156
Ecuador,ECU,NY.GDP.MKTP.KD,2018,103373033702.498
Ecuador,ECU,NY.GDP.MKTP.KD,2019,103544017315.435
Ecuador,ECU,NY.GDP.MKTP.KD,2020,93971273313.9152
Ecuador,ECU,NY.GDP.MKTP.KD,2021,102825145845.295
Ecuador,ECU,NY.GDP.MKTP.KD,2022,108859360917.986
Ecuador,ECU,NY.GDP.MKTP.KD,2023,110854579493.525
Ecuador,ECU,NY.GDP.MKTP.KD,2024,108699466449.551
Ecuador,ECU,NY.GDP.MKTP.KD,2025,112749552668.283
"Egypt, Arab Rep.",EGY,NY.GDP.MKTP.KD,1960,20297834751.3745
"Egypt, Arab Rep.",EGY,NY.GDP.MKTP.KD,1961,21345429171.5366
"Egypt, Arab Rep.",EGY,NY.GDP.MKTP.KD,1962,22172696194.2534
"Egypt, Arab Rep.",EGY,NY.GDP.MKTP.KD,1963,24504840915.7323
"Egypt, Arab Rep.",EGY,NY.GDP.MKTP.KD,1964,27324754468.9986
"Egypt, Arab Rep.",EGY,NY.GDP.MKTP.KD,1965,28667504459.855
"Egypt, Arab Rep.",EGY,NY.GDP.MKTP.KD,1966,30114182469.1932
"Egypt, Arab Rep.",EGY,NY.GDP.MKTP.KD,1967,30356681177.7687
"Egypt, Arab Rep.",EGY,NY.GDP.MKTP.KD,1968,29868912347.0229
"Egypt, Arab Rep.",EGY,NY.GDP.MKTP.KD,1969,31445846805.4971
"Egypt, Arab Rep.",EGY,NY.GDP.MKTP.KD,1970,33206347267.8918
"Egypt, Arab Rep.",EGY,NY.GDP.MKTP.KD,1971,34553643778.9408
"Egypt, Arab Rep.",EGY,NY.GDP.MKTP.KD,1972,35609492777.1748
"Egypt, Arab Rep.",EGY,NY.GDP.MKTP.KD,1973,36858257210.5883
"Egypt, Arab Rep.",EGY,NY.GDP.MKTP.KD,1974,37432854799.1024
"Egypt, Arab Rep.",EGY,NY.GDP.MKTP.KD,1975,40779032775.3748
"Egypt, Arab Rep.",EGY,NY.GDP.MKTP.KD,1976,46194361685.834
"Egypt, Arab Rep.",EGY,NY.GDP.MKTP.KD,1977,50353260517.1524
"Egypt, Arab Rep.",EGY,NY.GDP.MKTP.KD,1978,54698126368.8247
"Egypt, Arab Rep.",EGY,NY.GDP.MKTP.KD,1979,57185627388.6273
"Egypt, Arab Rep.",EGY,NY.GDP.MKTP.KD,1980,62910668708.9421
"Egypt, Arab Rep.",EGY,NY.GDP.MKTP.KD,1981,67533693105.5594
"Egypt, Arab Rep.",EGY,NY.GDP.MKTP.KD,1982,74224371654.6229
"Egypt, Arab Rep.",EGY,NY.GDP.MKTP.KD,1983,78005663121.4996
"Egypt, Arab Rep.",EGY,NY.GDP.MKTP.KD,1984,85607909951.0189
"Egypt, Arab Rep.",EGY,NY.GDP.MKTP.KD,1985,90565897013.7488
"Egypt, Arab Rep.",EGY,NY.GDP.MKTP.KD,1986,94862819134.7814
"Egypt, Arab Rep.",EGY,NY.GDP.MKTP.KD,1987,98498676314.1167
"Egypt, Arab Rep.",EGY,NY.GDP.MKTP.KD,1988,103878004711.469
"Egypt, Arab Rep.",EGY,NY.GDP.MKTP.KD,1989,108989704831.676
"Egypt, Arab Rep.",EGY,NY.GDP.MKTP.KD,1990,115166183182.787
"Egypt, Arab Rep.",EGY,NY.GDP.MKTP.KD,1991,116462268700.452
"Egypt, Arab Rep.",EGY,NY.GDP.MKTP.KD,1992,121671461982.01
"Egypt, Arab Rep.",EGY,NY.GDP.MKTP.KD,1993,125200896556.916
"Egypt, Arab Rep.",EGY,NY.GDP.MKTP.KD,1994,130175343748.458
"Egypt, Arab Rep.",EGY,NY.GDP.MKTP.KD,1995,136218680413.819
"Egypt, Arab Rep.",EGY,NY.GDP.MKTP.KD,1996,143014263359.029
"Egypt, Arab Rep.",EGY,NY.GDP.MKTP.KD,1997,150869114035.837
"Egypt, Arab Rep.",EGY,NY.GDP.MKTP.KD,1998,159280817658.317
"Egypt, Arab Rep.",EGY,NY.GDP.MKTP.KD,1999,168922784450.994
"Egypt, Arab Rep.",EGY,NY.GDP.MKTP.KD,2000,179683172290.126
"Egypt, Arab Rep.",EGY,NY.GDP.MKTP.KD,2001,186035425185.306
"Egypt, Arab Rep.",EGY,NY.GDP.MKTP.KD,2002,190482051409.279
"Egypt, Arab Rep.",EGY,NY.GDP.MKTP.KD,2003,196565009504.224
"Egypt, Arab Rep.",EGY,NY.GDP.MKTP.KD,2004,204608590453.732
"Egypt, Arab Rep.",EGY,NY.GDP.MKTP.KD,2005,213758163784.665
"Egypt, Arab Rep.",EGY,NY.GDP.MKTP.KD,2006,228387426639.909
"Egypt, Arab Rep.",EGY,NY.GDP.MKTP.KD,2007,244575133304.554
"Egypt, Arab Rep.",EGY,NY.GDP.MKTP.KD,2008,262077623378.478
"Egypt, Arab Rep.",EGY,NY.GDP.MKTP.KD,2009,274326082660.557
"Egypt, Arab Rep.",EGY,NY.GDP.MKTP.KD,2010,288446290410.386
"Egypt, Arab Rep.",EGY,NY.GDP.MKTP.KD,2011,293536132736.188
"Egypt, Arab Rep.",EGY,NY.GDP.MKTP.KD,2012,300070833530.761
"Egypt, Arab Rep.",EGY,NY.GDP.MKTP.KD,2013,306628779734.432
"Egypt, Arab Rep.",EGY,NY.GDP.MKTP.KD,2014,315569804751.828
"Egypt, Arab Rep.",EGY,NY.GDP.MKTP.KD,2015,329366576819.407
"Egypt, Arab Rep.",EGY,NY.GDP.MKTP.KD,2016,343682967577.042
"Egypt, Arab Rep.",EGY,NY.GDP.MKTP.KD,2017,358053111989.475
"Egypt, Arab Rep.",EGY,NY.GDP.MKTP.KD,2018,377141312302.884
"Egypt, Arab Rep.",EGY,NY.GDP.MKTP.KD,2019,398080548970.536
"Egypt, Arab Rep.",EGY,NY.GDP.MKTP.KD,2020,412213064650.314
"Egypt, Arab Rep.",EGY,NY.GDP.MKTP.KD,2021,425777537422.894
"Egypt, Arab Rep.",EGY,NY.GDP.MKTP.KD,2022,453827104224.859
"Egypt, Arab Rep.",EGY,NY.GDP.MKTP.KD,2023,470892276432.179
"Egypt, Arab Rep.",EGY,NY.GDP.MKTP.KD,2024,482189779212.902
"Egypt, Arab Rep.",EGY,NY.GDP.MKTP.KD,2025,503367605841.295
Euro area,EMU,NY.GDP.MKTP.KD,1960,2701389662582.99
Euro area,EMU,NY.GDP.MKTP.KD,1961,2856522970926.18
Euro area,EMU,NY.GDP.MKTP.KD,1962,3021068689520.96
Euro area,EMU,NY.GDP.MKTP.KD,1963,3168344975644.27
Euro area,EMU,NY.GDP.MKTP.KD,1964,3354224333372.21
Euro area,EMU,NY.GDP.MKTP.KD,1965,3523440674982.08
Euro area,EMU,NY.GDP.MKTP.KD,1966,3678068739829.3
Euro area,EMU,NY.GDP.MKTP.KD,1967,3804636868232.5
Euro area,EMU,NY.GDP.MKTP.KD,1968,4020691430039.98
Euro area,EMU,NY.GDP.MKTP.KD,1969,4307394980580.16
Euro area,EMU,NY.GDP.MKTP.KD,1970,4549010967886.08
Euro area,EMU,NY.GDP.MKTP.KD,1971,4719950109819.39
Euro area,EMU,NY.GDP.MKTP.KD,1972,4950888186663.36
Euro area,EMU,NY.GDP.MKTP.KD,1973,5253799681523.79
Euro area,EMU,NY.GDP.MKTP.KD,1974,5423540135907.5
Euro area,EMU,NY.GDP.MKTP.KD,1975,5381832218266.36
Euro area,EMU,NY.GDP.MKTP.KD,1976,5652299409528.42
Euro area,EMU,NY.GDP.MKTP.KD,1977,5827617819278.2
Euro area,EMU,NY.GDP.MKTP.KD,1978,6008976291381.99
Euro area,EMU,NY.GDP.MKTP.KD,1979,6243489373991.53
Euro area,EMU,NY.GDP.MKTP.KD,1980,6379714304057.65
Euro area,EMU,NY.GDP.MKTP.KD,1981,6415863862454.76
Euro area,EMU,NY.GDP.MKTP.KD,1982,6460591448531.55
Euro area,EMU,NY.GDP.MKTP.KD,1983,6551428156215.8
Euro area,EMU,NY.GDP.MKTP.KD,1984,6709303835942.81
Euro area,EMU,NY.GDP.MKTP.KD,1985,6864071881203.21
Euro area,EMU,NY.GDP.MKTP.KD,1986,7037622673202.84
Euro area,EMU,NY.GDP.MKTP.KD,1987,7217196874368.39
Euro area,EMU,NY.GDP.MKTP.KD,1988,7531540961146.53
Euro area,EMU,NY.GDP.MKTP.KD,1989,7837847045658.12
Euro area,EMU,NY.GDP.MKTP.KD,1990,8113803115499.38
Euro area,EMU,NY.GDP.MKTP.KD,1991,8301394061229.73
Euro area,EMU,NY.GDP.MKTP.KD,1992,8391577892380.3
Euro area,EMU,NY.GDP.MKTP.KD,1993,8334028893481.41
Euro area,EMU,NY.GDP.MKTP.KD,1994,8543427383609.45
Euro area,EMU,NY.GDP.MKTP.KD,1995,8754539688145.07
Euro area,EMU,NY.GDP.MKTP.KD,1996,8908285584709.91
Euro area,EMU,NY.GDP.MKTP.KD,1997,9148493656900.26
Euro area,EMU,NY.GDP.MKTP.KD,1998,9423232048572.44
Euro area,EMU,NY.GDP.MKTP.KD,1999,9703249232520.18
Euro area,EMU,NY.GDP.MKTP.KD,2000,10082012960570.1
Euro area,EMU,NY.GDP.MKTP.KD,2001,10302812567408.6
Euro area,EMU,NY.GDP.MKTP.KD,2002,10401909093797.0
Euro area,EMU,NY.GDP.MKTP.KD,2003,10481752769482.2
Euro area,EMU,NY.GDP.MKTP.KD,2004,10725552461790.1
Euro area,EMU,NY.GDP.MKTP.KD,2005,10917552222364.8
Euro area,EMU,NY.GDP.MKTP.KD,2006,11281907499225.0
Euro area,EMU,NY.GDP.MKTP.KD,2007,11623184491833.9
Euro area,EMU,NY.GDP.MKTP.KD,2008,11673509324114.0
Euro area,EMU,NY.GDP.MKTP.KD,2009,11150763697845.5
Euro area,EMU,NY.GDP.MKTP.KD,2010,11386699303438.8
Euro area,EMU,NY.GDP.MKTP.KD,2011,11589250968001.9
Euro area,EMU,NY.GDP.MKTP.KD,2012,11483341545060.0
Euro area,EMU,NY.GDP.MKTP.KD,2013,11464012516195.7
Euro area,EMU,NY.GDP.MKTP.KD,2014,11630666626226.1
Euro area,EMU,NY.GDP.MKTP.KD,2015,11880603228444.5
Euro area,EMU,NY.GDP.MKTP.KD,2016,12095263670747.8
Euro area,EMU,NY.GDP.MKTP.KD,2017,12412541391609.1
Euro area,EMU,NY.GDP.MKTP.KD,2018,12633769254141.6
Euro area,EMU,NY.GDP.MKTP.KD,2019,12839963669018.9
Euro area,EMU,NY.GDP.MKTP.KD,2020,12063948472943.5
Euro area,EMU,NY.GDP.MKTP.KD,2021,12841288688013.8
Euro area,EMU,NY.GDP.MKTP.KD,2022,13311881465201.9
Euro area,EMU,NY.GDP.MKTP.KD,2023,13373125486938.7
Euro area,EMU,NY.GDP.MKTP.KD,2024,13498659987290.7
Euro area,EMU,NY.GDP.MKTP.KD,2025,13689135855870.7
Eritrea,ERI,NY.GDP.MKTP.KD,1992,1154926145.9126
Eritrea,ERI,NY.GDP.MKTP.KD,1993,1310318715.90375
Eritrea,ERI,NY.GDP.MKTP.KD,1994,1588386838.47483
Eritrea,ERI,NY.GDP.MKTP.KD,1995,1633788955.24089
Eritrea,ERI,NY.GDP.MKTP.KD,1996,1785058837.07344
Eritrea,ERI,NY.GDP.MKTP.KD,1997,1926233510.02823
Eritrea,ERI,NY.GDP.MKTP.KD,1998,1960377599.52023
Eritrea,ERI,NY.GDP.MKTP.KD,1999,1960641860.30086
Eritrea,ERI,NY.GDP.MKTP.KD,2000,1899038769.45137
Eritrea,ERI,NY.GDP.MKTP.KD,2001,2065307884.56551
Eritrea,ERI,NY.GDP.MKTP.KD,2002,2127379250.62751
Eritrea,ERI,NY.GDP.MKTP.KD,2003,2070886355.8446
Eritrea,ERI,NY.GDP.MKTP.KD,2004,2100950149.6029
Eritrea,ERI,NY.GDP.MKTP.KD,2005,2155038051.30131
Eritrea,ERI,NY.GDP.MKTP.KD,2006,2134151053.76576
Eritrea,ERI,NY.GDP.MKTP.KD,2007,2164601595.02151
Eritrea,ERI,NY.GDP.MKTP.KD,2008,1952837971.21425
Eritrea,ERI,NY.GDP.MKTP.KD,2009,2028539764.99879
Eritrea,ERI,NY.GDP.MKTP.KD,2010,2073049788.74561
Eritrea,ERI,NY.GDP.MKTP.KD,2011,2252986366.41081
Spain,ESP,NY.GDP.MKTP.KD,1960,191405165865.495
Spain,ESP,NY.GDP.MKTP.KD,1961,214065000333.54
Spain,ESP,NY.GDP.MKTP.KD,1962,235371827917.784
Spain,ESP,NY.GDP.MKTP.KD,1963,257959283075.635
Spain,ESP,NY.GDP.MKTP.KD,1964,271653078564.077
Spain,ESP,NY.GDP.MKTP.KD,1965,288639912327.964
Spain,ESP,NY.GDP.MKTP.KD,1966,309554934138.158
Spain,ESP,NY.GDP.MKTP.KD,1967,322990665555.018
Spain,ESP,NY.GDP.MKTP.KD,1968,344298424975.947
Spain,ESP,NY.GDP.MKTP.KD,1969,374965138730.329
Spain,ESP,NY.GDP.MKTP.KD,1970,390882299704.606
Spain,ESP,NY.GDP.MKTP.KD,1971,409056269215.41
Spain,ESP,NY.GDP.MKTP.KD,1972,442393315595.884
Spain,ESP,NY.GDP.MKTP.KD,1973,476848965657.545
Spain,ESP,NY.GDP.MKTP.KD,1974,503642086898.715
Spain,ESP,NY.GDP.MKTP.KD,1975,506372851132.131
Spain,ESP,NY.GDP.MKTP.KD,1976,523102353883.318
Spain,ESP,NY.GDP.MKTP.KD,1977,537951003182.771
Spain,ESP,NY.GDP.MKTP.KD,1978,545821244290.082
Spain,ESP,NY.GDP.MKTP.KD,1979,546048014004.367
Spain,ESP,NY.GDP.MKTP.KD,1980,558108729943.213
Spain,ESP,NY.GDP.MKTP.KD,1981,557369411137.954
Spain,ESP,NY.GDP.MKTP.KD,1982,564316807889.356
Spain,ESP,NY.GDP.MKTP.KD,1983,574305868927.187
Spain,ESP,NY.GDP.MKTP.KD,1984,584555434060.426
Spain,ESP,NY.GDP.MKTP.KD,1985,598125512978.773
Spain,ESP,NY.GDP.MKTP.KD,1986,617584460036.694
Spain,ESP,NY.GDP.MKTP.KD,1987,651842628032.117
Spain,ESP,NY.GDP.MKTP.KD,1988,685049604314.94
Spain,ESP,NY.GDP.MKTP.KD,1989,718117156374.292
Spain,ESP,NY.GDP.MKTP.KD,1990,745271992216.377
Spain,ESP,NY.GDP.MKTP.KD,1991,764246620838.292
Spain,ESP,NY.GDP.MKTP.KD,1992,771348118766.823
Spain,ESP,NY.GDP.MKTP.KD,1993,763391725887.252
Spain,ESP,NY.GDP.MKTP.KD,1994,781584842222.945
Spain,ESP,NY.GDP.MKTP.KD,1995,803136997375.095
Spain,ESP,NY.GDP.MKTP.KD,1996,824078081163.909
Spain,ESP,NY.GDP.MKTP.KD,1997,853640231891.445
Spain,ESP,NY.GDP.MKTP.KD,1998,890363642200.019
Spain,ESP,NY.GDP.MKTP.KD,1999,929618577227.575
Spain,ESP,NY.GDP.MKTP.KD,2000,977964704474.031
Spain,ESP,NY.GDP.MKTP.KD,2001,1016292009754.12
Spain,ESP,NY.GDP.MKTP.KD,2002,1044295490089.67
Spain,ESP,NY.GDP.MKTP.KD,2003,1074990358774.14
Spain,ESP,NY.GDP.MKTP.KD,2004,1108471271904.22
Spain,ESP,NY.GDP.MKTP.KD,2005,1147835587310.16
Spain,ESP,NY.GDP.MKTP.KD,2006,1194247574981.13
Spain,ESP,NY.GDP.MKTP.KD,2007,1236446314615.43
Spain,ESP,NY.GDP.MKTP.KD,2008,1245931907237.16
Spain,ESP,NY.GDP.MKTP.KD,2009,1198983535018.34
Spain,ESP,NY.GDP.MKTP.KD,2010,1200112046037.65
Spain,ESP,NY.GDP.MKTP.KD,2011,1192432281393.69
Spain,ESP,NY.GDP.MKTP.KD,2012,1158267740898.69
Spain,ESP,NY.GDP.MKTP.KD,2013,1141735527746.35
Spain,ESP,NY.GDP.MKTP.KD,2014,1159095455877.44
Spain,ESP,NY.GDP.MKTP.KD,2015,1206164777553.12
Spain,ESP,NY.GDP.MKTP.KD,2016,1241326362266.48
Spain,ESP,NY.GDP.MKTP.KD,2017,1277275696051.09
Spain,ESP,NY.GDP.MKTP.KD,2018,1307871701701.25
Spain,ESP,NY.GDP.MKTP.KD,2019,1333521400432.69
Spain,ESP,NY.GDP.MKTP.KD,2020,1187633217292.02
Spain,ESP,NY.GDP.MKTP.KD,2021,1267004457826.92
Spain,ESP,NY.GDP.MKTP.KD,2022,1347716659731.45
Spain,ESP,NY.GDP.MKTP.KD,2023,1380882052539.27
Spain,ESP,NY.GDP.MKTP.KD,2024,1428595035672.37
Spain,ESP,NY.GDP.MKTP.KD,2025,1468952188359.05
Estonia,EST,NY.GDP.MKTP.KD,1990,14658008309.9357
Estonia,EST,NY.GDP.MKTP.KD,1991,13485390300.9126
Estonia,EST,NY.GDP.MKTP.KD,1992,10630714503.4869
Estonia,EST,NY.GDP.MKTP.KD,1993,10020459395.2769
Estonia,EST,NY.GDP.MKTP.KD,1994,9855880443.77427
Estonia,EST,NY.GDP.MKTP.KD,1995,10302024946.6889
Estonia,EST,NY.GDP.MKTP.KD,1996,10811255302.9678
Estonia,EST,NY.GDP.MKTP.KD,1997,12222126358.4524
Estonia,EST,NY.GDP.MKTP.KD,1998,12752545572.9222
Estonia,EST,NY.GDP.MKTP.KD,1999,12698344018.6504
Estonia,EST,NY.GDP.MKTP.KD,2000,13979307068.9028
Estonia,EST,NY.GDP.MKTP.KD,2001,14801394595.5546
Estonia,EST,NY.GDP.MKTP.KD,2002,15827575405.1485
Estonia,EST,NY.GDP.MKTP.KD,2003,17029885802.1805
Estonia,EST,NY.GDP.MKTP.KD,2004,18188037434.5502
Estonia,EST,NY.GDP.MKTP.KD,2005,19920094036.3597
Estonia,EST,NY.GDP.MKTP.KD,2006,21864807422.0901
Estonia,EST,NY.GDP.MKTP.KD,2007,23520174236.2883
Estonia,EST,NY.GDP.MKTP.KD,2008,22314692031.2014
Estonia,EST,NY.GDP.MKTP.KD,2009,19050002927.2983
Estonia,EST,NY.GDP.MKTP.KD,2010,19516680413.329
Estonia,EST,NY.GDP.MKTP.KD,2011,21001309333.0129
Estonia,EST,NY.GDP.MKTP.KD,2012,21772481344.2301
Estonia,EST,NY.GDP.MKTP.KD,2013,22154913628.3244
Estonia,EST,NY.GDP.MKTP.KD,2014,22891074856.6938
Estonia,EST,NY.GDP.MKTP.KD,2015,23311847750.9394
Estonia,EST,NY.GDP.MKTP.KD,2016,24032887679.5037
Estonia,EST,NY.GDP.MKTP.KD,2017,25387062190.0468
Estonia,EST,NY.GDP.MKTP.KD,2018,26326306710.8582
Estonia,EST,NY.GDP.MKTP.KD,2019,27307395871.0676
Estonia,EST,NY.GDP.MKTP.KD,2020,26519903136.8312
Estonia,EST,NY.GDP.MKTP.KD,2021,28709089435.1187
Estonia,EST,NY.GDP.MKTP.KD,2022,28357067289.1155
Estonia,EST,NY.GDP.MKTP.KD,2023,27578887219.4051
Estonia,EST,NY.GDP.MKTP.KD,2024,27554054399.2591
Estonia,EST,NY.GDP.MKTP.KD,2025,27715055071.5067
Ethiopia,ETH,NY.GDP.MKTP.KD,1961,5060754512.88356
Ethiopia,ETH,NY.GDP.MKTP.KD,1962,5279687375.38478
Ethiopia,ETH,NY.GDP.MKTP.KD,1963,5518257120.31888
Ethiopia,ETH,NY.GDP.MKTP.KD,1964,5743980633.82856
Ethiopia,ETH,NY.GDP.MKTP.KD,1965,6075519291.02073
Ethiopia,ETH,NY.GDP.MKTP.KD,1966,6516395304.62888
Ethiopia,ETH,NY.GDP.MKTP.KD,1967,6781064426.53545
Ethiopia,ETH,NY.GDP.MKTP.KD,1968,7061948852.89127
Ethiopia,ETH,NY.GDP.MKTP.KD,1969,7160015128.76836
Ethiopia,ETH,NY.GDP.MKTP.KD,1970,7409379033.4916
Ethiopia,ETH,NY.GDP.MKTP.KD,1971,7892950389.99238
Ethiopia,ETH,NY.GDP.MKTP.KD,1972,8226597999.33627
Ethiopia,ETH,NY.GDP.MKTP.KD,1973,8646966422.00795
Ethiopia,ETH,NY.GDP.MKTP.KD,1974,8930038558.08361
Ethiopia,ETH,NY.GDP.MKTP.KD,1975,9041318600.70302
Ethiopia,ETH,NY.GDP.MKTP.KD,1976,9054773015.49064
Ethiopia,ETH,NY.GDP.MKTP.KD,1977,9301577299.83524
Ethiopia,ETH,NY.GDP.MKTP.KD,1978,9556441106.78672
Ethiopia,ETH,NY.GDP.MKTP.KD,1979,9451247272.62038
Ethiopia,ETH,NY.GDP.MKTP.KD,1980,10058411101.9855
Ethiopia,ETH,NY.GDP.MKTP.KD,1981,10499125225.0731
Ethiopia,ETH,NY.GDP.MKTP.KD,1982,10595298666.9711
Ethiopia,ETH,NY.GDP.MKTP.KD,1983,11467822118.1558
Ethiopia,ETH,NY.GDP.MKTP.KD,1984,11141216084.1289
Ethiopia,ETH,NY.GDP.MKTP.KD,1985,9899599637.68004
Ethiopia,ETH,NY.GDP.MKTP.KD,1986,10856060579.9856
Ethiopia,ETH,NY.GDP.MKTP.KD,1987,12360637883.6444
Ethiopia,ETH,NY.GDP.MKTP.KD,1988,12422895311.5853
Ethiopia,ETH,NY.GDP.MKTP.KD,1989,12378043171.1061
Ethiopia,ETH,NY.GDP.MKTP.KD,1990,12715524549.8114
Ethiopia,ETH,NY.GDP.MKTP.KD,1991,11807956564.2102
Ethiopia,ETH,NY.GDP.MKTP.KD,1992,10783913879.266
Ethiopia,ETH,NY.GDP.MKTP.KD,1993,12201225772.2542
Ethiopia,ETH,NY.GDP.MKTP.KD,1994,12590440553.1192
Ethiopia,ETH,NY.GDP.MKTP.KD,1995,13361921235.3205
Ethiopia,ETH,NY.GDP.MKTP.KD,1996,15022296788.5679
Ethiopia,ETH,NY.GDP.MKTP.KD,1997,15493081576.9196
Ethiopia,ETH,NY.GDP.MKTP.KD,1998,14957309259.7395
Ethiopia,ETH,NY.GDP.MKTP.KD,1999,15729427374.8572
Ethiopia,ETH,NY.GDP.MKTP.KD,2000,16684709707.888
Ethiopia,ETH,NY.GDP.MKTP.KD,2001,18069758569.7896
Ethiopia,ETH,NY.GDP.MKTP.KD,2002,18343465847.9802
Ethiopia,ETH,NY.GDP.MKTP.KD,2003,17946997565.4188
Ethiopia,ETH,NY.GDP.MKTP.KD,2004,20382872320.545
Ethiopia,ETH,NY.GDP.MKTP.KD,2005,22791876293.8269
Ethiopia,ETH,NY.GDP.MKTP.KD,2006,25261313883.9249
Ethiopia,ETH,NY.GDP.MKTP.KD,2007,28155292189.364
Ethiopia,ETH,NY.GDP.MKTP.KD,2008,31192831993.2611
Ethiopia,ETH,NY.GDP.MKTP.KD,2009,33938597623.7578
Ethiopia,ETH,NY.GDP.MKTP.KD,2010,38198074328.8086
Ethiopia,ETH,NY.GDP.MKTP.KD,2011,42467968231.3241
Ethiopia,ETH,NY.GDP.MKTP.KD,2012,46140518129.2398
Ethiopia,ETH,NY.GDP.MKTP.KD,2013,51023232360.2629
Ethiopia,ETH,NY.GDP.MKTP.KD,2014,56256936828.9833
Ethiopia,ETH,NY.GDP.MKTP.KD,2015,62103418181.8182
Ethiopia,ETH,NY.GDP.MKTP.KD,2016,67961933367.1549
Ethiopia,ETH,NY.GDP.MKTP.KD,2017,74461941569.3207
Ethiopia,ETH,NY.GDP.MKTP.KD,2018,79537377550.6924
Ethiopia,ETH,NY.GDP.MKTP.KD,2019,86189951997.3118
Ethiopia,ETH,NY.GDP.MKTP.KD,2020,91412658764.8075
Ethiopia,ETH,NY.GDP.MKTP.KD,2021,96569731966.5325
Ethiopia,ETH,NY.GDP.MKTP.KD,2022,101708941223.239
Ethiopia,ETH,NY.GDP.MKTP.KD,2023,108415879001.877
Ethiopia,ETH,NY.GDP.MKTP.KD,2024,116669335366.646
Ethiopia,ETH,NY.GDP.MKTP.KD,2025,128069700729.493
European Union,EUU,NY.GDP.MKTP.KD,1960,3075152606302.15
European Union,EUU,NY.GDP.MKTP.KD,1961,3251983212213.47
European Union,EUU,NY.GDP.MKTP.KD,1962,3437149543043.08
European Union,EUU,NY.GDP.MKTP.KD,1963,3601470566457.42
European Union,EUU,NY.GDP.MKTP.KD,1964,3817287134791.46
European Union,EUU,NY.GDP.MKTP.KD,1965,4017587842757.79
European Union,EUU,NY.GDP.MKTP.KD,1966,4189229083381.46
European Union,EUU,NY.GDP.MKTP.KD,1967,4337773258530.43
European Union,EUU,NY.GDP.MKTP.KD,1968,4580201856204.33
European Union,EUU,NY.GDP.MKTP.KD,1969,4902213187066.47
European Union,EUU,NY.GDP.MKTP.KD,1970,5173303752838.84
European Union,EUU,NY.GDP.MKTP.KD,1971,5362183423826.26
European Union,EUU,NY.GDP.MKTP.KD,1972,5618031776333.81
European Union,EUU,NY.GDP.MKTP.KD,1973,5955391077727.57
European Union,EUU,NY.GDP.MKTP.KD,1974,6142845854863.44
European Union,EUU,NY.GDP.MKTP.KD,1975,6107199147198.17
European Union,EUU,NY.GDP.MKTP.KD,1976,6404956943473.81
European Union,EUU,NY.GDP.MKTP.KD,1977,6593654626187.09
European Union,EUU,NY.GDP.MKTP.KD,1978,6795455295430.41
European Union,EUU,NY.GDP.MKTP.KD,1979,7059755343517.41
European Union,EUU,NY.GDP.MKTP.KD,1980,7205675777152.83
European Union,EUU,NY.GDP.MKTP.KD,1981,7245912135917.65
European Union,EUU,NY.GDP.MKTP.KD,1982,7305282747102.02
European Union,EUU,NY.GDP.MKTP.KD,1983,7410919235233.0
European Union,EUU,NY.GDP.MKTP.KD,1984,7598161975252.95
European Union,EUU,NY.GDP.MKTP.KD,1985,7774177986013.09
European Union,EUU,NY.GDP.MKTP.KD,1986,7974697721665.17
European Union,EUU,NY.GDP.MKTP.KD,1987,8177564437466.84
European Union,EUU,NY.GDP.MKTP.KD,1988,8515310659738.02
European Union,EUU,NY.GDP.MKTP.KD,1989,8846819170458.1
European Union,EUU,NY.GDP.MKTP.KD,1990,9138537566436.44
European Union,EUU,NY.GDP.MKTP.KD,1991,9271990809819.65
European Union,EUU,NY.GDP.MKTP.KD,1992,9355592250394.26
European Union,EUU,NY.GDP.MKTP.KD,1993,9299830621128.65
European Union,EUU,NY.GDP.MKTP.KD,1994,9551056438121.57
European Union,EUU,NY.GDP.MKTP.KD,1995,9811293545857.25
European Union,EUU,NY.GDP.MKTP.KD,1996,9999286148347.91
European Union,EUU,NY.GDP.MKTP.KD,1997,10267715686285.0
European Union,EUU,NY.GDP.MKTP.KD,1998,10573838622731.4
European Union,EUU,NY.GDP.MKTP.KD,1999,10891449648183.5
European Union,EUU,NY.GDP.MKTP.KD,2000,11319874142755.3
European Union,EUU,NY.GDP.MKTP.KD,2001,11564512827167.4
European Union,EUU,NY.GDP.MKTP.KD,2002,11691455538411.0
European Union,EUU,NY.GDP.MKTP.KD,2003,11801001320220.7
European Union,EUU,NY.GDP.MKTP.KD,2004,12107815979207.3
European Union,EUU,NY.GDP.MKTP.KD,2005,12347984904767.7
European Union,EUU,NY.GDP.MKTP.KD,2006,12788504225576.6
European Union,EUU,NY.GDP.MKTP.KD,2007,13190298740842.2
European Union,EUU,NY.GDP.MKTP.KD,2008,13271810921045.5
European Union,EUU,NY.GDP.MKTP.KD,2009,12699519152863.3
European Union,EUU,NY.GDP.MKTP.KD,2010,12976597540172.3
European Union,EUU,NY.GDP.MKTP.KD,2011,13231016171054.7
European Union,EUU,NY.GDP.MKTP.KD,2012,13129876571476.5
European Union,EUU,NY.GDP.MKTP.KD,2013,13125538820545.9
European Union,EUU,NY.GDP.MKTP.KD,2014,13339841065739.3
European Union,EUU,NY.GDP.MKTP.KD,2015,13656255577702.6
European Union,EUU,NY.GDP.MKTP.KD,2016,13918452820951.5
European Union,EUU,NY.GDP.MKTP.KD,2017,14310689902816.0
European Union,EUU,NY.GDP.MKTP.KD,2018,14603546677236.8
European Union,EUU,NY.GDP.MKTP.KD,2019,14877400414856.8
European Union,EUU,NY.GDP.MKTP.KD,2020,14047407916987.8
European Union,EUU,NY.GDP.MKTP.KD,2021,14943314673230.5
European Union,EUU,NY.GDP.MKTP.KD,2022,15475977359466.4
European Union,EUU,NY.GDP.MKTP.KD,2023,15543763521524.0
European Union,EUU,NY.GDP.MKTP.KD,2024,15712658769407.3
European Union,EUU,NY.GDP.MKTP.KD,2025,15954312288194.7
Finland,FIN,NY.GDP.MKTP.KD,1960,49407156604.774
Finland,FIN,NY.GDP.MKTP.KD,1961,53164407950.6451
Finland,FIN,NY.GDP.MKTP.KD,1962,54749741991.0896
Finland,FIN,NY.GDP.MKTP.KD,1963,56548325531.1356
Finland,FIN,NY.GDP.MKTP.KD,1964,59510715024.1508
Finland,FIN,NY.GDP.MKTP.KD,1965,62666483960.1516
Finland,FIN,NY.GDP.MKTP.KD,1966,64153448309.5668
Finland,FIN,NY.GDP.MKTP.KD,1967,65544826887.6016
Finland,FIN,NY.GDP.MKTP.KD,1968,67054514210.1638
Finland,FIN,NY.GDP.MKTP.KD,1969,73487247196.2575
Finland,FIN,NY.GDP.MKTP.KD,1970,78977062520.1493
Finland,FIN,NY.GDP.MKTP.KD,1971,80838489674.8327
Finland,FIN,NY.GDP.MKTP.KD,1972,87091738771.8179
Finland,FIN,NY.GDP.MKTP.KD,1973,93174076319.5824
Finland,FIN,NY.GDP.MKTP.KD,1974,96189686453.0072
Finland,FIN,NY.GDP.MKTP.KD,1975,97925812133.7108
Finland,FIN,NY.GDP.MKTP.KD,1976,98263052166.5337
Finland,FIN,NY.GDP.MKTP.KD,1977,98498402621.9366
Finland,FIN,NY.GDP.MKTP.KD,1978,101374267934.078
Finland,FIN,NY.GDP.MKTP.KD,1979,108594068216.173
Finland,FIN,NY.GDP.MKTP.KD,1980,114446254119.054
Finland,FIN,NY.GDP.MKTP.KD,1981,115921906116.039
Finland,FIN,NY.GDP.MKTP.KD,1982,119500085463.279
Finland,FIN,NY.GDP.MKTP.KD,1983,123209187439.57
Finland,FIN,NY.GDP.MKTP.KD,1984,127184572427.964
Finland,FIN,NY.GDP.MKTP.KD,1985,131686975464.006
Finland,FIN,NY.GDP.MKTP.KD,1986,135315082418.65
Finland,FIN,NY.GDP.MKTP.KD,1987,140133697119.607
Finland,FIN,NY.GDP.MKTP.KD,1988,147464248896.833
Finland,FIN,NY.GDP.MKTP.KD,1989,154961227425.948
Finland,FIN,NY.GDP.MKTP.KD,1990,156033016628.071
Finland,FIN,NY.GDP.MKTP.KD,1991,146857345004.687
Finland,FIN,NY.GDP.MKTP.KD,1992,141994349627.478
Finland,FIN,NY.GDP.MKTP.KD,1993,140887056302.517
Finland,FIN,NY.GDP.MKTP.KD,1994,146472344493.8
Finland,FIN,NY.GDP.MKTP.KD,1995,152674521262.385
Finland,FIN,NY.GDP.MKTP.KD,1996,158266465561.969
Finland,FIN,NY.GDP.MKTP.KD,1997,168391880311.838
Finland,FIN,NY.GDP.MKTP.KD,1998,177576428488.635
Finland,FIN,NY.GDP.MKTP.KD,1999,185370756398.689
Finland,FIN,NY.GDP.MKTP.KD,2000,196036503503.623
Finland,FIN,NY.GDP.MKTP.KD,2001,201212380923.485
Finland,FIN,NY.GDP.MKTP.KD,2002,204607490634.566
Finland,FIN,NY.GDP.MKTP.KD,2003,208723783982.573
Finland,FIN,NY.GDP.MKTP.KD,2004,217083963685.375
Finland,FIN,NY.GDP.MKTP.KD,2005,223113056548.362
Finland,FIN,NY.GDP.MKTP.KD,2006,232081249320.459
Finland,FIN,NY.GDP.MKTP.KD,2007,244411266035.096
Finland,FIN,NY.GDP.MKTP.KD,2008,246328504349.487
Finland,FIN,NY.GDP.MKTP.KD,2009,226434937568.653
Finland,FIN,NY.GDP.MKTP.KD,2010,233609048324.553
Finland,FIN,NY.GDP.MKTP.KD,2011,239193226293.28
Finland,FIN,NY.GDP.MKTP.KD,2012,235550695854.071
Finland,FIN,NY.GDP.MKTP.KD,2013,233242909052.234
Finland,FIN,NY.GDP.MKTP.KD,2014,232127848351.009
Finland,FIN,NY.GDP.MKTP.KD,2015,233210733506.25
Finland,FIN,NY.GDP.MKTP.KD,2016,239208760000.401
Finland,FIN,NY.GDP.MKTP.KD,2017,247110710501.527
Finland,FIN,NY.GDP.MKTP.KD,2018,250058685918.643
Finland,FIN,NY.GDP.MKTP.KD,2019,253433824168.6
Finland,FIN,NY.GDP.MKTP.KD,2020,247120696232.09
Finland,FIN,NY.GDP.MKTP.KD,2021,253734502126.393
Finland,FIN,NY.GDP.MKTP.KD,2022,255670602724.759
Finland,FIN,NY.GDP.MKTP.KD,2023,252373129874.188
Finland,FIN,NY.GDP.MKTP.KD,2024,253318435246.671
Finland,FIN,NY.GDP.MKTP.KD,2025,253757802164.372
Fiji,FJI,NY.GDP.MKTP.KD,1960,864434172.569941
Fiji,FJI,NY.GDP.MKTP.KD,1961,894841353.354185
Fiji,FJI,NY.GDP.MKTP.KD,1962,927110246.898094
Fiji,FJI,NY.GDP.MKTP.KD,1963,986063073.139143
Fiji,FJI,NY.GDP.MKTP.KD,1964,1034156137.52655
Fiji,FJI,NY.GDP.MKTP.KD,1965,1006231161.23722
Fiji,FJI,NY.GDP.MKTP.KD,1966,1006231161.23722
Fiji,FJI,NY.GDP.MKTP.KD,1967,1140581418.13159
Fiji,FJI,NY.GDP.MKTP.KD,1968,1230872370.49722
Fiji,FJI,NY.GDP.MKTP.KD,1969,1262830870.06892
Fiji,FJI,NY.GDP.MKTP.KD,1970,1423244627.55804
Fiji,FJI,NY.GDP.MKTP.KD,1971,1521291759.85239
Fiji,FJI,NY.GDP.MKTP.KD,1972,1635164657.43631
Fiji,FJI,NY.GDP.MKTP.KD,1973,1825054178.68311
Fiji,FJI,NY.GDP.MKTP.KD,1974,1872526573.90302
Fiji,FJI,NY.GDP.MKTP.KD,1975,1882454919.2189
Fiji,FJI,NY.GDP.MKTP.KD,1976,1933961959.01465
Fiji,FJI,NY.GDP.MKTP.KD,1977,2048143301.74906
Fiji,FJI,NY.GDP.MKTP.KD,1978,2086308433.85152
Fiji,FJI,NY.GDP.MKTP.KD,1979,2341355880.03453
Fiji,FJI,NY.GDP.MKTP.KD,1980,2303813246.65554
Fiji,FJI,NY.GDP.MKTP.KD,1981,2449644407.23484
Fiji,FJI,NY.GDP.MKTP.KD,1982,2303192754.43148
Fiji,FJI,NY.GDP.MKTP.KD,1983,2211983488.14031
Fiji,FJI,NY.GDP.MKTP.KD,1984,2397635803.6856
Fiji,FJI,NY.GDP.MKTP.KD,1985,2287021478.74166
Fiji,FJI,NY.GDP.MKTP.KD,1986,2464263538.56414
Fiji,FJI,NY.GDP.MKTP.KD,1987,2301252012.4787
Fiji,FJI,NY.GDP.MKTP.KD,1988,2323246340.57755
Fiji,FJI,NY.GDP.MKTP.KD,1989,2496064096.57135
Fiji,FJI,NY.GDP.MKTP.KD,1990,2640835882.16179
Fiji,FJI,NY.GDP.MKTP.KD,1991,2569533223.62914
Fiji,FJI,NY.GDP.MKTP.KD,1992,2726274790.8792
Fiji,FJI,NY.GDP.MKTP.KD,1993,2784345343.43662
Fiji,FJI,NY.GDP.MKTP.KD,1994,2926346907.2576
Fiji,FJI,NY.GDP.MKTP.KD,1995,2999505550.57793
Fiji,FJI,NY.GDP.MKTP.KD,1996,3143481852.78106
Fiji,FJI,NY.GDP.MKTP.KD,1997,3074325265.20979
Fiji,FJI,NY.GDP.MKTP.KD,1998,3114291482.04859
Fiji,FJI,NY.GDP.MKTP.KD,1999,3388349095.97074
Fiji,FJI,NY.GDP.MKTP.KD,2000,3330747237.18126
Fiji,FJI,NY.GDP.MKTP.KD,2001,3397362190.95907
Fiji,FJI,NY.GDP.MKTP.KD,2002,3506077734.09198
Fiji,FJI,NY.GDP.MKTP.KD,2003,3541138476.19955
Fiji,FJI,NY.GDP.MKTP.KD,2004,3728818846.10921
Fiji,FJI,NY.GDP.MKTP.KD,2005,3754920562.85453
Fiji,FJI,NY.GDP.MKTP.KD,2006,3824479849.43709
Fiji,FJI,NY.GDP.MKTP.KD,2007,3791946783.29969
Fiji,FJI,NY.GDP.MKTP.KD,2008,3831109770.32145
Fiji,FJI,NY.GDP.MKTP.KD,2009,3778009151.43962
Fiji,FJI,NY.GDP.MKTP.KD,2010,3889636956.0034
Fiji,FJI,NY.GDP.MKTP.KD,2011,3994857171.09434
Fiji,FJI,NY.GDP.MKTP.KD,2012,4051237155.71045
Fiji,FJI,NY.GDP.MKTP.KD,2013,4243031650.4939
Fiji,FJI,NY.GDP.MKTP.KD,2014,4480790522.10627
Fiji,FJI,NY.GDP.MKTP.KD,2015,4682479893.97558
Fiji,FJI,NY.GDP.MKTP.KD,2016,4796997058.29905
Fiji,FJI,NY.GDP.MKTP.KD,2017,5053797788.67878
Fiji,FJI,NY.GDP.MKTP.KD,2018,5246466296.15652
Fiji,FJI,NY.GDP.MKTP.KD,2019,5215934664.43218
Fiji,FJI,NY.GDP.MKTP.KD,2020,4319652692.23429
Fiji,FJI,NY.GDP.MKTP.KD,2021,4131922227.74208
Fiji,FJI,NY.GDP.MKTP.KD,2022,4865137073.66065
Fiji,FJI,NY.GDP.MKTP.KD,2023,5324525626.08745
Fiji,FJI,NY.GDP.MKTP.KD,2024,5512527116.27431
Fiji,FJI,NY.GDP.MKTP.KD,2025,5688678190.51222
France,FRA,NY.GDP.MKTP.KD,1960,510927948958.609
France,FRA,NY.GDP.MKTP.KD,1961,536200619107.149
France,FRA,NY.GDP.MKTP.KD,1962,572963952580.446
France,FRA,NY.GDP.MKTP.KD,1963,607933884141.28
France,FRA,NY.GDP.MKTP.KD,1964,647952997536.6
France,FRA,NY.GDP.MKTP.KD,1965,679305823933.8
France,FRA,NY.GDP.MKTP.KD,1966,714382070500.882
France,FRA,NY.GDP.MKTP.KD,1967,748685060225.257
France,FRA,NY.GDP.MKTP.KD,1968,782705445711.669
France,FRA,NY.GDP.MKTP.KD,1969,838227806923.227
France,FRA,NY.GDP.MKTP.KD,1970,890199392705.707
France,FRA,NY.GDP.MKTP.KD,1971,937321618883.858
France,FRA,NY.GDP.MKTP.KD,1972,979633325317.947
France,FRA,NY.GDP.MKTP.KD,1973,1040317535197.25
France,FRA,NY.GDP.MKTP.KD,1974,1086244576613.68
France,FRA,NY.GDP.MKTP.KD,1975,1075972943434.03
France,FRA,NY.GDP.MKTP.KD,1976,1122643877509.26
France,FRA,NY.GDP.MKTP.KD,1977,1162544388757.55
France,FRA,NY.GDP.MKTP.KD,1978,1208457476980.2
France,FRA,NY.GDP.MKTP.KD,1979,1253113736480.6
France,FRA,NY.GDP.MKTP.KD,1980,1274121102725.16
France,FRA,NY.GDP.MKTP.KD,1981,1289261671631.73
France,FRA,NY.GDP.MKTP.KD,1982,1320752051528.69
France,FRA,NY.GDP.MKTP.KD,1983,1337420703409.51
France,FRA,NY.GDP.MKTP.KD,1984,1358946108004.79
France,FRA,NY.GDP.MKTP.KD,1985,1380268983033.81
France,FRA,NY.GDP.MKTP.KD,1986,1413251000995.92
France,FRA,NY.GDP.MKTP.KD,1987,1449327712381.84
France,FRA,NY.GDP.MKTP.KD,1988,1519101594974.65
France,FRA,NY.GDP.MKTP.KD,1989,1586020591645.5
France,FRA,NY.GDP.MKTP.KD,1990,1630899060963.07
France,FRA,NY.GDP.MKTP.KD,1991,1651067777785.17
France,FRA,NY.GDP.MKTP.KD,1992,1676098974378.87
France,FRA,NY.GDP.MKTP.KD,1993,1670081815758.79
France,FRA,NY.GDP.MKTP.KD,1994,1709890902349.41
France,FRA,NY.GDP.MKTP.KD,1995,1749300344479.7
France,FRA,NY.GDP.MKTP.KD,1996,1773739467493.06
France,FRA,NY.GDP.MKTP.KD,1997,1818562957062.05
France,FRA,NY.GDP.MKTP.KD,1998,1881350558837.76
France,FRA,NY.GDP.MKTP.KD,1999,1945303460549.75
France,FRA,NY.GDP.MKTP.KD,2000,2025858476151.37
France,FRA,NY.GDP.MKTP.KD,2001,2064338989612.96
France,FRA,NY.GDP.MKTP.KD,2002,2086380974762.6
France,FRA,NY.GDP.MKTP.KD,2003,2106573536968.08
France,FRA,NY.GDP.MKTP.KD,2004,2166995343501.89
France,FRA,NY.GDP.MKTP.KD,2005,2207920477337.34
France,FRA,NY.GDP.MKTP.KD,2006,2267844862926.15
France,FRA,NY.GDP.MKTP.KD,2007,2325232266328.63
France,FRA,NY.GDP.MKTP.KD,2008,2334072135222.36
France,FRA,NY.GDP.MKTP.KD,2009,2268145064848.79
France,FRA,NY.GDP.MKTP.KD,2010,2313515332182.54
France,FRA,NY.GDP.MKTP.KD,2011,2369909039106.43
France,FRA,NY.GDP.MKTP.KD,2012,2374265767668.09
France,FRA,NY.GDP.MKTP.KD,2013,2392826743357.49
France,FRA,NY.GDP.MKTP.KD,2014,2416703156974.4
France,FRA,NY.GDP.MKTP.KD,2015,2442483452642.5
France,FRA,NY.GDP.MKTP.KD,2016,2463489569347.31
France,FRA,NY.GDP.MKTP.KD,2017,2514819204088.14
France,FRA,NY.GDP.MKTP.KD,2018,2556210832760.02
France,FRA,NY.GDP.MKTP.KD,2019,2608036638906.12
France,FRA,NY.GDP.MKTP.KD,2020,2413981867676.36
France,FRA,NY.GDP.MKTP.KD,2021,2580120255051.75
France,FRA,NY.GDP.MKTP.KD,2022,2650215998256.03
France,FRA,NY.GDP.MKTP.KD,2023,2688358302961.22
France,FRA,NY.GDP.MKTP.KD,2024,2720362347819.81
France,FRA,NY.GDP.MKTP.KD,2025,2743239233772.68
Faroe Islands,FRO,NY.GDP.MKTP.KD,2008,2166314314.46368
Faroe Islands,FRO,NY.GDP.MKTP.KD,2009,2067675562.88792
Faroe Islands,FRO,NY.GDP.MKTP.KD,2010,2059822159.10004
Faroe Islands,FRO,NY.GDP.MKTP.KD,2011,2133282898.13186
Faroe Islands,FRO,NY.GDP.MKTP.KD,2012,2284350973.3955
Faroe Islands,FRO,NY.GDP.MKTP.KD,2013,2418125853.51823
Faroe Islands,FRO,NY.GDP.MKTP.KD,2014,2549481885.27429
Faroe Islands,FRO,NY.GDP.MKTP.KD,2015,2573905971.05459
Faroe Islands,FRO,NY.GDP.MKTP.KD,2016,2609591837.86672
Faroe Islands,FRO,NY.GDP.MKTP.KD,2017,2701241060.07126
Faroe Islands,FRO,NY.GDP.MKTP.KD,2018,2775895516.47884
Faroe Islands,FRO,NY.GDP.MKTP.KD,2019,2901879820.04399
Faroe Islands,FRO,NY.GDP.MKTP.KD,2020,2854366727.12733
Faroe Islands,FRO,NY.GDP.MKTP.KD,2021,2998979304.47733
Faroe Islands,FRO,NY.GDP.MKTP.KD,2022,3114769889.92582
Faroe Islands,FRO,NY.GDP.MKTP.KD,2023,3213157332.58036
Faroe Islands,FRO,NY.GDP.MKTP.KD,2024,3240267282.45612
"Micronesia, Fed. Sts.",FSM,NY.GDP.MKTP.KD,1970,100099376.013948
"Micronesia, Fed. Sts.",FSM,NY.GDP.MKTP.KD,1971,102403237.761822
"Micronesia, Fed. Sts.",FSM,NY.GDP.MKTP.KD,1972,103495793.744613
"Micronesia, Fed. Sts.",FSM,NY.GDP.MKTP.KD,1973,138611924.677428
"Micronesia, Fed. Sts.",FSM,NY.GDP.MKTP.KD,1974,159857358.947503
"Micronesia, Fed. Sts.",FSM,NY.GDP.MKTP.KD,1975,159976113.930306
"Micronesia, Fed. Sts.",FSM,NY.GDP.MKTP.KD,1976,160546145.908557
"Micronesia, Fed. Sts.",FSM,NY.GDP.MKTP.KD,1977,164441339.507481
"Micronesia, Fed. Sts.",FSM,NY.GDP.MKTP.KD,1978,173716175.041465
"Micronesia, Fed. Sts.",FSM,NY.GDP.MKTP.KD,1979,177397609.411317
"Micronesia, Fed. Sts.",FSM,NY.GDP.MKTP.KD,1980,164631348.000019
"Micronesia, Fed. Sts.",FSM,NY.GDP.MKTP.KD,1981,180639647.354504
"Micronesia, Fed. Sts.",FSM,NY.GDP.MKTP.KD,1982,175904966.369011
"Micronesia, Fed. Sts.",FSM,NY.GDP.MKTP.KD,1983,179299926.656296
"Micronesia, Fed. Sts.",FSM,NY.GDP.MKTP.KD,1984,172213099.772864
"Micronesia, Fed. Sts.",FSM,NY.GDP.MKTP.KD,1985,200715532.067362
"Micronesia, Fed. Sts.",FSM,NY.GDP.MKTP.KD,1986,216731321.458696
"Micronesia, Fed. Sts.",FSM,NY.GDP.MKTP.KD,1987,219331577.265039
"Micronesia, Fed. Sts.",FSM,NY.GDP.MKTP.KD,1988,224922127.248677
"Micronesia, Fed. Sts.",FSM,NY.GDP.MKTP.KD,1989,232852907.458022
"Micronesia, Fed. Sts.",FSM,NY.GDP.MKTP.KD,1990,241563764.409272
"Micronesia, Fed. Sts.",FSM,NY.GDP.MKTP.KD,1991,259505475.630252
"Micronesia, Fed. Sts.",FSM,NY.GDP.MKTP.KD,1992,269906611.764706
"Micronesia, Fed. Sts.",FSM,NY.GDP.MKTP.KD,1993,291878752.941177
"Micronesia, Fed. Sts.",FSM,NY.GDP.MKTP.KD,1994,290318621.84874
"Micronesia, Fed. Sts.",FSM,NY.GDP.MKTP.KD,1995,310682914.285714
"Micronesia, Fed. Sts.",FSM,NY.GDP.MKTP.KD,1996,300309045.378151
"Micronesia, Fed. Sts.",FSM,NY.GDP.MKTP.KD,1997,281656557.983193
"Micronesia, Fed. Sts.",FSM,NY.GDP.MKTP.KD,1998,289646642.016807
"Micronesia, Fed. Sts.",FSM,NY.GDP.MKTP.KD,1999,292916218.487395
"Micronesia, Fed. Sts.",FSM,NY.GDP.MKTP.KD,2000,306462262.184874
"Micronesia, Fed. Sts.",FSM,NY.GDP.MKTP.KD,2001,312040376.470588
"Micronesia, Fed. Sts.",FSM,NY.GDP.MKTP.KD,2002,313423401.680672
"Micronesia, Fed. Sts.",FSM,NY.GDP.MKTP.KD,2003,318948292.436975
"Micronesia, Fed. Sts.",FSM,NY.GDP.MKTP.KD,2004,308772635.294118
"Micronesia, Fed. Sts.",FSM,NY.GDP.MKTP.KD,2005,317243697.478992
"Micronesia, Fed. Sts.",FSM,NY.GDP.MKTP.KD,2006,315932773.109244
"Micronesia, Fed. Sts.",FSM,NY.GDP.MKTP.KD,2007,310689075.630252
"Micronesia, Fed. Sts.",FSM,NY.GDP.MKTP.KD,2008,302823529.411765
"Micronesia, Fed. Sts.",FSM,NY.GDP.MKTP.KD,2009,306756302.521008
"Micronesia, Fed. Sts.",FSM,NY.GDP.MKTP.KD,2010,312000000.0
"Micronesia, Fed. Sts.",FSM,NY.GDP.MKTP.KD,2011,323798319.327731
"Micronesia, Fed. Sts.",FSM,NY.GDP.MKTP.KD,2012,318554621.84874
"Micronesia, Fed. Sts.",FSM,NY.GDP.MKTP.KD,2013,306756302.521008
"Micronesia, Fed. Sts.",FSM,NY.GDP.MKTP.KD,2014,298890756.302521
"Micronesia, Fed. Sts.",FSM,NY.GDP.MKTP.KD,2015,312000000.0
"Micronesia, Fed. Sts.",FSM,NY.GDP.MKTP.KD,2016,315932773.109244
"Micronesia, Fed. Sts.",FSM,NY.GDP.MKTP.KD,2017,322487394.957983
"Micronesia, Fed. Sts.",FSM,NY.GDP.MKTP.KD,2018,323798319.327731
"Micronesia, Fed. Sts.",FSM,NY.GDP.MKTP.KD,2019,335596638.655462
"Micronesia, Fed. Sts.",FSM,NY.GDP.MKTP.KD,2020,328693310.92437
"Micronesia, Fed. Sts.",FSM,NY.GDP.MKTP.KD,2021,338881815.12605
"Micronesia, Fed. Sts.",FSM,NY.GDP.MKTP.KD,2022,328328611.764706
"Micronesia, Fed. Sts.",FSM,NY.GDP.MKTP.KD,2023,332041936.134454
"Micronesia, Fed. Sts.",FSM,NY.GDP.MKTP.KD,2024,339683314.285714
"Micronesia, Fed. Sts.",FSM,NY.GDP.MKTP.KD,2025,343292813.445378
Gabon,GAB,NY.GDP.MKTP.KD,1960,1696430402.16032
Gabon,GAB,NY.GDP.MKTP.KD,1961,1946939619.42109
Gabon,GAB,NY.GDP.MKTP.KD,1962,2091971271.33539
Gabon,GAB,NY.GDP.MKTP.KD,1963,2219423267.20213
Gabon,GAB,NY.GDP.MKTP.KD,1964,2320505870.85802
Gabon,GAB,NY.GDP.MKTP.KD,1965,2513881414.09618
Gabon,GAB,NY.GDP.MKTP.KD,1966,2627207303.04505
Gabon,GAB,NY.GDP.MKTP.KD,1967,2735320899.36372
Gabon,GAB,NY.GDP.MKTP.KD,1968,2803944654.17385
Gabon,GAB,NY.GDP.MKTP.KD,1969,3030584989.18453
Gabon,GAB,NY.GDP.MKTP.KD,1970,3293619830.31703
Gabon,GAB,NY.GDP.MKTP.KD,1971,3631503425.96331
Gabon,GAB,NY.GDP.MKTP.KD,1972,4043205904.71932
Gabon,GAB,NY.GDP.MKTP.KD,1973,4454902662.03178
Gabon,GAB,NY.GDP.MKTP.KD,1974,6214014316.31316
Gabon,GAB,NY.GDP.MKTP.KD,1975,7406490804.13761
Gabon,GAB,NY.GDP.MKTP.KD,1976,10045078184.8121
Gabon,GAB,NY.GDP.MKTP.KD,1977,8781197289.68249
Gabon,GAB,NY.GDP.MKTP.KD,1978,6669389058.07285
Gabon,GAB,NY.GDP.MKTP.KD,1979,6701028991.88961
Gabon,GAB,NY.GDP.MKTP.KD,1980,6872102050.9686
Gabon,GAB,NY.GDP.MKTP.KD,1981,7222258278.85147
Gabon,GAB,NY.GDP.MKTP.KD,1982,6998547355.48186
Gabon,GAB,NY.GDP.MKTP.KD,1983,7391042735.22878
Gabon,GAB,NY.GDP.MKTP.KD,1984,7946028913.78889
Gabon,GAB,NY.GDP.MKTP.KD,1985,7760652085.26897
Gabon,GAB,NY.GDP.MKTP.KD,1986,7698287660.97566
Gabon,GAB,NY.GDP.MKTP.KD,1987,6378336008.80052
Gabon,GAB,NY.GDP.MKTP.KD,1988,7197655800.48086
Gabon,GAB,NY.GDP.MKTP.KD,1989,7812717800.63261
Gabon,GAB,NY.GDP.MKTP.KD,1990,8218372646.58668
Gabon,GAB,NY.GDP.MKTP.KD,1991,8720720960.85617
Gabon,GAB,NY.GDP.MKTP.KD,1992,8451237981.301
Gabon,GAB,NY.GDP.MKTP.KD,1993,8784770737.08178
Gabon,GAB,NY.GDP.MKTP.KD,1994,9110927737.90141
Gabon,GAB,NY.GDP.MKTP.KD,1995,9564091413.41355
Gabon,GAB,NY.GDP.MKTP.KD,1996,9910794415.49417
Gabon,GAB,NY.GDP.MKTP.KD,1997,10479512210.8024
Gabon,GAB,NY.GDP.MKTP.KD,1998,10843972206.2432
Gabon,GAB,NY.GDP.MKTP.KD,1999,9875321072.27314
Gabon,GAB,NY.GDP.MKTP.KD,2000,9689372094.82624
Gabon,GAB,NY.GDP.MKTP.KD,2001,9896262806.17442
Gabon,GAB,NY.GDP.MKTP.KD,2002,9871617829.34082
Gabon,GAB,NY.GDP.MKTP.KD,2003,10093465659.4406
Gabon,GAB,NY.GDP.MKTP.KD,2004,10163064451.2538
Gabon,GAB,NY.GDP.MKTP.KD,2005,10435048720.8443
Gabon,GAB,NY.GDP.MKTP.KD,2006,10142180902.0393
Gabon,GAB,NY.GDP.MKTP.KD,2007,10751534086.7123
Gabon,GAB,NY.GDP.MKTP.KD,2008,10395827037.7727
Gabon,GAB,NY.GDP.MKTP.KD,2009,10409376035.5652
Gabon,GAB,NY.GDP.MKTP.KD,2010,11147389066.6347
Gabon,GAB,NY.GDP.MKTP.KD,2011,11937934403.3789
Gabon,GAB,NY.GDP.MKTP.KD,2012,12564804521.2615
Gabon,GAB,NY.GDP.MKTP.KD,2013,13273296028.5793
Gabon,GAB,NY.GDP.MKTP.KD,2014,13846034032.3711
Gabon,GAB,NY.GDP.MKTP.KD,2015,14383107762.6952
Gabon,GAB,NY.GDP.MKTP.KD,2016,14683922149.3088
Gabon,GAB,NY.GDP.MKTP.KD,2017,14753324537.1727
Gabon,GAB,NY.GDP.MKTP.KD,2018,14876945089.6921
Gabon,GAB,NY.GDP.MKTP.KD,2019,15460241661.1259
Gabon,GAB,NY.GDP.MKTP.KD,2020,15176119359.5533
Gabon,GAB,NY.GDP.MKTP.KD,2021,15398898313.8373
Gabon,GAB,NY.GDP.MKTP.KD,2022,15866657481.1283
Gabon,GAB,NY.GDP.MKTP.KD,2023,16253635205.6306
Gabon,GAB,NY.GDP.MKTP.KD,2024,16805289922.6502
Gabon,GAB,NY.GDP.MKTP.KD,2025,17220864511.3862
United Kingdom,GBR,NY.GDP.MKTP.KD,1960,802958140795.998
United Kingdom,GBR,NY.GDP.MKTP.KD,1961,824648563180.03
United Kingdom,GBR,NY.GDP.MKTP.KD,1962,833708945906.307
United Kingdom,GBR,NY.GDP.MKTP.KD,1963,874223408989.472
United Kingdom,GBR,NY.GDP.MKTP.KD,1964,923134556953.738
United Kingdom,GBR,NY.GDP.MKTP.KD,1965,942800397855.001
United Kingdom,GBR,NY.GDP.MKTP.KD,1966,957578318965.464
United Kingdom,GBR,NY.GDP.MKTP.KD,1967,984158181478.518
United Kingdom,GBR,NY.GDP.MKTP.KD,1968,1038018138374.34
United Kingdom,GBR,NY.GDP.MKTP.KD,1969,1058146739985.83
United Kingdom,GBR,NY.GDP.MKTP.KD,1970,1086807506706.89
United Kingdom,GBR,NY.GDP.MKTP.KD,1971,1108592971833.22
United Kingdom,GBR,NY.GDP.MKTP.KD,1972,1148794666508.53
United Kingdom,GBR,NY.GDP.MKTP.KD,1973,1232812042936.75
United Kingdom,GBR,NY.GDP.MKTP.KD,1974,1212104524614.49
United Kingdom,GBR,NY.GDP.MKTP.KD,1975,1203900150366.65
United Kingdom,GBR,NY.GDP.MKTP.KD,1976,1237665408113.17
United Kingdom,GBR,NY.GDP.MKTP.KD,1977,1266915785220.6
United Kingdom,GBR,NY.GDP.MKTP.KD,1978,1310033665484.62
United Kingdom,GBR,NY.GDP.MKTP.KD,1979,1346017305980.74
United Kingdom,GBR,NY.GDP.MKTP.KD,1980,1316686213225.92
United Kingdom,GBR,NY.GDP.MKTP.KD,1981,1299260421919.25
United Kingdom,GBR,NY.GDP.MKTP.KD,1982,1326454837276.92
United Kingdom,GBR,NY.GDP.MKTP.KD,1983,1374530155674.6
United Kingdom,GBR,NY.GDP.MKTP.KD,1984,1411242824002.48
United Kingdom,GBR,NY.GDP.MKTP.KD,1985,1462038836257.16
United Kingdom,GBR,NY.GDP.MKTP.KD,1986,1520700657209.66
United Kingdom,GBR,NY.GDP.MKTP.KD,1987,1590076250308.92
United Kingdom,GBR,NY.GDP.MKTP.KD,1988,1670090505985.98
United Kingdom,GBR,NY.GDP.MKTP.KD,1989,1708192731044.26
United Kingdom,GBR,NY.GDP.MKTP.KD,1990,1721504098259.6
United Kingdom,GBR,NY.GDP.MKTP.KD,1991,1699254695038.56
United Kingdom,GBR,NY.GDP.MKTP.KD,1992,1721255429795.6
United Kingdom,GBR,NY.GDP.MKTP.KD,1993,1781335634495.42
United Kingdom,GBR,NY.GDP.MKTP.KD,1994,1869572508478.99
United Kingdom,GBR,NY.GDP.MKTP.KD,1995,1935631814547.44
United Kingdom,GBR,NY.GDP.MKTP.KD,1996,1986246961912.3
United Kingdom,GBR,NY.GDP.MKTP.KD,1997,2083175521750.84
United Kingdom,GBR,NY.GDP.MKTP.KD,1998,2150801957623.71
United Kingdom,GBR,NY.GDP.MKTP.KD,1999,2214131432953.5
United Kingdom,GBR,NY.GDP.MKTP.KD,2000,2314307169243.88
United Kingdom,GBR,NY.GDP.MKTP.KD,2001,2369642769659.08
United Kingdom,GBR,NY.GDP.MKTP.KD,2002,2410140612988.09
United Kingdom,GBR,NY.GDP.MKTP.KD,2003,2487711377293.16
United Kingdom,GBR,NY.GDP.MKTP.KD,2004,2545576004983.01
United Kingdom,GBR,NY.GDP.MKTP.KD,2005,2616614241852.83
United Kingdom,GBR,NY.GDP.MKTP.KD,2006,2673913418491.85
United Kingdom,GBR,NY.GDP.MKTP.KD,2007,2752283449984.53
United Kingdom,GBR,NY.GDP.MKTP.KD,2008,2750923500693.34
United Kingdom,GBR,NY.GDP.MKTP.KD,2009,2624727410659.64
United Kingdom,GBR,NY.GDP.MKTP.KD,2010,2684060544650.54
United Kingdom,GBR,NY.GDP.MKTP.KD,2011,2706913649065.85
United Kingdom,GBR,NY.GDP.MKTP.KD,2012,2748282336997.97
United Kingdom,GBR,NY.GDP.MKTP.KD,2013,2795510733841.06
United Kingdom,GBR,NY.GDP.MKTP.KD,2014,2883853723651.98
United Kingdom,GBR,NY.GDP.MKTP.KD,2015,2945579890258.46
United Kingdom,GBR,NY.GDP.MKTP.KD,2016,3010574705731.3
United Kingdom,GBR,NY.GDP.MKTP.KD,2017,3101591068534.48
United Kingdom,GBR,NY.GDP.MKTP.KD,2018,3149707010747.53
United Kingdom,GBR,NY.GDP.MKTP.KD,2019,3189276748351.15
United Kingdom,GBR,NY.GDP.MKTP.KD,2020,2868821517197.41
United Kingdom,GBR,NY.GDP.MKTP.KD,2021,3113908148054.35
United Kingdom,GBR,NY.GDP.MKTP.KD,2022,3274265196937.19
United Kingdom,GBR,NY.GDP.MKTP.KD,2023,3283159739927.95
United Kingdom,GBR,NY.GDP.MKTP.KD,2024,3318626965006.66
United Kingdom,GBR,NY.GDP.MKTP.KD,2025,3364704178220.16
Georgia,GEO,NY.GDP.MKTP.KD,1960,5243159135.67355
Georgia,GEO,NY.GDP.MKTP.KD,1961,5498288150.05056
Georgia,GEO,NY.GDP.MKTP.KD,1962,5779416530.19967
Georgia,GEO,NY.GDP.MKTP.KD,1963,6022260625.29458
Georgia,GEO,NY.GDP.MKTP.KD,1964,6349244544.44395
Georgia,GEO,NY.GDP.MKTP.KD,1965,7019638203.70375
Georgia,GEO,NY.GDP.MKTP.KD,1966,7548614493.0108
Georgia,GEO,NY.GDP.MKTP.KD,1967,8020635559.04975
Georgia,GEO,NY.GDP.MKTP.KD,1968,8378001665.83002
Georgia,GEO,NY.GDP.MKTP.KD,1969,8778177254.15168
Georgia,GEO,NY.GDP.MKTP.KD,1970,9836129832.76578
Georgia,GEO,NY.GDP.MKTP.KD,1971,10079213236.6486
Georgia,GEO,NY.GDP.MKTP.KD,1972,10365106122.0728
Georgia,GEO,NY.GDP.MKTP.KD,1973,11037028854.092
Georgia,GEO,NY.GDP.MKTP.KD,1974,12009362469.6233
Georgia,GEO,NY.GDP.MKTP.KD,1975,12895704865.7106
Georgia,GEO,NY.GDP.MKTP.KD,1976,13682282556.9885
Georgia,GEO,NY.GDP.MKTP.KD,1977,14625580176.3439
Georgia,GEO,NY.GDP.MKTP.KD,1978,15712196494.7727
Georgia,GEO,NY.GDP.MKTP.KD,1979,16870286034.5575
Georgia,GEO,NY.GDP.MKTP.KD,1980,17642345727.7474
Georgia,GEO,NY.GDP.MKTP.KD,1981,18571497605.3761
Georgia,GEO,NY.GDP.MKTP.KD,1982,18943381710.2443
Georgia,GEO,NY.GDP.MKTP.KD,1983,19758250884.9756
Georgia,GEO,NY.GDP.MKTP.KD,1984,20830721461.6776
Georgia,GEO,NY.GDP.MKTP.KD,1985,21860010300.477
Georgia,GEO,NY.GDP.MKTP.KD,1986,20072807510.2145
Georgia,GEO,NY.GDP.MKTP.KD,1987,20330036655.824
Georgia,GEO,NY.GDP.MKTP.KD,1988,21459462455.7942
Georgia,GEO,NY.GDP.MKTP.KD,1989,19915715325.7756
Georgia,GEO,NY.GDP.MKTP.KD,1990,16970422995.7282
Georgia,GEO,NY.GDP.MKTP.KD,1991,13389689057.0621
Georgia,GEO,NY.GDP.MKTP.KD,1992,7377748823.20649
Georgia,GEO,NY.GDP.MKTP.KD,1993,5216056133.54707
Georgia,GEO,NY.GDP.MKTP.KD,1994,4673678615.23576
Georgia,GEO,NY.GDP.MKTP.KD,1995,4795034188.99656
Georgia,GEO,NY.GDP.MKTP.KD,1996,5332200118.25066
Georgia,GEO,NY.GDP.MKTP.KD,1997,5893190454.62344
Georgia,GEO,NY.GDP.MKTP.KD,1998,6075968327.9871
Georgia,GEO,NY.GDP.MKTP.KD,1999,6250184305.04248
Georgia,GEO,NY.GDP.MKTP.KD,2000,6365211520.66238
Georgia,GEO,NY.GDP.MKTP.KD,2001,6671206249.59299
Georgia,GEO,NY.GDP.MKTP.KD,2002,7036389739.95908
Georgia,GEO,NY.GDP.MKTP.KD,2003,7814405534.92863
Georgia,GEO,NY.GDP.MKTP.KD,2004,8267069270.18365
Georgia,GEO,NY.GDP.MKTP.KD,2005,9059975319.60238
Georgia,GEO,NY.GDP.MKTP.KD,2006,9913559155.90151
Georgia,GEO,NY.GDP.MKTP.KD,2007,11160245709.6589
Georgia,GEO,NY.GDP.MKTP.KD,2008,11430503827.9115
Georgia,GEO,NY.GDP.MKTP.KD,2009,11013204446.9733
Georgia,GEO,NY.GDP.MKTP.KD,2010,11701134202.5253
Georgia,GEO,NY.GDP.MKTP.KD,2011,12629541567.4316
Georgia,GEO,NY.GDP.MKTP.KD,2012,13460417765.6957
Georgia,GEO,NY.GDP.MKTP.KD,2013,14151325572.1376
Georgia,GEO,NY.GDP.MKTP.KD,2014,14730184213.8494
Georgia,GEO,NY.GDP.MKTP.KD,2015,15223796148.8396
Georgia,GEO,NY.GDP.MKTP.KD,2016,15749049874.5344
Georgia,GEO,NY.GDP.MKTP.KD,2017,16561685511.0983
Georgia,GEO,NY.GDP.MKTP.KD,2018,17565660917.3341
Georgia,GEO,NY.GDP.MKTP.KD,2019,18510819818.4957
Georgia,GEO,NY.GDP.MKTP.KD,2020,17346401920.57
Georgia,GEO,NY.GDP.MKTP.KD,2021,19192793472.268
Georgia,GEO,NY.GDP.MKTP.KD,2022,21296041913.2144
Georgia,GEO,NY.GDP.MKTP.KD,2023,22963990777.4548
Georgia,GEO,NY.GDP.MKTP.KD,2024,25186857732.3036
Georgia,GEO,NY.GDP.MKTP.KD,2025,27066204097.3435
Ghana,GHA,NY.GDP.MKTP.KD,1960,7662648270.29804
Ghana,GHA,NY.GDP.MKTP.KD,1961,7925452126.85685
Ghana,GHA,NY.GDP.MKTP.KD,1962,8251121525.01243
Ghana,GHA,NY.GDP.MKTP.KD,1963,8614663810.56862
Ghana,GHA,NY.GDP.MKTP.KD,1964,8804989947.32713
Ghana,GHA,NY.GDP.MKTP.KD,1965,8925530160.18407
Ghana,GHA,NY.GDP.MKTP.KD,1966,8545455168.92649
Ghana,GHA,NY.GDP.MKTP.KD,1967,8808259025.1072
Ghana,GHA,NY.GDP.MKTP.KD,1968,8840749198.2964
Ghana,GHA,NY.GDP.MKTP.KD,1969,9371740063.47322
Ghana,GHA,NY.GDP.MKTP.KD,1970,10282998639.478
Ghana,GHA,NY.GDP.MKTP.KD,1971,10819372656.714
Ghana,GHA,NY.GDP.MKTP.KD,1972,10550223948.3406
Ghana,GHA,NY.GDP.MKTP.KD,1973,10854554040.8706
Ghana,GHA,NY.GDP.MKTP.KD,1974,11598364183.5822
Ghana,GHA,NY.GDP.MKTP.KD,1975,10156498575.7214
Ghana,GHA,NY.GDP.MKTP.KD,1976,9797955609.28167
Ghana,GHA,NY.GDP.MKTP.KD,1977,10020771627.3309
Ghana,GHA,NY.GDP.MKTP.KD,1978,10870125777.3191
Ghana,GHA,NY.GDP.MKTP.KD,1979,10596748481.7835
Ghana,GHA,NY.GDP.MKTP.KD,1980,10646732914.4802
Ghana,GHA,NY.GDP.MKTP.KD,1981,10273770732.8212
Ghana,GHA,NY.GDP.MKTP.KD,1982,9562450763.29886
Ghana,GHA,NY.GDP.MKTP.KD,1983,9126045611.45629
Ghana,GHA,NY.GDP.MKTP.KD,1984,9915226744.35855
Ghana,GHA,NY.GDP.MKTP.KD,1985,10420072141.8334
Ghana,GHA,NY.GDP.MKTP.KD,1986,10961828435.4331
Ghana,GHA,NY.GDP.MKTP.KD,1987,11487437024.2462
Ghana,GHA,NY.GDP.MKTP.KD,1988,12133969366.5825
Ghana,GHA,NY.GDP.MKTP.KD,1989,12751087602.0406
Ghana,GHA,NY.GDP.MKTP.KD,1990,13175548086.442
Ghana,GHA,NY.GDP.MKTP.KD,1991,13871457663.3982
Ghana,GHA,NY.GDP.MKTP.KD,1992,14409589638.7183
Ghana,GHA,NY.GDP.MKTP.KD,1993,15108454815.9955
Ghana,GHA,NY.GDP.MKTP.KD,1994,15607033785.5625
Ghana,GHA,NY.GDP.MKTP.KD,1995,16248860403.8684
Ghana,GHA,NY.GDP.MKTP.KD,1996,16996707892.1917
Ghana,GHA,NY.GDP.MKTP.KD,1997,17709950508.414
Ghana,GHA,NY.GDP.MKTP.KD,1998,18542387390.0119
Ghana,GHA,NY.GDP.MKTP.KD,1999,19358251846.5356
Ghana,GHA,NY.GDP.MKTP.KD,2000,20074507180.6623
Ghana,GHA,NY.GDP.MKTP.KD,2001,20877487493.6
Ghana,GHA,NY.GDP.MKTP.KD,2002,21816974338.743
Ghana,GHA,NY.GDP.MKTP.KD,2003,22951457033.3962
Ghana,GHA,NY.GDP.MKTP.KD,2004,24236738625.149
Ghana,GHA,NY.GDP.MKTP.KD,2005,25666707129.5251
Ghana,GHA,NY.GDP.MKTP.KD,2006,27309353954.6989
Ghana,GHA,NY.GDP.MKTP.KD,2007,28496442169.6902
Ghana,GHA,NY.GDP.MKTP.KD,2008,31103809332.791
Ghana,GHA,NY.GDP.MKTP.KD,2009,32610629348.5193
Ghana,GHA,NY.GDP.MKTP.KD,2010,35186775129.0417
Ghana,GHA,NY.GDP.MKTP.KD,2011,40129504915.3457
Ghana,GHA,NY.GDP.MKTP.KD,2012,43858655296.9198
Ghana,GHA,NY.GDP.MKTP.KD,2013,47065830437.531
Ghana,GHA,NY.GDP.MKTP.KD,2014,48410143589.6826
Ghana,GHA,NY.GDP.MKTP.KD,2015,49436806230.4839
Ghana,GHA,NY.GDP.MKTP.KD,2016,51104539956.3997
Ghana,GHA,NY.GDP.MKTP.KD,2017,55258774288.879
Ghana,GHA,NY.GDP.MKTP.KD,2018,58684861220.5087
Ghana,GHA,NY.GDP.MKTP.KD,2019,62503939826.8611
Ghana,GHA,NY.GDP.MKTP.KD,2020,62825173619.4157
Ghana,GHA,NY.GDP.MKTP.KD,2021,66014472471.1465
Ghana,GHA,NY.GDP.MKTP.KD,2022,68526223982.9084
Ghana,GHA,NY.GDP.MKTP.KD,2023,70678009775.3851
Ghana,GHA,NY.GDP.MKTP.KD,2024,74810884163.6805
Ghana,GHA,NY.GDP.MKTP.KD,2025,79265436278.5707
Guinea,GIN,NY.GDP.MKTP.KD,1970,1942094537.42791
Guinea,GIN,NY.GDP.MKTP.KD,1971,2046303803.61148
Guinea,GIN,NY.GDP.MKTP.KD,1972,2093679410.45577
Guinea,GIN,NY.GDP.MKTP.KD,1973,2126493371.60931
Guinea,GIN,NY.GDP.MKTP.KD,1974,2238138977.04167
Guinea,GIN,NY.GDP.MKTP.KD,1975,2302528457.7449
Guinea,GIN,NY.GDP.MKTP.KD,1976,2484966268.00798
Guinea,GIN,NY.GDP.MKTP.KD,1977,2401643613.44062
Guinea,GIN,NY.GDP.MKTP.KD,1978,2564865665.15536
Guinea,GIN,NY.GDP.MKTP.KD,1979,2533885659.63891
Guinea,GIN,NY.GDP.MKTP.KD,1980,2599801856.25516
Guinea,GIN,NY.GDP.MKTP.KD,1981,2615653814.13534
Guinea,GIN,NY.GDP.MKTP.KD,1982,2662735707.35719
Guinea,GIN,NY.GDP.MKTP.KD,1983,2697351586.67643
Guinea,GIN,NY.GDP.MKTP.KD,1984,2735114764.04489
Guinea,GIN,NY.GDP.MKTP.KD,1985,2871868603.63435
Guinea,GIN,NY.GDP.MKTP.KD,1986,2961299741.68835
Guinea,GIN,NY.GDP.MKTP.KD,1987,3059020822.11607
Guinea,GIN,NY.GDP.MKTP.KD,1988,3251987425.51287
Guinea,GIN,NY.GDP.MKTP.KD,1989,3382179961.94632
Guinea,GIN,NY.GDP.MKTP.KD,1990,3528427545.98221
Guinea,GIN,NY.GDP.MKTP.KD,1991,3620640283.15178
Guinea,GIN,NY.GDP.MKTP.KD,1992,3739069518.82914
Guinea,GIN,NY.GDP.MKTP.KD,1993,3927673589.83666
Guinea,GIN,NY.GDP.MKTP.KD,1994,4083606123.90946
Guinea,GIN,NY.GDP.MKTP.KD,1995,4271765348.97459
Guinea,GIN,NY.GDP.MKTP.KD,1996,4462353367.48162
Guinea,GIN,NY.GDP.MKTP.KD,1997,4693574823.86752
Guinea,GIN,NY.GDP.MKTP.KD,1998,4864614381.03605
Guinea,GIN,NY.GDP.MKTP.KD,1999,5050053677.45401
Guinea,GIN,NY.GDP.MKTP.KD,2000,5176459579.46449
Guinea,GIN,NY.GDP.MKTP.KD,2001,5365832405.72436
Guinea,GIN,NY.GDP.MKTP.KD,2002,5642956694.13195
Guinea,GIN,NY.GDP.MKTP.KD,2003,5713414722.47307
Guinea,GIN,NY.GDP.MKTP.KD,2004,5847115329.55072
Guinea,GIN,NY.GDP.MKTP.KD,2005,6022369313.03617
Guinea,GIN,NY.GDP.MKTP.KD,2006,6094011545.87354
Guinea,GIN,NY.GDP.MKTP.KD,2007,6509469022.49636
Guinea,GIN,NY.GDP.MKTP.KD,2008,6778506429.10409
Guinea,GIN,NY.GDP.MKTP.KD,2009,6702408065.67158
Guinea,GIN,NY.GDP.MKTP.KD,2010,7025019105.91374
Guinea,GIN,NY.GDP.MKTP.KD,2011,7419271030.30424
Guinea,GIN,NY.GDP.MKTP.KD,2012,7858142150.2509
Guinea,GIN,NY.GDP.MKTP.KD,2013,8168199850.29177
Guinea,GIN,NY.GDP.MKTP.KD,2014,8470141696.43118
Guinea,GIN,NY.GDP.MKTP.KD,2015,8794201742.84609
Guinea,GIN,NY.GDP.MKTP.KD,2016,9745789528.35549
Guinea,GIN,NY.GDP.MKTP.KD,2017,10749606370.4679
Guinea,GIN,NY.GDP.MKTP.KD,2018,11433119223.7578
Guinea,GIN,NY.GDP.MKTP.KD,2019,12075307751.6835
Guinea,GIN,NY.GDP.MKTP.KD,2020,12643401588.6985
Guinea,GIN,NY.GDP.MKTP.KD,2021,13349198344.073
Guinea,GIN,NY.GDP.MKTP.KD,2022,13879482945.938
Guinea,GIN,NY.GDP.MKTP.KD,2023,14648645956.2703
Guinea,GIN,NY.GDP.MKTP.KD,2024,15432355339.8071
Guinea,GIN,NY.GDP.MKTP.KD,2025,16581617762.5156
"Gambia, The",GMB,NY.GDP.MKTP.KD,1966,253504725.723235
"Gambia, The",GMB,NY.GDP.MKTP.KD,1967,253504725.723235
"Gambia, The",GMB,NY.GDP.MKTP.KD,1968,277780701.967519
"Gambia, The",GMB,NY.GDP.MKTP.KD,1969,284546114.523255
"Gambia, The",GMB,NY.GDP.MKTP.KD,1970,302056645.839376
"Gambia, The",GMB,NY.GDP.MKTP.KD,1971,301857659.86377
"Gambia, The",GMB,NY.GDP.MKTP.KD,1972,302587264.271584
"Gambia, The",GMB,NY.GDP.MKTP.KD,1973,330577582.495729
"Gambia, The",GMB,NY.GDP.MKTP.KD,1974,350011556.292565
"Gambia, The",GMB,NY.GDP.MKTP.KD,1975,393389990.330913
"Gambia, The",GMB,NY.GDP.MKTP.KD,1976,422308976.529101
"Gambia, The",GMB,NY.GDP.MKTP.KD,1977,436834614.983294
"Gambia, The",GMB,NY.GDP.MKTP.KD,1978,464427038.901168
"Gambia, The",GMB,NY.GDP.MKTP.KD,1979,458258597.172334
"Gambia, The",GMB,NY.GDP.MKTP.KD,1980,486991776.014378
"Gambia, The",GMB,NY.GDP.MKTP.KD,1981,503169126.654155
"Gambia, The",GMB,NY.GDP.MKTP.KD,1982,499321982.876258
"Gambia, The",GMB,NY.GDP.MKTP.KD,1983,553664331.566174
"Gambia, The",GMB,NY.GDP.MKTP.KD,1984,573237790.274772
"Gambia, The",GMB,NY.GDP.MKTP.KD,1985,568581582.283382
"Gambia, The",GMB,NY.GDP.MKTP.KD,1986,591842657.034875
"Gambia, The",GMB,NY.GDP.MKTP.KD,1987,606368444.288168
"Gambia, The",GMB,NY.GDP.MKTP.KD,1988,633514510.041076
"Gambia, The",GMB,NY.GDP.MKTP.KD,1989,670864763.575962
"Gambia, The",GMB,NY.GDP.MKTP.KD,1990,694740031.231163
"Gambia, The",GMB,NY.GDP.MKTP.KD,1991,716325876.505343
"Gambia, The",GMB,NY.GDP.MKTP.KD,1992,740528298.603424
"Gambia, The",GMB,NY.GDP.MKTP.KD,1993,762833761.663294
"Gambia, The",GMB,NY.GDP.MKTP.KD,1994,764011164.754756
"Gambia, The",GMB,NY.GDP.MKTP.KD,1995,770748583.770315
"Gambia, The",GMB,NY.GDP.MKTP.KD,1996,787886530.287664
"Gambia, The",GMB,NY.GDP.MKTP.KD,1997,826492963.259544
"Gambia, The",GMB,NY.GDP.MKTP.KD,1998,855420206.246188
"Gambia, The",GMB,NY.GDP.MKTP.KD,1999,910167091.320248
"Gambia, The",GMB,NY.GDP.MKTP.KD,2000,960226283.311822
"Gambia, The",GMB,NY.GDP.MKTP.KD,2001,1015919410.0795
"Gambia, The",GMB,NY.GDP.MKTP.KD,2002,982902027.731066
"Gambia, The",GMB,NY.GDP.MKTP.KD,2003,1050427393.31825
"Gambia, The",GMB,NY.GDP.MKTP.KD,2004,1124482524.55398
"Gambia, The",GMB,NY.GDP.MKTP.KD,2005,1098037738.85618
"Gambia, The",GMB,NY.GDP.MKTP.KD,2006,1091937250.0561
"Gambia, The",GMB,NY.GDP.MKTP.KD,2007,1125167625.04935
"Gambia, The",GMB,NY.GDP.MKTP.KD,2008,1195557048.77095
"Gambia, The",GMB,NY.GDP.MKTP.KD,2009,1275249585.58493
"Gambia, The",GMB,NY.GDP.MKTP.KD,2010,1350595613.51288
"Gambia, The",GMB,NY.GDP.MKTP.KD,2011,1240786190.47581
"Gambia, The",GMB,NY.GDP.MKTP.KD,2012,1305822857.84822
"Gambia, The",GMB,NY.GDP.MKTP.KD,2013,1343336129.36544
"Gambia, The",GMB,NY.GDP.MKTP.KD,2014,1324430251.83027
"Gambia, The",GMB,NY.GDP.MKTP.KD,2015,1378176608.93204
"Gambia, The",GMB,NY.GDP.MKTP.KD,2016,1404959537.12175
"Gambia, The",GMB,NY.GDP.MKTP.KD,2017,1472715273.80675
"Gambia, The",GMB,NY.GDP.MKTP.KD,2018,1579264608.77791
"Gambia, The",GMB,NY.GDP.MKTP.KD,2019,1677527292.27233
"Gambia, The",GMB,NY.GDP.MKTP.KD,2020,1687449652.95674
"Gambia, The",GMB,NY.GDP.MKTP.KD,2021,1776141480.03218
"Gambia, The",GMB,NY.GDP.MKTP.KD,2022,1873704900.09444
"Gambia, The",GMB,NY.GDP.MKTP.KD,2023,1984568192.28141
"Gambia, The",GMB,NY.GDP.MKTP.KD,2024,2094736745.57173
"Gambia, The",GMB,NY.GDP.MKTP.KD,2025,2218181510.8707
Guinea-Bissau,GNB,NY.GDP.MKTP.KD,1970,309755918.777507
Guinea-Bissau,GNB,NY.GDP.MKTP.KD,1971,297641465.593937
Guinea-Bissau,GNB,NY.GDP.MKTP.KD,1972,316615694.987483
Guinea-Bissau,GNB,NY.GDP.MKTP.KD,1973,320129789.759336
Guinea-Bissau,GNB,NY.GDP.MKTP.KD,1974,334725278.541427
Guinea-Bissau,GNB,NY.GDP.MKTP.KD,1975,360986432.509662
Guinea-Bissau,GNB,NY.GDP.MKTP.KD,1976,378831635.457592
Guinea-Bissau,GNB,NY.GDP.MKTP.KD,1977,351669142.123436
Guinea-Bissau,GNB,NY.GDP.MKTP.KD,1978,397829386.273409
Guinea-Bissau,GNB,NY.GDP.MKTP.KD,1979,405762678.552412
Guinea-Bissau,GNB,NY.GDP.MKTP.KD,1980,341032772.531507
Guinea-Bissau,GNB,NY.GDP.MKTP.KD,1981,402989997.491558
Guinea-Bissau,GNB,NY.GDP.MKTP.KD,1982,419915908.380757
Guinea-Bissau,GNB,NY.GDP.MKTP.KD,1983,405645958.85415
Guinea-Bissau,GNB,NY.GDP.MKTP.KD,1984,442597153.781284
Guinea-Bissau,GNB,NY.GDP.MKTP.KD,1985,461037932.755857
Guinea-Bissau,GNB,NY.GDP.MKTP.KD,1986,457377994.07007
Guinea-Bissau,GNB,NY.GDP.MKTP.KD,1987,470641955.932678
Guinea-Bissau,GNB,NY.GDP.MKTP.KD,1988,492291485.851147
Guinea-Bissau,GNB,NY.GDP.MKTP.KD,1989,522321266.59307
Guinea-Bissau,GNB,NY.GDP.MKTP.KD,1990,554182863.783592
Guinea-Bissau,GNB,NY.GDP.MKTP.KD,1991,582446190.027857
Guinea-Bissau,GNB,NY.GDP.MKTP.KD,1992,588853097.930413
Guinea-Bissau,GNB,NY.GDP.MKTP.KD,1993,601219012.922846
Guinea-Bissau,GNB,NY.GDP.MKTP.KD,1994,620458021.451395
Guinea-Bissau,GNB,NY.GDP.MKTP.KD,1995,647758174.433145
Guinea-Bissau,GNB,NY.GDP.MKTP.KD,1996,722898122.695806
Guinea-Bissau,GNB,NY.GDP.MKTP.KD,1997,769886500.621982
Guinea-Bissau,GNB,NY.GDP.MKTP.KD,1998,597079877.976298
Guinea-Bissau,GNB,NY.GDP.MKTP.KD,1999,697478986.452666
Guinea-Bissau,GNB,NY.GDP.MKTP.KD,2000,705153195.39567
Guinea-Bissau,GNB,NY.GDP.MKTP.KD,2001,738901627.416716
Guinea-Bissau,GNB,NY.GDP.MKTP.KD,2002,765900620.254642
Guinea-Bissau,GNB,NY.GDP.MKTP.KD,2003,763710672.551679
Guinea-Bissau,GNB,NY.GDP.MKTP.KD,2004,772660533.181804
Guinea-Bissau,GNB,NY.GDP.MKTP.KD,2005,823345295.681209
Guinea-Bissau,GNB,NY.GDP.MKTP.KD,2006,845299838.603667
Guinea-Bissau,GNB,NY.GDP.MKTP.KD,2007,866938047.629768
Guinea-Bissau,GNB,NY.GDP.MKTP.KD,2008,906163311.064931
Guinea-Bissau,GNB,NY.GDP.MKTP.KD,2009,928345745.452418
Guinea-Bissau,GNB,NY.GDP.MKTP.KD,2010,980382895.434522
Guinea-Bissau,GNB,NY.GDP.MKTP.KD,2011,1059647261.07297
Guinea-Bissau,GNB,NY.GDP.MKTP.KD,2012,1041496885.43544
Guinea-Bissau,GNB,NY.GDP.MKTP.KD,2013,1075408772.95023
Guinea-Bissau,GNB,NY.GDP.MKTP.KD,2014,1085781367.43837
Guinea-Bissau,GNB,NY.GDP.MKTP.KD,2015,1152384166.79638
Guinea-Bissau,GNB,NY.GDP.MKTP.KD,2016,1214989490.95557
Guinea-Bissau,GNB,NY.GDP.MKTP.KD,2017,1271652706.03289
Guinea-Bissau,GNB,NY.GDP.MKTP.KD,2018,1319485332.4773
Guinea-Bissau,GNB,NY.GDP.MKTP.KD,2019,1389780856.97486
Guinea-Bissau,GNB,NY.GDP.MKTP.KD,2020,1429966367.64789
Guinea-Bissau,GNB,NY.GDP.MKTP.KD,2021,1501712207.49424
Guinea-Bissau,GNB,NY.GDP.MKTP.KD,2022,1583672069.18832
Guinea-Bissau,GNB,NY.GDP.MKTP.KD,2023,1657004378.82743
Guinea-Bissau,GNB,NY.GDP.MKTP.KD,2024,1730065033.65906
Guinea-Bissau,GNB,NY.GDP.MKTP.KD,2025,1830722598.28661
Equatorial Guinea,GNQ,NY.GDP.MKTP.KD,1980,132086051.076547
Equatorial Guinea,GNQ,NY.GDP.MKTP.KD,1981,139706650.788986
Equatorial Guinea,GNQ,NY.GDP.MKTP.KD,1982,142782538.514882
Equatorial Guinea,GNQ,NY.GDP.MKTP.KD,1983,149927929.590197
Equatorial Guinea,GNQ,NY.GDP.MKTP.KD,1984,151444273.188883
Equatorial Guinea,GNQ,NY.GDP.MKTP.KD,1985,170988427.529981
Equatorial Guinea,GNQ,NY.GDP.MKTP.KD,1986,167003445.86169
Equatorial Guinea,GNQ,NY.GDP.MKTP.KD,1987,174412950.140804
Equatorial Guinea,GNQ,NY.GDP.MKTP.KD,1988,179044071.247429
Equatorial Guinea,GNQ,NY.GDP.MKTP.KD,1989,176843300.771014
Equatorial Guinea,GNQ,NY.GDP.MKTP.KD,1990,173733397.99699
Equatorial Guinea,GNQ,NY.GDP.MKTP.KD,1991,171957427.660152
Equatorial Guinea,GNQ,NY.GDP.MKTP.KD,1992,231704586.214421
Equatorial Guinea,GNQ,NY.GDP.MKTP.KD,1993,257269046.82918
Equatorial Guinea,GNQ,NY.GDP.MKTP.KD,1994,300152801.145199
Equatorial Guinea,GNQ,NY.GDP.MKTP.KD,1995,352638311.553616
Equatorial Guinea,GNQ,NY.GDP.MKTP.KD,1996,587424889.588275
Equatorial Guinea,GNQ,NY.GDP.MKTP.KD,1997,1468403404.76972
Equatorial Guinea,GNQ,NY.GDP.MKTP.KD,1998,1817508712.76923
Equatorial Guinea,GNQ,NY.GDP.MKTP.KD,1999,2283954429.45661
Equatorial Guinea,GNQ,NY.GDP.MKTP.KD,2000,2699948863.55525
Equatorial Guinea,GNQ,NY.GDP.MKTP.KD,2001,4411173089.8169
Equatorial Guinea,GNQ,NY.GDP.MKTP.KD,2002,5269712387.32535
Equatorial Guinea,GNQ,NY.GDP.MKTP.KD,2003,6005113941.93001
Equatorial Guinea,GNQ,NY.GDP.MKTP.KD,2004,8286980786.09409
Equatorial Guinea,GNQ,NY.GDP.MKTP.KD,2005,9674942387.18021
Equatorial Guinea,GNQ,NY.GDP.MKTP.KD,2006,10420388726.5973
Equatorial Guinea,GNQ,NY.GDP.MKTP.KD,2007,12012844402.6491
Equatorial Guinea,GNQ,NY.GDP.MKTP.KD,2008,14151023687.8999
Equatorial Guinea,GNQ,NY.GDP.MKTP.KD,2009,14341122354.4363
Equatorial Guinea,GNQ,NY.GDP.MKTP.KD,2010,13061295371.1388
Equatorial Guinea,GNQ,NY.GDP.MKTP.KD,2011,13913404306.2274
Equatorial Guinea,GNQ,NY.GDP.MKTP.KD,2012,15070007775.4052
Equatorial Guinea,GNQ,NY.GDP.MKTP.KD,2013,14447134439.884
Equatorial Guinea,GNQ,NY.GDP.MKTP.KD,2014,14507099626.4903
Equatorial Guinea,GNQ,NY.GDP.MKTP.KD,2015,13185496881.0174
Equatorial Guinea,GNQ,NY.GDP.MKTP.KD,2016,12023008461.8485
Equatorial Guinea,GNQ,NY.GDP.MKTP.KD,2017,11341603434.7324
Equatorial Guinea,GNQ,NY.GDP.MKTP.KD,2018,10634279338.5817
Equatorial Guinea,GNQ,NY.GDP.MKTP.KD,2019,10051326714.9325
Equatorial Guinea,GNQ,NY.GDP.MKTP.KD,2020,9569759527.14748
Equatorial Guinea,GNQ,NY.GDP.MKTP.KD,2021,9652085293.25754
Equatorial Guinea,GNQ,NY.GDP.MKTP.KD,2022,9963221065.40967
Equatorial Guinea,GNQ,NY.GDP.MKTP.KD,2023,9223446389.92684
Equatorial Guinea,GNQ,NY.GDP.MKTP.KD,2024,9259992038.43505
Equatorial Guinea,GNQ,NY.GDP.MKTP.KD,2025,8718580207.6518
Greece,GRC,NY.GDP.MKTP.KD,1960,41539985361.5399
Greece,GRC,NY.GDP.MKTP.KD,1961,47024857985.3205
Greece,GRC,NY.GDP.MKTP.KD,1962,47196410446.5485
Greece,GRC,NY.GDP.MKTP.KD,1963,52786762334.8895
Greece,GRC,NY.GDP.MKTP.KD,1964,57753826340.2219
Greece,GRC,NY.GDP.MKTP.KD,1965,63972764697.3105
Greece,GRC,NY.GDP.MKTP.KD,1966,68127476783.7885
Greece,GRC,NY.GDP.MKTP.KD,1967,71989954837.5754
Greece,GRC,NY.GDP.MKTP.KD,1968,77175907942.2961
Greece,GRC,NY.GDP.MKTP.KD,1969,86100274027.8043
Greece,GRC,NY.GDP.MKTP.KD,1970,93789528052.5007
Greece,GRC,NY.GDP.MKTP.KD,1971,101143730558.398
Greece,GRC,NY.GDP.MKTP.KD,1972,111420086907.787
Greece,GRC,NY.GDP.MKTP.KD,1973,120436622701.813
Greece,GRC,NY.GDP.MKTP.KD,1974,112682623197.718
Greece,GRC,NY.GDP.MKTP.KD,1975,119856909405.256
Greece,GRC,NY.GDP.MKTP.KD,1976,128069383417.525
Greece,GRC,NY.GDP.MKTP.KD,1977,131835905144.408
Greece,GRC,NY.GDP.MKTP.KD,1978,141389873865.792
Greece,GRC,NY.GDP.MKTP.KD,1979,146030402056.192
Greece,GRC,NY.GDP.MKTP.KD,1980,147019219771.839
Greece,GRC,NY.GDP.MKTP.KD,1981,144734950884.65
Greece,GRC,NY.GDP.MKTP.KD,1982,143095614240.297
Greece,GRC,NY.GDP.MKTP.KD,1983,141552152406.143
Greece,GRC,NY.GDP.MKTP.KD,1984,144398172998.4
Greece,GRC,NY.GDP.MKTP.KD,1985,148021926593.792
Greece,GRC,NY.GDP.MKTP.KD,1986,148788176908.38
Greece,GRC,NY.GDP.MKTP.KD,1987,145427255498.996
Greece,GRC,NY.GDP.MKTP.KD,1988,151662975130.371
Greece,GRC,NY.GDP.MKTP.KD,1989,157426168113.858
Greece,GRC,NY.GDP.MKTP.KD,1990,157426168113.858
Greece,GRC,NY.GDP.MKTP.KD,1991,162306378863.087
Greece,GRC,NY.GDP.MKTP.KD,1992,163442524062.296
Greece,GRC,NY.GDP.MKTP.KD,1993,160827443641.566
Greece,GRC,NY.GDP.MKTP.KD,1994,164043992268.73
Greece,GRC,NY.GDP.MKTP.KD,1995,167488456016.048
Greece,GRC,NY.GDP.MKTP.KD,1996,169803934634.075
Greece,GRC,NY.GDP.MKTP.KD,1997,175921772178.591
Greece,GRC,NY.GDP.MKTP.KD,1998,181968090540.634
Greece,GRC,NY.GDP.MKTP.KD,1999,186806231970.762
Greece,GRC,NY.GDP.MKTP.KD,2000,194535950663.831
Greece,GRC,NY.GDP.MKTP.KD,2001,203582678904.899
Greece,GRC,NY.GDP.MKTP.KD,2002,213116735217.242
Greece,GRC,NY.GDP.MKTP.KD,2003,225470734593.334
Greece,GRC,NY.GDP.MKTP.KD,2004,237596249349.014
Greece,GRC,NY.GDP.MKTP.KD,2005,240408216059.142
Greece,GRC,NY.GDP.MKTP.KD,2006,255898673342.699
Greece,GRC,NY.GDP.MKTP.KD,2007,264872706550.759
Greece,GRC,NY.GDP.MKTP.KD,2008,265024939553.215
Greece,GRC,NY.GDP.MKTP.KD,2009,254107830646.221
Greece,GRC,NY.GDP.MKTP.KD,2010,239639588360.141
Greece,GRC,NY.GDP.MKTP.KD,2011,215970916413.204
Greece,GRC,NY.GDP.MKTP.KD,2012,197978089510.093
Greece,GRC,NY.GDP.MKTP.KD,2013,193479795684.276
Greece,GRC,NY.GDP.MKTP.KD,2014,195012591113.587
Greece,GRC,NY.GDP.MKTP.KD,2015,194567373678.099
Greece,GRC,NY.GDP.MKTP.KD,2016,194505511433.343
Greece,GRC,NY.GDP.MKTP.KD,2017,197370820217.692
Greece,GRC,NY.GDP.MKTP.KD,2018,201445880434.67
Greece,GRC,NY.GDP.MKTP.KD,2019,206033167050.895
Greece,GRC,NY.GDP.MKTP.KD,2020,187085880047.738
Greece,GRC,NY.GDP.MKTP.KD,2021,203277223532.871
Greece,GRC,NY.GDP.MKTP.KD,2022,214502162962.972
Greece,GRC,NY.GDP.MKTP.KD,2023,219083738943.271
Greece,GRC,NY.GDP.MKTP.KD,2024,223655084018.924
Greece,GRC,NY.GDP.MKTP.KD,2025,228291607840.839
Grenada,GRD,NY.GDP.MKTP.KD,1977,294935712.434929
Grenada,GRD,NY.GDP.MKTP.KD,1978,310689415.023815
Grenada,GRD,NY.GDP.MKTP.KD,1979,328094495.435333
Grenada,GRD,NY.GDP.MKTP.KD,1980,326339898.60685
Grenada,GRD,NY.GDP.MKTP.KD,1981,331346564.449883
Grenada,GRD,NY.GDP.MKTP.KD,1982,345012163.476187
Grenada,GRD,NY.GDP.MKTP.KD,1983,357544988.718075
Grenada,GRD,NY.GDP.MKTP.KD,1984,370303857.706844
Grenada,GRD,NY.GDP.MKTP.KD,1985,392446947.632986
Grenada,GRD,NY.GDP.MKTP.KD,1986,420680655.446063
Grenada,GRD,NY.GDP.MKTP.KD,1987,458951763.014822
Grenada,GRD,NY.GDP.MKTP.KD,1988,472567905.754739
Grenada,GRD,NY.GDP.MKTP.KD,1989,490372992.122434
Grenada,GRD,NY.GDP.MKTP.KD,1990,510049757.237171
Grenada,GRD,NY.GDP.MKTP.KD,1991,517116730.160327
Grenada,GRD,NY.GDP.MKTP.KD,1992,512715297.542475
Grenada,GRD,NY.GDP.MKTP.KD,1993,502672150.4058
Grenada,GRD,NY.GDP.MKTP.KD,1994,511185184.991459
Grenada,GRD,NY.GDP.MKTP.KD,1995,522070746.474282
Grenada,GRD,NY.GDP.MKTP.KD,1996,545241471.586559
Grenada,GRD,NY.GDP.MKTP.KD,1997,572588028.202019
Grenada,GRD,NY.GDP.MKTP.KD,1998,639887179.228114
Grenada,GRD,NY.GDP.MKTP.KD,1999,684028916.017964
Grenada,GRD,NY.GDP.MKTP.KD,2000,717463922.03278
Grenada,GRD,NY.GDP.MKTP.KD,2001,702943169.422603
Grenada,GRD,NY.GDP.MKTP.KD,2002,727105600.384471
Grenada,GRD,NY.GDP.MKTP.KD,2003,795918681.218461
Grenada,GRD,NY.GDP.MKTP.KD,2004,790765503.201134
Grenada,GRD,NY.GDP.MKTP.KD,2005,895749020.659748
Grenada,GRD,NY.GDP.MKTP.KD,2006,859960907.039514
Grenada,GRD,NY.GDP.MKTP.KD,2007,912620191.349021
Grenada,GRD,NY.GDP.MKTP.KD,2008,921267656.665568
Grenada,GRD,NY.GDP.MKTP.KD,2009,860341634.562189
Grenada,GRD,NY.GDP.MKTP.KD,2010,855944031.100456
Grenada,GRD,NY.GDP.MKTP.KD,2011,862490064.656016
Grenada,GRD,NY.GDP.MKTP.KD,2012,852529700.227814
Grenada,GRD,NY.GDP.MKTP.KD,2013,872573509.102323
Grenada,GRD,NY.GDP.MKTP.KD,2014,936638937.786048
Grenada,GRD,NY.GDP.MKTP.KD,2015,997007407.407407
Grenada,GRD,NY.GDP.MKTP.KD,2016,1034291535.85512
Grenada,GRD,NY.GDP.MKTP.KD,2017,1080200382.60863
Grenada,GRD,NY.GDP.MKTP.KD,2018,1127312678.42806
Grenada,GRD,NY.GDP.MKTP.KD,2019,1134939081.03144
Grenada,GRD,NY.GDP.MKTP.KD,2020,978809798.804488
Grenada,GRD,NY.GDP.MKTP.KD,2021,1024791581.86502
Grenada,GRD,NY.GDP.MKTP.KD,2022,1099706286.21882
Grenada,GRD,NY.GDP.MKTP.KD,2023,1149485315.76389
Grenada,GRD,NY.GDP.MKTP.KD,2024,1177068915.37718
Grenada,GRD,NY.GDP.MKTP.KD,2025,1229001313.63051
Greenland,GRL,NY.GDP.MKTP.KD,1970,713408661.20171
Greenland,GRL,NY.GDP.MKTP.KD,1971,806585906.039216
Greenland,GRL,NY.GDP.MKTP.KD,1972,856410923.91198
Greenland,GRL,NY.GDP.MKTP.KD,1973,914698328.318166
Greenland,GRL,NY.GDP.MKTP.KD,1974,966893338.199623
Greenland,GRL,NY.GDP.MKTP.KD,1975,973141791.091122
Greenland,GRL,NY.GDP.MKTP.KD,1976,1031133339.48176
Greenland,GRL,NY.GDP.MKTP.KD,1977,1122103173.82261
Greenland,GRL,NY.GDP.MKTP.KD,1978,1189616948.38369
Greenland,GRL,NY.GDP.MKTP.KD,1979,1247439439.61142
Greenland,GRL,NY.GDP.MKTP.KD,1980,1355667363.53824
Greenland,GRL,NY.GDP.MKTP.KD,1981,1364686341.57105
Greenland,GRL,NY.GDP.MKTP.KD,1982,1304371833.71611
Greenland,GRL,NY.GDP.MKTP.KD,1983,1349466794.07412
Greenland,GRL,NY.GDP.MKTP.KD,1984,1279569603.00479
Greenland,GRL,NY.GDP.MKTP.KD,1985,1326355632.28614
Greenland,GRL,NY.GDP.MKTP.KD,1986,1420491372.10858
Greenland,GRL,NY.GDP.MKTP.KD,1987,1498843859.42713
Greenland,GRL,NY.GDP.MKTP.KD,1988,1582833234.42623
Greenland,GRL,NY.GDP.MKTP.KD,1989,1688242726.38638
Greenland,GRL,NY.GDP.MKTP.KD,1990,1490388563.1779
Greenland,GRL,NY.GDP.MKTP.KD,1991,1488697499.84214
Greenland,GRL,NY.GDP.MKTP.KD,1992,1412599749.26156
Greenland,GRL,NY.GDP.MKTP.KD,1993,1341575185.54526
Greenland,GRL,NY.GDP.MKTP.KD,1994,1421055060.70202
Greenland,GRL,NY.GDP.MKTP.KD,1995,1474041620.85829
Greenland,GRL,NY.GDP.MKTP.KD,1996,1496589112.21245
Greenland,GRL,NY.GDP.MKTP.KD,1997,1518572904.49646
Greenland,GRL,NY.GDP.MKTP.KD,1998,1636383513.20916
Greenland,GRL,NY.GDP.MKTP.KD,1999,1658930987.10214
Greenland,GRL,NY.GDP.MKTP.KD,2000,1776741578.35367
Greenland,GRL,NY.GDP.MKTP.KD,2001,1799289052.24665
Greenland,GRL,NY.GDP.MKTP.KD,2002,1781814765.21794
Greenland,GRL,NY.GDP.MKTP.KD,2003,1860749973.98387
Greenland,GRL,NY.GDP.MKTP.KD,2004,1989264212.32217
Greenland,GRL,NY.GDP.MKTP.KD,2005,2088478601.21324
Greenland,GRL,NY.GDP.MKTP.KD,2006,2204508100.36514
Greenland,GRL,NY.GDP.MKTP.KD,2007,2256367786.21633
Greenland,GRL,NY.GDP.MKTP.KD,2008,2395498418.1565
Greenland,GRL,NY.GDP.MKTP.KD,2009,2416242292.49697
Greenland,GRL,NY.GDP.MKTP.KD,2010,2458184031.69379
Greenland,GRL,NY.GDP.MKTP.KD,2011,2445978671.28639
Greenland,GRL,NY.GDP.MKTP.KD,2012,2480080343.49763
Greenland,GRL,NY.GDP.MKTP.KD,2013,2447881939.21831
Greenland,GRL,NY.GDP.MKTP.KD,2014,2563963821.89127
Greenland,GRL,NY.GDP.MKTP.KD,2015,2499113022.81675
Greenland,GRL,NY.GDP.MKTP.KD,2016,2616120347.69515
Greenland,GRL,NY.GDP.MKTP.KD,2017,2617499780.41644
Greenland,GRL,NY.GDP.MKTP.KD,2018,2633808516.64035
Greenland,GRL,NY.GDP.MKTP.KD,2019,2708402650.63237
Greenland,GRL,NY.GDP.MKTP.KD,2020,2715195047.19671
Greenland,GRL,NY.GDP.MKTP.KD,2021,2759563889.53607
Greenland,GRL,NY.GDP.MKTP.KD,2022,2814880887.77734
Greenland,GRL,NY.GDP.MKTP.KD,2023,2839256686.24476
Guatemala,GTM,NY.GDP.MKTP.KD,1960,7658207835.01677
Guatemala,GTM,NY.GDP.MKTP.KD,1961,7987397303.99014
Guatemala,GTM,NY.GDP.MKTP.KD,1962,8269871710.51449
Guatemala,GTM,NY.GDP.MKTP.KD,1963,9058903803.4147
Guatemala,GTM,NY.GDP.MKTP.KD,1964,9478602131.04045
Guatemala,GTM,NY.GDP.MKTP.KD,1965,9892036890.2383
Guatemala,GTM,NY.GDP.MKTP.KD,1966,10437296250.3765
Guatemala,GTM,NY.GDP.MKTP.KD,1967,10866496201.8548
Guatemala,GTM,NY.GDP.MKTP.KD,1968,11819057068.0787
Guatemala,GTM,NY.GDP.MKTP.KD,1969,12378915047.9237
Guatemala,GTM,NY.GDP.MKTP.KD,1970,13085489109.5694
Guatemala,GTM,NY.GDP.MKTP.KD,1971,13816150702.7703
Guatemala,GTM,NY.GDP.MKTP.KD,1972,14829296165.7862
Guatemala,GTM,NY.GDP.MKTP.KD,1973,15835142758.1275
Guatemala,GTM,NY.GDP.MKTP.KD,1974,16844637844.1202
Guatemala,GTM,NY.GDP.MKTP.KD,1975,17173106736.0095
Guatemala,GTM,NY.GDP.MKTP.KD,1976,18441729746.6226
Guatemala,GTM,NY.GDP.MKTP.KD,1977,19881885120.4926
Guatemala,GTM,NY.GDP.MKTP.KD,1978,20875321250.242
Guatemala,GTM,NY.GDP.MKTP.KD,1979,21859270351.3774
Guatemala,GTM,NY.GDP.MKTP.KD,1980,22681174142.597
Guatemala,GTM,NY.GDP.MKTP.KD,1981,22827889270.4855
Guatemala,GTM,NY.GDP.MKTP.KD,1982,22022044460.2362
Guatemala,GTM,NY.GDP.MKTP.KD,1983,21455617338.8059
Guatemala,GTM,NY.GDP.MKTP.KD,1984,21562186907.9435
Guatemala,GTM,NY.GDP.MKTP.KD,1985,21430800103.4375
Guatemala,GTM,NY.GDP.MKTP.KD,1986,21461456776.3033
Guatemala,GTM,NY.GDP.MKTP.KD,1987,22222047221.7913
Guatemala,GTM,NY.GDP.MKTP.KD,1988,23087015313.1078
Guatemala,GTM,NY.GDP.MKTP.KD,1989,23997241559.2825
Guatemala,GTM,NY.GDP.MKTP.KD,1990,24741771139.0548
Guatemala,GTM,NY.GDP.MKTP.KD,1991,25646886672.4939
Guatemala,GTM,NY.GDP.MKTP.KD,1992,26887769953.3863
Guatemala,GTM,NY.GDP.MKTP.KD,1993,27943688156.5346
Guatemala,GTM,NY.GDP.MKTP.KD,1994,29070864301.3334
Guatemala,GTM,NY.GDP.MKTP.KD,1995,30509449830.5571
Guatemala,GTM,NY.GDP.MKTP.KD,1996,31411852201.4039
Guatemala,GTM,NY.GDP.MKTP.KD,1997,32782693685.4238
Guatemala,GTM,NY.GDP.MKTP.KD,1998,34419706609.1969
Guatemala,GTM,NY.GDP.MKTP.KD,1999,35743854127.6914
Guatemala,GTM,NY.GDP.MKTP.KD,2000,37033802897.7301
Guatemala,GTM,NY.GDP.MKTP.KD,2001,37897644076.0793
Guatemala,GTM,NY.GDP.MKTP.KD,2002,39352643430.8267
Guatemala,GTM,NY.GDP.MKTP.KD,2003,40360219725.0047
Guatemala,GTM,NY.GDP.MKTP.KD,2004,41626689854.8393
Guatemala,GTM,NY.GDP.MKTP.KD,2005,42990391422.8401
Guatemala,GTM,NY.GDP.MKTP.KD,2006,45290978278.1142
Guatemala,GTM,NY.GDP.MKTP.KD,2007,48161393073.4035
Guatemala,GTM,NY.GDP.MKTP.KD,2008,49747600113.1476
Guatemala,GTM,NY.GDP.MKTP.KD,2009,49984845476.1643
Guatemala,GTM,NY.GDP.MKTP.KD,2010,51426496107.1135
Guatemala,GTM,NY.GDP.MKTP.KD,2011,53567847518.1691
Guatemala,GTM,NY.GDP.MKTP.KD,2012,55161334868.2406
Guatemala,GTM,NY.GDP.MKTP.KD,2013,57199418297.9914
Guatemala,GTM,NY.GDP.MKTP.KD,2014,59741348010.7131
Guatemala,GTM,NY.GDP.MKTP.KD,2015,62186066547.6566
Guatemala,GTM,NY.GDP.MKTP.KD,2016,63851287023.2843
Guatemala,GTM,NY.GDP.MKTP.KD,2017,65817811666.4384
Guatemala,GTM,NY.GDP.MKTP.KD,2018,68060141106.7437
Guatemala,GTM,NY.GDP.MKTP.KD,2019,70794728365.1131
Guatemala,GTM,NY.GDP.MKTP.KD,2020,69530652260.4529
Guatemala,GTM,NY.GDP.MKTP.KD,2021,75122101496.5524
Guatemala,GTM,NY.GDP.MKTP.KD,2022,78243366193.0214
Guatemala,GTM,NY.GDP.MKTP.KD,2023,81000900543.9077
Guatemala,GTM,NY.GDP.MKTP.KD,2024,84010557479.994
Guatemala,GTM,NY.GDP.MKTP.KD,2025,87606236290.0643
Guam,GUM,NY.GDP.MKTP.KD,2002,4800664422.202
Guam,GUM,NY.GDP.MKTP.KD,2003,4842877343.03913
Guam,GUM,NY.GDP.MKTP.KD,2004,5157363603.27571
Guam,GUM,NY.GDP.MKTP.KD,2005,5345211101.00091
Guam,GUM,NY.GDP.MKTP.KD,2006,5149976342.12921
Guam,GUM,NY.GDP.MKTP.KD,2007,5186912647.86169
Guam,GUM,NY.GDP.MKTP.KD,2008,5292444949.95451
Guam,GUM,NY.GDP.MKTP.KD,2009,5315662056.41492
Guam,GUM,NY.GDP.MKTP.KD,2010,5435968880.80073
Guam,GUM,NY.GDP.MKTP.KD,2011,5440190172.88444
Guam,GUM,NY.GDP.MKTP.KD,2012,5556275705.18653
Guam,GUM,NY.GDP.MKTP.KD,2013,5650199454.04914
Guam,GUM,NY.GDP.MKTP.KD,2014,5751510464.05824
Guam,GUM,NY.GDP.MKTP.KD,2015,5799000000.0
Guam,GUM,NY.GDP.MKTP.KD,2016,5809553230.20928
Guam,GUM,NY.GDP.MKTP.KD,2017,5861264058.23476
Guam,GUM,NY.GDP.MKTP.KD,2018,5812719199.27207
Guam,GUM,NY.GDP.MKTP.KD,2019,5959409099.18107
Guam,GUM,NY.GDP.MKTP.KD,2020,5332547224.74977
Guam,GUM,NY.GDP.MKTP.KD,2021,5442300818.9263
Guam,GUM,NY.GDP.MKTP.KD,2022,5719850773.43039
Guyana,GUY,NY.GDP.MKTP.KD,1960,1555849243.71008
Guyana,GUY,NY.GDP.MKTP.KD,1961,1628811172.24648
Guyana,GUY,NY.GDP.MKTP.KD,1962,1646808327.27754
Guyana,GUY,NY.GDP.MKTP.KD,1963,1444602377.02959
Guyana,GUY,NY.GDP.MKTP.KD,1964,1608713286.32745
Guyana,GUY,NY.GDP.MKTP.KD,1965,1778288055.66404
Guyana,GUY,NY.GDP.MKTP.KD,1966,1871350740.24171
Guyana,GUY,NY.GDP.MKTP.KD,1967,1952073734.27444
Guyana,GUY,NY.GDP.MKTP.KD,1968,1972079123.76025
Guyana,GUY,NY.GDP.MKTP.KD,1969,2110013962.86862
Guyana,GUY,NY.GDP.MKTP.KD,1970,2199804697.49544
Guyana,GUY,NY.GDP.MKTP.KD,1971,2268281336.58747
Guyana,GUY,NY.GDP.MKTP.KD,1972,2193027225.96307
Guyana,GUY,NY.GDP.MKTP.KD,1973,2220324260.24621
Guyana,GUY,NY.GDP.MKTP.KD,1974,2391352284.36973
Guyana,GUY,NY.GDP.MKTP.KD,1975,2594211213.12201
Guyana,GUY,NY.GDP.MKTP.KD,1976,2634081989.7315
Guyana,GUY,NY.GDP.MKTP.KD,1977,2564577004.01239
Guyana,GUY,NY.GDP.MKTP.KD,1978,2518255902.1123
Guyana,GUY,NY.GDP.MKTP.KD,1979,2472028372.68628
Guyana,GUY,NY.GDP.MKTP.KD,1980,2514890618.69424
Guyana,GUY,NY.GDP.MKTP.KD,1981,2552517555.06155
Guyana,GUY,NY.GDP.MKTP.KD,1982,2215837056.70706
Guyana,GUY,NY.GDP.MKTP.KD,1983,2065328835.4097
Guyana,GUY,NY.GDP.MKTP.KD,1984,1961468862.25418
Guyana,GUY,NY.GDP.MKTP.KD,1985,2008537592.24204
Guyana,GUY,NY.GDP.MKTP.KD,1986,1990448657.74979
Guyana,GUY,NY.GDP.MKTP.KD,1987,2008350685.18367
Guyana,GUY,NY.GDP.MKTP.KD,1988,1934171587.8471
Guyana,GUY,NY.GDP.MKTP.KD,1989,1839074818.14123
Guyana,GUY,NY.GDP.MKTP.KD,1990,1782661480.13403
Guyana,GUY,NY.GDP.MKTP.KD,1991,1890652727.13754
Guyana,GUY,NY.GDP.MKTP.KD,1992,2037327406.13112
Guyana,GUY,NY.GDP.MKTP.KD,1993,2203881070.82096
Guyana,GUY,NY.GDP.MKTP.KD,1994,2391925529.8736
Guyana,GUY,NY.GDP.MKTP.KD,1995,2512273984.61924
Guyana,GUY,NY.GDP.MKTP.KD,1996,2712138382.14991
Guyana,GUY,NY.GDP.MKTP.KD,1997,2879766586.43647
Guyana,GUY,NY.GDP.MKTP.KD,1998,2831412296.32746
Guyana,GUY,NY.GDP.MKTP.KD,1999,2915226398.47074
Guyana,GUY,NY.GDP.MKTP.KD,2000,2875468427.07822
Guyana,GUY,NY.GDP.MKTP.KD,2001,2941015352.67748
Guyana,GUY,NY.GDP.MKTP.KD,2002,2974326085.51831
Guyana,GUY,NY.GDP.MKTP.KD,2003,2955521640.87583
Guyana,GUY,NY.GDP.MKTP.KD,2004,3001726850.82003
Guyana,GUY,NY.GDP.MKTP.KD,2005,2943164432.84229
Guyana,GUY,NY.GDP.MKTP.KD,2006,3094137270.70843
Guyana,GUY,NY.GDP.MKTP.KD,2007,3316643991.45274
Guyana,GUY,NY.GDP.MKTP.KD,2008,3374858506.06674
Guyana,GUY,NY.GDP.MKTP.KD,2009,3496741806.93763
Guyana,GUY,NY.GDP.MKTP.KD,2010,3641452424.56855
Guyana,GUY,NY.GDP.MKTP.KD,2011,3830671453.00564
Guyana,GUY,NY.GDP.MKTP.KD,2012,4032790343.85011
Guyana,GUY,NY.GDP.MKTP.KD,2013,4180123674.47048
Guyana,GUY,NY.GDP.MKTP.KD,2014,4250621228.25175
Guyana,GUY,NY.GDP.MKTP.KD,2015,4279840193.7046
Guyana,GUY,NY.GDP.MKTP.KD,2016,4442793237.23993
Guyana,GUY,NY.GDP.MKTP.KD,2017,4608708975.07815
Guyana,GUY,NY.GDP.MKTP.KD,2018,4813377725.77348
Guyana,GUY,NY.GDP.MKTP.KD,2019,5071030135.73162
Guyana,GUY,NY.GDP.MKTP.KD,2020,7275896377.20418
Guyana,GUY,NY.GDP.MKTP.KD,2021,8735441012.70968
Guyana,GUY,NY.GDP.MKTP.KD,2022,14268000638.322
Guyana,GUY,NY.GDP.MKTP.KD,2023,19089873040.0558
Guyana,GUY,NY.GDP.MKTP.KD,2024,27454916553.9543
Guyana,GUY,NY.GDP.MKTP.KD,2025,32763601884.4747
"Hong Kong SAR, China",HKG,NY.GDP.MKTP.KD,1961,12533003278.5798
"Hong Kong SAR, China",HKG,NY.GDP.MKTP.KD,1962,14324076662.8693
"Hong Kong SAR, China",HKG,NY.GDP.MKTP.KD,1963,16582032636.8598
"Hong Kong SAR, China",HKG,NY.GDP.MKTP.KD,1964,18012713145.593
"Hong Kong SAR, China",HKG,NY.GDP.MKTP.KD,1965,20650203741.2775
"Hong Kong SAR, China",HKG,NY.GDP.MKTP.KD,1966,21020827550.1142
"Hong Kong SAR, China",HKG,NY.GDP.MKTP.KD,1967,21357898298.1925
"Hong Kong SAR, China",HKG,NY.GDP.MKTP.KD,1968,22083524490.8572
"Hong Kong SAR, China",HKG,NY.GDP.MKTP.KD,1969,24588563004.0722
"Hong Kong SAR, China",HKG,NY.GDP.MKTP.KD,1970,26852349509.9323
"Hong Kong SAR, China",HKG,NY.GDP.MKTP.KD,1971,28810638147.8376
"Hong Kong SAR, China",HKG,NY.GDP.MKTP.KD,1972,31868037048.1614
"Hong Kong SAR, China",HKG,NY.GDP.MKTP.KD,1973,35781314022.9138
"Hong Kong SAR, China",HKG,NY.GDP.MKTP.KD,1974,36645552860.0232
"Hong Kong SAR, China",HKG,NY.GDP.MKTP.KD,1975,36825859307.8366
"Hong Kong SAR, China",HKG,NY.GDP.MKTP.KD,1976,42778502316.491
"Hong Kong SAR, China",HKG,NY.GDP.MKTP.KD,1977,47794629894.8612
"Hong Kong SAR, China",HKG,NY.GDP.MKTP.KD,1978,51742890060.8306
"Hong Kong SAR, China",HKG,NY.GDP.MKTP.KD,1979,57722705548.1975
"Hong Kong SAR, China",HKG,NY.GDP.MKTP.KD,1980,63557417799.0386
"Hong Kong SAR, China",HKG,NY.GDP.MKTP.KD,1981,69443394726.3171
"Hong Kong SAR, China",HKG,NY.GDP.MKTP.KD,1982,71491891593.1467
"Hong Kong SAR, China",HKG,NY.GDP.MKTP.KD,1983,75765011393.2791
"Hong Kong SAR, China",HKG,NY.GDP.MKTP.KD,1984,83321710726.2577
"Hong Kong SAR, China",HKG,NY.GDP.MKTP.KD,1985,83952508268.5165
"Hong Kong SAR, China",HKG,NY.GDP.MKTP.KD,1986,93234384974.6557
"Hong Kong SAR, China",HKG,NY.GDP.MKTP.KD,1987,105726354510.079
"Hong Kong SAR, China",HKG,NY.GDP.MKTP.KD,1988,114725285405.494
"Hong Kong SAR, China",HKG,NY.GDP.MKTP.KD,1989,117337693713.136
"Hong Kong SAR, China",HKG,NY.GDP.MKTP.KD,1990,121832373724.31
"Hong Kong SAR, China",HKG,NY.GDP.MKTP.KD,1991,128779177421.731
"Hong Kong SAR, China",HKG,NY.GDP.MKTP.KD,1992,136808589876.281
"Hong Kong SAR, China",HKG,NY.GDP.MKTP.KD,1993,145292343776.51
"Hong Kong SAR, China",HKG,NY.GDP.MKTP.KD,1994,154062233778.486
"Hong Kong SAR, China",HKG,NY.GDP.MKTP.KD,1995,157719407391.121
"Hong Kong SAR, China",HKG,NY.GDP.MKTP.KD,1996,164435850074.68
"Hong Kong SAR, China",HKG,NY.GDP.MKTP.KD,1997,172821585033.481
"Hong Kong SAR, China",HKG,NY.GDP.MKTP.KD,1998,162655117633.707
"Hong Kong SAR, China",HKG,NY.GDP.MKTP.KD,1999,166732419571.052
"Hong Kong SAR, China",HKG,NY.GDP.MKTP.KD,2000,179509865148.01
"Hong Kong SAR, China",HKG,NY.GDP.MKTP.KD,2001,180516676990.834
"Hong Kong SAR, China",HKG,NY.GDP.MKTP.KD,2002,183507299799.746
"Hong Kong SAR, China",HKG,NY.GDP.MKTP.KD,2003,189115941428.1
"Hong Kong SAR, China",HKG,NY.GDP.MKTP.KD,2004,205569152313.655
"Hong Kong SAR, China",HKG,NY.GDP.MKTP.KD,2005,220756917763.457
"Hong Kong SAR, China",HKG,NY.GDP.MKTP.KD,2006,236281973981.408
"Hong Kong SAR, China",HKG,NY.GDP.MKTP.KD,2007,251557197409.253
"Hong Kong SAR, China",HKG,NY.GDP.MKTP.KD,2008,256910175715.631
"Hong Kong SAR, China",HKG,NY.GDP.MKTP.KD,2009,250592519409.938
"Hong Kong SAR, China",HKG,NY.GDP.MKTP.KD,2010,267551886467.787
"Hong Kong SAR, China",HKG,NY.GDP.MKTP.KD,2011,280433621558.184
"Hong Kong SAR, China",HKG,NY.GDP.MKTP.KD,2012,285201896527.083
"Hong Kong SAR, China",HKG,NY.GDP.MKTP.KD,2013,294047583443.362
"Hong Kong SAR, China",HKG,NY.GDP.MKTP.KD,2014,302170394417.859
"Hong Kong SAR, China",HKG,NY.GDP.MKTP.KD,2015,309385622601.348
"Hong Kong SAR, China",HKG,NY.GDP.MKTP.KD,2016,316116146569.422
"Hong Kong SAR, China",HKG,NY.GDP.MKTP.KD,2017,328116261237.137
"Hong Kong SAR, China",HKG,NY.GDP.MKTP.KD,2018,337457433352.288
"Hong Kong SAR, China",HKG,NY.GDP.MKTP.KD,2019,331813698522.682
"Hong Kong SAR, China",HKG,NY.GDP.MKTP.KD,2020,310097167509.498
"Hong Kong SAR, China",HKG,NY.GDP.MKTP.KD,2021,330112173307.105
"Hong Kong SAR, China",HKG,NY.GDP.MKTP.KD,2022,317946603546.339
"Hong Kong SAR, China",HKG,NY.GDP.MKTP.KD,2023,327963017258.0
"Hong Kong SAR, China",HKG,NY.GDP.MKTP.KD,2024,336586373892.992
"Hong Kong SAR, China",HKG,NY.GDP.MKTP.KD,2025,348325324736.967
Honduras,HND,NY.GDP.MKTP.KD,1960,428527494.478446
Honduras,HND,NY.GDP.MKTP.KD,1961,435656326.248255
Honduras,HND,NY.GDP.MKTP.KD,1962,445176447.43387
Honduras,HND,NY.GDP.MKTP.KD,1963,450822527.242666
Honduras,HND,NY.GDP.MKTP.KD,1964,457797455.276318
Honduras,HND,NY.GDP.MKTP.KD,1965,469623900.927091
Honduras,HND,NY.GDP.MKTP.KD,1966,464367268.33444
Honduras,HND,NY.GDP.MKTP.KD,1967,481847770.644054
Honduras,HND,NY.GDP.MKTP.KD,1968,476170857.346701
Honduras,HND,NY.GDP.MKTP.KD,1969,480367673.767704
Honduras,HND,NY.GDP.MKTP.KD,1970,504106900.878571
Honduras,HND,NY.GDP.MKTP.KD,1971,527572760.442541
Honduras,HND,NY.GDP.MKTP.KD,1972,548176464.850923
Honduras,HND,NY.GDP.MKTP.KD,1973,572522562.083381
Honduras,HND,NY.GDP.MKTP.KD,1974,626403669.340699
Honduras,HND,NY.GDP.MKTP.KD,1975,659728478.179991
Honduras,HND,NY.GDP.MKTP.KD,1976,765945167.237367
Honduras,HND,NY.GDP.MKTP.KD,1977,832415796.700171
Honduras,HND,NY.GDP.MKTP.KD,1978,940116353.623574
Honduras,HND,NY.GDP.MKTP.KD,1979,1048514226.88164
Honduras,HND,NY.GDP.MKTP.KD,1980,1185305219.45635
Honduras,HND,NY.GDP.MKTP.KD,1981,1271291180.28353
Honduras,HND,NY.GDP.MKTP.KD,1982,1327117465.18878
Honduras,HND,NY.GDP.MKTP.KD,1983,1419960839.57122
Honduras,HND,NY.GDP.MKTP.KD,1984,1453450087.04869
Honduras,HND,NY.GDP.MKTP.KD,1985,1521300422.33862
Honduras,HND,NY.GDP.MKTP.KD,1986,1605514179.59554
Honduras,HND,NY.GDP.MKTP.KD,1987,1633451639.13376
Honduras,HND,NY.GDP.MKTP.KD,1988,1757176144.66221
Honduras,HND,NY.GDP.MKTP.KD,1989,1882432395.32975
Honduras,HND,NY.GDP.MKTP.KD,1990,2280969074.40865
Honduras,HND,NY.GDP.MKTP.KD,1991,2875090820.92111
Honduras,HND,NY.GDP.MKTP.KD,1992,3134862035.97671
Honduras,HND,NY.GDP.MKTP.KD,1993,3562368637.01276
Honduras,HND,NY.GDP.MKTP.KD,1994,4596133115.54641
Honduras,HND,NY.GDP.MKTP.KD,1995,5730204274.97864
Honduras,HND,NY.GDP.MKTP.KD,1996,7045709680.83833
Honduras,HND,NY.GDP.MKTP.KD,1997,8625903501.81984
Honduras,HND,NY.GDP.MKTP.KD,1998,9624452407.55055
Honduras,HND,NY.GDP.MKTP.KD,1999,10738565557.958
Honduras,HND,NY.GDP.MKTP.KD,2000,11770779974.6587
Honduras,HND,NY.GDP.MKTP.KD,2001,12091321063.1334
Honduras,HND,NY.GDP.MKTP.KD,2002,12545270107.7257
Honduras,HND,NY.GDP.MKTP.KD,2003,13115708313.2068
Honduras,HND,NY.GDP.MKTP.KD,2004,13933118990.7264
Honduras,HND,NY.GDP.MKTP.KD,2005,14776156180.0019
Honduras,HND,NY.GDP.MKTP.KD,2006,15746542343.9334
Honduras,HND,NY.GDP.MKTP.KD,2007,16720989901.6315
Honduras,HND,NY.GDP.MKTP.KD,2008,17428555328.7177
Honduras,HND,NY.GDP.MKTP.KD,2009,17004757718.2843
Honduras,HND,NY.GDP.MKTP.KD,2010,17639229093.9667
Honduras,HND,NY.GDP.MKTP.KD,2011,18315815357.186
Honduras,HND,NY.GDP.MKTP.KD,2012,19072018181.9071
Honduras,HND,NY.GDP.MKTP.KD,2013,19604424966.4102
Honduras,HND,NY.GDP.MKTP.KD,2014,20203944075.628
Honduras,HND,NY.GDP.MKTP.KD,2015,20979791685.416
Honduras,HND,NY.GDP.MKTP.KD,2016,21796529142.7732
Honduras,HND,NY.GDP.MKTP.KD,2017,22852116284.6356
Honduras,HND,NY.GDP.MKTP.KD,2018,23730778960.5382
Honduras,HND,NY.GDP.MKTP.KD,2019,24338200129.3672
Honduras,HND,NY.GDP.MKTP.KD,2020,22156260473.8169
Honduras,HND,NY.GDP.MKTP.KD,2021,24940257609.6892
Honduras,HND,NY.GDP.MKTP.KD,2022,25973672631.7766
Honduras,HND,NY.GDP.MKTP.KD,2023,26902451582.3921
Honduras,HND,NY.GDP.MKTP.KD,2024,27879658239.1165
Honduras,HND,NY.GDP.MKTP.KD,2025,28925544388.8026
Heavily indebted poor countries (HIPC),HPC,NY.GDP.MKTP.KD,1960,120654240872.379
Heavily indebted poor countries (HIPC),HPC,NY.GDP.MKTP.KD,1961,120375619518.005
Heavily indebted poor countries (HIPC),HPC,NY.GDP.MKTP.KD,1962,129175432652.95
Heavily indebted poor countries (HIPC),HPC,NY.GDP.MKTP.KD,1963,133506090185.138
Heavily indebted poor countries (HIPC),HPC,NY.GDP.MKTP.KD,1964,137914706544.68
Heavily indebted poor countries (HIPC),HPC,NY.GDP.MKTP.KD,1965,143143730043.105
Heavily indebted poor countries (HIPC),HPC,NY.GDP.MKTP.KD,1966,148604965831.418
Heavily indebted poor countries (HIPC),HPC,NY.GDP.MKTP.KD,1967,151996811676.614
Heavily indebted poor countries (HIPC),HPC,NY.GDP.MKTP.KD,1968,158761994596.84
Heavily indebted poor countries (HIPC),HPC,NY.GDP.MKTP.KD,1969,166157021606.757
Heavily indebted poor countries (HIPC),HPC,NY.GDP.MKTP.KD,1970,166204159092.241
Heavily indebted poor countries (HIPC),HPC,NY.GDP.MKTP.KD,1971,173735959494.077
Heavily indebted poor countries (HIPC),HPC,NY.GDP.MKTP.KD,1972,177306482333.519
Heavily indebted poor countries (HIPC),HPC,NY.GDP.MKTP.KD,1973,182739470267.347
Heavily indebted poor countries (HIPC),HPC,NY.GDP.MKTP.KD,1974,192497329245.04
Heavily indebted poor countries (HIPC),HPC,NY.GDP.MKTP.KD,1975,196511352065.009
Heavily indebted poor countries (HIPC),HPC,NY.GDP.MKTP.KD,1976,203862888357.758
Heavily indebted poor countries (HIPC),HPC,NY.GDP.MKTP.KD,1977,210804264622.654
Heavily indebted poor countries (HIPC),HPC,NY.GDP.MKTP.KD,1978,215848188412.675
Heavily indebted poor countries (HIPC),HPC,NY.GDP.MKTP.KD,1979,216980769231.31
Heavily indebted poor countries (HIPC),HPC,NY.GDP.MKTP.KD,1980,218379759680.537
Heavily indebted poor countries (HIPC),HPC,NY.GDP.MKTP.KD,1981,224924401858.523
Heavily indebted poor countries (HIPC),HPC,NY.GDP.MKTP.KD,1982,226295546420.702
Heavily indebted poor countries (HIPC),HPC,NY.GDP.MKTP.KD,1983,226986538565.429
Heavily indebted poor countries (HIPC),HPC,NY.GDP.MKTP.KD,1984,229461276320.894
Heavily indebted poor countries (HIPC),HPC,NY.GDP.MKTP.KD,1985,232703674225.105
Heavily indebted poor countries (HIPC),HPC,NY.GDP.MKTP.KD,1986,239566779627.118
Heavily indebted poor countries (HIPC),HPC,NY.GDP.MKTP.KD,1987,247031093728.207
Heavily indebted poor countries (HIPC),HPC,NY.GDP.MKTP.KD,1988,250519794956.517
Heavily indebted poor countries (HIPC),HPC,NY.GDP.MKTP.KD,1989,254284614506.001
Heavily indebted poor countries (HIPC),HPC,NY.GDP.MKTP.KD,1990,251430745461.038
Heavily indebted poor countries (HIPC),HPC,NY.GDP.MKTP.KD,1991,253704851363.233
Heavily indebted poor countries (HIPC),HPC,NY.GDP.MKTP.KD,1992,250135530767.306
Heavily indebted poor countries (HIPC),HPC,NY.GDP.MKTP.KD,1993,250930199469.951
Heavily indebted poor countries (HIPC),HPC,NY.GDP.MKTP.KD,1994,251827823231.216
Heavily indebted poor countries (HIPC),HPC,NY.GDP.MKTP.KD,1995,264930660219.888
Heavily indebted poor countries (HIPC),HPC,NY.GDP.MKTP.KD,1996,279730672932.774
Heavily indebted poor countries (HIPC),HPC,NY.GDP.MKTP.KD,1997,296402633135.458
Heavily indebted poor countries (HIPC),HPC,NY.GDP.MKTP.KD,1998,307519471378.963
Heavily indebted poor countries (HIPC),HPC,NY.GDP.MKTP.KD,1999,318194649650.314
Heavily indebted poor countries (HIPC),HPC,NY.GDP.MKTP.KD,2000,327344217588.213
Heavily indebted poor countries (HIPC),HPC,NY.GDP.MKTP.KD,2001,339354046255.939
Heavily indebted poor countries (HIPC),HPC,NY.GDP.MKTP.KD,2002,352627953323.18
Heavily indebted poor countries (HIPC),HPC,NY.GDP.MKTP.KD,2003,366820602441.194
Heavily indebted poor countries (HIPC),HPC,NY.GDP.MKTP.KD,2004,387974502011.43
Heavily indebted poor countries (HIPC),HPC,NY.GDP.MKTP.KD,2005,409434072592.469
Heavily indebted poor countries (HIPC),HPC,NY.GDP.MKTP.KD,2006,432871701346.046
Heavily indebted poor countries (HIPC),HPC,NY.GDP.MKTP.KD,2007,456593631102.115
Heavily indebted poor countries (HIPC),HPC,NY.GDP.MKTP.KD,2008,482263025177.128
Heavily indebted poor countries (HIPC),HPC,NY.GDP.MKTP.KD,2009,499011768250.415
Heavily indebted poor countries (HIPC),HPC,NY.GDP.MKTP.KD,2010,529988129233.298
Heavily indebted poor countries (HIPC),HPC,NY.GDP.MKTP.KD,2011,552001940906.866
Heavily indebted poor countries (HIPC),HPC,NY.GDP.MKTP.KD,2012,574319039637.499
Heavily indebted poor countries (HIPC),HPC,NY.GDP.MKTP.KD,2013,609722238454.868
Heavily indebted poor countries (HIPC),HPC,NY.GDP.MKTP.KD,2014,642977783018.742
Heavily indebted poor countries (HIPC),HPC,NY.GDP.MKTP.KD,2015,674525283733.803
Heavily indebted poor countries (HIPC),HPC,NY.GDP.MKTP.KD,2016,703530284007.718
Heavily indebted poor countries (HIPC),HPC,NY.GDP.MKTP.KD,2017,739155507462.779
Heavily indebted poor countries (HIPC),HPC,NY.GDP.MKTP.KD,2018,770073358512.024
Heavily indebted poor countries (HIPC),HPC,NY.GDP.MKTP.KD,2019,802444594617.813
Heavily indebted poor countries (HIPC),HPC,NY.GDP.MKTP.KD,2020,802469291619.595
Heavily indebted poor countries (HIPC),HPC,NY.GDP.MKTP.KD,2021,837431567575.247
Heavily indebted poor countries (HIPC),HPC,NY.GDP.MKTP.KD,2022,878462505043.296
Heavily indebted poor countries (HIPC),HPC,NY.GDP.MKTP.KD,2023,909054239996.292
Heavily indebted poor countries (HIPC),HPC,NY.GDP.MKTP.KD,2024,955606849315.489
Heavily indebted poor countries (HIPC),HPC,NY.GDP.MKTP.KD,2025,1011278193672.84
Croatia,HRV,NY.GDP.MKTP.KD,1990,46602093838.7601
Croatia,HRV,NY.GDP.MKTP.KD,1991,36774331748.9042
Croatia,HRV,NY.GDP.MKTP.KD,1992,32466847437.9486
Croatia,HRV,NY.GDP.MKTP.KD,1993,29861194011.6617
Croatia,HRV,NY.GDP.MKTP.KD,1994,31614187835.8976
Croatia,HRV,NY.GDP.MKTP.KD,1995,33748057522.7818
Croatia,HRV,NY.GDP.MKTP.KD,1996,35810546859.12
Croatia,HRV,NY.GDP.MKTP.KD,1997,38018382838.5152
Croatia,HRV,NY.GDP.MKTP.KD,1998,38875109178.2249
Croatia,HRV,NY.GDP.MKTP.KD,1999,38544496743.6655
Croatia,HRV,NY.GDP.MKTP.KD,2000,39680657122.492
Croatia,HRV,NY.GDP.MKTP.KD,2001,40915080020.5683
Croatia,HRV,NY.GDP.MKTP.KD,2002,43288734001.1977
Croatia,HRV,NY.GDP.MKTP.KD,2003,45699236426.5457
Croatia,HRV,NY.GDP.MKTP.KD,2004,47605119872.8294
Croatia,HRV,NY.GDP.MKTP.KD,2005,49665562073.3499
Croatia,HRV,NY.GDP.MKTP.KD,2006,52183539129.1275
Croatia,HRV,NY.GDP.MKTP.KD,2007,54818202926.5143
Croatia,HRV,NY.GDP.MKTP.KD,2008,55899090638.2627
Croatia,HRV,NY.GDP.MKTP.KD,2009,52091418017.3307
Croatia,HRV,NY.GDP.MKTP.KD,2010,51395391839.3109
Croatia,HRV,NY.GDP.MKTP.KD,2011,51338072036.4152
Croatia,HRV,NY.GDP.MKTP.KD,2012,50189628842.6824
Croatia,HRV,NY.GDP.MKTP.KD,2013,50123096928.607
Croatia,HRV,NY.GDP.MKTP.KD,2014,49842639321.5814
Croatia,HRV,NY.GDP.MKTP.KD,2015,50999271058.5849
Croatia,HRV,NY.GDP.MKTP.KD,2016,52766972837.1735
Croatia,HRV,NY.GDP.MKTP.KD,2017,54499873306.8611
Croatia,HRV,NY.GDP.MKTP.KD,2018,56086403565.5828
Croatia,HRV,NY.GDP.MKTP.KD,2019,57826469010.6323
Croatia,HRV,NY.GDP.MKTP.KD,2020,53020817678.569
Croatia,HRV,NY.GDP.MKTP.KD,2021,59718022506.1921
Croatia,HRV,NY.GDP.MKTP.KD,2022,64074327526.2691
Croatia,HRV,NY.GDP.MKTP.KD,2023,66484829951.6172
Croatia,HRV,NY.GDP.MKTP.KD,2024,69028396205.1161
Croatia,HRV,NY.GDP.MKTP.KD,2025,71377484555.933
Haiti,HTI,NY.GDP.MKTP.KD,1960,6694501128.55745
Haiti,HTI,NY.GDP.MKTP.KD,1961,6498219674.86944
Haiti,HTI,NY.GDP.MKTP.KD,1962,7010771683.47423
Haiti,HTI,NY.GDP.MKTP.KD,1963,6878072319.31193
Haiti,HTI,NY.GDP.MKTP.KD,1964,6764765888.12317
Haiti,HTI,NY.GDP.MKTP.KD,1965,6911006452.42465
Haiti,HTI,NY.GDP.MKTP.KD,1966,6871213789.45214
Haiti,HTI,NY.GDP.MKTP.KD,1967,6725703043.18733
Haiti,HTI,NY.GDP.MKTP.KD,1968,6939689176.20131
Haiti,HTI,NY.GDP.MKTP.KD,1969,7204226191.74408
Haiti,HTI,NY.GDP.MKTP.KD,1970,7251136777.72679
Haiti,HTI,NY.GDP.MKTP.KD,1971,7721038031.59485
Haiti,HTI,NY.GDP.MKTP.KD,1972,7796480893.27433
Haiti,HTI,NY.GDP.MKTP.KD,1973,8167228671.56653
Haiti,HTI,NY.GDP.MKTP.KD,1974,8639285435.54945
Haiti,HTI,NY.GDP.MKTP.KD,1975,8736283400.77109
Haiti,HTI,NY.GDP.MKTP.KD,1976,9473523979.62856
Haiti,HTI,NY.GDP.MKTP.KD,1977,9824816121.51196
Haiti,HTI,NY.GDP.MKTP.KD,1978,10434825547.2073
Haiti,HTI,NY.GDP.MKTP.KD,1979,11223742331.1057
Haiti,HTI,NY.GDP.MKTP.KD,1980,12051458300.9013
Haiti,HTI,NY.GDP.MKTP.KD,1981,11707665179.6161
Haiti,HTI,NY.GDP.MKTP.KD,1982,11290433820.8955
Haiti,HTI,NY.GDP.MKTP.KD,1983,11392971447.7538
Haiti,HTI,NY.GDP.MKTP.KD,1984,11427254839.7736
Haiti,HTI,NY.GDP.MKTP.KD,1985,11496233326.0739
Haiti,HTI,NY.GDP.MKTP.KD,1986,11439039014.7942
Haiti,HTI,NY.GDP.MKTP.KD,1987,11348253230.3382
Haiti,HTI,NY.GDP.MKTP.KD,1988,11370998175.3795
Haiti,HTI,NY.GDP.MKTP.KD,1989,11039712740.2337
Haiti,HTI,NY.GDP.MKTP.KD,1990,11154318515.4634
Haiti,HTI,NY.GDP.MKTP.KD,1991,11364080463.8
Haiti,HTI,NY.GDP.MKTP.KD,1992,10760655413.912
Haiti,HTI,NY.GDP.MKTP.KD,1993,10176750400.4574
Haiti,HTI,NY.GDP.MKTP.KD,1994,8960564685.92752
Haiti,HTI,NY.GDP.MKTP.KD,1995,9847455167.82772
Haiti,HTI,NY.GDP.MKTP.KD,1996,10255215964.9598
Haiti,HTI,NY.GDP.MKTP.KD,1997,10532590219.7954
Haiti,HTI,NY.GDP.MKTP.KD,1998,10762394520.9594
Haiti,HTI,NY.GDP.MKTP.KD,1999,11054082104.3443
Haiti,HTI,NY.GDP.MKTP.KD,2000,11150259169.2375
Haiti,HTI,NY.GDP.MKTP.KD,2001,11112041891.9578
Haiti,HTI,NY.GDP.MKTP.KD,2002,11228920585.9316
Haiti,HTI,NY.GDP.MKTP.KD,2003,11619774577.796
Haiti,HTI,NY.GDP.MKTP.KD,2004,11466642593.0665
Haiti,HTI,NY.GDP.MKTP.KD,2005,11818917734.006
Haiti,HTI,NY.GDP.MKTP.KD,2006,12027964912.6803
Haiti,HTI,NY.GDP.MKTP.KD,2007,12594064682.4783
Haiti,HTI,NY.GDP.MKTP.KD,2008,12928818990.6636
Haiti,HTI,NY.GDP.MKTP.KD,2009,13690375422.772
Haiti,HTI,NY.GDP.MKTP.KD,2010,12916662276.64
Haiti,HTI,NY.GDP.MKTP.KD,2011,13575181302.2734
Haiti,HTI,NY.GDP.MKTP.KD,2012,13643386325.9664
Haiti,HTI,NY.GDP.MKTP.KD,2013,14233433330.5029
Haiti,HTI,NY.GDP.MKTP.KD,2014,14644604839.5892
Haiti,HTI,NY.GDP.MKTP.KD,2015,14849629308.6025
Haiti,HTI,NY.GDP.MKTP.KD,2016,15118774099.5928
Haiti,HTI,NY.GDP.MKTP.KD,2017,15498296353.5977
Haiti,HTI,NY.GDP.MKTP.KD,2018,15756778637.9976
Haiti,HTI,NY.GDP.MKTP.KD,2019,15485274058.243
Haiti,HTI,NY.GDP.MKTP.KD,2020,14973407477.2561
Haiti,HTI,NY.GDP.MKTP.KD,2021,14704149691.2104
Haiti,HTI,NY.GDP.MKTP.KD,2022,14456828250.6294
Haiti,HTI,NY.GDP.MKTP.KD,2023,14187369712.6764
Haiti,HTI,NY.GDP.MKTP.KD,2024,13593635235.2547
Haiti,HTI,NY.GDP.MKTP.KD,2025,13224852042.6065
Hungary,HUN,NY.GDP.MKTP.KD,1960,20802988701.497
Hungary,HUN,NY.GDP.MKTP.KD,1961,21780729169.4039
Hungary,HUN,NY.GDP.MKTP.KD,1962,23109353648.3918
Hungary,HUN,NY.GDP.MKTP.KD,1963,24426586805.1618
Hungary,HUN,NY.GDP.MKTP.KD,1964,25574636383.9207
Hungary,HUN,NY.GDP.MKTP.KD,1965,36420945623.3308
Hungary,HUN,NY.GDP.MKTP.KD,1966,39116095599.4456
Hungary,HUN,NY.GDP.MKTP.KD,1967,42049802770.0578
Hungary,HUN,NY.GDP.MKTP.KD,1968,44110243104.425
Hungary,HUN,NY.GDP.MKTP.KD,1969,47153849878.4212
Hungary,HUN,NY.GDP.MKTP.KD,1970,49370080823.6716
Hungary,HUN,NY.GDP.MKTP.KD,1971,52431025835.1227
Hungary,HUN,NY.GDP.MKTP.KD,1972,55629318411.9369
Hungary,HUN,NY.GDP.MKTP.KD,1973,59467741381.0763
Hungary,HUN,NY.GDP.MKTP.KD,1974,62976338123.2251
Hungary,HUN,NY.GDP.MKTP.KD,1975,66880871086.9406
Hungary,HUN,NY.GDP.MKTP.KD,1976,69288582447.07
Hungary,HUN,NY.GDP.MKTP.KD,1977,74554514711.8038
Hungary,HUN,NY.GDP.MKTP.KD,1978,77834913358.2631
Hungary,HUN,NY.GDP.MKTP.KD,1979,79936456018.8897
Hungary,HUN,NY.GDP.MKTP.KD,1980,80096328931.1658
Hungary,HUN,NY.GDP.MKTP.KD,1981,82392486404.5354
Hungary,HUN,NY.GDP.MKTP.KD,1982,84733329896.4525
Hungary,HUN,NY.GDP.MKTP.KD,1983,85345922954.291
Hungary,HUN,NY.GDP.MKTP.KD,1984,87614458282.2668
Hungary,HUN,NY.GDP.MKTP.KD,1985,87392734576.8445
Hungary,HUN,NY.GDP.MKTP.KD,1986,88734168329.8336
Hungary,HUN,NY.GDP.MKTP.KD,1987,92328993221.9218
Hungary,HUN,NY.GDP.MKTP.KD,1988,92268736417.6688
Hungary,HUN,NY.GDP.MKTP.KD,1989,92948226293.9038
Hungary,HUN,NY.GDP.MKTP.KD,1990,89698143066.4828
Hungary,HUN,NY.GDP.MKTP.KD,1991,79031203241.5134
Hungary,HUN,NY.GDP.MKTP.KD,1992,76609544644.9065
Hungary,HUN,NY.GDP.MKTP.KD,1993,76168190532.2801
Hungary,HUN,NY.GDP.MKTP.KD,1994,78412984829.3261
Hungary,HUN,NY.GDP.MKTP.KD,1995,79580966214.7964
Hungary,HUN,NY.GDP.MKTP.KD,1996,79661529391.287
Hungary,HUN,NY.GDP.MKTP.KD,1997,82033753398.2324
Hungary,HUN,NY.GDP.MKTP.KD,1998,85190500943.9874
Hungary,HUN,NY.GDP.MKTP.KD,1999,87819529312.3301
Hungary,HUN,NY.GDP.MKTP.KD,2000,91691821698.8094
Hungary,HUN,NY.GDP.MKTP.KD,2001,95416367494.0372
Hungary,HUN,NY.GDP.MKTP.KD,2002,99929623991.0794
Hungary,HUN,NY.GDP.MKTP.KD,2003,103865629649.023
Hungary,HUN,NY.GDP.MKTP.KD,2004,109020611056.081
Hungary,HUN,NY.GDP.MKTP.KD,2005,113708806061.092
Hungary,HUN,NY.GDP.MKTP.KD,2006,118182032745.55
Hungary,HUN,NY.GDP.MKTP.KD,2007,118574815857.973
Hungary,HUN,NY.GDP.MKTP.KD,2008,119752782052.746
Hungary,HUN,NY.GDP.MKTP.KD,2009,111681245651.521
Hungary,HUN,NY.GDP.MKTP.KD,2010,112873946275.587
Hungary,HUN,NY.GDP.MKTP.KD,2011,115037411549.874
Hungary,HUN,NY.GDP.MKTP.KD,2012,113496503293.017
Hungary,HUN,NY.GDP.MKTP.KD,2013,115802945078.187
Hungary,HUN,NY.GDP.MKTP.KD,2014,120822254244.73
Hungary,HUN,NY.GDP.MKTP.KD,2015,125244126623.289
Hungary,HUN,NY.GDP.MKTP.KD,2016,128298381762.592
Hungary,HUN,NY.GDP.MKTP.KD,2017,133589642960.172
Hungary,HUN,NY.GDP.MKTP.KD,2018,141078862882.165
Hungary,HUN,NY.GDP.MKTP.KD,2019,148241697677.304
Hungary,HUN,NY.GDP.MKTP.KD,2020,141809897486.431
Hungary,HUN,NY.GDP.MKTP.KD,2021,152052706989.445
Hungary,HUN,NY.GDP.MKTP.KD,2022,158366514062.482
Hungary,HUN,NY.GDP.MKTP.KD,2023,157072489603.652
Hungary,HUN,NY.GDP.MKTP.KD,2024,158186244446.653
Hungary,HUN,NY.GDP.MKTP.KD,2025,158992270290.276
IBRD only,IBD,NY.GDP.MKTP.KD,1960,1882885465768.29
IBRD only,IBD,NY.GDP.MKTP.KD,1961,1905275692509.44
IBRD only,IBD,NY.GDP.MKTP.KD,1962,1967006923075.88
IBRD only,IBD,NY.GDP.MKTP.KD,1963,2059673413240.8
IBRD only,IBD,NY.GDP.MKTP.KD,1964,2230365524205.65
IBRD only,IBD,NY.GDP.MKTP.KD,1965,2367791539232.58
IBRD only,IBD,NY.GDP.MKTP.KD,1966,2498491338783.6
IBRD only,IBD,NY.GDP.MKTP.KD,1967,2600406891588.0
IBRD only,IBD,NY.GDP.MKTP.KD,1968,2765983463141.28
IBRD only,IBD,NY.GDP.MKTP.KD,1969,2979978750428.56
IBRD only,IBD,NY.GDP.MKTP.KD,1970,3210052207713.44
IBRD only,IBD,NY.GDP.MKTP.KD,1971,3402976162168.69
IBRD only,IBD,NY.GDP.MKTP.KD,1972,3625940993893.23
IBRD only,IBD,NY.GDP.MKTP.KD,1973,3881442140608.79
IBRD only,IBD,NY.GDP.MKTP.KD,1974,4101462226658.15
IBRD only,IBD,NY.GDP.MKTP.KD,1975,4291960879575.99
IBRD only,IBD,NY.GDP.MKTP.KD,1976,4562858666440.84
IBRD only,IBD,NY.GDP.MKTP.KD,1977,4777496832507.61
IBRD only,IBD,NY.GDP.MKTP.KD,1978,4971912299914.4
IBRD only,IBD,NY.GDP.MKTP.KD,1979,5208018224995.14
IBRD only,IBD,NY.GDP.MKTP.KD,1980,5462208675706.33
IBRD only,IBD,NY.GDP.MKTP.KD,1981,5578384177917.83
IBRD only,IBD,NY.GDP.MKTP.KD,1982,5738472201245.31
IBRD only,IBD,NY.GDP.MKTP.KD,1983,5826317010786.73
IBRD only,IBD,NY.GDP.MKTP.KD,1984,6113937883118.47
IBRD only,IBD,NY.GDP.MKTP.KD,1985,6383183060621.56
IBRD only,IBD,NY.GDP.MKTP.KD,1986,6631685232921.16
IBRD only,IBD,NY.GDP.MKTP.KD,1987,6955802497175.67
IBRD only,IBD,NY.GDP.MKTP.KD,1988,7240007214110.79
IBRD only,IBD,NY.GDP.MKTP.KD,1989,7452523936235.09
IBRD only,IBD,NY.GDP.MKTP.KD,1990,7601676167958.49
IBRD only,IBD,NY.GDP.MKTP.KD,1991,7696764970091.32
IBRD only,IBD,NY.GDP.MKTP.KD,1992,7823370635803.58
IBRD only,IBD,NY.GDP.MKTP.KD,1993,8112048138751.48
IBRD only,IBD,NY.GDP.MKTP.KD,1994,8402689949813.22
IBRD only,IBD,NY.GDP.MKTP.KD,1995,8742915130563.85
IBRD only,IBD,NY.GDP.MKTP.KD,1996,9218884368460.38
IBRD only,IBD,NY.GDP.MKTP.KD,1997,9715647872778.01
IBRD only,IBD,NY.GDP.MKTP.KD,1998,9974788196132.28
IBRD only,IBD,NY.GDP.MKTP.KD,1999,10343537656858.2
IBRD only,IBD,NY.GDP.MKTP.KD,2000,10954857222387.8
IBRD only,IBD,NY.GDP.MKTP.KD,2001,11354965926540.3
IBRD only,IBD,NY.GDP.MKTP.KD,2002,11867463258461.2
IBRD only,IBD,NY.GDP.MKTP.KD,2003,12566591183037.1
IBRD only,IBD,NY.GDP.MKTP.KD,2004,13538188023728.9
IBRD only,IBD,NY.GDP.MKTP.KD,2005,14519802365127.5
IBRD only,IBD,NY.GDP.MKTP.KD,2006,15729426913880.0
IBRD only,IBD,NY.GDP.MKTP.KD,2007,17138395438526.7
IBRD only,IBD,NY.GDP.MKTP.KD,2008,18156127515083.9
IBRD only,IBD,NY.GDP.MKTP.KD,2009,18662618198702.7
IBRD only,IBD,NY.GDP.MKTP.KD,2010,20111669409221.7
IBRD only,IBD,NY.GDP.MKTP.KD,2011,21388351194698.9
IBRD only,IBD,NY.GDP.MKTP.KD,2012,22556676606936.9
IBRD only,IBD,NY.GDP.MKTP.KD,2013,23732878098049.6
IBRD only,IBD,NY.GDP.MKTP.KD,2014,24867313098368.1
IBRD only,IBD,NY.GDP.MKTP.KD,2015,25941217987927.1
IBRD only,IBD,NY.GDP.MKTP.KD,2016,27094833997186.6
IBRD only,IBD,NY.GDP.MKTP.KD,2017,28493413411354.2
IBRD only,IBD,NY.GDP.MKTP.KD,2018,29878643363466.0
IBRD only,IBD,NY.GDP.MKTP.KD,2019,31070213600171.8
IBRD only,IBD,NY.GDP.MKTP.KD,2020,30670356237113.3
IBRD only,IBD,NY.GDP.MKTP.KD,2021,33008810382039.3
IBRD only,IBD,NY.GDP.MKTP.KD,2022,34253062851654.7
IBRD only,IBD,NY.GDP.MKTP.KD,2023,35842102818315.0
IBRD only,IBD,NY.GDP.MKTP.KD,2024,37428352956740.5
IBRD only,IBD,NY.GDP.MKTP.KD,2025,39039764465763.9
IDA & IBRD total,IBT,NY.GDP.MKTP.KD,1960,2188192950353.37
IDA & IBRD total,IBT,NY.GDP.MKTP.KD,1961,2214139861010.48
IDA & IBRD total,IBT,NY.GDP.MKTP.KD,1962,2295077556699.91
IDA & IBRD total,IBT,NY.GDP.MKTP.KD,1963,2403736708927.18
IDA & IBRD total,IBT,NY.GDP.MKTP.KD,1964,2590062700881.24
IDA & IBRD total,IBT,NY.GDP.MKTP.KD,1965,2742898358117.75
IDA & IBRD total,IBT,NY.GDP.MKTP.KD,1966,2878758931355.56
IDA & IBRD total,IBT,NY.GDP.MKTP.KD,1967,2969838994920.13
IDA & IBRD total,IBT,NY.GDP.MKTP.KD,1968,3149262536193.5
IDA & IBRD total,IBT,NY.GDP.MKTP.KD,1969,3398327511775.89
IDA & IBRD total,IBT,NY.GDP.MKTP.KD,1970,3662982697500.42
IDA & IBRD total,IBT,NY.GDP.MKTP.KD,1971,3884830938139.37
IDA & IBRD total,IBT,NY.GDP.MKTP.KD,1972,4113838886262.57
IDA & IBRD total,IBT,NY.GDP.MKTP.KD,1973,4387638399994.87
IDA & IBRD total,IBT,NY.GDP.MKTP.KD,1974,4646133589787.15
IDA & IBRD total,IBT,NY.GDP.MKTP.KD,1975,4831036260419.72
IDA & IBRD total,IBT,NY.GDP.MKTP.KD,1976,5130614815739.87
IDA & IBRD total,IBT,NY.GDP.MKTP.KD,1977,5367124365227.07
IDA & IBRD total,IBT,NY.GDP.MKTP.KD,1978,5566049339613.62
IDA & IBRD total,IBT,NY.GDP.MKTP.KD,1979,5821560565680.33
IDA & IBRD total,IBT,NY.GDP.MKTP.KD,1980,6095933896924.6
IDA & IBRD total,IBT,NY.GDP.MKTP.KD,1981,6207033822891.12
IDA & IBRD total,IBT,NY.GDP.MKTP.KD,1982,6363591954678.31
IDA & IBRD total,IBT,NY.GDP.MKTP.KD,1983,6443426728791.65
IDA & IBRD total,IBT,NY.GDP.MKTP.KD,1984,6737346919925.44
IDA & IBRD total,IBT,NY.GDP.MKTP.KD,1985,7031875763978.03
IDA & IBRD total,IBT,NY.GDP.MKTP.KD,1986,7298372437319.94
IDA & IBRD total,IBT,NY.GDP.MKTP.KD,1987,7644887536840.66
IDA & IBRD total,IBT,NY.GDP.MKTP.KD,1988,7963241295637.1
IDA & IBRD total,IBT,NY.GDP.MKTP.KD,1989,8191154215070.08
IDA & IBRD total,IBT,NY.GDP.MKTP.KD,1990,8368740206508.63
IDA & IBRD total,IBT,NY.GDP.MKTP.KD,1991,8479468875621.22
IDA & IBRD total,IBT,NY.GDP.MKTP.KD,1992,8621713820765.13
IDA & IBRD total,IBT,NY.GDP.MKTP.KD,1993,8917839104047.92
IDA & IBRD total,IBT,NY.GDP.MKTP.KD,1994,9217626409135.71
IDA & IBRD total,IBT,NY.GDP.MKTP.KD,1995,9587466155628.51
IDA & IBRD total,IBT,NY.GDP.MKTP.KD,1996,10105492112487.5
IDA & IBRD total,IBT,NY.GDP.MKTP.KD,1997,10637022280049.0
IDA & IBRD total,IBT,NY.GDP.MKTP.KD,1998,10928446629460.1
IDA & IBRD total,IBT,NY.GDP.MKTP.KD,1999,11326212357112.0
IDA & IBRD total,IBT,NY.GDP.MKTP.KD,2000,11976539427536.5
IDA & IBRD total,IBT,NY.GDP.MKTP.KD,2001,12418507557068.5
IDA & IBRD total,IBT,NY.GDP.MKTP.KD,2002,12989806124474.4
IDA & IBRD total,IBT,NY.GDP.MKTP.KD,2003,13743303677155.8
IDA & IBRD total,IBT,NY.GDP.MKTP.KD,2004,14794176340939.2
IDA & IBRD total,IBT,NY.GDP.MKTP.KD,2005,15853639457057.6
IDA & IBRD total,IBT,NY.GDP.MKTP.KD,2006,17144363692795.1
IDA & IBRD total,IBT,NY.GDP.MKTP.KD,2007,18638061005241.2
IDA & IBRD total,IBT,NY.GDP.MKTP.KD,2008,19731707386957.9
IDA & IBRD total,IBT,NY.GDP.MKTP.KD,2009,20317444280260.2
IDA & IBRD total,IBT,NY.GDP.MKTP.KD,2010,21869193524050.2
IDA & IBRD total,IBT,NY.GDP.MKTP.KD,2011,23218439320731.2
IDA & IBRD total,IBT,NY.GDP.MKTP.KD,2012,24450078193747.6
IDA & IBRD total,IBT,NY.GDP.MKTP.KD,2013,25729037198228.3
IDA & IBRD total,IBT,NY.GDP.MKTP.KD,2014,26971577102548.1
IDA & IBRD total,IBT,NY.GDP.MKTP.KD,2015,28118750119954.2
IDA & IBRD total,IBT,NY.GDP.MKTP.KD,2016,29343268083197.9
IDA & IBRD total,IBT,NY.GDP.MKTP.KD,2017,30831942944626.3
IDA & IBRD total,IBT,NY.GDP.MKTP.KD,2018,32319461708695.6
IDA & IBRD total,IBT,NY.GDP.MKTP.KD,2019,33607314446147.9
IDA & IBRD total,IBT,NY.GDP.MKTP.KD,2020,33162583847445.6
IDA & IBRD total,IBT,NY.GDP.MKTP.KD,2021,35600558124565.6
IDA & IBRD total,IBT,NY.GDP.MKTP.KD,2022,36963029333610.1
IDA & IBRD total,IBT,NY.GDP.MKTP.KD,2023,38635939289661.1
IDA & IBRD total,IBT,NY.GDP.MKTP.KD,2024,40343734988549.9
IDA & IBRD total,IBT,NY.GDP.MKTP.KD,2025,42092920647698.4
IDA total,IDA,NY.GDP.MKTP.KD,1960,289181369204.926
IDA total,IDA,NY.GDP.MKTP.KD,1961,292553686661.319
IDA total,IDA,NY.GDP.MKTP.KD,1962,309975106519.504
IDA total,IDA,NY.GDP.MKTP.KD,1963,325041911873.215
IDA total,IDA,NY.GDP.MKTP.KD,1964,340858766287.634
IDA total,IDA,NY.GDP.MKTP.KD,1965,356030158910.053
IDA total,IDA,NY.GDP.MKTP.KD,1966,362204005777.535
IDA total,IDA,NY.GDP.MKTP.KD,1967,353942549071.112
IDA total,IDA,NY.GDP.MKTP.KD,1968,368094467584.469
IDA total,IDA,NY.GDP.MKTP.KD,1969,401266548211.606
IDA total,IDA,NY.GDP.MKTP.KD,1970,434224827609.771
IDA total,IDA,NY.GDP.MKTP.KD,1971,461785363968.243
IDA total,IDA,NY.GDP.MKTP.KD,1972,470103877425.904
IDA total,IDA,NY.GDP.MKTP.KD,1973,489410098223.503
IDA total,IDA,NY.GDP.MKTP.KD,1974,525558011228.123
IDA total,IDA,NY.GDP.MKTP.KD,1975,523419295325.366
IDA total,IDA,NY.GDP.MKTP.KD,1976,551908921389.546
IDA total,IDA,NY.GDP.MKTP.KD,1977,573749233561.03
IDA total,IDA,NY.GDP.MKTP.KD,1978,580518104351.292
IDA total,IDA,NY.GDP.MKTP.KD,1979,600590249401.328
IDA total,IDA,NY.GDP.MKTP.KD,1980,621602054029.059
IDA total,IDA,NY.GDP.MKTP.KD,1981,618920760446.675
IDA total,IDA,NY.GDP.MKTP.KD,1982,618192757332.788
IDA total,IDA,NY.GDP.MKTP.KD,1983,612710108143.054
IDA total,IDA,NY.GDP.MKTP.KD,1984,622412166966.775
IDA total,IDA,NY.GDP.MKTP.KD,1985,647970776870.768
IDA total,IDA,NY.GDP.MKTP.KD,1986,667066364588.097
IDA total,IDA,NY.GDP.MKTP.KD,1987,691120274573.541
IDA total,IDA,NY.GDP.MKTP.KD,1988,724318239465.726
IDA total,IDA,NY.GDP.MKTP.KD,1989,740742171220.11
IDA total,IDA,NY.GDP.MKTP.KD,1990,769001409544.787
IDA total,IDA,NY.GDP.MKTP.KD,1991,784787207144.513
IDA total,IDA,NY.GDP.MKTP.KD,1992,800516410360.666
IDA total,IDA,NY.GDP.MKTP.KD,1993,807631384547.774
IDA total,IDA,NY.GDP.MKTP.KD,1994,816472712078.089
IDA total,IDA,NY.GDP.MKTP.KD,1995,846086017953.839
IDA total,IDA,NY.GDP.MKTP.KD,1996,888143110533.561
IDA total,IDA,NY.GDP.MKTP.KD,1997,922716511591.017
IDA total,IDA,NY.GDP.MKTP.KD,1998,955201896959.457
IDA total,IDA,NY.GDP.MKTP.KD,1999,984141231911.657
IDA total,IDA,NY.GDP.MKTP.KD,2000,1022825835832.65
IDA total,IDA,NY.GDP.MKTP.KD,2001,1064798374276.77
IDA total,IDA,NY.GDP.MKTP.KD,2002,1123825881200.76
IDA total,IDA,NY.GDP.MKTP.KD,2003,1178098412069.26
IDA total,IDA,NY.GDP.MKTP.KD,2004,1257297652735.17
IDA total,IDA,NY.GDP.MKTP.KD,2005,1335033817596.26
IDA total,IDA,NY.GDP.MKTP.KD,2006,1415761873265.76
IDA total,IDA,NY.GDP.MKTP.KD,2007,1499904927980.34
IDA total,IDA,NY.GDP.MKTP.KD,2008,1575627136566.47
IDA total,IDA,NY.GDP.MKTP.KD,2009,1654909074540.51
IDA total,IDA,NY.GDP.MKTP.KD,2010,1757588407071.92
IDA total,IDA,NY.GDP.MKTP.KD,2011,1830118472796.12
IDA total,IDA,NY.GDP.MKTP.KD,2012,1893397854761.56
IDA total,IDA,NY.GDP.MKTP.KD,2013,1996159100178.68
IDA total,IDA,NY.GDP.MKTP.KD,2014,2104264004180.02
IDA total,IDA,NY.GDP.MKTP.KD,2015,2177532132027.09
IDA total,IDA,NY.GDP.MKTP.KD,2016,2248434086011.27
IDA total,IDA,NY.GDP.MKTP.KD,2017,2338529533272.06
IDA total,IDA,NY.GDP.MKTP.KD,2018,2440818345229.65
IDA total,IDA,NY.GDP.MKTP.KD,2019,2537100845976.1
IDA total,IDA,NY.GDP.MKTP.KD,2020,2492227610332.32
IDA total,IDA,NY.GDP.MKTP.KD,2021,2591747742526.24
IDA total,IDA,NY.GDP.MKTP.KD,2022,2709966481955.4
IDA total,IDA,NY.GDP.MKTP.KD,2023,2793836471346.17
IDA total,IDA,NY.GDP.MKTP.KD,2024,2915382031809.38
IDA total,IDA,NY.GDP.MKTP.KD,2025,3053156181934.58
IDA blend,IDB,NY.GDP.MKTP.KD,1960,122994195964.568
IDA blend,IDB,NY.GDP.MKTP.KD,1961,125229586086.629
IDA blend,IDB,NY.GDP.MKTP.KD,1962,130478794395.175
IDA blend,IDB,NY.GDP.MKTP.KD,1963,141278494962.255
IDA blend,IDB,NY.GDP.MKTP.KD,1964,149620141328.842
IDA blend,IDB,NY.GDP.MKTP.KD,1965,157492902332.071
IDA blend,IDB,NY.GDP.MKTP.KD,1966,158512538889.114
IDA blend,IDB,NY.GDP.MKTP.KD,1967,147737130038.999
IDA blend,IDB,NY.GDP.MKTP.KD,1968,152374898890.542
IDA blend,IDB,NY.GDP.MKTP.KD,1969,175430506768.193
IDA blend,IDB,NY.GDP.MKTP.KD,1970,205623665938.784
IDA blend,IDB,NY.GDP.MKTP.KD,1971,227122847883.53
IDA blend,IDB,NY.GDP.MKTP.KD,1972,236300175562.924
IDA blend,IDB,NY.GDP.MKTP.KD,1973,249669947786.648
IDA blend,IDB,NY.GDP.MKTP.KD,1974,270116976696.315
IDA blend,IDB,NY.GDP.MKTP.KD,1975,266647070179.798
IDA blend,IDB,NY.GDP.MKTP.KD,1976,284843857419.643
IDA blend,IDB,NY.GDP.MKTP.KD,1977,300292595832.695
IDA blend,IDB,NY.GDP.MKTP.KD,1978,301662233496.119
IDA blend,IDB,NY.GDP.MKTP.KD,1979,318442494730.18
IDA blend,IDB,NY.GDP.MKTP.KD,1980,331514667863.452
IDA blend,IDB,NY.GDP.MKTP.KD,1981,320087235278.306
IDA blend,IDB,NY.GDP.MKTP.KD,1982,317018959258.443
IDA blend,IDB,NY.GDP.MKTP.KD,1983,307629948268.091
IDA blend,IDB,NY.GDP.MKTP.KD,1984,311775275291.974
IDA blend,IDB,NY.GDP.MKTP.KD,1985,330433849146.241
IDA blend,IDB,NY.GDP.MKTP.KD,1986,340230352527.577
IDA blend,IDB,NY.GDP.MKTP.KD,1987,352203228606.99
IDA blend,IDB,NY.GDP.MKTP.KD,1988,373770992120.73
IDA blend,IDB,NY.GDP.MKTP.KD,1989,385530964353.181
IDA blend,IDB,NY.GDP.MKTP.KD,1990,408425029444.76
IDA blend,IDB,NY.GDP.MKTP.KD,1991,416214571181.908
IDA blend,IDB,NY.GDP.MKTP.KD,1992,427797738228.039
IDA blend,IDB,NY.GDP.MKTP.KD,1993,426818565788.81
IDA blend,IDB,NY.GDP.MKTP.KD,1994,430611399064.426
IDA blend,IDB,NY.GDP.MKTP.KD,1995,440429281619.984
IDA blend,IDB,NY.GDP.MKTP.KD,1996,461367948006.01
IDA blend,IDB,NY.GDP.MKTP.KD,1997,472804106128.265
IDA blend,IDB,NY.GDP.MKTP.KD,1998,486051079472.088
IDA blend,IDB,NY.GDP.MKTP.KD,1999,495982540209.702
IDA blend,IDB,NY.GDP.MKTP.KD,2000,513469249335.135
IDA blend,IDB,NY.GDP.MKTP.KD,2001,533864504658.179
IDA blend,IDB,NY.GDP.MKTP.KD,2002,567931715838.514
IDA blend,IDB,NY.GDP.MKTP.KD,2003,593627318546.334
IDA blend,IDB,NY.GDP.MKTP.KD,2004,637445140218.292
IDA blend,IDB,NY.GDP.MKTP.KD,2005,675521976383.561
IDA blend,IDB,NY.GDP.MKTP.KD,2006,714270009739.066
IDA blend,IDB,NY.GDP.MKTP.KD,2007,753174813154.754
IDA blend,IDB,NY.GDP.MKTP.KD,2008,784866527581.335
IDA blend,IDB,NY.GDP.MKTP.KD,2009,831144550068.83
IDA blend,IDB,NY.GDP.MKTP.KD,2010,880637114808.288
IDA blend,IDB,NY.GDP.MKTP.KD,2011,918199184958.298
IDA blend,IDB,NY.GDP.MKTP.KD,2012,959890260209.545
IDA blend,IDB,NY.GDP.MKTP.KD,2013,1014950498092.59
IDA blend,IDB,NY.GDP.MKTP.KD,2014,1074069585009.46
IDA blend,IDB,NY.GDP.MKTP.KD,2015,1116256560392.48
IDA blend,IDB,NY.GDP.MKTP.KD,2016,1142757621266.28
IDA blend,IDB,NY.GDP.MKTP.KD,2017,1175036377333.88
IDA blend,IDB,NY.GDP.MKTP.KD,2018,1220843306869.8
IDA blend,IDB,NY.GDP.MKTP.KD,2019,1258307145069.02
IDA blend,IDB,NY.GDP.MKTP.KD,2020,1217720048831.66
IDA blend,IDB,NY.GDP.MKTP.KD,2021,1270813794299.18
IDA blend,IDB,NY.GDP.MKTP.KD,2022,1332099589691.57
IDA blend,IDB,NY.GDP.MKTP.KD,2023,1370398622792.14
IDA blend,IDB,NY.GDP.MKTP.KD,2024,1426799180415.11
IDA blend,IDB,NY.GDP.MKTP.KD,2025,1492100062682.87
Indonesia,IDN,NY.GDP.MKTP.KD,1960,52777607844.8164
Indonesia,IDN,NY.GDP.MKTP.KD,1961,55807383384.864
Indonesia,IDN,NY.GDP.MKTP.KD,1962,56835342943.0885
Indonesia,IDN,NY.GDP.MKTP.KD,1963,55563919278.9667
Indonesia,IDN,NY.GDP.MKTP.KD,1964,57525157909.7895
Indonesia,IDN,NY.GDP.MKTP.KD,1965,58147343958.1915
Indonesia,IDN,NY.GDP.MKTP.KD,1966,59770437997.5003
Indonesia,IDN,NY.GDP.MKTP.KD,1967,60595510800.8184
Indonesia,IDN,NY.GDP.MKTP.KD,1968,67209619010.9976
Indonesia,IDN,NY.GDP.MKTP.KD,1969,71794859672.0359
Indonesia,IDN,NY.GDP.MKTP.KD,1970,77218698920.0559
Indonesia,IDN,NY.GDP.MKTP.KD,1971,82642538168.0759
Indonesia,IDN,NY.GDP.MKTP.KD,1972,88458625142.2643
Indonesia,IDN,NY.GDP.MKTP.KD,1973,95627290482.537
Indonesia,IDN,NY.GDP.MKTP.KD,1974,102928121319.277
Indonesia,IDN,NY.GDP.MKTP.KD,1975,108051163593.775
Indonesia,IDN,NY.GDP.MKTP.KD,1976,115492177179.31
Indonesia,IDN,NY.GDP.MKTP.KD,1977,125610822865.747
Indonesia,IDN,NY.GDP.MKTP.KD,1978,134110994997.818
Indonesia,IDN,NY.GDP.MKTP.KD,1979,143933699325.67
Indonesia,IDN,NY.GDP.MKTP.KD,1980,158154460398.846
Indonesia,IDN,NY.GDP.MKTP.KD,1981,170691612499.017
Indonesia,IDN,NY.GDP.MKTP.KD,1982,174526106274.393
Indonesia,IDN,NY.GDP.MKTP.KD,1983,181843928959.468
Indonesia,IDN,NY.GDP.MKTP.KD,1984,194528502792.725
Indonesia,IDN,NY.GDP.MKTP.KD,1985,199318073804.82
Indonesia,IDN,NY.GDP.MKTP.KD,1986,211028100540.478
Indonesia,IDN,NY.GDP.MKTP.KD,1987,221423191492.769
Indonesia,IDN,NY.GDP.MKTP.KD,1988,234222555729.351
Indonesia,IDN,NY.GDP.MKTP.KD,1989,251687564195.661
Indonesia,IDN,NY.GDP.MKTP.KD,1990,269915108912.607
Indonesia,IDN,NY.GDP.MKTP.KD,1991,288571594912.183
Indonesia,IDN,NY.GDP.MKTP.KD,1992,307321553097.314
Indonesia,IDN,NY.GDP.MKTP.KD,1993,327286415428.63
Indonesia,IDN,NY.GDP.MKTP.KD,1994,351963716551.494
Indonesia,IDN,NY.GDP.MKTP.KD,1995,380895160093.945
Indonesia,IDN,NY.GDP.MKTP.KD,1996,410674256276.219
Indonesia,IDN,NY.GDP.MKTP.KD,1997,429975448805.372
Indonesia,IDN,NY.GDP.MKTP.KD,1998,373533751956.055
Indonesia,IDN,NY.GDP.MKTP.KD,1999,376488874892.846
Indonesia,IDN,NY.GDP.MKTP.KD,2000,395012382597.556
Indonesia,IDN,NY.GDP.MKTP.KD,2001,409404526219.842
Indonesia,IDN,NY.GDP.MKTP.KD,2002,427825582126.161
Indonesia,IDN,NY.GDP.MKTP.KD,2003,448277224148.753
Indonesia,IDN,NY.GDP.MKTP.KD,2004,470829486219.898
Indonesia,IDN,NY.GDP.MKTP.KD,2005,497631790442.44
Indonesia,IDN,NY.GDP.MKTP.KD,2006,525006275302.523
Indonesia,IDN,NY.GDP.MKTP.KD,2007,558318040161.892
Indonesia,IDN,NY.GDP.MKTP.KD,2008,591893632243.067
Indonesia,IDN,NY.GDP.MKTP.KD,2009,619291626017.383
Indonesia,IDN,NY.GDP.MKTP.KD,2010,657835433773.518
Indonesia,IDN,NY.GDP.MKTP.KD,2011,698422460479.197
Indonesia,IDN,NY.GDP.MKTP.KD,2012,740537688618.414
Indonesia,IDN,NY.GDP.MKTP.KD,2013,781691320690.699
Indonesia,IDN,NY.GDP.MKTP.KD,2014,820828013230.588
Indonesia,IDN,NY.GDP.MKTP.KD,2015,860854232686.214
Indonesia,IDN,NY.GDP.MKTP.KD,2016,904181621780.388
Indonesia,IDN,NY.GDP.MKTP.KD,2017,950021694164.001
Indonesia,IDN,NY.GDP.MKTP.KD,2018,999178586309.021
Indonesia,IDN,NY.GDP.MKTP.KD,2019,1049330233997.45
Indonesia,IDN,NY.GDP.MKTP.KD,2020,1027656193885.38
Indonesia,IDN,NY.GDP.MKTP.KD,2021,1065709127396.86
Indonesia,IDN,NY.GDP.MKTP.KD,2022,1122268412650.2
Indonesia,IDN,NY.GDP.MKTP.KD,2023,1178929850175.16
Indonesia,IDN,NY.GDP.MKTP.KD,2024,1238260376381.51
Indonesia,IDN,NY.GDP.MKTP.KD,2025,1301511819008.36
IDA only,IDX,NY.GDP.MKTP.KD,1961,171420333355.962
IDA only,IDX,NY.GDP.MKTP.KD,1962,184246554740.224
IDA only,IDX,NY.GDP.MKTP.KD,1963,187916722237.317
IDA only,IDX,NY.GDP.MKTP.KD,1964,195321612510.611
IDA only,IDX,NY.GDP.MKTP.KD,1965,202576655445.754
IDA only,IDX,NY.GDP.MKTP.KD,1966,208118743911.511
IDA only,IDX,NY.GDP.MKTP.KD,1967,211847879341.603
IDA only,IDX,NY.GDP.MKTP.KD,1968,221792934745.977
IDA only,IDX,NY.GDP.MKTP.KD,1969,230948674728.26
IDA only,IDX,NY.GDP.MKTP.KD,1970,231580777706.163
IDA only,IDX,NY.GDP.MKTP.KD,1971,236616637551.744
IDA only,IDX,NY.GDP.MKTP.KD,1972,235061796491.253
IDA only,IDX,NY.GDP.MKTP.KD,1973,240522926023.194
IDA only,IDX,NY.GDP.MKTP.KD,1974,255993164509.37
IDA only,IDX,NY.GDP.MKTP.KD,1975,257662949752.22
IDA only,IDX,NY.GDP.MKTP.KD,1976,267577387226.986
IDA only,IDX,NY.GDP.MKTP.KD,1977,273505146278.111
IDA only,IDX,NY.GDP.MKTP.KD,1978,279165814464.181
IDA only,IDX,NY.GDP.MKTP.KD,1979,281706159845.669
IDA only,IDX,NY.GDP.MKTP.KD,1980,289402060556.518
IDA only,IDX,NY.GDP.MKTP.KD,1981,299163449224.451
IDA only,IDX,NY.GDP.MKTP.KD,1982,301772857570.494
IDA only,IDX,NY.GDP.MKTP.KD,1983,306191022838.903
IDA only,IDX,NY.GDP.MKTP.KD,1984,311822414188.376
IDA only,IDX,NY.GDP.MKTP.KD,1985,318360927762.764
IDA only,IDX,NY.GDP.MKTP.KD,1986,327681666051.224
IDA only,IDX,NY.GDP.MKTP.KD,1987,339802007213.697
IDA only,IDX,NY.GDP.MKTP.KD,1988,350874888867.439
IDA only,IDX,NY.GDP.MKTP.KD,1989,355122536277.534
IDA only,IDX,NY.GDP.MKTP.KD,1990,359428284691.038
IDA only,IDX,NY.GDP.MKTP.KD,1991,367431447036.985
IDA only,IDX,NY.GDP.MKTP.KD,1992,371388460647.125
IDA only,IDX,NY.GDP.MKTP.KD,1993,379699515866.6
IDA only,IDX,NY.GDP.MKTP.KD,1994,384777902676.348
IDA only,IDX,NY.GDP.MKTP.KD,1995,404811502960.176
IDA only,IDX,NY.GDP.MKTP.KD,1996,425933556817.949
IDA only,IDX,NY.GDP.MKTP.KD,1997,449350122452.724
IDA only,IDX,NY.GDP.MKTP.KD,1998,468731323051.905
IDA only,IDX,NY.GDP.MKTP.KD,1999,487955831177.844
IDA only,IDX,NY.GDP.MKTP.KD,2000,509241874743.857
IDA only,IDX,NY.GDP.MKTP.KD,2001,530837835809.627
IDA only,IDX,NY.GDP.MKTP.KD,2002,555637959587.242
IDA only,IDX,NY.GDP.MKTP.KD,2003,584262461035.008
IDA only,IDX,NY.GDP.MKTP.KD,2004,619494457987.884
IDA only,IDX,NY.GDP.MKTP.KD,2005,659177876123.409
IDA only,IDX,NY.GDP.MKTP.KD,2006,701210417029.934
IDA only,IDX,NY.GDP.MKTP.KD,2007,746554734757.359
IDA only,IDX,NY.GDP.MKTP.KD,2008,790795619159.251
IDA only,IDX,NY.GDP.MKTP.KD,2009,823786689829.836
IDA only,IDX,NY.GDP.MKTP.KD,2010,876979301880.36
IDA only,IDX,NY.GDP.MKTP.KD,2011,911945824969.424
IDA only,IDX,NY.GDP.MKTP.KD,2012,933513645874.734
IDA only,IDX,NY.GDP.MKTP.KD,2013,981208602086.082
IDA only,IDX,NY.GDP.MKTP.KD,2014,1030194419170.56
IDA only,IDX,NY.GDP.MKTP.KD,2015,1061275571634.61
IDA only,IDX,NY.GDP.MKTP.KD,2016,1105676464744.99
IDA only,IDX,NY.GDP.MKTP.KD,2017,1163493155938.18
IDA only,IDX,NY.GDP.MKTP.KD,2018,1219975038359.85
IDA only,IDX,NY.GDP.MKTP.KD,2019,1278793700907.08
IDA only,IDX,NY.GDP.MKTP.KD,2020,1274507561500.66
IDA only,IDX,NY.GDP.MKTP.KD,2021,1320933948227.06
IDA only,IDX,NY.GDP.MKTP.KD,2022,1377866892263.83
IDA only,IDX,NY.GDP.MKTP.KD,2023,1423437848554.03
IDA only,IDX,NY.GDP.MKTP.KD,2024,1488582851394.27
IDA only,IDX,NY.GDP.MKTP.KD,2025,1561056119251.72
Isle of Man,IMN,NY.GDP.MKTP.KD,1984,1181084096.58618
Isle of Man,IMN,NY.GDP.MKTP.KD,1985,1186031930.57773
Isle of Man,IMN,NY.GDP.MKTP.KD,1986,1412629715.29841
Isle of Man,IMN,NY.GDP.MKTP.KD,1987,1552428450.29754
Isle of Man,IMN,NY.GDP.MKTP.KD,1988,1736070746.85469
Isle of Man,IMN,NY.GDP.MKTP.KD,1989,1854908489.10312
Isle of Man,IMN,NY.GDP.MKTP.KD,1990,1932573079.00908
Isle of Man,IMN,NY.GDP.MKTP.KD,1991,1963590738.60468
Isle of Man,IMN,NY.GDP.MKTP.KD,1992,1979299513.40244
Isle of Man,IMN,NY.GDP.MKTP.KD,1993,2030761215.8064
Isle of Man,IMN,NY.GDP.MKTP.KD,1994,2111991688.88312
Isle of Man,IMN,NY.GDP.MKTP.KD,1995,2202807293.61618
Isle of Man,IMN,NY.GDP.MKTP.KD,1996,2372423591.96083
Isle of Man,IMN,NY.GDP.MKTP.KD,1997,2576451886.42492
Isle of Man,IMN,NY.GDP.MKTP.KD,1998,2924273044.63406
Isle of Man,IMN,NY.GDP.MKTP.KD,1999,3324898364.51275
Isle of Man,IMN,NY.GDP.MKTP.KD,2000,3501118028.55419
Isle of Man,IMN,NY.GDP.MKTP.KD,2001,3690178368.17942
Isle of Man,IMN,NY.GDP.MKTP.KD,2002,3918969360.39539
Isle of Man,IMN,NY.GDP.MKTP.KD,2003,4154107509.79688
Isle of Man,IMN,NY.GDP.MKTP.KD,2004,4370121229.25085
Isle of Man,IMN,NY.GDP.MKTP.KD,2005,4627958352.74886
Isle of Man,IMN,NY.GDP.MKTP.KD,2006,4984311086.32714
Isle of Man,IMN,NY.GDP.MKTP.KD,2007,5358134429.26002
Isle of Man,IMN,NY.GDP.MKTP.KD,2008,5620683069.9188
Isle of Man,IMN,NY.GDP.MKTP.KD,2009,5738717429.66488
Isle of Man,IMN,NY.GDP.MKTP.KD,2010,5933833731.82898
Isle of Man,IMN,NY.GDP.MKTP.KD,2011,6052510369.79887
Isle of Man,IMN,NY.GDP.MKTP.KD,2012,6494579135.1244
Isle of Man,IMN,NY.GDP.MKTP.KD,2013,6763575613.59418
Isle of Man,IMN,NY.GDP.MKTP.KD,2014,7112244689.05881
Isle of Man,IMN,NY.GDP.MKTP.KD,2015,7084800892.22284
Isle of Man,IMN,NY.GDP.MKTP.KD,2016,7577357706.49841
Isle of Man,IMN,NY.GDP.MKTP.KD,2017,7792384786.37832
Isle of Man,IMN,NY.GDP.MKTP.KD,2018,7964861239.48697
Isle of Man,IMN,NY.GDP.MKTP.KD,2019,7985161906.36243
Isle of Man,IMN,NY.GDP.MKTP.KD,2020,7279527763.56095
Isle of Man,IMN,NY.GDP.MKTP.KD,2021,7558904124.23897
Isle of Man,IMN,NY.GDP.MKTP.KD,2022,7243812927.38562
Isle of Man,IMN,NY.GDP.MKTP.KD,2023,7096383589.17697
India,IND,NY.GDP.MKTP.KD,1960,136368119594.257
India,IND,NY.GDP.MKTP.KD,1961,141444753583.433
India,IND,NY.GDP.MKTP.KD,1962,145590679987.767
India,IND,NY.GDP.MKTP.KD,1963,154317899661.255
India,IND,NY.GDP.MKTP.KD,1964,165819135752.835
India,IND,NY.GDP.MKTP.KD,1965,161448524536.245
India,IND,NY.GDP.MKTP.KD,1966,161359197053.707
India,IND,NY.GDP.MKTP.KD,1967,173987108161.169
India,IND,NY.GDP.MKTP.KD,1968,179881668161.044
India,IND,NY.GDP.MKTP.KD,1969,191645390146.726
India,IND,NY.GDP.MKTP.KD,1970,201528983195.205
India,IND,NY.GDP.MKTP.KD,1971,204839964092.459
India,IND,NY.GDP.MKTP.KD,1972,203706581882.861
India,IND,NY.GDP.MKTP.KD,1973,210419775342.652
India,IND,NY.GDP.MKTP.KD,1974,212913957238.715
India,IND,NY.GDP.MKTP.KD,1975,232395396993.299
India,IND,NY.GDP.MKTP.KD,1976,236260373292.016
India,IND,NY.GDP.MKTP.KD,1977,253400507183.968
India,IND,NY.GDP.MKTP.KD,1978,267876092470.546
India,IND,NY.GDP.MKTP.KD,1979,253844253329.845
India,IND,NY.GDP.MKTP.KD,1980,270942749193.224
India,IND,NY.GDP.MKTP.KD,1981,287216122413.739
India,IND,NY.GDP.MKTP.KD,1982,297198988652.009
India,IND,NY.GDP.MKTP.KD,1983,318861504638.44
India,IND,NY.GDP.MKTP.KD,1984,331044366854.288
India,IND,NY.GDP.MKTP.KD,1985,348438428450.72
India,IND,NY.GDP.MKTP.KD,1986,365081813580.314
India,IND,NY.GDP.MKTP.KD,1987,379558605843.486
India,IND,NY.GDP.MKTP.KD,1988,416101684467.7
India,IND,NY.GDP.MKTP.KD,1989,440848680237.688
India,IND,NY.GDP.MKTP.KD,1990,465242841650.512
India,IND,NY.GDP.MKTP.KD,1991,470159674240.679
India,IND,NY.GDP.MKTP.KD,1992,495935689516.747
India,IND,NY.GDP.MKTP.KD,1993,519496484318.718
India,IND,NY.GDP.MKTP.KD,1994,554089360742.694
India,IND,NY.GDP.MKTP.KD,1995,596058814159.964
India,IND,NY.GDP.MKTP.KD,1996,641058406951.43
India,IND,NY.GDP.MKTP.KD,1997,667020123970.576
India,IND,NY.GDP.MKTP.KD,1998,708271422045.356
India,IND,NY.GDP.MKTP.KD,1999,770923380748.906
India,IND,NY.GDP.MKTP.KD,2000,800534479629.68
India,IND,NY.GDP.MKTP.KD,2001,839151992858.488
India,IND,NY.GDP.MKTP.KD,2002,871073127574.186
India,IND,NY.GDP.MKTP.KD,2003,939542798331.655
India,IND,NY.GDP.MKTP.KD,2004,1013982178696.23
India,IND,NY.GDP.MKTP.KD,2005,1094324353137.75
India,IND,NY.GDP.MKTP.KD,2006,1182534912725.95
India,IND,NY.GDP.MKTP.KD,2007,1273126725470.22
India,IND,NY.GDP.MKTP.KD,2008,1312424303400.29
India,IND,NY.GDP.MKTP.KD,2009,1415605643151.34
India,IND,NY.GDP.MKTP.KD,2010,1535897931719.55
India,IND,NY.GDP.MKTP.KD,2011,1616399198833.97
India,IND,NY.GDP.MKTP.KD,2012,1704596203504.08
India,IND,NY.GDP.MKTP.KD,2013,1813453530765.84
India,IND,NY.GDP.MKTP.KD,2014,1947834564909.58
India,IND,NY.GDP.MKTP.KD,2015,2103588360044.94
India,IND,NY.GDP.MKTP.KD,2016,2277267041549.85
India,IND,NY.GDP.MKTP.KD,2017,2432016068498.23
India,IND,NY.GDP.MKTP.KD,2018,2588974770244.48
India,IND,NY.GDP.MKTP.KD,2019,2689205295885.26
India,IND,NY.GDP.MKTP.KD,2020,2533830417086.36
India,IND,NY.GDP.MKTP.KD,2021,2779348258938.28
India,IND,NY.GDP.MKTP.KD,2022,2990839011962.06
India,IND,NY.GDP.MKTP.KD,2023,3206485223026.3
India,IND,NY.GDP.MKTP.KD,2024,3434122552914.77
India,IND,NY.GDP.MKTP.KD,2025,3693970992045.56
Ireland,IRL,NY.GDP.MKTP.KD,1960,24110313735.9191
Ireland,IRL,NY.GDP.MKTP.KD,1961,25319727860.0098
Ireland,IRL,NY.GDP.MKTP.KD,1962,26134122704.3572
Ireland,IRL,NY.GDP.MKTP.KD,1963,27374091165.9705
Ireland,IRL,NY.GDP.MKTP.KD,1964,28410464121.8336
Ireland,IRL,NY.GDP.MKTP.KD,1965,28959765871.2038
Ireland,IRL,NY.GDP.MKTP.KD,1966,29218403418.1406
Ireland,IRL,NY.GDP.MKTP.KD,1967,30908893700.7178
Ireland,IRL,NY.GDP.MKTP.KD,1968,33457000655.6593
Ireland,IRL,NY.GDP.MKTP.KD,1969,35418870766.8565
Ireland,IRL,NY.GDP.MKTP.KD,1970,36361200213.4564
Ireland,IRL,NY.GDP.MKTP.KD,1971,37622893378.5297
Ireland,IRL,NY.GDP.MKTP.KD,1972,40064546829.0924
Ireland,IRL,NY.GDP.MKTP.KD,1973,41956165576.6343
Ireland,IRL,NY.GDP.MKTP.KD,1974,43743594855.9275
Ireland,IRL,NY.GDP.MKTP.KD,1975,46218015394.7561
Ireland,IRL,NY.GDP.MKTP.KD,1976,46862667362.3027
Ireland,IRL,NY.GDP.MKTP.KD,1977,50710701806.486
Ireland,IRL,NY.GDP.MKTP.KD,1978,54355141813.3646
Ireland,IRL,NY.GDP.MKTP.KD,1979,56025495102.5758
Ireland,IRL,NY.GDP.MKTP.KD,1980,57750704523.4471
Ireland,IRL,NY.GDP.MKTP.KD,1981,59671040950.6034
Ireland,IRL,NY.GDP.MKTP.KD,1982,61033610334.2611
Ireland,IRL,NY.GDP.MKTP.KD,1983,60884504483.3458
Ireland,IRL,NY.GDP.MKTP.KD,1984,63535642711.5551
Ireland,IRL,NY.GDP.MKTP.KD,1985,65496107816.8481
Ireland,IRL,NY.GDP.MKTP.KD,1986,65215568204.4892
Ireland,IRL,NY.GDP.MKTP.KD,1987,68256629227.1468
Ireland,IRL,NY.GDP.MKTP.KD,1988,71817859762.6851
Ireland,IRL,NY.GDP.MKTP.KD,1989,75993292635.9118
Ireland,IRL,NY.GDP.MKTP.KD,1990,82427285855.6966
Ireland,IRL,NY.GDP.MKTP.KD,1991,84017835877.9952
Ireland,IRL,NY.GDP.MKTP.KD,1992,86826782446.1614
Ireland,IRL,NY.GDP.MKTP.KD,1993,89164687696.4892
Ireland,IRL,NY.GDP.MKTP.KD,1994,94296853730.8362
Ireland,IRL,NY.GDP.MKTP.KD,1995,103381809953.759
Ireland,IRL,NY.GDP.MKTP.KD,1996,111010999492.641
Ireland,IRL,NY.GDP.MKTP.KD,1997,123246371072.281
Ireland,IRL,NY.GDP.MKTP.KD,1998,134050299130.928
Ireland,IRL,NY.GDP.MKTP.KD,1999,148165642333.121
Ireland,IRL,NY.GDP.MKTP.KD,2000,162098435201.65
Ireland,IRL,NY.GDP.MKTP.KD,2001,170699088560.512
Ireland,IRL,NY.GDP.MKTP.KD,2002,180769250950.138
Ireland,IRL,NY.GDP.MKTP.KD,2003,186217344582.055
Ireland,IRL,NY.GDP.MKTP.KD,2004,198858038461.921
Ireland,IRL,NY.GDP.MKTP.KD,2005,210272056411.317
Ireland,IRL,NY.GDP.MKTP.KD,2006,220760118842.237
Ireland,IRL,NY.GDP.MKTP.KD,2007,232482742331.818
Ireland,IRL,NY.GDP.MKTP.KD,2008,222058051543.628
Ireland,IRL,NY.GDP.MKTP.KD,2009,210742455593.378
Ireland,IRL,NY.GDP.MKTP.KD,2010,214289191596.523
Ireland,IRL,NY.GDP.MKTP.KD,2011,217736818590.032
Ireland,IRL,NY.GDP.MKTP.KD,2012,216854920423.995
Ireland,IRL,NY.GDP.MKTP.KD,2013,221610413457.216
Ireland,IRL,NY.GDP.MKTP.KD,2014,242410308909.292
Ireland,IRL,NY.GDP.MKTP.KD,2015,302101388556.271
Ireland,IRL,NY.GDP.MKTP.KD,2016,305795232417.145
Ireland,IRL,NY.GDP.MKTP.KD,2017,336707637029.955
Ireland,IRL,NY.GDP.MKTP.KD,2018,362595940328.693
Ireland,IRL,NY.GDP.MKTP.KD,2019,380627401462.693
Ireland,IRL,NY.GDP.MKTP.KD,2020,407856325068.063
Ireland,IRL,NY.GDP.MKTP.KD,2021,474166373639.897
Ireland,IRL,NY.GDP.MKTP.KD,2022,509781668505.942
Ireland,IRL,NY.GDP.MKTP.KD,2023,496851698334.418
Ireland,IRL,NY.GDP.MKTP.KD,2024,509767195342.461
Ireland,IRL,NY.GDP.MKTP.KD,2025,572660227885.924
"Iran, Islamic Rep.",IRN,NY.GDP.MKTP.KD,1960,50350548202.7421
"Iran, Islamic Rep.",IRN,NY.GDP.MKTP.KD,1961,55582432557.7808
"Iran, Islamic Rep.",IRN,NY.GDP.MKTP.KD,1962,59978596070.5945
"Iran, Islamic Rep.",IRN,NY.GDP.MKTP.KD,1963,64202333927.261
"Iran, Islamic Rep.",IRN,NY.GDP.MKTP.KD,1964,69643628268.6439
"Iran, Islamic Rep.",IRN,NY.GDP.MKTP.KD,1965,81507915872.7607
"Iran, Islamic Rep.",IRN,NY.GDP.MKTP.KD,1966,90883288325.821
"Iran, Islamic Rep.",IRN,NY.GDP.MKTP.KD,1967,101110205808.448
"Iran, Islamic Rep.",IRN,NY.GDP.MKTP.KD,1968,115674304556.643
"Iran, Islamic Rep.",IRN,NY.GDP.MKTP.KD,1969,133623091839.002
"Iran, Islamic Rep.",IRN,NY.GDP.MKTP.KD,1970,148224891000.395
"Iran, Islamic Rep.",IRN,NY.GDP.MKTP.KD,1971,168534047458.466
"Iran, Islamic Rep.",IRN,NY.GDP.MKTP.KD,1972,192969825709.818
"Iran, Islamic Rep.",IRN,NY.GDP.MKTP.KD,1973,207330025746.583
"Iran, Islamic Rep.",IRN,NY.GDP.MKTP.KD,1974,219357345962.942
"Iran, Islamic Rep.",IRN,NY.GDP.MKTP.KD,1975,218641766675.082
"Iran, Islamic Rep.",IRN,NY.GDP.MKTP.KD,1976,258566705735.058
"Iran, Islamic Rep.",IRN,NY.GDP.MKTP.KD,1977,251395157266.795
"Iran, Islamic Rep.",IRN,NY.GDP.MKTP.KD,1978,219113865436.214
"Iran, Islamic Rep.",IRN,NY.GDP.MKTP.KD,1979,192774712987.119
"Iran, Islamic Rep.",IRN,NY.GDP.MKTP.KD,1980,151136050943.17
"Iran, Islamic Rep.",IRN,NY.GDP.MKTP.KD,1981,142526151688.067
"Iran, Islamic Rep.",IRN,NY.GDP.MKTP.KD,1982,175551236248.121
"Iran, Islamic Rep.",IRN,NY.GDP.MKTP.KD,1983,195014104732.137
"Iran, Islamic Rep.",IRN,NY.GDP.MKTP.KD,1984,181090389202.494
"Iran, Islamic Rep.",IRN,NY.GDP.MKTP.KD,1985,184472523734.211
"Iran, Islamic Rep.",IRN,NY.GDP.MKTP.KD,1986,166422061469.432
"Iran, Islamic Rep.",IRN,NY.GDP.MKTP.KD,1987,166135636307.771
"Iran, Islamic Rep.",IRN,NY.GDP.MKTP.KD,1988,156031272523.14
"Iran, Islamic Rep.",IRN,NY.GDP.MKTP.KD,1989,165599290646.835
"Iran, Islamic Rep.",IRN,NY.GDP.MKTP.KD,1990,188112392401.369
"Iran, Islamic Rep.",IRN,NY.GDP.MKTP.KD,1991,212033043457.695
"Iran, Islamic Rep.",IRN,NY.GDP.MKTP.KD,1992,219025854894.467
"Iran, Islamic Rep.",IRN,NY.GDP.MKTP.KD,1993,215803959420.018
"Iran, Islamic Rep.",IRN,NY.GDP.MKTP.KD,1994,212138990732.738
"Iran, Islamic Rep.",IRN,NY.GDP.MKTP.KD,1995,217232542412.818
"Iran, Islamic Rep.",IRN,NY.GDP.MKTP.KD,1996,231027951539.907
"Iran, Islamic Rep.",IRN,NY.GDP.MKTP.KD,1997,234147751320.933
"Iran, Islamic Rep.",IRN,NY.GDP.MKTP.KD,1998,239018052131.649
"Iran, Islamic Rep.",IRN,NY.GDP.MKTP.KD,1999,243804857656.766
"Iran, Islamic Rep.",IRN,NY.GDP.MKTP.KD,2000,258056537598.384
"Iran, Islamic Rep.",IRN,NY.GDP.MKTP.KD,2001,264229695672.548
"Iran, Islamic Rep.",IRN,NY.GDP.MKTP.KD,2002,285576361692.342
"Iran, Islamic Rep.",IRN,NY.GDP.MKTP.KD,2003,310248155730.812
"Iran, Islamic Rep.",IRN,NY.GDP.MKTP.KD,2004,323702581949.347
"Iran, Islamic Rep.",IRN,NY.GDP.MKTP.KD,2005,334028060139.024
"Iran, Islamic Rep.",IRN,NY.GDP.MKTP.KD,2006,350728779262.979
"Iran, Islamic Rep.",IRN,NY.GDP.MKTP.KD,2007,379333424181.702
"Iran, Islamic Rep.",IRN,NY.GDP.MKTP.KD,2008,380285006935.854
"Iran, Islamic Rep.",IRN,NY.GDP.MKTP.KD,2009,384115942794.318
"Iran, Islamic Rep.",IRN,NY.GDP.MKTP.KD,2010,406386748164.51
"Iran, Islamic Rep.",IRN,NY.GDP.MKTP.KD,2011,417138595177.331
"Iran, Islamic Rep.",IRN,NY.GDP.MKTP.KD,2012,401507697046.153
"Iran, Islamic Rep.",IRN,NY.GDP.MKTP.KD,2013,395396833390.87
"Iran, Islamic Rep.",IRN,NY.GDP.MKTP.KD,2014,415106476157.82
"Iran, Islamic Rep.",IRN,NY.GDP.MKTP.KD,2015,409191686496.677
"Iran, Islamic Rep.",IRN,NY.GDP.MKTP.KD,2016,445262288195.34
"Iran, Islamic Rep.",IRN,NY.GDP.MKTP.KD,2017,458739730634.758
"Iran, Islamic Rep.",IRN,NY.GDP.MKTP.KD,2018,441546348305.719
"Iran, Islamic Rep.",IRN,NY.GDP.MKTP.KD,2019,431119516583.705
"Iran, Islamic Rep.",IRN,NY.GDP.MKTP.KD,2020,450269020578.621
"Iran, Islamic Rep.",IRN,NY.GDP.MKTP.KD,2021,468869169367.781
"Iran, Islamic Rep.",IRN,NY.GDP.MKTP.KD,2022,489278157562.545
"Iran, Islamic Rep.",IRN,NY.GDP.MKTP.KD,2023,515368187076.863
"Iran, Islamic Rep.",IRN,NY.GDP.MKTP.KD,2024,534246745197.836
"Iran, Islamic Rep.",IRN,NY.GDP.MKTP.KD,2025,519149083728.835
Iraq,IRQ,NY.GDP.MKTP.KD,1960,7007485325.46828
Iraq,IRQ,NY.GDP.MKTP.KD,1961,7520837447.64045
Iraq,IRQ,NY.GDP.MKTP.KD,1962,7867047598.88061
Iraq,IRQ,NY.GDP.MKTP.KD,1963,8059609507.87116
Iraq,IRQ,NY.GDP.MKTP.KD,1964,9254568661.85383
Iraq,IRQ,NY.GDP.MKTP.KD,1965,10250719342.4167
Iraq,IRQ,NY.GDP.MKTP.KD,1966,10759449895.1719
Iraq,IRQ,NY.GDP.MKTP.KD,1967,9806505271.71195
Iraq,IRQ,NY.GDP.MKTP.KD,1968,11719960412.0495
Iraq,IRQ,NY.GDP.MKTP.KD,1969,12100177780.9244
Iraq,IRQ,NY.GDP.MKTP.KD,1970,12650053064.6706
Iraq,IRQ,NY.GDP.MKTP.KD,1971,13329936812.088
Iraq,IRQ,NY.GDP.MKTP.KD,1972,13827850446.6301
Iraq,IRQ,NY.GDP.MKTP.KD,1973,14438869357.7529
Iraq,IRQ,NY.GDP.MKTP.KD,1974,16765457417.8993
Iraq,IRQ,NY.GDP.MKTP.KD,1975,18859574485.2208
Iraq,IRQ,NY.GDP.MKTP.KD,1976,22098725966.9315
Iraq,IRQ,NY.GDP.MKTP.KD,1977,22518592787.0063
Iraq,IRQ,NY.GDP.MKTP.KD,1978,26359581201.6672
Iraq,IRQ,NY.GDP.MKTP.KD,1979,31860629533.6718
Iraq,IRQ,NY.GDP.MKTP.KD,1980,39747322739.9783
Iraq,IRQ,NY.GDP.MKTP.KD,1981,39457673064.8968
Iraq,IRQ,NY.GDP.MKTP.KD,1982,40812640889.3232
Iraq,IRQ,NY.GDP.MKTP.KD,1983,35477076845.7478
Iraq,IRQ,NY.GDP.MKTP.KD,1984,34950156507.4332
Iraq,IRQ,NY.GDP.MKTP.KD,1985,35458295526.7584
Iraq,IRQ,NY.GDP.MKTP.KD,1986,37106251927.42
Iraq,IRQ,NY.GDP.MKTP.KD,1987,40559093082.9659
Iraq,IRQ,NY.GDP.MKTP.KD,1988,40551371874.048
Iraq,IRQ,NY.GDP.MKTP.KD,1989,39286763062.0929
Iraq,IRQ,NY.GDP.MKTP.KD,1990,62001516291.8778
Iraq,IRQ,NY.GDP.MKTP.KD,1991,22291338827.2342
Iraq,IRQ,NY.GDP.MKTP.KD,1992,29556579056.3127
Iraq,IRQ,NY.GDP.MKTP.KD,1993,38509216455.9305
Iraq,IRQ,NY.GDP.MKTP.KD,1994,39993566700.0619
Iraq,IRQ,NY.GDP.MKTP.KD,1995,40841438911.7737
Iraq,IRQ,NY.GDP.MKTP.KD,1996,45342486348.2519
Iraq,IRQ,NY.GDP.MKTP.KD,1997,54972294638.0998
Iraq,IRQ,NY.GDP.MKTP.KD,1998,74213129683.8961
Iraq,IRQ,NY.GDP.MKTP.KD,1999,87259924322.4904
Iraq,IRQ,NY.GDP.MKTP.KD,2000,101916218527.399
Iraq,IRQ,NY.GDP.MKTP.KD,2001,103716679377.555
Iraq,IRQ,NY.GDP.MKTP.KD,2002,95208069160.7452
Iraq,IRQ,NY.GDP.MKTP.KD,2003,60307856288.9303
Iraq,IRQ,NY.GDP.MKTP.KD,2004,92503535426.8886
Iraq,IRQ,NY.GDP.MKTP.KD,2005,94053181141.5504
Iraq,IRQ,NY.GDP.MKTP.KD,2006,99356180856.4776
Iraq,IRQ,NY.GDP.MKTP.KD,2007,101232561440.969
Iraq,IRQ,NY.GDP.MKTP.KD,2008,109562085020.285
Iraq,IRQ,NY.GDP.MKTP.KD,2009,113264515567.212
Iraq,IRQ,NY.GDP.MKTP.KD,2010,120516349622.451
Iraq,IRQ,NY.GDP.MKTP.KD,2011,129611081238.514
Iraq,IRQ,NY.GDP.MKTP.KD,2012,147674239072.767
Iraq,IRQ,NY.GDP.MKTP.KD,2013,158939252263.834
Iraq,IRQ,NY.GDP.MKTP.KD,2014,162537141323.775
Iraq,IRQ,NY.GDP.MKTP.KD,2015,166774104959.102
Iraq,IRQ,NY.GDP.MKTP.KD,2016,189767872908.426
Iraq,IRQ,NY.GDP.MKTP.KD,2017,186314571374.742
Iraq,IRQ,NY.GDP.MKTP.KD,2018,191221819559.378
Iraq,IRQ,NY.GDP.MKTP.KD,2019,201765390231.117
Iraq,IRQ,NY.GDP.MKTP.KD,2020,177479307669.569
Iraq,IRQ,NY.GDP.MKTP.KD,2021,180145367592.813
Iraq,IRQ,NY.GDP.MKTP.KD,2022,194483223959.197
Iraq,IRQ,NY.GDP.MKTP.KD,2023,195490074355.105
Iraq,IRQ,NY.GDP.MKTP.KD,2024,192469260104.189
Iraq,IRQ,NY.GDP.MKTP.KD,2025,188320119060.069
Iceland,ISL,NY.GDP.MKTP.KD,1960,2496863286.9335
Iceland,ISL,NY.GDP.MKTP.KD,1961,2495011011.99908
Iceland,ISL,NY.GDP.MKTP.KD,1962,2702465527.59873
Iceland,ISL,NY.GDP.MKTP.KD,1963,2980306394.0591
Iceland,ISL,NY.GDP.MKTP.KD,1964,3274817715.59981
Iceland,ISL,NY.GDP.MKTP.KD,1965,3513760866.42572
Iceland,ISL,NY.GDP.MKTP.KD,1966,3821238093.17793
Iceland,ISL,NY.GDP.MKTP.KD,1967,3773079009.31449
Iceland,ISL,NY.GDP.MKTP.KD,1968,3565624493.71484
Iceland,ISL,NY.GDP.MKTP.KD,1969,3650829024.72148
Iceland,ISL,NY.GDP.MKTP.KD,1970,3923113079.26491
Iceland,ISL,NY.GDP.MKTP.KD,1971,4435504506.75195
Iceland,ISL,NY.GDP.MKTP.KD,1972,4709500458.97095
Iceland,ISL,NY.GDP.MKTP.KD,1973,5030029516.99716
Iceland,ISL,NY.GDP.MKTP.KD,1974,5317057693.93586
Iceland,ISL,NY.GDP.MKTP.KD,1975,5351414130.82803
Iceland,ISL,NY.GDP.MKTP.KD,1976,5670324568.89364
Iceland,ISL,NY.GDP.MKTP.KD,1977,6170576324.12513
Iceland,ISL,NY.GDP.MKTP.KD,1978,6541842286.54919
Iceland,ISL,NY.GDP.MKTP.KD,1979,6859813923.10471
Iceland,ISL,NY.GDP.MKTP.KD,1980,7254110589.5605
Iceland,ISL,NY.GDP.MKTP.KD,1981,7563498917.35322
Iceland,ISL,NY.GDP.MKTP.KD,1982,7726459511.88419
Iceland,ISL,NY.GDP.MKTP.KD,1983,7560250872.24255
Iceland,ISL,NY.GDP.MKTP.KD,1984,7872422570.45318
Iceland,ISL,NY.GDP.MKTP.KD,1985,8131648962.65733
Iceland,ISL,NY.GDP.MKTP.KD,1986,8641547419.66373
Iceland,ISL,NY.GDP.MKTP.KD,1987,9380048854.20176
Iceland,ISL,NY.GDP.MKTP.KD,1988,9371632513.64412
Iceland,ISL,NY.GDP.MKTP.KD,1989,9395852542.3685
Iceland,ISL,NY.GDP.MKTP.KD,1990,9505724857.03821
Iceland,ISL,NY.GDP.MKTP.KD,1991,9484477138.13315
Iceland,ISL,NY.GDP.MKTP.KD,1992,9164480917.05339
Iceland,ISL,NY.GDP.MKTP.KD,1993,9284851745.82319
Iceland,ISL,NY.GDP.MKTP.KD,1994,9619928854.25845
Iceland,ISL,NY.GDP.MKTP.KD,1995,9631144119.03686
Iceland,ISL,NY.GDP.MKTP.KD,1996,10064319596.8779
Iceland,ISL,NY.GDP.MKTP.KD,1997,10481070033.3905
Iceland,ISL,NY.GDP.MKTP.KD,1998,11215843690.446
Iceland,ISL,NY.GDP.MKTP.KD,1999,11653035889.5513
Iceland,ISL,NY.GDP.MKTP.KD,2000,12224638524.7157
Iceland,ISL,NY.GDP.MKTP.KD,2001,12694179476.6135
Iceland,ISL,NY.GDP.MKTP.KD,2002,12763018327.1805
Iceland,ISL,NY.GDP.MKTP.KD,2003,13054189962.4598
Iceland,ISL,NY.GDP.MKTP.KD,2004,14049259326.0012
Iceland,ISL,NY.GDP.MKTP.KD,2005,15036829617.4341
Iceland,ISL,NY.GDP.MKTP.KD,2006,15889660323.6699
Iceland,ISL,NY.GDP.MKTP.KD,2007,17278627876.0624
Iceland,ISL,NY.GDP.MKTP.KD,2008,17572297288.4242
Iceland,ISL,NY.GDP.MKTP.KD,2009,16110024869.345
Iceland,ISL,NY.GDP.MKTP.KD,2010,15752089366.4679
Iceland,ISL,NY.GDP.MKTP.KD,2011,15969467678.6418
Iceland,ISL,NY.GDP.MKTP.KD,2012,16156200540.5153
Iceland,ISL,NY.GDP.MKTP.KD,2013,16737332122.1518
Iceland,ISL,NY.GDP.MKTP.KD,2014,17057653884.1965
Iceland,ISL,NY.GDP.MKTP.KD,2015,17700486957.1907
Iceland,ISL,NY.GDP.MKTP.KD,2016,18801118750.082
Iceland,ISL,NY.GDP.MKTP.KD,2017,19456350343.0849
Iceland,ISL,NY.GDP.MKTP.KD,2018,20363166153.4652
Iceland,ISL,NY.GDP.MKTP.KD,2019,20594942209.8705
Iceland,ISL,NY.GDP.MKTP.KD,2020,19226227454.8966
Iceland,ISL,NY.GDP.MKTP.KD,2021,20222255993.2392
Iceland,ISL,NY.GDP.MKTP.KD,2022,22013401666.7718
Iceland,ISL,NY.GDP.MKTP.KD,2023,23121173215.7303
Iceland,ISL,NY.GDP.MKTP.KD,2024,22824557130.9069
Iceland,ISL,NY.GDP.MKTP.KD,2025,23116588684.0143
Israel,ISR,NY.GDP.MKTP.KD,1960,18584896126.8212
Israel,ISR,NY.GDP.MKTP.KD,1961,20667127426.4165
Israel,ISR,NY.GDP.MKTP.KD,1962,22766105030.589
Israel,ISR,NY.GDP.MKTP.KD,1963,25201104616.1831
Israel,ISR,NY.GDP.MKTP.KD,1964,27201363402.4216
Israel,ISR,NY.GDP.MKTP.KD,1965,29648927906.7255
Israel,ISR,NY.GDP.MKTP.KD,1966,29625313382.981
Israel,ISR,NY.GDP.MKTP.KD,1967,30512599361.2725
Israel,ISR,NY.GDP.MKTP.KD,1968,35468441015.076
Israel,ISR,NY.GDP.MKTP.KD,1969,40279984075.7045
Israel,ISR,NY.GDP.MKTP.KD,1970,43223377701.739
Israel,ISR,NY.GDP.MKTP.KD,1971,47956800423.0344
Israel,ISR,NY.GDP.MKTP.KD,1972,53781899257.8658
Israel,ISR,NY.GDP.MKTP.KD,1973,56786943486.2639
Israel,ISR,NY.GDP.MKTP.KD,1974,60464557625.5562
Israel,ISR,NY.GDP.MKTP.KD,1975,62425313956.3963
Israel,ISR,NY.GDP.MKTP.KD,1976,62626637873.8213
Israel,ISR,NY.GDP.MKTP.KD,1977,63275010961.3432
Israel,ISR,NY.GDP.MKTP.KD,1978,66789992966.8011
Israel,ISR,NY.GDP.MKTP.KD,1979,70936192711.9592
Israel,ISR,NY.GDP.MKTP.KD,1980,72121140571.4861
Israel,ISR,NY.GDP.MKTP.KD,1981,75972356618.2471
Israel,ISR,NY.GDP.MKTP.KD,1982,77554481266.5451
Israel,ISR,NY.GDP.MKTP.KD,1983,80159614913.225
Israel,ISR,NY.GDP.MKTP.KD,1984,80907675670.3537
Israel,ISR,NY.GDP.MKTP.KD,1985,84173870159.8167
Israel,ISR,NY.GDP.MKTP.KD,1986,87700876800.8831
Israel,ISR,NY.GDP.MKTP.KD,1987,93962466299.8262
Israel,ISR,NY.GDP.MKTP.KD,1988,96696789396.7059
Israel,ISR,NY.GDP.MKTP.KD,1989,97252551139.1731
Israel,ISR,NY.GDP.MKTP.KD,1990,104366768913.685
Israel,ISR,NY.GDP.MKTP.KD,1991,112430265579.967
Israel,ISR,NY.GDP.MKTP.KD,1992,121154029223.834
Israel,ISR,NY.GDP.MKTP.KD,1993,126141645505.165
Israel,ISR,NY.GDP.MKTP.KD,1994,135511251853.027
Israel,ISR,NY.GDP.MKTP.KD,1995,144458957652.071
Israel,ISR,NY.GDP.MKTP.KD,1996,152893804289.674
Israel,ISR,NY.GDP.MKTP.KD,1997,158413677279.853
Israel,ISR,NY.GDP.MKTP.KD,1998,164911702424.587
Israel,ISR,NY.GDP.MKTP.KD,1999,170334589407.821
Israel,ISR,NY.GDP.MKTP.KD,2000,184968923140.764
Israel,ISR,NY.GDP.MKTP.KD,2001,185469211204.594
Israel,ISR,NY.GDP.MKTP.KD,2002,185185665146.213
Israel,ISR,NY.GDP.MKTP.KD,2003,187842263106.266
Israel,ISR,NY.GDP.MKTP.KD,2004,196575885063.06
Israel,ISR,NY.GDP.MKTP.KD,2005,205131976814.302
Israel,ISR,NY.GDP.MKTP.KD,2006,216601040001.896
Israel,ISR,NY.GDP.MKTP.KD,2007,230275218247.263
Israel,ISR,NY.GDP.MKTP.KD,2008,237680439766.476
Israel,ISR,NY.GDP.MKTP.KD,2009,240580556617.241
Israel,ISR,NY.GDP.MKTP.KD,2010,253920041344.896
Israel,ISR,NY.GDP.MKTP.KD,2011,267919718903.324
Israel,ISR,NY.GDP.MKTP.KD,2012,274376417086.78
Israel,ISR,NY.GDP.MKTP.KD,2013,285598789630.214
Israel,ISR,NY.GDP.MKTP.KD,2014,296217764317.696
Israel,ISR,NY.GDP.MKTP.KD,2015,302841190257.708
Israel,ISR,NY.GDP.MKTP.KD,2016,316578125375.869
Israel,ISR,NY.GDP.MKTP.KD,2017,330330105623.59
Israel,ISR,NY.GDP.MKTP.KD,2018,343720034898.801
Israel,ISR,NY.GDP.MKTP.KD,2019,356021732427.035
Israel,ISR,NY.GDP.MKTP.KD,2020,349605974158.5
Israel,ISR,NY.GDP.MKTP.KD,2021,382242904637.58
Israel,ISR,NY.GDP.MKTP.KD,2022,406569119633.763
Israel,ISR,NY.GDP.MKTP.KD,2023,414955522699.101
Israel,ISR,NY.GDP.MKTP.KD,2024,418912615202.685
Israel,ISR,NY.GDP.MKTP.KD,2025,431191570915.148
Italy,ITA,NY.GDP.MKTP.KD,1960,488503133788.409
Italy,ITA,NY.GDP.MKTP.KD,1961,528595787578.387
Italy,ITA,NY.GDP.MKTP.KD,1962,561388022191.607
Italy,ITA,NY.GDP.MKTP.KD,1963,592880362723.239
Italy,ITA,NY.GDP.MKTP.KD,1964,609467390271.455
Italy,ITA,NY.GDP.MKTP.KD,1965,629384928731.992
Italy,ITA,NY.GDP.MKTP.KD,1966,667052321535.948
Italy,ITA,NY.GDP.MKTP.KD,1967,714937422416.683
Italy,ITA,NY.GDP.MKTP.KD,1968,761726892292.164
Italy,ITA,NY.GDP.MKTP.KD,1969,808177454730.047
Italy,ITA,NY.GDP.MKTP.KD,1970,851095738477.482
Italy,ITA,NY.GDP.MKTP.KD,1971,866569577728.861
Italy,ITA,NY.GDP.MKTP.KD,1972,898550204800.509
Italy,ITA,NY.GDP.MKTP.KD,1973,962579655370.363
Italy,ITA,NY.GDP.MKTP.KD,1974,1015522894585.88
Italy,ITA,NY.GDP.MKTP.KD,1975,994296811886.421
Italy,ITA,NY.GDP.MKTP.KD,1976,1065144288779.7
Italy,ITA,NY.GDP.MKTP.KD,1977,1092417317092.5
Italy,ITA,NY.GDP.MKTP.KD,1978,1127813165153.7
Italy,ITA,NY.GDP.MKTP.KD,1979,1195021350830.48
Italy,ITA,NY.GDP.MKTP.KD,1980,1236010778504.38
Italy,ITA,NY.GDP.MKTP.KD,1981,1246445522983.07
Italy,ITA,NY.GDP.MKTP.KD,1982,1251600643353.48
Italy,ITA,NY.GDP.MKTP.KD,1983,1266234400973.17
Italy,ITA,NY.GDP.MKTP.KD,1984,1307081253663.81
Italy,ITA,NY.GDP.MKTP.KD,1985,1343654508026.34
Italy,ITA,NY.GDP.MKTP.KD,1986,1382082648970.97
Italy,ITA,NY.GDP.MKTP.KD,1987,1426198182881.34
Italy,ITA,NY.GDP.MKTP.KD,1988,1486018315011.81
Italy,ITA,NY.GDP.MKTP.KD,1989,1536370314479.62
Italy,ITA,NY.GDP.MKTP.KD,1990,1566879170825.76
Italy,ITA,NY.GDP.MKTP.KD,1991,1590984785699.92
Italy,ITA,NY.GDP.MKTP.KD,1992,1604257980661.49
Italy,ITA,NY.GDP.MKTP.KD,1993,1590576776647.73
Italy,ITA,NY.GDP.MKTP.KD,1994,1624790459614.85
Italy,ITA,NY.GDP.MKTP.KD,1995,1671695507214.02
Italy,ITA,NY.GDP.MKTP.KD,1996,1694189587392.1
Italy,ITA,NY.GDP.MKTP.KD,1997,1726814955886.64
Italy,ITA,NY.GDP.MKTP.KD,1998,1757973143577.88
Italy,ITA,NY.GDP.MKTP.KD,1999,1787471784895.84
Italy,ITA,NY.GDP.MKTP.KD,2000,1856863206512.55
Italy,ITA,NY.GDP.MKTP.KD,2001,1894119928193.34
Italy,ITA,NY.GDP.MKTP.KD,2002,1899232719747.26
Italy,ITA,NY.GDP.MKTP.KD,2003,1900496731461.62
Italy,ITA,NY.GDP.MKTP.KD,2004,1928510465814.16
Italy,ITA,NY.GDP.MKTP.KD,2005,1943213635518.5
Italy,ITA,NY.GDP.MKTP.KD,2006,1978181374737.88
Italy,ITA,NY.GDP.MKTP.KD,2007,2007108163772.48
Italy,ITA,NY.GDP.MKTP.KD,2008,1986572667176.02
Italy,ITA,NY.GDP.MKTP.KD,2009,1881181927615.29
Italy,ITA,NY.GDP.MKTP.KD,2010,1909947188308.66
Italy,ITA,NY.GDP.MKTP.KD,2011,1923230167272.61
Italy,ITA,NY.GDP.MKTP.KD,2012,1863124632394.25
Italy,ITA,NY.GDP.MKTP.KD,2013,1829252558793.34
Italy,ITA,NY.GDP.MKTP.KD,2014,1829227175768.29
Italy,ITA,NY.GDP.MKTP.KD,2015,1845428048839.1
Italy,ITA,NY.GDP.MKTP.KD,2016,1868241619489.51
Italy,ITA,NY.GDP.MKTP.KD,2017,1898202609462.08
Italy,ITA,NY.GDP.MKTP.KD,2018,1913894038926.83
Italy,ITA,NY.GDP.MKTP.KD,2019,1922107755078.16
Italy,ITA,NY.GDP.MKTP.KD,2020,1751650987235.43
Italy,ITA,NY.GDP.MKTP.KD,2021,1908092024820.83
Italy,ITA,NY.GDP.MKTP.KD,2022,2000084512919.56
Italy,ITA,NY.GDP.MKTP.KD,2023,2018541223675.26
Italy,ITA,NY.GDP.MKTP.KD,2024,2034347191418.34
Italy,ITA,NY.GDP.MKTP.KD,2025,2045324195978.49
Jamaica,JAM,NY.GDP.MKTP.KD,1966,7407890769.32512
Jamaica,JAM,NY.GDP.MKTP.KD,1967,7541872735.2186
Jamaica,JAM,NY.GDP.MKTP.KD,1968,7975087876.66343
Jamaica,JAM,NY.GDP.MKTP.KD,1969,8419673016.68952
Jamaica,JAM,NY.GDP.MKTP.KD,1970,9435456809.17078
Jamaica,JAM,NY.GDP.MKTP.KD,1971,9667387268.04729
Jamaica,JAM,NY.GDP.MKTP.KD,1972,11408344049.4993
Jamaica,JAM,NY.GDP.MKTP.KD,1973,10782538299.513
Jamaica,JAM,NY.GDP.MKTP.KD,1974,10326516578.9903
Jamaica,JAM,NY.GDP.MKTP.KD,1975,10300071169.6225
Jamaica,JAM,NY.GDP.MKTP.KD,1976,9610559160.55532
Jamaica,JAM,NY.GDP.MKTP.KD,1977,9360920206.24462
Jamaica,JAM,NY.GDP.MKTP.KD,1978,9355893362.62554
Jamaica,JAM,NY.GDP.MKTP.KD,1979,9256717027.37892
Jamaica,JAM,NY.GDP.MKTP.KD,1980,8727773475.48955
Jamaica,JAM,NY.GDP.MKTP.KD,1981,8958138517.41687
Jamaica,JAM,NY.GDP.MKTP.KD,1982,9143503152.54326
Jamaica,JAM,NY.GDP.MKTP.KD,1983,9318059796.44958
Jamaica,JAM,NY.GDP.MKTP.KD,1984,9174343092.5659
Jamaica,JAM,NY.GDP.MKTP.KD,1985,8904283865.52367
Jamaica,JAM,NY.GDP.MKTP.KD,1986,9071914861.57486
Jamaica,JAM,NY.GDP.MKTP.KD,1987,9784092367.8033
Jamaica,JAM,NY.GDP.MKTP.KD,1988,10172941747.9657
Jamaica,JAM,NY.GDP.MKTP.KD,1989,10902677820.4538
Jamaica,JAM,NY.GDP.MKTP.KD,1990,11360648630.7449
Jamaica,JAM,NY.GDP.MKTP.KD,1991,11910303935.5665
Jamaica,JAM,NY.GDP.MKTP.KD,1992,12143214990.9269
Jamaica,JAM,NY.GDP.MKTP.KD,1993,13286754001.4092
Jamaica,JAM,NY.GDP.MKTP.KD,1994,13470561601.922
Jamaica,JAM,NY.GDP.MKTP.KD,1995,13787114012.3084
Jamaica,JAM,NY.GDP.MKTP.KD,1996,13771433761.2911
Jamaica,JAM,NY.GDP.MKTP.KD,1997,13614376085.2375
Jamaica,JAM,NY.GDP.MKTP.KD,1998,13296541186.4629
Jamaica,JAM,NY.GDP.MKTP.KD,1999,13435845573.7016
Jamaica,JAM,NY.GDP.MKTP.KD,2000,13553906825.7897
Jamaica,JAM,NY.GDP.MKTP.KD,2001,13736197326.0583
Jamaica,JAM,NY.GDP.MKTP.KD,2002,14010549151.015
Jamaica,JAM,NY.GDP.MKTP.KD,2003,14524220379.0531
Jamaica,JAM,NY.GDP.MKTP.KD,2004,14716481130.4443
Jamaica,JAM,NY.GDP.MKTP.KD,2005,14848016734.9532
Jamaica,JAM,NY.GDP.MKTP.KD,2006,15278479351.3183
Jamaica,JAM,NY.GDP.MKTP.KD,2007,15497260153.2881
Jamaica,JAM,NY.GDP.MKTP.KD,2008,15371463204.7905
Jamaica,JAM,NY.GDP.MKTP.KD,2009,14703526728.5078
Jamaica,JAM,NY.GDP.MKTP.KD,2010,14489274699.2317
Jamaica,JAM,NY.GDP.MKTP.KD,2011,14739993670.3316
Jamaica,JAM,NY.GDP.MKTP.KD,2012,14649543756.5624
Jamaica,JAM,NY.GDP.MKTP.KD,2013,14725382395.3111
Jamaica,JAM,NY.GDP.MKTP.KD,2014,14826961375.6345
Jamaica,JAM,NY.GDP.MKTP.KD,2015,14963589915.5912
Jamaica,JAM,NY.GDP.MKTP.KD,2016,15376650479.9803
Jamaica,JAM,NY.GDP.MKTP.KD,2017,15729242259.4032
Jamaica,JAM,NY.GDP.MKTP.KD,2018,16124965549.2249
Jamaica,JAM,NY.GDP.MKTP.KD,2019,16416735750.8852
Jamaica,JAM,NY.GDP.MKTP.KD,2020,15053421189.293
Jamaica,JAM,NY.GDP.MKTP.KD,2021,15912170664.5422
Jamaica,JAM,NY.GDP.MKTP.KD,2022,16936803585.1513
Jamaica,JAM,NY.GDP.MKTP.KD,2023,17401946531.631
Jamaica,JAM,NY.GDP.MKTP.KD,2024,17308839319.8134
Jamaica,JAM,NY.GDP.MKTP.KD,2025,17322971206.1042
Jordan,JOR,NY.GDP.MKTP.KD,1976,6256889537.38099
Jordan,JOR,NY.GDP.MKTP.KD,1977,6776111812.72948
Jordan,JOR,NY.GDP.MKTP.KD,1978,7770815619.66266
Jordan,JOR,NY.GDP.MKTP.KD,1979,9387371342.14838
Jordan,JOR,NY.GDP.MKTP.KD,1980,10437334413.5756
Jordan,JOR,NY.GDP.MKTP.KD,1981,12230334600.7269
Jordan,JOR,NY.GDP.MKTP.KD,1982,13089630985.8185
Jordan,JOR,NY.GDP.MKTP.KD,1983,12799075400.1899
Jordan,JOR,NY.GDP.MKTP.KD,1984,13348371753.2017
Jordan,JOR,NY.GDP.MKTP.KD,1985,12987038382.5513
Jordan,JOR,NY.GDP.MKTP.KD,1986,13701927344.3612
Jordan,JOR,NY.GDP.MKTP.KD,1987,14020260711.5014
Jordan,JOR,NY.GDP.MKTP.KD,1988,14225260731.8347
Jordan,JOR,NY.GDP.MKTP.KD,1989,12699001314.6954
Jordan,JOR,NY.GDP.MKTP.KD,1990,12663964273.843
Jordan,JOR,NY.GDP.MKTP.KD,1991,12867668074.211
Jordan,JOR,NY.GDP.MKTP.KD,1992,14714149626.9644
Jordan,JOR,NY.GDP.MKTP.KD,1993,15374372016.9193
Jordan,JOR,NY.GDP.MKTP.KD,1994,16138705339.4575
Jordan,JOR,NY.GDP.MKTP.KD,1995,17139446194.4021
Jordan,JOR,NY.GDP.MKTP.KD,1996,17497149998.3442
Jordan,JOR,NY.GDP.MKTP.KD,1997,18076038898.7743
Jordan,JOR,NY.GDP.MKTP.KD,1998,18620520406.0011
Jordan,JOR,NY.GDP.MKTP.KD,1999,19251668679.1751
Jordan,JOR,NY.GDP.MKTP.KD,2000,20069039071.2381
Jordan,JOR,NY.GDP.MKTP.KD,2001,21126668916.0298
Jordan,JOR,NY.GDP.MKTP.KD,2002,22348594867.4625
Jordan,JOR,NY.GDP.MKTP.KD,2003,23278669089.1592
Jordan,JOR,NY.GDP.MKTP.KD,2004,25273002542.7996
Jordan,JOR,NY.GDP.MKTP.KD,2005,27331891656.4845
Jordan,JOR,NY.GDP.MKTP.KD,2006,29543854891.2862
Jordan,JOR,NY.GDP.MKTP.KD,2007,31959410677.5837
Jordan,JOR,NY.GDP.MKTP.KD,2008,34267003610.9757
Jordan,JOR,NY.GDP.MKTP.KD,2009,36020333882.3292
Jordan,JOR,NY.GDP.MKTP.KD,2010,36970447929.8027
Jordan,JOR,NY.GDP.MKTP.KD,2011,38045287231.4402
Jordan,JOR,NY.GDP.MKTP.KD,2012,38960145956.931
Jordan,JOR,NY.GDP.MKTP.KD,2013,40021074389.938
Jordan,JOR,NY.GDP.MKTP.KD,2014,41350923977.4003
Jordan,JOR,NY.GDP.MKTP.KD,2015,42394049295.7747
Jordan,JOR,NY.GDP.MKTP.KD,2016,43289270898.1947
Jordan,JOR,NY.GDP.MKTP.KD,2017,44374837667.7263
Jordan,JOR,NY.GDP.MKTP.KD,2018,45197473565.1553
Jordan,JOR,NY.GDP.MKTP.KD,2019,46036487855.985
Jordan,JOR,NY.GDP.MKTP.KD,2020,45505882648.8273
Jordan,JOR,NY.GDP.MKTP.KD,2021,47213269175.8014
Jordan,JOR,NY.GDP.MKTP.KD,2022,48510152310.9303
Jordan,JOR,NY.GDP.MKTP.KD,2023,50028035471.6265
Jordan,JOR,NY.GDP.MKTP.KD,2024,51306781533.8503
Jordan,JOR,NY.GDP.MKTP.KD,2025,52757023329.6643
Japan,JPN,NY.GDP.MKTP.KD,1960,604167798190.181
Japan,JPN,NY.GDP.MKTP.KD,1961,676930966622.635
Japan,JPN,NY.GDP.MKTP.KD,1962,737238563912.393
Japan,JPN,NY.GDP.MKTP.KD,1963,799709523721.241
Japan,JPN,NY.GDP.MKTP.KD,1964,893089271658.866
Japan,JPN,NY.GDP.MKTP.KD,1965,945064458016.846
Japan,JPN,NY.GDP.MKTP.KD,1966,1045605722450.09
Japan,JPN,NY.GDP.MKTP.KD,1967,1161481236851.12
Japan,JPN,NY.GDP.MKTP.KD,1968,1311108687497.31
Japan,JPN,NY.GDP.MKTP.KD,1969,1474707446854.26
Japan,JPN,NY.GDP.MKTP.KD,1970,1480592275932.35
Japan,JPN,NY.GDP.MKTP.KD,1971,1550165189154.98
Japan,JPN,NY.GDP.MKTP.KD,1972,1680589069874.73
Japan,JPN,NY.GDP.MKTP.KD,1973,1815584067074.32
Japan,JPN,NY.GDP.MKTP.KD,1974,1793338807982.61
Japan,JPN,NY.GDP.MKTP.KD,1975,1848781238666.63
Japan,JPN,NY.GDP.MKTP.KD,1976,1922269998783.54
Japan,JPN,NY.GDP.MKTP.KD,1977,2006664148043.4
Japan,JPN,NY.GDP.MKTP.KD,1978,2112454308093.37
Japan,JPN,NY.GDP.MKTP.KD,1979,2228302186040.14
Japan,JPN,NY.GDP.MKTP.KD,1980,2291086632507.93
Japan,JPN,NY.GDP.MKTP.KD,1981,2387526177580.13
Japan,JPN,NY.GDP.MKTP.KD,1982,2466611949306.58
Japan,JPN,NY.GDP.MKTP.KD,1983,2553511797888.6
Japan,JPN,NY.GDP.MKTP.KD,1984,2668470766661.22
Japan,JPN,NY.GDP.MKTP.KD,1985,2808122007336.69
Japan,JPN,NY.GDP.MKTP.KD,1986,2901534905245.84
Japan,JPN,NY.GDP.MKTP.KD,1987,3038796826435.9
Japan,JPN,NY.GDP.MKTP.KD,1988,3244979802198.18
Japan,JPN,NY.GDP.MKTP.KD,1989,3402622143897.05
Japan,JPN,NY.GDP.MKTP.KD,1990,3569102682109.45
Japan,JPN,NY.GDP.MKTP.KD,1991,3691076650696.96
Japan,JPN,NY.GDP.MKTP.KD,1992,3722379548990.98
Japan,JPN,NY.GDP.MKTP.KD,1993,3703100606521.69
Japan,JPN,NY.GDP.MKTP.KD,1994,3739874853041.49
Japan,JPN,NY.GDP.MKTP.KD,1995,3827464796307.93
Japan,JPN,NY.GDP.MKTP.KD,1996,3945177225076.82
Japan,JPN,NY.GDP.MKTP.KD,1997,3998948850264.62
Japan,JPN,NY.GDP.MKTP.KD,1998,3928061846959.68
Japan,JPN,NY.GDP.MKTP.KD,1999,3914407888319.42
Japan,JPN,NY.GDP.MKTP.KD,2000,4030991750950.9
Japan,JPN,NY.GDP.MKTP.KD,2001,4042464298381.04
Japan,JPN,NY.GDP.MKTP.KD,2002,4045899940482.26
Japan,JPN,NY.GDP.MKTP.KD,2003,4101737784188.63
Japan,JPN,NY.GDP.MKTP.KD,2004,4188405380395.49
Japan,JPN,NY.GDP.MKTP.KD,2005,4265818895379.49
Japan,JPN,NY.GDP.MKTP.KD,2006,4331781612600.87
Japan,JPN,NY.GDP.MKTP.KD,2007,4406651221892.01
Japan,JPN,NY.GDP.MKTP.KD,2008,4355242255151.66
Japan,JPN,NY.GDP.MKTP.KD,2009,4096717638451.29
Japan,JPN,NY.GDP.MKTP.KD,2010,4266176556594.72
Japan,JPN,NY.GDP.MKTP.KD,2011,4257628936826.67
Japan,JPN,NY.GDP.MKTP.KD,2012,4327834450517.28
Japan,JPN,NY.GDP.MKTP.KD,2013,4414273272427.52
Japan,JPN,NY.GDP.MKTP.KD,2014,4454262857599.7
Japan,JPN,NY.GDP.MKTP.KD,2015,4534438580494.94
Japan,JPN,NY.GDP.MKTP.KD,2016,4566405760116.54
Japan,JPN,NY.GDP.MKTP.KD,2017,4640539102852.95
Japan,JPN,NY.GDP.MKTP.KD,2018,4679247874199.03
Japan,JPN,NY.GDP.MKTP.KD,2019,4664812538574.46
Japan,JPN,NY.GDP.MKTP.KD,2020,4465005582812.98
Japan,JPN,NY.GDP.MKTP.KD,2021,4624147102598.69
Japan,JPN,NY.GDP.MKTP.KD,2022,4685724442189.07
Japan,JPN,NY.GDP.MKTP.KD,2023,4719498455389.44
Japan,JPN,NY.GDP.MKTP.KD,2024,4708167683577.82
Japan,JPN,NY.GDP.MKTP.KD,2025,4764341438831.9
Kazakhstan,KAZ,NY.GDP.MKTP.KD,1990,95326487409.9576
Kazakhstan,KAZ,NY.GDP.MKTP.KD,1991,84840573793.2488
Kazakhstan,KAZ,NY.GDP.MKTP.KD,1992,80344023383.1104
Kazakhstan,KAZ,NY.GDP.MKTP.KD,1993,72952373230.2308
Kazakhstan,KAZ,NY.GDP.MKTP.KD,1994,63760374204.4497
Kazakhstan,KAZ,NY.GDP.MKTP.KD,1995,58532023518.9309
Kazakhstan,KAZ,NY.GDP.MKTP.KD,1996,58824683637.7392
Kazakhstan,KAZ,NY.GDP.MKTP.KD,1997,59824703259.2838
Kazakhstan,KAZ,NY.GDP.MKTP.KD,1998,58688033897.7015
Kazakhstan,KAZ,NY.GDP.MKTP.KD,1999,60272610811.673
Kazakhstan,KAZ,NY.GDP.MKTP.KD,2000,66179326672.5077
Kazakhstan,KAZ,NY.GDP.MKTP.KD,2001,75113535772.261
Kazakhstan,KAZ,NY.GDP.MKTP.KD,2002,82474662277.6485
Kazakhstan,KAZ,NY.GDP.MKTP.KD,2003,90144805869.7482
Kazakhstan,KAZ,NY.GDP.MKTP.KD,2004,98798707234.4777
Kazakhstan,KAZ,NY.GDP.MKTP.KD,2005,108382181835.458
Kazakhstan,KAZ,NY.GDP.MKTP.KD,2006,119979075291.852
Kazakhstan,KAZ,NY.GDP.MKTP.KD,2007,130657212992.82
Kazakhstan,KAZ,NY.GDP.MKTP.KD,2008,134968901021.859
Kazakhstan,KAZ,NY.GDP.MKTP.KD,2009,136588527833.35
Kazakhstan,KAZ,NY.GDP.MKTP.KD,2010,146559490369.689
Kazakhstan,KAZ,NY.GDP.MKTP.KD,2011,157404892659.159
Kazakhstan,KAZ,NY.GDP.MKTP.KD,2012,164960327499.374
Kazakhstan,KAZ,NY.GDP.MKTP.KD,2013,174857947143.911
Kazakhstan,KAZ,NY.GDP.MKTP.KD,2014,182201980933.864
Kazakhstan,KAZ,NY.GDP.MKTP.KD,2015,184388404706.042
Kazakhstan,KAZ,NY.GDP.MKTP.KD,2016,186416677156.152
Kazakhstan,KAZ,NY.GDP.MKTP.KD,2017,194059760924.352
Kazakhstan,KAZ,NY.GDP.MKTP.KD,2018,202016211108.857
Kazakhstan,KAZ,NY.GDP.MKTP.KD,2019,211106940610.612
Kazakhstan,KAZ,NY.GDP.MKTP.KD,2020,205829267103.2
Kazakhstan,KAZ,NY.GDP.MKTP.KD,2021,214679925583.069
Kazakhstan,KAZ,NY.GDP.MKTP.KD,2022,221549683201.099
Kazakhstan,KAZ,NY.GDP.MKTP.KD,2023,232848717043.771
Kazakhstan,KAZ,NY.GDP.MKTP.KD,2024,244491152895.888
Kazakhstan,KAZ,NY.GDP.MKTP.KD,2025,260383077834.12
Kenya,KEN,NY.GDP.MKTP.KD,1960,6102055403.60775
Kenya,KEN,NY.GDP.MKTP.KD,1961,5627642874.35474
Kenya,KEN,NY.GDP.MKTP.KD,1962,6159869249.6291
Kenya,KEN,NY.GDP.MKTP.KD,1963,6700603529.23536
Kenya,KEN,NY.GDP.MKTP.KD,1964,7033252799.57237
Kenya,KEN,NY.GDP.MKTP.KD,1965,7174557471.60245
Kenya,KEN,NY.GDP.MKTP.KD,1966,8231266932.82613
Kenya,KEN,NY.GDP.MKTP.KD,1967,8507938913.6599
Kenya,KEN,NY.GDP.MKTP.KD,1968,9187101299.91888
Kenya,KEN,NY.GDP.MKTP.KD,1969,9918323313.70066
Kenya,KEN,NY.GDP.MKTP.KD,1970,9456581036.82684
Kenya,KEN,NY.GDP.MKTP.KD,1971,11553473095.7874
Kenya,KEN,NY.GDP.MKTP.KD,1972,13527086974.8446
Kenya,KEN,NY.GDP.MKTP.KD,1973,14324722508.4153
Kenya,KEN,NY.GDP.MKTP.KD,1974,14907110911.9045
Kenya,KEN,NY.GDP.MKTP.KD,1975,15038621917.7177
Kenya,KEN,NY.GDP.MKTP.KD,1976,15362548495.5997
Kenya,KEN,NY.GDP.MKTP.KD,1977,16814892774.0725
Kenya,KEN,NY.GDP.MKTP.KD,1978,17977221151.8912
Kenya,KEN,NY.GDP.MKTP.KD,1979,19346227179.3826
Kenya,KEN,NY.GDP.MKTP.KD,1980,20428063600.0061
Kenya,KEN,NY.GDP.MKTP.KD,1981,21198925607.9366
Kenya,KEN,NY.GDP.MKTP.KD,1982,21518282813.0601
Kenya,KEN,NY.GDP.MKTP.KD,1983,21799967946.1155
Kenya,KEN,NY.GDP.MKTP.KD,1984,22182604684.4938
Kenya,KEN,NY.GDP.MKTP.KD,1985,23136581311.9696
Kenya,KEN,NY.GDP.MKTP.KD,1986,24797222251.1412
Kenya,KEN,NY.GDP.MKTP.KD,1987,26269459979.3708
Kenya,KEN,NY.GDP.MKTP.KD,1988,27899002871.2389
Kenya,KEN,NY.GDP.MKTP.KD,1989,29207563408.6722
Kenya,KEN,NY.GDP.MKTP.KD,1990,30431959354.312
Kenya,KEN,NY.GDP.MKTP.KD,1991,30869676465.3409
Kenya,KEN,NY.GDP.MKTP.KD,1992,30622875266.9484
Kenya,KEN,NY.GDP.MKTP.KD,1993,30731034422.1691
Kenya,KEN,NY.GDP.MKTP.KD,1994,31540116338.6072
Kenya,KEN,NY.GDP.MKTP.KD,1995,32929842156.6672
Kenya,KEN,NY.GDP.MKTP.KD,1996,34295389782.3606
Kenya,KEN,NY.GDP.MKTP.KD,1997,34458259247.3522
Kenya,KEN,NY.GDP.MKTP.KD,1998,35592009621.64
Kenya,KEN,NY.GDP.MKTP.KD,1999,36412543752.2683
Kenya,KEN,NY.GDP.MKTP.KD,2000,36630908098.8264
Kenya,KEN,NY.GDP.MKTP.KD,2001,38015522174.3133
Kenya,KEN,NY.GDP.MKTP.KD,2002,38223413680.2696
Kenya,KEN,NY.GDP.MKTP.KD,2003,39344305939.1787
Kenya,KEN,NY.GDP.MKTP.KD,2004,41352557259.2179
Kenya,KEN,NY.GDP.MKTP.KD,2005,43795114731.9782
Kenya,KEN,NY.GDP.MKTP.KD,2006,46629751036.7518
Kenya,KEN,NY.GDP.MKTP.KD,2007,49824229272.6978
Kenya,KEN,NY.GDP.MKTP.KD,2008,49939962360.0343
Kenya,KEN,NY.GDP.MKTP.KD,2009,51591446859.569
Kenya,KEN,NY.GDP.MKTP.KD,2010,55748929986.1062
Kenya,KEN,NY.GDP.MKTP.KD,2011,58603891851.295
Kenya,KEN,NY.GDP.MKTP.KD,2012,61281315911.5794
Kenya,KEN,NY.GDP.MKTP.KD,2013,63608687382.8764
Kenya,KEN,NY.GDP.MKTP.KD,2014,66801914096.6185
Kenya,KEN,NY.GDP.MKTP.KD,2015,70120446896.8359
Kenya,KEN,NY.GDP.MKTP.KD,2016,73074983895.0953
Kenya,KEN,NY.GDP.MKTP.KD,2017,75879571212.3885
Kenya,KEN,NY.GDP.MKTP.KD,2018,80165208728.3956
Kenya,KEN,NY.GDP.MKTP.KD,2019,84264984851.3549
Kenya,KEN,NY.GDP.MKTP.KD,2020,84035138346.859
Kenya,KEN,NY.GDP.MKTP.KD,2021,90413816676.9795
Kenya,KEN,NY.GDP.MKTP.KD,2022,94807911027.625
Kenya,KEN,NY.GDP.MKTP.KD,2023,100230916344.516
Kenya,KEN,NY.GDP.MKTP.KD,2024,104901873444.36
Kenya,KEN,NY.GDP.MKTP.KD,2025,109761569108.182
Kyrgyz Republic,KGZ,NY.GDP.MKTP.KD,1986,4159487047.16273
Kyrgyz Republic,KGZ,NY.GDP.MKTP.KD,1987,4296748804.15257
Kyrgyz Republic,KGZ,NY.GDP.MKTP.KD,1988,4863920937.72379
Kyrgyz Republic,KGZ,NY.GDP.MKTP.KD,1989,4999612217.7448
Kyrgyz Republic,KGZ,NY.GDP.MKTP.KD,1990,5284729934.9621
Kyrgyz Republic,KGZ,NY.GDP.MKTP.KD,1991,4864914939.91282
Kyrgyz Republic,KGZ,NY.GDP.MKTP.KD,1992,4191715901.49571
Kyrgyz Republic,KGZ,NY.GDP.MKTP.KD,1993,3543704782.05536
Kyrgyz Republic,KGZ,NY.GDP.MKTP.KD,1994,2831946047.78281
Kyrgyz Republic,KGZ,NY.GDP.MKTP.KD,1995,2678346337.21658
Kyrgyz Republic,KGZ,NY.GDP.MKTP.KD,1996,2868093847.63288
Kyrgyz Republic,KGZ,NY.GDP.MKTP.KD,1997,3152472634.58716
Kyrgyz Republic,KGZ,NY.GDP.MKTP.KD,1998,3219362911.28951
Kyrgyz Republic,KGZ,NY.GDP.MKTP.KD,1999,3337056039.33985
Kyrgyz Republic,KGZ,NY.GDP.MKTP.KD,2000,3518703233.18908
Kyrgyz Republic,KGZ,NY.GDP.MKTP.KD,2001,3705955297.86785
Kyrgyz Republic,KGZ,NY.GDP.MKTP.KD,2002,3705313255.4532
Kyrgyz Republic,KGZ,NY.GDP.MKTP.KD,2003,3965807641.19042
Kyrgyz Republic,KGZ,NY.GDP.MKTP.KD,2004,4244477505.27223
Kyrgyz Republic,KGZ,NY.GDP.MKTP.KD,2005,4237027793.42929
Kyrgyz Republic,KGZ,NY.GDP.MKTP.KD,2006,4368498475.52979
Kyrgyz Republic,KGZ,NY.GDP.MKTP.KD,2007,4741693829.84541
Kyrgyz Republic,KGZ,NY.GDP.MKTP.KD,2008,5140072739.62985
Kyrgyz Republic,KGZ,NY.GDP.MKTP.KD,2009,5288430380.28424
Kyrgyz Republic,KGZ,NY.GDP.MKTP.KD,2010,5263491909.11624
Kyrgyz Republic,KGZ,NY.GDP.MKTP.KD,2011,5576999924.82018
Kyrgyz Republic,KGZ,NY.GDP.MKTP.KD,2012,5572083788.24116
Kyrgyz Republic,KGZ,NY.GDP.MKTP.KD,2013,6180302892.03129
Kyrgyz Republic,KGZ,NY.GDP.MKTP.KD,2014,6429000667.90909
Kyrgyz Republic,KGZ,NY.GDP.MKTP.KD,2015,6678177511.66313
Kyrgyz Republic,KGZ,NY.GDP.MKTP.KD,2016,6967733666.77765
Kyrgyz Republic,KGZ,NY.GDP.MKTP.KD,2017,7297999868.50301
Kyrgyz Republic,KGZ,NY.GDP.MKTP.KD,2018,7572252145.25549
Kyrgyz Republic,KGZ,NY.GDP.MKTP.KD,2019,7920623120.2686
Kyrgyz Republic,KGZ,NY.GDP.MKTP.KD,2020,7354379549.41978
Kyrgyz Republic,KGZ,NY.GDP.MKTP.KD,2021,7759385792.10421
Kyrgyz Republic,KGZ,NY.GDP.MKTP.KD,2022,8455209116.53133
Kyrgyz Republic,KGZ,NY.GDP.MKTP.KD,2023,9217301873.9258
Kyrgyz Republic,KGZ,NY.GDP.MKTP.KD,2024,10280951958.8775
Kyrgyz Republic,KGZ,NY.GDP.MKTP.KD,2025,11421728478.9395
Cambodia,KHM,NY.GDP.MKTP.KD,1975,5104596991.6618
Cambodia,KHM,NY.GDP.MKTP.KD,1976,5104596991.6618
Cambodia,KHM,NY.GDP.MKTP.KD,1977,4355425545.40488
Cambodia,KHM,NY.GDP.MKTP.KD,1978,4355425545.40488
Cambodia,KHM,NY.GDP.MKTP.KD,1979,3796687001.66256
Cambodia,KHM,NY.GDP.MKTP.KD,1980,3581475361.62849
Cambodia,KHM,NY.GDP.MKTP.KD,1981,3582947065.65765
Cambodia,KHM,NY.GDP.MKTP.KD,1982,3582947065.65765
Cambodia,KHM,NY.GDP.MKTP.KD,1983,3741793666.97819
Cambodia,KHM,NY.GDP.MKTP.KD,1984,3926341896.40254
Cambodia,KHM,NY.GDP.MKTP.KD,1985,4109709289.00662
Cambodia,KHM,NY.GDP.MKTP.KD,1986,4265911859.7333
Cambodia,KHM,NY.GDP.MKTP.KD,1987,5184427493.70972
Cambodia,KHM,NY.GDP.MKTP.KD,1988,5805361650.77597
Cambodia,KHM,NY.GDP.MKTP.KD,1989,6007352427.85881
Cambodia,KHM,NY.GDP.MKTP.KD,1990,6077176596.90232
Cambodia,KHM,NY.GDP.MKTP.KD,1991,6538513178.62442
Cambodia,KHM,NY.GDP.MKTP.KD,1992,6997355850.26551
Cambodia,KHM,NY.GDP.MKTP.KD,1993,7284133439.52237
Cambodia,KHM,NY.GDP.MKTP.KD,1994,4748625742.75315
Cambodia,KHM,NY.GDP.MKTP.KD,1995,5218904416.41975
Cambodia,KHM,NY.GDP.MKTP.KD,1996,5526689596.99919
Cambodia,KHM,NY.GDP.MKTP.KD,1997,5748123107.34897
Cambodia,KHM,NY.GDP.MKTP.KD,1998,6017229084.13523
Cambodia,KHM,NY.GDP.MKTP.KD,1999,6781740973.22419
Cambodia,KHM,NY.GDP.MKTP.KD,2000,7459479704.67578
Cambodia,KHM,NY.GDP.MKTP.KD,2001,8010713670.8994
Cambodia,KHM,NY.GDP.MKTP.KD,2002,8512590714.58905
Cambodia,KHM,NY.GDP.MKTP.KD,2003,9387998414.66106
Cambodia,KHM,NY.GDP.MKTP.KD,2004,10275886653.5849
Cambodia,KHM,NY.GDP.MKTP.KD,2005,11642922159.7044
Cambodia,KHM,NY.GDP.MKTP.KD,2006,12917049054.0975
Cambodia,KHM,NY.GDP.MKTP.KD,2007,14260222987.8994
Cambodia,KHM,NY.GDP.MKTP.KD,2008,15326369460.3469
Cambodia,KHM,NY.GDP.MKTP.KD,2009,15950885068.8658
Cambodia,KHM,NY.GDP.MKTP.KD,2010,16760698493.0409
Cambodia,KHM,NY.GDP.MKTP.KD,2011,17981993293.903
Cambodia,KHM,NY.GDP.MKTP.KD,2012,19357661918.8519
Cambodia,KHM,NY.GDP.MKTP.KD,2013,20878690156.7817
Cambodia,KHM,NY.GDP.MKTP.KD,2014,22549052336.9265
Cambodia,KHM,NY.GDP.MKTP.KD,2015,24174170369.0738
Cambodia,KHM,NY.GDP.MKTP.KD,2016,26085259688.3373
Cambodia,KHM,NY.GDP.MKTP.KD,2017,28191654621.9478
Cambodia,KHM,NY.GDP.MKTP.KD,2018,30665817313.8491
Cambodia,KHM,NY.GDP.MKTP.KD,2019,33099747942.811
Cambodia,KHM,NY.GDP.MKTP.KD,2020,31922812945.0881
Cambodia,KHM,NY.GDP.MKTP.KD,2021,32909177695.673
Cambodia,KHM,NY.GDP.MKTP.KD,2022,34597385966.8314
Cambodia,KHM,NY.GDP.MKTP.KD,2023,36329791405.1421
Cambodia,KHM,NY.GDP.MKTP.KD,2024,38515324291.0221
Cambodia,KHM,NY.GDP.MKTP.KD,2025,40575632562.1218
Kiribati,KIR,NY.GDP.MKTP.KD,1970,84746574.8708675
Kiribati,KIR,NY.GDP.MKTP.KD,1971,82805827.4391105
Kiribati,KIR,NY.GDP.MKTP.KD,1972,92808131.3636628
Kiribati,KIR,NY.GDP.MKTP.KD,1973,112214202.943278
Kiribati,KIR,NY.GDP.MKTP.KD,1974,163050326.487859
Kiribati,KIR,NY.GDP.MKTP.KD,1975,171764420.369868
Kiribati,KIR,NY.GDP.MKTP.KD,1976,125786121.216689
Kiribati,KIR,NY.GDP.MKTP.KD,1977,119984073.320693
Kiribati,KIR,NY.GDP.MKTP.KD,1978,121255416.788099
Kiribati,KIR,NY.GDP.MKTP.KD,1979,107207983.835369
Kiribati,KIR,NY.GDP.MKTP.KD,1980,106050817.608776
Kiribati,KIR,NY.GDP.MKTP.KD,1981,112543454.688388
Kiribati,KIR,NY.GDP.MKTP.KD,1982,111316560.034976
Kiribati,KIR,NY.GDP.MKTP.KD,1983,100432091.631784
Kiribati,KIR,NY.GDP.MKTP.KD,1984,114410719.720611
Kiribati,KIR,NY.GDP.MKTP.KD,1985,99262600.1033589
Kiribati,KIR,NY.GDP.MKTP.KD,1986,96815058.7213838
Kiribati,KIR,NY.GDP.MKTP.KD,1987,98066619.8460231
Kiribati,KIR,NY.GDP.MKTP.KD,1988,119685813.265374
Kiribati,KIR,NY.GDP.MKTP.KD,1989,110957795.220944
Kiribati,KIR,NY.GDP.MKTP.KD,1990,103872769.02459
Kiribati,KIR,NY.GDP.MKTP.KD,1991,98005324.5676637
Kiribati,KIR,NY.GDP.MKTP.KD,1992,121486648.824449
Kiribati,KIR,NY.GDP.MKTP.KD,1993,121360309.173832
Kiribati,KIR,NY.GDP.MKTP.KD,1994,123842438.861016
Kiribati,KIR,NY.GDP.MKTP.KD,1995,127250840.738682
Kiribati,KIR,NY.GDP.MKTP.KD,1996,127184610.783428
Kiribati,KIR,NY.GDP.MKTP.KD,1997,128681742.929266
Kiribati,KIR,NY.GDP.MKTP.KD,1998,134398138.528156
Kiribati,KIR,NY.GDP.MKTP.KD,1999,129137483.710471
Kiribati,KIR,NY.GDP.MKTP.KD,2000,137844792.030144
Kiribati,KIR,NY.GDP.MKTP.KD,2001,133510773.704126
Kiribati,KIR,NY.GDP.MKTP.KD,2002,135442881.463681
Kiribati,KIR,NY.GDP.MKTP.KD,2003,133309023.708417
Kiribati,KIR,NY.GDP.MKTP.KD,2004,132497214.949953
Kiribati,KIR,NY.GDP.MKTP.KD,2005,134209649.095545
Kiribati,KIR,NY.GDP.MKTP.KD,2006,141962852.614276
Kiribati,KIR,NY.GDP.MKTP.KD,2007,146299931.070239
Kiribati,KIR,NY.GDP.MKTP.KD,2008,141933271.358134
Kiribati,KIR,NY.GDP.MKTP.KD,2009,142695170.854388
Kiribati,KIR,NY.GDP.MKTP.KD,2010,144444545.140039
Kiribati,KIR,NY.GDP.MKTP.KD,2011,149158821.041934
Kiribati,KIR,NY.GDP.MKTP.KD,2012,157815491.497028
Kiribati,KIR,NY.GDP.MKTP.KD,2013,170016083.870243
Kiribati,KIR,NY.GDP.MKTP.KD,2014,172164513.672867
Kiribati,KIR,NY.GDP.MKTP.KD,2015,191559398.688293
Kiribati,KIR,NY.GDP.MKTP.KD,2016,205137195.257567
Kiribati,KIR,NY.GDP.MKTP.KD,2017,212751891.466135
Kiribati,KIR,NY.GDP.MKTP.KD,2018,220037915.146482
Kiribati,KIR,NY.GDP.MKTP.KD,2019,227323938.826829
Kiribati,KIR,NY.GDP.MKTP.KD,2020,224409529.35469
Kiribati,KIR,NY.GDP.MKTP.KD,2021,243353190.923592
Kiribati,KIR,NY.GDP.MKTP.KD,2022,255739431.180182
Kiribati,KIR,NY.GDP.MKTP.KD,2023,263754057.228564
Kiribati,KIR,NY.GDP.MKTP.KD,2024,276140297.485154
Kiribati,KIR,NY.GDP.MKTP.KD,2025,287797935.373709
St. Kitts and Nevis,KNA,NY.GDP.MKTP.KD,1977,194002839.825459
St. Kitts and Nevis,KNA,NY.GDP.MKTP.KD,1978,201588164.973714
St. Kitts and Nevis,KNA,NY.GDP.MKTP.KD,1979,216904178.644145
St. Kitts and Nevis,KNA,NY.GDP.MKTP.KD,1980,235211153.856773
St. Kitts and Nevis,KNA,NY.GDP.MKTP.KD,1981,238849643.15553
St. Kitts and Nevis,KNA,NY.GDP.MKTP.KD,1982,240157913.520821
St. Kitts and Nevis,KNA,NY.GDP.MKTP.KD,1983,243007916.639823
St. Kitts and Nevis,KNA,NY.GDP.MKTP.KD,1984,264552530.635244
St. Kitts and Nevis,KNA,NY.GDP.MKTP.KD,1985,287171952.607537
St. Kitts and Nevis,KNA,NY.GDP.MKTP.KD,1986,318350193.838284
St. Kitts and Nevis,KNA,NY.GDP.MKTP.KD,1987,339203230.569898
St. Kitts and Nevis,KNA,NY.GDP.MKTP.KD,1988,370496000.519493
St. Kitts and Nevis,KNA,NY.GDP.MKTP.KD,1989,390798418.410495
St. Kitts and Nevis,KNA,NY.GDP.MKTP.KD,1990,409858640.19708
St. Kitts and Nevis,KNA,NY.GDP.MKTP.KD,1991,402216050.689402
St. Kitts and Nevis,KNA,NY.GDP.MKTP.KD,1992,419386548.61501
St. Kitts and Nevis,KNA,NY.GDP.MKTP.KD,1993,447913009.509376
St. Kitts and Nevis,KNA,NY.GDP.MKTP.KD,1994,471660098.86724
St. Kitts and Nevis,KNA,NY.GDP.MKTP.KD,1995,497050234.845487
St. Kitts and Nevis,KNA,NY.GDP.MKTP.KD,1996,526092074.974665
St. Kitts and Nevis,KNA,NY.GDP.MKTP.KD,1997,561992423.382491
St. Kitts and Nevis,KNA,NY.GDP.MKTP.KD,1998,559256948.982336
St. Kitts and Nevis,KNA,NY.GDP.MKTP.KD,1999,577264387.545673
St. Kitts and Nevis,KNA,NY.GDP.MKTP.KD,2000,635237944.035906
St. Kitts and Nevis,KNA,NY.GDP.MKTP.KD,2001,668609850.727648
St. Kitts and Nevis,KNA,NY.GDP.MKTP.KD,2002,677754528.432512
St. Kitts and Nevis,KNA,NY.GDP.MKTP.KD,2003,651095766.645498
St. Kitts and Nevis,KNA,NY.GDP.MKTP.KD,2004,677115810.577404
St. Kitts and Nevis,KNA,NY.GDP.MKTP.KD,2005,743018278.372433
St. Kitts and Nevis,KNA,NY.GDP.MKTP.KD,2006,766426186.524481
St. Kitts and Nevis,KNA,NY.GDP.MKTP.KD,2007,771029360.031988
St. Kitts and Nevis,KNA,NY.GDP.MKTP.KD,2008,858287028.941268
St. Kitts and Nevis,KNA,NY.GDP.MKTP.KD,2009,829064585.832369
St. Kitts and Nevis,KNA,NY.GDP.MKTP.KD,2010,828615280.858431
St. Kitts and Nevis,KNA,NY.GDP.MKTP.KD,2011,842010736.012811
St. Kitts and Nevis,KNA,NY.GDP.MKTP.KD,2012,835799755.490721
St. Kitts and Nevis,KNA,NY.GDP.MKTP.KD,2013,883668355.018065
St. Kitts and Nevis,KNA,NY.GDP.MKTP.KD,2014,950623606.036342
St. Kitts and Nevis,KNA,NY.GDP.MKTP.KD,2015,957222222.222222
St. Kitts and Nevis,KNA,NY.GDP.MKTP.KD,2016,994866931.117104
St. Kitts and Nevis,KNA,NY.GDP.MKTP.KD,2017,997065001.528822
St. Kitts and Nevis,KNA,NY.GDP.MKTP.KD,2018,1017041453.06618
St. Kitts and Nevis,KNA,NY.GDP.MKTP.KD,2019,1046924638.78381
St. Kitts and Nevis,KNA,NY.GDP.MKTP.KD,2020,886725390.821136
St. Kitts and Nevis,KNA,NY.GDP.MKTP.KD,2021,889985054.357552
St. Kitts and Nevis,KNA,NY.GDP.MKTP.KD,2022,983259885.957027
St. Kitts and Nevis,KNA,NY.GDP.MKTP.KD,2023,1012966873.64566
St. Kitts and Nevis,KNA,NY.GDP.MKTP.KD,2024,1016129628.26613
St. Kitts and Nevis,KNA,NY.GDP.MKTP.KD,2025,1043449132.66188
"Korea, Rep.",KOR,NY.GDP.MKTP.KD,1960,25956065666.4547
"Korea, Rep.",KOR,NY.GDP.MKTP.KD,1961,27752325950.9628
"Korea, Rep.",KOR,NY.GDP.MKTP.KD,1962,28840704941.5108
"Korea, Rep.",KOR,NY.GDP.MKTP.KD,1963,31439197234.8066
"Korea, Rep.",KOR,NY.GDP.MKTP.KD,1964,34402880326.8061
"Korea, Rep.",KOR,NY.GDP.MKTP.KD,1965,36918983033.1291
"Korea, Rep.",KOR,NY.GDP.MKTP.KD,1966,41352211966.2705
"Korea, Rep.",KOR,NY.GDP.MKTP.KD,1967,45136528802.2192
"Korea, Rep.",KOR,NY.GDP.MKTP.KD,1968,51104880669.0777
"Korea, Rep.",KOR,NY.GDP.MKTP.KD,1969,58561431044.9918
"Korea, Rep.",KOR,NY.GDP.MKTP.KD,1970,64515396100.7241
"Korea, Rep.",KOR,NY.GDP.MKTP.KD,1971,71387189519.7583
"Korea, Rep.",KOR,NY.GDP.MKTP.KD,1972,76624741567.9558
"Korea, Rep.",KOR,NY.GDP.MKTP.KD,1973,88099059883.6165
"Korea, Rep.",KOR,NY.GDP.MKTP.KD,1974,96599657797.1897
"Korea, Rep.",KOR,NY.GDP.MKTP.KD,1975,104261471164.404
"Korea, Rep.",KOR,NY.GDP.MKTP.KD,1976,118089873272.717
"Korea, Rep.",KOR,NY.GDP.MKTP.KD,1977,132706204222.942
"Korea, Rep.",KOR,NY.GDP.MKTP.KD,1978,147396058469.561
"Korea, Rep.",KOR,NY.GDP.MKTP.KD,1979,160273927312.535
"Korea, Rep.",KOR,NY.GDP.MKTP.KD,1980,157830929681.353
"Korea, Rep.",KOR,NY.GDP.MKTP.KD,1981,169516449730.117
"Korea, Rep.",KOR,NY.GDP.MKTP.KD,1982,183871559685.3
"Korea, Rep.",KOR,NY.GDP.MKTP.KD,1983,208633185451.276
"Korea, Rep.",KOR,NY.GDP.MKTP.KD,1984,230824674324.955
"Korea, Rep.",KOR,NY.GDP.MKTP.KD,1985,249149373131.462
"Korea, Rep.",KOR,NY.GDP.MKTP.KD,1986,277808988270.135
"Korea, Rep.",KOR,NY.GDP.MKTP.KD,1987,313624703636.085
"Korea, Rep.",KOR,NY.GDP.MKTP.KD,1988,351677400843.66
"Korea, Rep.",KOR,NY.GDP.MKTP.KD,1989,376875147732.962
"Korea, Rep.",KOR,NY.GDP.MKTP.KD,1990,414656502991.157
"Korea, Rep.",KOR,NY.GDP.MKTP.KD,1991,459750289581.251
"Korea, Rep.",KOR,NY.GDP.MKTP.KD,1992,488951752176.177
"Korea, Rep.",KOR,NY.GDP.MKTP.KD,1993,523152547993.21
"Korea, Rep.",KOR,NY.GDP.MKTP.KD,1994,572181545647.577
"Korea, Rep.",KOR,NY.GDP.MKTP.KD,1995,627888532992.027
"Korea, Rep.",KOR,NY.GDP.MKTP.KD,1996,678059525601.662
"Korea, Rep.",KOR,NY.GDP.MKTP.KD,1997,720656531307.353
"Korea, Rep.",KOR,NY.GDP.MKTP.KD,1998,685063811513.859
"Korea, Rep.",KOR,NY.GDP.MKTP.KD,1999,764649475913.54
"Korea, Rep.",KOR,NY.GDP.MKTP.KD,2000,835011437852.054
"Korea, Rep.",KOR,NY.GDP.MKTP.KD,2001,874473540684.493
"Korea, Rep.",KOR,NY.GDP.MKTP.KD,2002,942192762521.074
"Korea, Rep.",KOR,NY.GDP.MKTP.KD,2003,971162614185.718
"Korea, Rep.",KOR,NY.GDP.MKTP.KD,2004,1021504157422.6
"Korea, Rep.",KOR,NY.GDP.MKTP.KD,2005,1066023726231.41
"Korea, Rep.",KOR,NY.GDP.MKTP.KD,2006,1121936729365.41
"Korea, Rep.",KOR,NY.GDP.MKTP.KD,2007,1187479862374.9
"Korea, Rep.",KOR,NY.GDP.MKTP.KD,2008,1223156560996.14
"Korea, Rep.",KOR,NY.GDP.MKTP.KD,2009,1233184753860.86
"Korea, Rep.",KOR,NY.GDP.MKTP.KD,2010,1319281537670.41
"Korea, Rep.",KOR,NY.GDP.MKTP.KD,2011,1367937063745.25
"Korea, Rep.",KOR,NY.GDP.MKTP.KD,2012,1402787524457.73
"Korea, Rep.",KOR,NY.GDP.MKTP.KD,2013,1448958816285.78
"Korea, Rep.",KOR,NY.GDP.MKTP.KD,2014,1495538208413.16
"Korea, Rep.",KOR,NY.GDP.MKTP.KD,2015,1539212301135.55
"Korea, Rep.",KOR,NY.GDP.MKTP.KD,2016,1588028842393.05
"Korea, Rep.",KOR,NY.GDP.MKTP.KD,2017,1642548917819.59
"Korea, Rep.",KOR,NY.GDP.MKTP.KD,2018,1694718171579.25
"Korea, Rep.",KOR,NY.GDP.MKTP.KD,2019,1733930596323.25
"Korea, Rep.",KOR,NY.GDP.MKTP.KD,2020,1721788880530.99
"Korea, Rep.",KOR,NY.GDP.MKTP.KD,2021,1801214449834.76
"Korea, Rep.",KOR,NY.GDP.MKTP.KD,2022,1850343736945.76
"Korea, Rep.",KOR,NY.GDP.MKTP.KD,2023,1879634949821.72
"Korea, Rep.",KOR,NY.GDP.MKTP.KD,2024,1917295522781.86
"Korea, Rep.",KOR,NY.GDP.MKTP.KD,2025,1936603041534.49
Kuwait,KWT,NY.GDP.MKTP.KD,1970,55498510908.7117
Kuwait,KWT,NY.GDP.MKTP.KD,1971,59407648951.839
Kuwait,KWT,NY.GDP.MKTP.KD,1972,61725008483.9921
Kuwait,KWT,NY.GDP.MKTP.KD,1973,57669629302.7241
Kuwait,KWT,NY.GDP.MKTP.KD,1974,50177583440.3505
Kuwait,KWT,NY.GDP.MKTP.KD,1975,44018581774.7583
Kuwait,KWT,NY.GDP.MKTP.KD,1976,46926530505.8162
Kuwait,KWT,NY.GDP.MKTP.KD,1977,45121014947.0131
Kuwait,KWT,NY.GDP.MKTP.KD,1978,48439563791.2356
Kuwait,KWT,NY.GDP.MKTP.KD,1979,55172280681.9329
Kuwait,KWT,NY.GDP.MKTP.KD,1980,44462929838.4201
Kuwait,KWT,NY.GDP.MKTP.KD,1981,36048439889.5318
Kuwait,KWT,NY.GDP.MKTP.KD,1982,31813071622.5237
Kuwait,KWT,NY.GDP.MKTP.KD,1983,34338543538.7768
Kuwait,KWT,NY.GDP.MKTP.KD,1984,36138434436.7488
Kuwait,KWT,NY.GDP.MKTP.KD,1985,34597277855.8674
Kuwait,KWT,NY.GDP.MKTP.KD,1986,37561473177.8492
Kuwait,KWT,NY.GDP.MKTP.KD,1987,40621287704.9811
Kuwait,KWT,NY.GDP.MKTP.KD,1988,36537785228.2511
Kuwait,KWT,NY.GDP.MKTP.KD,1989,45998461761.3682
Kuwait,KWT,NY.GDP.MKTP.KD,1990,33933574664.7635
Kuwait,KWT,NY.GDP.MKTP.KD,1991,20018165400.0387
Kuwait,KWT,NY.GDP.MKTP.KD,1992,36595073851.1762
Kuwait,KWT,NY.GDP.MKTP.KD,1993,49033910555.6181
Kuwait,KWT,NY.GDP.MKTP.KD,1994,53170492472.1749
Kuwait,KWT,NY.GDP.MKTP.KD,1995,55753669856.6105
Kuwait,KWT,NY.GDP.MKTP.KD,1996,56091050454.9445
Kuwait,KWT,NY.GDP.MKTP.KD,1997,57478364573.3471
Kuwait,KWT,NY.GDP.MKTP.KD,1998,59583253740.7562
Kuwait,KWT,NY.GDP.MKTP.KD,1999,58517303894.6596
Kuwait,KWT,NY.GDP.MKTP.KD,2000,61264446634.5746
Kuwait,KWT,NY.GDP.MKTP.KD,2001,61395143657.0582
Kuwait,KWT,NY.GDP.MKTP.KD,2002,63245767128.4116
Kuwait,KWT,NY.GDP.MKTP.KD,2003,74203741654.2937
Kuwait,KWT,NY.GDP.MKTP.KD,2004,81802425970.3532
Kuwait,KWT,NY.GDP.MKTP.KD,2005,90480882139.5699
Kuwait,KWT,NY.GDP.MKTP.KD,2006,97280315040.9735
Kuwait,KWT,NY.GDP.MKTP.KD,2007,103108938573.596
Kuwait,KWT,NY.GDP.MKTP.KD,2008,105665789636.507
Kuwait,KWT,NY.GDP.MKTP.KD,2009,98188818733.8474
Kuwait,KWT,NY.GDP.MKTP.KD,2010,95861205611.671
Kuwait,KWT,NY.GDP.MKTP.KD,2011,105091330435.265
Kuwait,KWT,NY.GDP.MKTP.KD,2012,112054550468.936
Kuwait,KWT,NY.GDP.MKTP.KD,2013,113342578898.914
Kuwait,KWT,NY.GDP.MKTP.KD,2014,113910328503.346
Kuwait,KWT,NY.GDP.MKTP.KD,2015,114585555688.511
Kuwait,KWT,NY.GDP.MKTP.KD,2016,117938415952.58
Kuwait,KWT,NY.GDP.MKTP.KD,2017,112380895138.2
Kuwait,KWT,NY.GDP.MKTP.KD,2018,115463874454.862
Kuwait,KWT,NY.GDP.MKTP.KD,2019,118077765349.788
Kuwait,KWT,NY.GDP.MKTP.KD,2020,112389586345.299
Kuwait,KWT,NY.GDP.MKTP.KD,2021,114268886945.818
Kuwait,KWT,NY.GDP.MKTP.KD,2022,121991940635.833
Kuwait,KWT,NY.GDP.MKTP.KD,2023,119990201720.547
Kuwait,KWT,NY.GDP.MKTP.KD,2024,118221524330.941
Kuwait,KWT,NY.GDP.MKTP.KD,2025,121451130439.078
Latin America & Caribbean (excluding high income),LAC,NY.GDP.MKTP.KD,1960,650829105765.722
Latin America & Caribbean (excluding high income),LAC,NY.GDP.MKTP.KD,1961,690221044621.626
Latin America & Caribbean (excluding high income),LAC,NY.GDP.MKTP.KD,1962,721598606080.555
Latin America & Caribbean (excluding high income),LAC,NY.GDP.MKTP.KD,1963,734790892102.208
Latin America & Caribbean (excluding high income),LAC,NY.GDP.MKTP.KD,1964,792379316057.854
Latin America & Caribbean (excluding high income),LAC,NY.GDP.MKTP.KD,1965,837885014647.021
Latin America & Caribbean (excluding high income),LAC,NY.GDP.MKTP.KD,1966,875100734966.167
Latin America & Caribbean (excluding high income),LAC,NY.GDP.MKTP.KD,1967,913144812518.075
Latin America & Caribbean (excluding high income),LAC,NY.GDP.MKTP.KD,1968,981018621840.742
Latin America & Caribbean (excluding high income),LAC,NY.GDP.MKTP.KD,1969,1045878162245.57
Latin America & Caribbean (excluding high income),LAC,NY.GDP.MKTP.KD,1970,1117650919044.91
Latin America & Caribbean (excluding high income),LAC,NY.GDP.MKTP.KD,1971,1192732178258.88
Latin America & Caribbean (excluding high income),LAC,NY.GDP.MKTP.KD,1972,1281409957323.41
Latin America & Caribbean (excluding high income),LAC,NY.GDP.MKTP.KD,1973,1391982228326.3
Latin America & Caribbean (excluding high income),LAC,NY.GDP.MKTP.KD,1974,1482187076240.7
Latin America & Caribbean (excluding high income),LAC,NY.GDP.MKTP.KD,1975,1544468149084.43
Latin America & Caribbean (excluding high income),LAC,NY.GDP.MKTP.KD,1976,1630612962053.75
Latin America & Caribbean (excluding high income),LAC,NY.GDP.MKTP.KD,1977,1708408392436.16
Latin America & Caribbean (excluding high income),LAC,NY.GDP.MKTP.KD,1978,1780264492451.58
Latin America & Caribbean (excluding high income),LAC,NY.GDP.MKTP.KD,1979,1906899224058.17
Latin America & Caribbean (excluding high income),LAC,NY.GDP.MKTP.KD,1980,2026490873663.07
Latin America & Caribbean (excluding high income),LAC,NY.GDP.MKTP.KD,1981,2046873400087.13
Latin America & Caribbean (excluding high income),LAC,NY.GDP.MKTP.KD,1982,2055038654782.41
Latin America & Caribbean (excluding high income),LAC,NY.GDP.MKTP.KD,1983,2006153203232.17
Latin America & Caribbean (excluding high income),LAC,NY.GDP.MKTP.KD,1984,2084776721599.85
Latin America & Caribbean (excluding high income),LAC,NY.GDP.MKTP.KD,1985,2148836989430.97
Latin America & Caribbean (excluding high income),LAC,NY.GDP.MKTP.KD,1986,2222706291444.23
Latin America & Caribbean (excluding high income),LAC,NY.GDP.MKTP.KD,1987,2293769376171.23
Latin America & Caribbean (excluding high income),LAC,NY.GDP.MKTP.KD,1988,2306124261117.14
Latin America & Caribbean (excluding high income),LAC,NY.GDP.MKTP.KD,1989,2325077262035.25
Latin America & Caribbean (excluding high income),LAC,NY.GDP.MKTP.KD,1990,2318651870740.71
Latin America & Caribbean (excluding high income),LAC,NY.GDP.MKTP.KD,1991,2389871480975.31
Latin America & Caribbean (excluding high income),LAC,NY.GDP.MKTP.KD,1992,2442596570151.27
Latin America & Caribbean (excluding high income),LAC,NY.GDP.MKTP.KD,1993,2544945104717.43
Latin America & Caribbean (excluding high income),LAC,NY.GDP.MKTP.KD,1994,2673847282172.57
Latin America & Caribbean (excluding high income),LAC,NY.GDP.MKTP.KD,1995,2687646652304.25
Latin America & Caribbean (excluding high income),LAC,NY.GDP.MKTP.KD,1996,2789932371880.53
Latin America & Caribbean (excluding high income),LAC,NY.GDP.MKTP.KD,1997,2939433354537.29
Latin America & Caribbean (excluding high income),LAC,NY.GDP.MKTP.KD,1998,3018631612550.9
Latin America & Caribbean (excluding high income),LAC,NY.GDP.MKTP.KD,1999,3028639403098.35
Latin America & Caribbean (excluding high income),LAC,NY.GDP.MKTP.KD,2000,3138379826697.09
Latin America & Caribbean (excluding high income),LAC,NY.GDP.MKTP.KD,2001,3145860455788.98
Latin America & Caribbean (excluding high income),LAC,NY.GDP.MKTP.KD,2002,3147849787240.05
Latin America & Caribbean (excluding high income),LAC,NY.GDP.MKTP.KD,2003,3214237751086.2
Latin America & Caribbean (excluding high income),LAC,NY.GDP.MKTP.KD,2004,3394348302502.99
Latin America & Caribbean (excluding high income),LAC,NY.GDP.MKTP.KD,2005,3535555685884.74
Latin America & Caribbean (excluding high income),LAC,NY.GDP.MKTP.KD,2006,3725294989703.96
Latin America & Caribbean (excluding high income),LAC,NY.GDP.MKTP.KD,2007,3926829460701.91
Latin America & Caribbean (excluding high income),LAC,NY.GDP.MKTP.KD,2008,4075083843840.36
Latin America & Caribbean (excluding high income),LAC,NY.GDP.MKTP.KD,2009,3975460912752.1
Latin America & Caribbean (excluding high income),LAC,NY.GDP.MKTP.KD,2010,4230793964213.47
Latin America & Caribbean (excluding high income),LAC,NY.GDP.MKTP.KD,2011,4417677157329.67
Latin America & Caribbean (excluding high income),LAC,NY.GDP.MKTP.KD,2012,4525495401932.66
Latin America & Caribbean (excluding high income),LAC,NY.GDP.MKTP.KD,2013,4648802312847.68
Latin America & Caribbean (excluding high income),LAC,NY.GDP.MKTP.KD,2014,4700702160616.39
Latin America & Caribbean (excluding high income),LAC,NY.GDP.MKTP.KD,2015,4703989762871.3
Latin America & Caribbean (excluding high income),LAC,NY.GDP.MKTP.KD,2016,4658009307531.01
Latin America & Caribbean (excluding high income),LAC,NY.GDP.MKTP.KD,2017,4731953462368.33
Latin America & Caribbean (excluding high income),LAC,NY.GDP.MKTP.KD,2018,4786479646202.18
Latin America & Caribbean (excluding high income),LAC,NY.GDP.MKTP.KD,2019,4795229045146.46
Latin America & Caribbean (excluding high income),LAC,NY.GDP.MKTP.KD,2020,4469326087631.0
Latin America & Caribbean (excluding high income),LAC,NY.GDP.MKTP.KD,2021,4775676639761.52
Latin America & Caribbean (excluding high income),LAC,NY.GDP.MKTP.KD,2022,4965555613268.88
Latin America & Caribbean (excluding high income),LAC,NY.GDP.MKTP.KD,2023,5071163544036.39
Latin America & Caribbean (excluding high income),LAC,NY.GDP.MKTP.KD,2024,5172080467258.18
Latin America & Caribbean (excluding high income),LAC,NY.GDP.MKTP.KD,2025,5286636914155.63
Lao PDR,LAO,NY.GDP.MKTP.KD,1984,2109467955.25326
Lao PDR,LAO,NY.GDP.MKTP.KD,1985,2216417220.06336
Lao PDR,LAO,NY.GDP.MKTP.KD,1986,2324692154.92208
Lao PDR,LAO,NY.GDP.MKTP.KD,1987,2291546871.25054
Lao PDR,LAO,NY.GDP.MKTP.KD,1988,2245482171.91353
Lao PDR,LAO,NY.GDP.MKTP.KD,1989,2564130387.501
Lao PDR,LAO,NY.GDP.MKTP.KD,1990,2736044527.0661
Lao PDR,LAO,NY.GDP.MKTP.KD,1991,2853600421.42037
Lao PDR,LAO,NY.GDP.MKTP.KD,1992,3012256546.1234
Lao PDR,LAO,NY.GDP.MKTP.KD,1993,3190357917.97419
Lao PDR,LAO,NY.GDP.MKTP.KD,1994,3450659811.76174
Lao PDR,LAO,NY.GDP.MKTP.KD,1995,3693284478.98933
Lao PDR,LAO,NY.GDP.MKTP.KD,1996,3949167183.90196
Lao PDR,LAO,NY.GDP.MKTP.KD,1997,4220557557.23225
Lao PDR,LAO,NY.GDP.MKTP.KD,1998,4388012740.39955
Lao PDR,LAO,NY.GDP.MKTP.KD,1999,4708617453.27328
Lao PDR,LAO,NY.GDP.MKTP.KD,2000,4981659930.07599
Lao PDR,LAO,NY.GDP.MKTP.KD,2001,5268175760.92381
Lao PDR,LAO,NY.GDP.MKTP.KD,2002,5579985581.01999
Lao PDR,LAO,NY.GDP.MKTP.KD,2003,5918523434.75225
Lao PDR,LAO,NY.GDP.MKTP.KD,2004,6294805131.65111
Lao PDR,LAO,NY.GDP.MKTP.KD,2005,6742212710.02267
Lao PDR,LAO,NY.GDP.MKTP.KD,2006,7323341971.83126
Lao PDR,LAO,NY.GDP.MKTP.KD,2007,7879683723.91001
Lao PDR,LAO,NY.GDP.MKTP.KD,2008,8496261313.36707
Lao PDR,LAO,NY.GDP.MKTP.KD,2009,9133631713.05317
Lao PDR,LAO,NY.GDP.MKTP.KD,2010,9912447859.53224
Lao PDR,LAO,NY.GDP.MKTP.KD,2011,10709275115.0696
Lao PDR,LAO,NY.GDP.MKTP.KD,2012,11568812077.4386
Lao PDR,LAO,NY.GDP.MKTP.KD,2013,12497359667.4702
Lao PDR,LAO,NY.GDP.MKTP.KD,2014,13448654116.2974
Lao PDR,LAO,NY.GDP.MKTP.KD,2015,14426380125.6488
Lao PDR,LAO,NY.GDP.MKTP.KD,2016,15439521179.3987
Lao PDR,LAO,NY.GDP.MKTP.KD,2017,16503694943.2856
Lao PDR,LAO,NY.GDP.MKTP.KD,2018,17534839203.1116
Lao PDR,LAO,NY.GDP.MKTP.KD,2019,18491844275.7106
Lao PDR,LAO,NY.GDP.MKTP.KD,2020,18584864138.19
Lao PDR,LAO,NY.GDP.MKTP.KD,2021,19054754737.3799
Lao PDR,LAO,NY.GDP.MKTP.KD,2022,19570648221.6862
Lao PDR,LAO,NY.GDP.MKTP.KD,2023,20303702352.295
Lao PDR,LAO,NY.GDP.MKTP.KD,2024,21142284373.3873
Lao PDR,LAO,NY.GDP.MKTP.KD,2025,22101637863.16
Lebanon,LBN,NY.GDP.MKTP.KD,1988,13590690651.8309
Lebanon,LBN,NY.GDP.MKTP.KD,1989,7821290496.8826
Lebanon,LBN,NY.GDP.MKTP.KD,1990,9896526025.77854
Lebanon,LBN,NY.GDP.MKTP.KD,1991,14790098775.879
Lebanon,LBN,NY.GDP.MKTP.KD,1992,17221346342.7057
Lebanon,LBN,NY.GDP.MKTP.KD,1993,19075339624.5917
Lebanon,LBN,NY.GDP.MKTP.KD,1994,20621442059.1652
Lebanon,LBN,NY.GDP.MKTP.KD,1995,21951290517.4826
Lebanon,LBN,NY.GDP.MKTP.KD,1996,24428699054.1547
Lebanon,LBN,NY.GDP.MKTP.KD,1997,24686413686.4571
Lebanon,LBN,NY.GDP.MKTP.KD,1998,25591349424.6391
Lebanon,LBN,NY.GDP.MKTP.KD,1999,25456845224.2295
Lebanon,LBN,NY.GDP.MKTP.KD,2000,25798443405.5655
Lebanon,LBN,NY.GDP.MKTP.KD,2001,26789018310.9609
Lebanon,LBN,NY.GDP.MKTP.KD,2002,27706046545.3127
Lebanon,LBN,NY.GDP.MKTP.KD,2003,28600147893.7267
Lebanon,LBN,NY.GDP.MKTP.KD,2004,30510478932.4999
Lebanon,LBN,NY.GDP.MKTP.KD,2005,31329923063.1007
Lebanon,LBN,NY.GDP.MKTP.KD,2006,31815384920.7126
Lebanon,LBN,NY.GDP.MKTP.KD,2007,34777595316.005
Lebanon,LBN,NY.GDP.MKTP.KD,2008,37931620043.7015
Lebanon,LBN,NY.GDP.MKTP.KD,2009,41812842419.7439
Lebanon,LBN,NY.GDP.MKTP.KD,2010,45147473283.5593
Lebanon,LBN,NY.GDP.MKTP.KD,2011,45539055323.5066
Lebanon,LBN,NY.GDP.MKTP.KD,2012,46707037069.3046
Lebanon,LBN,NY.GDP.MKTP.KD,2013,48494923363.2625
Lebanon,LBN,NY.GDP.MKTP.KD,2014,49699566407.4833
Lebanon,LBN,NY.GDP.MKTP.KD,2015,49929337836.8159
Lebanon,LBN,NY.GDP.MKTP.KD,2016,50705514062.8608
Lebanon,LBN,NY.GDP.MKTP.KD,2017,51163399287.7034
Lebanon,LBN,NY.GDP.MKTP.KD,2018,50199119756.2008
Lebanon,LBN,NY.GDP.MKTP.KD,2019,46727888410.6848
Lebanon,LBN,NY.GDP.MKTP.KD,2020,36728167162.8739
Lebanon,LBN,NY.GDP.MKTP.KD,2021,34156740537.1604
Lebanon,LBN,NY.GDP.MKTP.KD,2022,33944395264.1769
Lebanon,LBN,NY.GDP.MKTP.KD,2023,33686219465.2748
Lebanon,LBN,NY.GDP.MKTP.KD,2024,31301271532.2962
Liberia,LBR,NY.GDP.MKTP.KD,1960,2785350370.18069
Liberia,LBR,NY.GDP.MKTP.KD,1961,2853312513.1916
Liberia,LBR,NY.GDP.MKTP.KD,1962,2891678326.53536
Liberia,LBR,NY.GDP.MKTP.KD,1963,2957448411.79038
Liberia,LBR,NY.GDP.MKTP.KD,1964,3109815009.49354
Liberia,LBR,NY.GDP.MKTP.KD,1965,3258892894.70375
Liberia,LBR,NY.GDP.MKTP.KD,1966,3509914203.82905
Liberia,LBR,NY.GDP.MKTP.KD,1967,3746685675.02189
Liberia,LBR,NY.GDP.MKTP.KD,1968,3925360307.76188
Liberia,LBR,NY.GDP.MKTP.KD,1969,4211459133.73098
Liberia,LBR,NY.GDP.MKTP.KD,1970,4492076771.58861
Liberia,LBR,NY.GDP.MKTP.KD,1971,4712405513.2375
Liberia,LBR,NY.GDP.MKTP.KD,1972,4907522457.65882
Liberia,LBR,NY.GDP.MKTP.KD,1973,4796809968.86456
Liberia,LBR,NY.GDP.MKTP.KD,1974,5024811956.3808
Liberia,LBR,NY.GDP.MKTP.KD,1975,4850521857.01522
Liberia,LBR,NY.GDP.MKTP.KD,1976,5108120174.19861
Liberia,LBR,NY.GDP.MKTP.KD,1977,5189236333.32571
Liberia,LBR,NY.GDP.MKTP.KD,1978,5439161404.64176
Liberia,LBR,NY.GDP.MKTP.KD,1979,5616740217.43511
Liberia,LBR,NY.GDP.MKTP.KD,1980,5386545754.30036
Liberia,LBR,NY.GDP.MKTP.KD,1981,5271448731.19689
Liberia,LBR,NY.GDP.MKTP.KD,1982,5143197691.97722
Liberia,LBR,NY.GDP.MKTP.KD,1983,5045638801.43654
Liberia,LBR,NY.GDP.MKTP.KD,1984,4939311262.94449
Liberia,LBR,NY.GDP.MKTP.KD,1985,4897657154.03558
Liberia,LBR,NY.GDP.MKTP.KD,1986,4815445174.02703
Liberia,LBR,NY.GDP.MKTP.KD,1987,4767213639.19741
Liberia,LBR,NY.GDP.MKTP.KD,1988,4669871991.41282
Liberia,LBR,NY.GDP.MKTP.KD,1989,3424489545.49759
Liberia,LBR,NY.GDP.MKTP.KD,1990,1676942910.41919
Liberia,LBR,NY.GDP.MKTP.KD,1991,1438394191.91654
Liberia,LBR,NY.GDP.MKTP.KD,1992,933723838.507843
Liberia,LBR,NY.GDP.MKTP.KD,1993,625824712.107485
Liberia,LBR,NY.GDP.MKTP.KD,1994,489630570.966971
Liberia,LBR,NY.GDP.MKTP.KD,1995,468741927.114726
Liberia,LBR,NY.GDP.MKTP.KD,1996,525559090.742512
Liberia,LBR,NY.GDP.MKTP.KD,1997,1084122317.29609
Liberia,LBR,NY.GDP.MKTP.KD,1998,1411615367.79969
Liberia,LBR,NY.GDP.MKTP.KD,1999,1718520972.07064
Liberia,LBR,NY.GDP.MKTP.KD,2000,2210291803.5902
Liberia,LBR,NY.GDP.MKTP.KD,2001,2274838397.37873
Liberia,LBR,NY.GDP.MKTP.KD,2002,2360440967.03039
Liberia,LBR,NY.GDP.MKTP.KD,2003,1648882904.55436
Liberia,LBR,NY.GDP.MKTP.KD,2004,1692081112.12779
Liberia,LBR,NY.GDP.MKTP.KD,2005,1781443510.53791
Liberia,LBR,NY.GDP.MKTP.KD,2006,1924741222.72585
Liberia,LBR,NY.GDP.MKTP.KD,2007,2108270598.33452
Liberia,LBR,NY.GDP.MKTP.KD,2008,2258921103.43636
Liberia,LBR,NY.GDP.MKTP.KD,2009,2378656131.45291
Liberia,LBR,NY.GDP.MKTP.KD,2010,2523749998.53307
Liberia,LBR,NY.GDP.MKTP.KD,2011,2730716886.49046
Liberia,LBR,NY.GDP.MKTP.KD,2012,2949005327.42991
Liberia,LBR,NY.GDP.MKTP.KD,2013,3205193907.94462
Liberia,LBR,NY.GDP.MKTP.KD,2014,3227674916.86578
Liberia,LBR,NY.GDP.MKTP.KD,2015,3227075700.0
Liberia,LBR,NY.GDP.MKTP.KD,2016,3176896008.31
Liberia,LBR,NY.GDP.MKTP.KD,2017,3254893758.73415
Liberia,LBR,NY.GDP.MKTP.KD,2018,3292571599.13518
Liberia,LBR,NY.GDP.MKTP.KD,2019,3211334057.92828
Liberia,LBR,NY.GDP.MKTP.KD,2020,3115556299.79146
Liberia,LBR,NY.GDP.MKTP.KD,2021,3270920145.66908
Liberia,LBR,NY.GDP.MKTP.KD,2022,3428189426.39464
Liberia,LBR,NY.GDP.MKTP.KD,2023,3588757484.77383
Liberia,LBR,NY.GDP.MKTP.KD,2024,3733092094.5398
Liberia,LBR,NY.GDP.MKTP.KD,2025,3920364939.63214
Libya,LBY,NY.GDP.MKTP.KD,1960,4206979769.71443
Libya,LBY,NY.GDP.MKTP.KD,1961,4623294238.63811
Libya,LBY,NY.GDP.MKTP.KD,1962,6127004092.17358
Libya,LBY,NY.GDP.MKTP.KD,1963,8272704007.27891
Libya,LBY,NY.GDP.MKTP.KD,1964,12001351827.4839
Libya,LBY,NY.GDP.MKTP.KD,1965,15379597827.5084
Libya,LBY,NY.GDP.MKTP.KD,1966,18238997837.3163
Libya,LBY,NY.GDP.MKTP.KD,1967,20265366359.0823
Libya,LBY,NY.GDP.MKTP.KD,1968,27128012832.1743
Libya,LBY,NY.GDP.MKTP.KD,1969,30678497533.51
Libya,LBY,NY.GDP.MKTP.KD,1970,32197312918.5276
Libya,LBY,NY.GDP.MKTP.KD,1971,30498091672.3913
Libya,LBY,NY.GDP.MKTP.KD,1972,33281298886.212
Libya,LBY,NY.GDP.MKTP.KD,1973,33925831081.5749
Libya,LBY,NY.GDP.MKTP.KD,1974,41455139017.5464
Libya,LBY,NY.GDP.MKTP.KD,1975,43125063344.1066
Libya,LBY,NY.GDP.MKTP.KD,1976,52992488552.4777
Libya,LBY,NY.GDP.MKTP.KD,1977,57683765284.0683
Libya,LBY,NY.GDP.MKTP.KD,1978,59590166894.8703
Libya,LBY,NY.GDP.MKTP.KD,1979,64928319576.7224
Libya,LBY,NY.GDP.MKTP.KD,1980,65373260707.1559
Libya,LBY,NY.GDP.MKTP.KD,1981,52828013781.8676
Libya,LBY,NY.GDP.MKTP.KD,1982,54310397842.6176
Libya,LBY,NY.GDP.MKTP.KD,1983,52967721371.2717
Libya,LBY,NY.GDP.MKTP.KD,1984,50297204631.8625
Libya,LBY,NY.GDP.MKTP.KD,1985,54485341416.0667
Libya,LBY,NY.GDP.MKTP.KD,1986,48299889590.7404
Libya,LBY,NY.GDP.MKTP.KD,1987,41198814142.543
Libya,LBY,NY.GDP.MKTP.KD,1988,44321281890.3532
Libya,LBY,NY.GDP.MKTP.KD,1989,47512155858.1689
Libya,LBY,NY.GDP.MKTP.KD,1990,49279670598.2636
Libya,LBY,NY.GDP.MKTP.KD,1991,56994467920.7338
Libya,LBY,NY.GDP.MKTP.KD,1992,55448621740.5463
Libya,LBY,NY.GDP.MKTP.KD,1993,53361983286.4069
Libya,LBY,NY.GDP.MKTP.KD,1994,54394423864.3042
Libya,LBY,NY.GDP.MKTP.KD,1995,53186646293.0975
Libya,LBY,NY.GDP.MKTP.KD,1996,54321714851.0961
Libya,LBY,NY.GDP.MKTP.KD,1997,57153327139.4503
Libya,LBY,NY.GDP.MKTP.KD,1998,55123101078.1761
Libya,LBY,NY.GDP.MKTP.KD,1999,55536336508.487
Libya,LBY,NY.GDP.MKTP.KD,2000,57579668503.4421
Libya,LBY,NY.GDP.MKTP.KD,2001,56564631725.4858
Libya,LBY,NY.GDP.MKTP.KD,2002,56022234980.534
Libya,LBY,NY.GDP.MKTP.KD,2003,63314109952.651
Libya,LBY,NY.GDP.MKTP.KD,2004,66138956972.5768
Libya,LBY,NY.GDP.MKTP.KD,2005,73990151521.3885
Libya,LBY,NY.GDP.MKTP.KD,2006,78799900129.0316
Libya,LBY,NY.GDP.MKTP.KD,2007,83709120342.1548
Libya,LBY,NY.GDP.MKTP.KD,2008,83573471186.9254
Libya,LBY,NY.GDP.MKTP.KD,2009,79896086548.9669
Libya,LBY,NY.GDP.MKTP.KD,2010,83912660700.3206
Libya,LBY,NY.GDP.MKTP.KD,2011,41672273290.5727
Libya,LBY,NY.GDP.MKTP.KD,2012,77854953189.632
Libya,LBY,NY.GDP.MKTP.KD,2013,63842648630.664
Libya,LBY,NY.GDP.MKTP.KD,2014,49131511071.1064
Libya,LBY,NY.GDP.MKTP.KD,2015,48717501321.3052
Libya,LBY,NY.GDP.MKTP.KD,2016,47991152062.8031
Libya,LBY,NY.GDP.MKTP.KD,2017,63584342257.9606
Libya,LBY,NY.GDP.MKTP.KD,2018,68633808773.5188
Libya,LBY,NY.GDP.MKTP.KD,2019,60949510655.8708
Libya,LBY,NY.GDP.MKTP.KD,2020,42996651437.748
Libya,LBY,NY.GDP.MKTP.KD,2021,55164567212.7209
Libya,LBY,NY.GDP.MKTP.KD,2022,50586008471.7998
Libya,LBY,NY.GDP.MKTP.KD,2023,55745806520.295
Libya,LBY,NY.GDP.MKTP.KD,2024,56804949261.2974
Libya,LBY,NY.GDP.MKTP.KD,2025,64400741235.432
St. Lucia,LCA,NY.GDP.MKTP.KD,1977,483071666.370725
St. Lucia,LCA,NY.GDP.MKTP.KD,1978,532885730.443547
St. Lucia,LCA,NY.GDP.MKTP.KD,1979,553096670.870333
St. Lucia,LCA,NY.GDP.MKTP.KD,1980,540815003.817063
St. Lucia,LCA,NY.GDP.MKTP.KD,1981,574941799.663024
St. Lucia,LCA,NY.GDP.MKTP.KD,1982,586937052.519247
St. Lucia,LCA,NY.GDP.MKTP.KD,1983,616080730.927389
St. Lucia,LCA,NY.GDP.MKTP.KD,1984,660842530.186584
St. Lucia,LCA,NY.GDP.MKTP.KD,1985,715611606.683218
St. Lucia,LCA,NY.GDP.MKTP.KD,1986,818674128.230424
St. Lucia,LCA,NY.GDP.MKTP.KD,1987,850796701.904777
St. Lucia,LCA,NY.GDP.MKTP.KD,1988,969054583.354008
St. Lucia,LCA,NY.GDP.MKTP.KD,1989,1056085416.33001
St. Lucia,LCA,NY.GDP.MKTP.KD,1990,1160539672.65499
St. Lucia,LCA,NY.GDP.MKTP.KD,1991,1164899565.29353
St. Lucia,LCA,NY.GDP.MKTP.KD,1992,1257544905.59482
St. Lucia,LCA,NY.GDP.MKTP.KD,1993,1264878904.44378
St. Lucia,LCA,NY.GDP.MKTP.KD,1994,1285098754.70856
St. Lucia,LCA,NY.GDP.MKTP.KD,1995,1307565183.52965
St. Lucia,LCA,NY.GDP.MKTP.KD,1996,1345779926.11894
St. Lucia,LCA,NY.GDP.MKTP.KD,1997,1336438462.00596
St. Lucia,LCA,NY.GDP.MKTP.KD,1998,1420453281.22774
St. Lucia,LCA,NY.GDP.MKTP.KD,1999,1458387956.43222
St. Lucia,LCA,NY.GDP.MKTP.KD,2000,1459098899.46569
St. Lucia,LCA,NY.GDP.MKTP.KD,2001,1409371875.70461
St. Lucia,LCA,NY.GDP.MKTP.KD,2002,1415241211.82979
St. Lucia,LCA,NY.GDP.MKTP.KD,2003,1475595751.12365
St. Lucia,LCA,NY.GDP.MKTP.KD,2004,1582833327.62538
St. Lucia,LCA,NY.GDP.MKTP.KD,2005,1576338887.67283
St. Lucia,LCA,NY.GDP.MKTP.KD,2006,1673997137.54872
St. Lucia,LCA,NY.GDP.MKTP.KD,2007,1702314784.0614
St. Lucia,LCA,NY.GDP.MKTP.KD,2008,1786567823.16159
St. Lucia,LCA,NY.GDP.MKTP.KD,2009,1736027614.08199
St. Lucia,LCA,NY.GDP.MKTP.KD,2010,1741756827.17338
St. Lucia,LCA,NY.GDP.MKTP.KD,2011,1817121648.89295
St. Lucia,LCA,NY.GDP.MKTP.KD,2012,1815145417.37838
St. Lucia,LCA,NY.GDP.MKTP.KD,2013,1782131987.48386
St. Lucia,LCA,NY.GDP.MKTP.KD,2014,1805800308.13675
St. Lucia,LCA,NY.GDP.MKTP.KD,2015,1807640740.74074
St. Lucia,LCA,NY.GDP.MKTP.KD,2016,1869604354.17882
St. Lucia,LCA,NY.GDP.MKTP.KD,2017,1932793731.46772
St. Lucia,LCA,NY.GDP.MKTP.KD,2018,1988589215.44077
St. Lucia,LCA,NY.GDP.MKTP.KD,2019,1968119316.49773
St. Lucia,LCA,NY.GDP.MKTP.KD,2020,1517409879.57457
St. Lucia,LCA,NY.GDP.MKTP.KD,2021,1686550996.36471
St. Lucia,LCA,NY.GDP.MKTP.KD,2022,2012825747.32479
St. Lucia,LCA,NY.GDP.MKTP.KD,2023,2091481905.7983
St. Lucia,LCA,NY.GDP.MKTP.KD,2024,2191222631.96802
St. Lucia,LCA,NY.GDP.MKTP.KD,2025,2178643364.46113
Latin America & Caribbean,LCN,NY.GDP.MKTP.KD,1960,729353517006.221
Latin America & Caribbean,LCN,NY.GDP.MKTP.KD,1961,773237616499.386
Latin America & Caribbean,LCN,NY.GDP.MKTP.KD,1962,808020532219.569
Latin America & Caribbean,LCN,NY.GDP.MKTP.KD,1963,825400186397.871
Latin America & Caribbean,LCN,NY.GDP.MKTP.KD,1964,886966572777.973
Latin America & Caribbean,LCN,NY.GDP.MKTP.KD,1965,936533854567.704
Latin America & Caribbean,LCN,NY.GDP.MKTP.KD,1966,981305399551.875
Latin America & Caribbean,LCN,NY.GDP.MKTP.KD,1967,1023210419968.91
Latin America & Caribbean,LCN,NY.GDP.MKTP.KD,1968,1096097987376.56
Latin America & Caribbean,LCN,NY.GDP.MKTP.KD,1969,1168156704927.69
Latin America & Caribbean,LCN,NY.GDP.MKTP.KD,1970,1245081328010.55
Latin America & Caribbean,LCN,NY.GDP.MKTP.KD,1971,1327831022934.26
Latin America & Caribbean,LCN,NY.GDP.MKTP.KD,1972,1419966266763.39
Latin America & Caribbean,LCN,NY.GDP.MKTP.KD,1973,1532888079416.14
Latin America & Caribbean,LCN,NY.GDP.MKTP.KD,1974,1625857457077.56
Latin America & Caribbean,LCN,NY.GDP.MKTP.KD,1975,1684218425889.12
Latin America & Caribbean,LCN,NY.GDP.MKTP.KD,1976,1776928509088.74
Latin America & Caribbean,LCN,NY.GDP.MKTP.KD,1977,1864345990965.72
Latin America & Caribbean,LCN,NY.GDP.MKTP.KD,1978,1947277093761.62
Latin America & Caribbean,LCN,NY.GDP.MKTP.KD,1979,2086431227293.98
Latin America & Caribbean,LCN,NY.GDP.MKTP.KD,1980,2217091367675.61
Latin America & Caribbean,LCN,NY.GDP.MKTP.KD,1981,2242616509791.97
Latin America & Caribbean,LCN,NY.GDP.MKTP.KD,1982,2240596945098.77
Latin America & Caribbean,LCN,NY.GDP.MKTP.KD,1983,2184208867395.18
Latin America & Caribbean,LCN,NY.GDP.MKTP.KD,1984,2269804842655.35
Latin America & Caribbean,LCN,NY.GDP.MKTP.KD,1985,2338753764312.09
Latin America & Caribbean,LCN,NY.GDP.MKTP.KD,1986,2421878448265.65
Latin America & Caribbean,LCN,NY.GDP.MKTP.KD,1987,2502905127102.58
Latin America & Caribbean,LCN,NY.GDP.MKTP.KD,1988,2522765544023.0
Latin America & Caribbean,LCN,NY.GDP.MKTP.KD,1989,2553343723650.59
Latin America & Caribbean,LCN,NY.GDP.MKTP.KD,1990,2548888757919.92
Latin America & Caribbean,LCN,NY.GDP.MKTP.KD,1991,2629858729561.18
Latin America & Caribbean,LCN,NY.GDP.MKTP.KD,1992,2700204625219.27
Latin America & Caribbean,LCN,NY.GDP.MKTP.KD,1993,2815431127004.46
Latin America & Caribbean,LCN,NY.GDP.MKTP.KD,1994,2957323036142.81
Latin America & Caribbean,LCN,NY.GDP.MKTP.KD,1995,2985349546744.75
Latin America & Caribbean,LCN,NY.GDP.MKTP.KD,1996,3101661342985.47
Latin America & Caribbean,LCN,NY.GDP.MKTP.KD,1997,3271113574858.78
Latin America & Caribbean,LCN,NY.GDP.MKTP.KD,1998,3367000339686.84
Latin America & Caribbean,LCN,NY.GDP.MKTP.KD,1999,3385028757360.82
Latin America & Caribbean,LCN,NY.GDP.MKTP.KD,2000,3507665074202.16
Latin America & Caribbean,LCN,NY.GDP.MKTP.KD,2001,3526318821603.05
Latin America & Caribbean,LCN,NY.GDP.MKTP.KD,2002,3534013912981.0
Latin America & Caribbean,LCN,NY.GDP.MKTP.KD,2003,3612139418372.49
Latin America & Caribbean,LCN,NY.GDP.MKTP.KD,2004,3818757933203.98
Latin America & Caribbean,LCN,NY.GDP.MKTP.KD,2005,3975047359799.01
Latin America & Caribbean,LCN,NY.GDP.MKTP.KD,2006,4184217577929.33
Latin America & Caribbean,LCN,NY.GDP.MKTP.KD,2007,4405469762173.51
Latin America & Caribbean,LCN,NY.GDP.MKTP.KD,2008,4567979423400.89
Latin America & Caribbean,LCN,NY.GDP.MKTP.KD,2009,4462799823798.53
Latin America & Caribbean,LCN,NY.GDP.MKTP.KD,2010,4737322868891.12
Latin America & Caribbean,LCN,NY.GDP.MKTP.KD,2011,4945564099918.65
Latin America & Caribbean,LCN,NY.GDP.MKTP.KD,2012,5076415469048.41
Latin America & Caribbean,LCN,NY.GDP.MKTP.KD,2013,5214358449178.07
Latin America & Caribbean,LCN,NY.GDP.MKTP.KD,2014,5276761415866.33
Latin America & Caribbean,LCN,NY.GDP.MKTP.KD,2015,5289417937086.3
Latin America & Caribbean,LCN,NY.GDP.MKTP.KD,2016,5250753616287.75
Latin America & Caribbean,LCN,NY.GDP.MKTP.KD,2017,5332325529172.8
Latin America & Caribbean,LCN,NY.GDP.MKTP.KD,2018,5397535490186.1
Latin America & Caribbean,LCN,NY.GDP.MKTP.KD,2019,5414665376774.45
Latin America & Caribbean,LCN,NY.GDP.MKTP.KD,2020,5043249772131.2
Latin America & Caribbean,LCN,NY.GDP.MKTP.KD,2021,5400114230996.61
Latin America & Caribbean,LCN,NY.GDP.MKTP.KD,2022,5621010578604.13
Latin America & Caribbean,LCN,NY.GDP.MKTP.KD,2023,5745054179121.14
Latin America & Caribbean,LCN,NY.GDP.MKTP.KD,2024,5874603524338.12
Latin America & Caribbean,LCN,NY.GDP.MKTP.KD,2025,6010984327947.16
Least developed countries: UN classification,LDC,NY.GDP.MKTP.KD,1961,159162225403.658
Least developed countries: UN classification,LDC,NY.GDP.MKTP.KD,1962,171170784453.037
Least developed countries: UN classification,LDC,NY.GDP.MKTP.KD,1963,174643971119.905
Least developed countries: UN classification,LDC,NY.GDP.MKTP.KD,1964,180919947714.743
Least developed countries: UN classification,LDC,NY.GDP.MKTP.KD,1965,187608210771.652
Least developed countries: UN classification,LDC,NY.GDP.MKTP.KD,1966,193849279621.833
Least developed countries: UN classification,LDC,NY.GDP.MKTP.KD,1967,195875216700.668
Least developed countries: UN classification,LDC,NY.GDP.MKTP.KD,1968,205930445255.153
Least developed countries: UN classification,LDC,NY.GDP.MKTP.KD,1969,212781978724.458
Least developed countries: UN classification,LDC,NY.GDP.MKTP.KD,1970,211497528545.636
Least developed countries: UN classification,LDC,NY.GDP.MKTP.KD,1971,215175668721.305
Least developed countries: UN classification,LDC,NY.GDP.MKTP.KD,1972,212118399516.334
Least developed countries: UN classification,LDC,NY.GDP.MKTP.KD,1973,216893536727.836
Least developed countries: UN classification,LDC,NY.GDP.MKTP.KD,1974,229090894220.79
Least developed countries: UN classification,LDC,NY.GDP.MKTP.KD,1975,230304814520.118
Least developed countries: UN classification,LDC,NY.GDP.MKTP.KD,1976,239242452354.828
Least developed countries: UN classification,LDC,NY.GDP.MKTP.KD,1977,243915076404.927
Least developed countries: UN classification,LDC,NY.GDP.MKTP.KD,1978,247666139889.567
Least developed countries: UN classification,LDC,NY.GDP.MKTP.KD,1979,252183436105.204
Least developed countries: UN classification,LDC,NY.GDP.MKTP.KD,1980,257183325714.08
Least developed countries: UN classification,LDC,NY.GDP.MKTP.KD,1981,263262743910.418
Least developed countries: UN classification,LDC,NY.GDP.MKTP.KD,1982,265883426979.611
Least developed countries: UN classification,LDC,NY.GDP.MKTP.KD,1983,270272217286.505
Least developed countries: UN classification,LDC,NY.GDP.MKTP.KD,1984,276665463228.503
Least developed countries: UN classification,LDC,NY.GDP.MKTP.KD,1985,281334820109.763
Least developed countries: UN classification,LDC,NY.GDP.MKTP.KD,1986,290644519543.869
Least developed countries: UN classification,LDC,NY.GDP.MKTP.KD,1987,302828019046.082
Least developed countries: UN classification,LDC,NY.GDP.MKTP.KD,1988,311571845484.776
Least developed countries: UN classification,LDC,NY.GDP.MKTP.KD,1989,317004249206.216
Least developed countries: UN classification,LDC,NY.GDP.MKTP.KD,1990,316637143906.562
Least developed countries: UN classification,LDC,NY.GDP.MKTP.KD,1991,322432104271.657
Least developed countries: UN classification,LDC,NY.GDP.MKTP.KD,1992,323270575956.995
Least developed countries: UN classification,LDC,NY.GDP.MKTP.KD,1993,321506209644.802
Least developed countries: UN classification,LDC,NY.GDP.MKTP.KD,1994,323698675502.572
Least developed countries: UN classification,LDC,NY.GDP.MKTP.KD,1995,342486665406.311
Least developed countries: UN classification,LDC,NY.GDP.MKTP.KD,1996,361777785411.221
Least developed countries: UN classification,LDC,NY.GDP.MKTP.KD,1997,381097630058.27
Least developed countries: UN classification,LDC,NY.GDP.MKTP.KD,1998,396481681157.43
Least developed countries: UN classification,LDC,NY.GDP.MKTP.KD,1999,412414728766.61
Least developed countries: UN classification,LDC,NY.GDP.MKTP.KD,2000,430031525649.989
Least developed countries: UN classification,LDC,NY.GDP.MKTP.KD,2001,451101775321.752
Least developed countries: UN classification,LDC,NY.GDP.MKTP.KD,2002,475557414586.512
Least developed countries: UN classification,LDC,NY.GDP.MKTP.KD,2003,500072749214.149
Least developed countries: UN classification,LDC,NY.GDP.MKTP.KD,2004,532803144336.341
Least developed countries: UN classification,LDC,NY.GDP.MKTP.KD,2005,572256883759.74
Least developed countries: UN classification,LDC,NY.GDP.MKTP.KD,2006,611510966969.971
Least developed countries: UN classification,LDC,NY.GDP.MKTP.KD,2007,655890308676.736
Least developed countries: UN classification,LDC,NY.GDP.MKTP.KD,2008,698228612718.482
Least developed countries: UN classification,LDC,NY.GDP.MKTP.KD,2009,727733716511.287
Least developed countries: UN classification,LDC,NY.GDP.MKTP.KD,2010,774058735326.216
Least developed countries: UN classification,LDC,NY.GDP.MKTP.KD,2011,797646534340.29
Least developed countries: UN classification,LDC,NY.GDP.MKTP.KD,2012,823918785695.676
Least developed countries: UN classification,LDC,NY.GDP.MKTP.KD,2013,873929960153.336
Least developed countries: UN classification,LDC,NY.GDP.MKTP.KD,2014,920643684222.348
Least developed countries: UN classification,LDC,NY.GDP.MKTP.KD,2015,945963113669.267
Least developed countries: UN classification,LDC,NY.GDP.MKTP.KD,2016,981890602584.927
Least developed countries: UN classification,LDC,NY.GDP.MKTP.KD,2017,1026100965696.5
Least developed countries: UN classification,LDC,NY.GDP.MKTP.KD,2018,1073842382968.01
Least developed countries: UN classification,LDC,NY.GDP.MKTP.KD,2019,1125650973295.24
Least developed countries: UN classification,LDC,NY.GDP.MKTP.KD,2020,1123613410200.79
Least developed countries: UN classification,LDC,NY.GDP.MKTP.KD,2021,1154577868938.36
Least developed countries: UN classification,LDC,NY.GDP.MKTP.KD,2022,1209017484246.6
Least developed countries: UN classification,LDC,NY.GDP.MKTP.KD,2023,1245903496732.49
Least developed countries: UN classification,LDC,NY.GDP.MKTP.KD,2024,1294148987713.86
Least developed countries: UN classification,LDC,NY.GDP.MKTP.KD,2025,1349797503062.71
Liechtenstein,LIE,NY.GDP.MKTP.KD,2015,6268515276.17441
Sri Lanka,LKA,NY.GDP.MKTP.KD,1961,6526664103.58491
Sri Lanka,LKA,NY.GDP.MKTP.KD,1962,6775853415.55026
Sri Lanka,LKA,NY.GDP.MKTP.KD,1963,6946384611.14003
Sri Lanka,LKA,NY.GDP.MKTP.KD,1964,7217740530.02289
Sri Lanka,LKA,NY.GDP.MKTP.KD,1965,7400851253.59807
Sri Lanka,LKA,NY.GDP.MKTP.KD,1966,7772654437.22202
Sri Lanka,LKA,NY.GDP.MKTP.KD,1967,8273137554.5471
Sri Lanka,LKA,NY.GDP.MKTP.KD,1968,8753070054.59681
Sri Lanka,LKA,NY.GDP.MKTP.KD,1969,9428528685.58867
Sri Lanka,LKA,NY.GDP.MKTP.KD,1970,9791209285.05024
Sri Lanka,LKA,NY.GDP.MKTP.KD,1971,9919171127.58101
Sri Lanka,LKA,NY.GDP.MKTP.KD,1972,9878454922.75882
Sri Lanka,LKA,NY.GDP.MKTP.KD,1973,10575616895.2402
Sri Lanka,LKA,NY.GDP.MKTP.KD,1974,10982337230.93
Sri Lanka,LKA,NY.GDP.MKTP.KD,1975,11655140816.1935
Sri Lanka,LKA,NY.GDP.MKTP.KD,1976,12043852197.4931
Sri Lanka,LKA,NY.GDP.MKTP.KD,1977,12658159750.0751
Sri Lanka,LKA,NY.GDP.MKTP.KD,1978,13373831451.5399
Sri Lanka,LKA,NY.GDP.MKTP.KD,1979,14230232361.7166
Sri Lanka,LKA,NY.GDP.MKTP.KD,1980,15062135518.8953
Sri Lanka,LKA,NY.GDP.MKTP.KD,1981,15920605663.1758
Sri Lanka,LKA,NY.GDP.MKTP.KD,1982,16579956862.4954
Sri Lanka,LKA,NY.GDP.MKTP.KD,1983,17378114488.6136
Sri Lanka,LKA,NY.GDP.MKTP.KD,1984,18264250015.3876
Sri Lanka,LKA,NY.GDP.MKTP.KD,1985,19177354093.8569
Sri Lanka,LKA,NY.GDP.MKTP.KD,1986,20012632748.7716
Sri Lanka,LKA,NY.GDP.MKTP.KD,1987,20357972879.4177
Sri Lanka,LKA,NY.GDP.MKTP.KD,1988,20861361428.7856
Sri Lanka,LKA,NY.GDP.MKTP.KD,1989,21341027006.6773
Sri Lanka,LKA,NY.GDP.MKTP.KD,1990,22706851734.3915
Sri Lanka,LKA,NY.GDP.MKTP.KD,1991,23751364017.6978
Sri Lanka,LKA,NY.GDP.MKTP.KD,1992,24796421956.6643
Sri Lanka,LKA,NY.GDP.MKTP.KD,1993,26507390755.7817
Sri Lanka,LKA,NY.GDP.MKTP.KD,1994,27991783094.2506
Sri Lanka,LKA,NY.GDP.MKTP.KD,1995,29531355022.9951
Sri Lanka,LKA,NY.GDP.MKTP.KD,1996,30653536829.2624
Sri Lanka,LKA,NY.GDP.MKTP.KD,1997,32617018384.0492
Sri Lanka,LKA,NY.GDP.MKTP.KD,1998,34149503893.2846
Sri Lanka,LKA,NY.GDP.MKTP.KD,1999,35618117138.1271
Sri Lanka,LKA,NY.GDP.MKTP.KD,2000,37755215976.773
Sri Lanka,LKA,NY.GDP.MKTP.KD,2001,37171743798.187
Sri Lanka,LKA,NY.GDP.MKTP.KD,2002,38645482886.293
Sri Lanka,LKA,NY.GDP.MKTP.KD,2003,40941128556.2398
Sri Lanka,LKA,NY.GDP.MKTP.KD,2004,43170398094.3813
Sri Lanka,LKA,NY.GDP.MKTP.KD,2005,45864985572.9226
Sri Lanka,LKA,NY.GDP.MKTP.KD,2006,49382046547.0422
Sri Lanka,LKA,NY.GDP.MKTP.KD,2007,52738458384.8131
Sri Lanka,LKA,NY.GDP.MKTP.KD,2008,55876443144.8859
Sri Lanka,LKA,NY.GDP.MKTP.KD,2009,57853861326.2277
Sri Lanka,LKA,NY.GDP.MKTP.KD,2010,62491407972.6572
Sri Lanka,LKA,NY.GDP.MKTP.KD,2011,67909089970.56
Sri Lanka,LKA,NY.GDP.MKTP.KD,2012,73771125788.2825
Sri Lanka,LKA,NY.GDP.MKTP.KD,2013,76760144670.2947
Sri Lanka,LKA,NY.GDP.MKTP.KD,2014,81655890498.5574
Sri Lanka,LKA,NY.GDP.MKTP.KD,2015,85090300895.6546
Sri Lanka,LKA,NY.GDP.MKTP.KD,2016,89390445520.6344
Sri Lanka,LKA,NY.GDP.MKTP.KD,2017,95165677292.2796
Sri Lanka,LKA,NY.GDP.MKTP.KD,2018,97364084619.6196
Sri Lanka,LKA,NY.GDP.MKTP.KD,2019,97149412501.4789
Sri Lanka,LKA,NY.GDP.MKTP.KD,2020,92656723311.8673
Sri Lanka,LKA,NY.GDP.MKTP.KD,2021,96555233166.2537
Sri Lanka,LKA,NY.GDP.MKTP.KD,2022,89459202621.6389
Sri Lanka,LKA,NY.GDP.MKTP.KD,2023,87644138317.9669
Sri Lanka,LKA,NY.GDP.MKTP.KD,2024,92019698428.6062
Sri Lanka,LKA,NY.GDP.MKTP.KD,2025,96577833375.7408
Low & middle income,LMY,NY.GDP.MKTP.KD,1960,1717759339005.37
Low & middle income,LMY,NY.GDP.MKTP.KD,1961,1735483919616.56
Low & middle income,LMY,NY.GDP.MKTP.KD,1962,1799546072440.72
Low & middle income,LMY,NY.GDP.MKTP.KD,1963,1885555095082.31
Low & middle income,LMY,NY.GDP.MKTP.KD,1964,2034967471536.07
Low & middle income,LMY,NY.GDP.MKTP.KD,1965,2157624551176.34
Low & middle income,LMY,NY.GDP.MKTP.KD,1966,2262355526918.75
Low & middle income,LMY,NY.GDP.MKTP.KD,1967,2334509323382.58
Low & middle income,LMY,NY.GDP.MKTP.KD,1968,2477235703563.33
Low & middle income,LMY,NY.GDP.MKTP.KD,1969,2675684471127.5
Low & middle income,LMY,NY.GDP.MKTP.KD,1970,2888215710937.46
Low & middle income,LMY,NY.GDP.MKTP.KD,1971,3063745103415.93
Low & middle income,LMY,NY.GDP.MKTP.KD,1972,3249070955684.11
Low & middle income,LMY,NY.GDP.MKTP.KD,1973,3471987458720.86
Low & middle income,LMY,NY.GDP.MKTP.KD,1974,3678708256612.25
Low & middle income,LMY,NY.GDP.MKTP.KD,1975,3834509793644.66
Low & middle income,LMY,NY.GDP.MKTP.KD,1976,4074270938036.24
Low & middle income,LMY,NY.GDP.MKTP.KD,1977,4261248131523.08
Low & middle income,LMY,NY.GDP.MKTP.KD,1978,4416514088086.25
Low & middle income,LMY,NY.GDP.MKTP.KD,1979,4615549209375.64
Low & middle income,LMY,NY.GDP.MKTP.KD,1980,4826412931202.28
Low & middle income,LMY,NY.GDP.MKTP.KD,1981,4917245139076.97
Low & middle income,LMY,NY.GDP.MKTP.KD,1982,5058399879194.65
Low & middle income,LMY,NY.GDP.MKTP.KD,1983,5131580496577.01
Low & middle income,LMY,NY.GDP.MKTP.KD,1984,5370486686029.04
Low & middle income,LMY,NY.GDP.MKTP.KD,1985,5606916757134.55
Low & middle income,LMY,NY.GDP.MKTP.KD,1986,5815460008237.6
Low & middle income,LMY,NY.GDP.MKTP.KD,1987,6086871078115.92
Low & middle income,LMY,NY.GDP.MKTP.KD,1988,6339328986463.64
Low & middle income,LMY,NY.GDP.MKTP.KD,1989,6517960962009.55
Low & middle income,LMY,NY.GDP.MKTP.KD,1990,6724500208481.53
Low & middle income,LMY,NY.GDP.MKTP.KD,1991,6922679600860.13
Low & middle income,LMY,NY.GDP.MKTP.KD,1992,7217763164382.11
Low & middle income,LMY,NY.GDP.MKTP.KD,1993,7576140545486.46
Low & middle income,LMY,NY.GDP.MKTP.KD,1994,7960391443964.54
Low & middle income,LMY,NY.GDP.MKTP.KD,1995,8327653018883.75
Low & middle income,LMY,NY.GDP.MKTP.KD,1996,8843579432396.82
Low & middle income,LMY,NY.GDP.MKTP.KD,1997,9345908211150.39
Low & middle income,LMY,NY.GDP.MKTP.KD,1998,9653519796941.64
Low & middle income,LMY,NY.GDP.MKTP.KD,1999,10000845117495.2
Low & middle income,LMY,NY.GDP.MKTP.KD,2000,10556221208470.6
Low & middle income,LMY,NY.GDP.MKTP.KD,2001,10943724315343.9
Low & middle income,LMY,NY.GDP.MKTP.KD,2002,11456394225459.7
Low & middle income,LMY,NY.GDP.MKTP.KD,2003,12121514964697.7
Low & middle income,LMY,NY.GDP.MKTP.KD,2004,13062885532439.5
Low & middle income,LMY,NY.GDP.MKTP.KD,2005,14028847425838.9
Low & middle income,LMY,NY.GDP.MKTP.KD,2006,15184484481321.3
Low & middle income,LMY,NY.GDP.MKTP.KD,2007,16527658620829.9
Low & middle income,LMY,NY.GDP.MKTP.KD,2008,17510418216532.4
Low & middle income,LMY,NY.GDP.MKTP.KD,2009,18206097940567.1
Low & middle income,LMY,NY.GDP.MKTP.KD,2010,19681441081361.6
Low & middle income,LMY,NY.GDP.MKTP.KD,2011,20929491358145.3
Low & middle income,LMY,NY.GDP.MKTP.KD,2012,22080440640560.7
Low & middle income,LMY,NY.GDP.MKTP.KD,2013,23320774584093.4
Low & middle income,LMY,NY.GDP.MKTP.KD,2014,24518990366747.8
Low & middle income,LMY,NY.GDP.MKTP.KD,2015,25659752659960.1
Low & middle income,LMY,NY.GDP.MKTP.KD,2016,26852489626630.5
Low & middle income,LMY,NY.GDP.MKTP.KD,2017,28265968304994.9
Low & middle income,LMY,NY.GDP.MKTP.KD,2018,29657119246587.4
Low & middle income,LMY,NY.GDP.MKTP.KD,2019,30870483892680.9
Low & middle income,LMY,NY.GDP.MKTP.KD,2020,30515266297309.0
Low & middle income,LMY,NY.GDP.MKTP.KD,2021,32764345049399.0
Low & middle income,LMY,NY.GDP.MKTP.KD,2022,34077552371296.0
Low & middle income,LMY,NY.GDP.MKTP.KD,2023,35662881451694.7
Low & middle income,LMY,NY.GDP.MKTP.KD,2024,37240749587461.9
Low & middle income,LMY,NY.GDP.MKTP.KD,2025,38928798567748.6
Lesotho,LSO,NY.GDP.MKTP.KD,1960,193508327.04697
Lesotho,LSO,NY.GDP.MKTP.KD,1961,197116860.960945
Lesotho,LSO,NY.GDP.MKTP.KD,1962,227338452.109786
Lesotho,LSO,NY.GDP.MKTP.KD,1963,251470587.845903
Lesotho,LSO,NY.GDP.MKTP.KD,1964,272219723.187022
Lesotho,LSO,NY.GDP.MKTP.KD,1965,278083623.356492
Lesotho,LSO,NY.GDP.MKTP.KD,1966,276955934.797675
Lesotho,LSO,NY.GDP.MKTP.KD,1967,307177536.808655
Lesotho,LSO,NY.GDP.MKTP.KD,1968,306049826.525561
Lesotho,LSO,NY.GDP.MKTP.KD,1969,310786059.860491
Lesotho,LSO,NY.GDP.MKTP.KD,1970,317552093.562765
Lesotho,LSO,NY.GDP.MKTP.KD,1971,333790811.177675
Lesotho,LSO,NY.GDP.MKTP.KD,1972,333114189.330949
Lesotho,LSO,NY.GDP.MKTP.KD,1973,421072594.874098
Lesotho,LSO,NY.GDP.MKTP.KD,1974,467306740.332068
Lesotho,LSO,NY.GDP.MKTP.KD,1975,404157255.412463
Lesotho,LSO,NY.GDP.MKTP.KD,1976,448813112.562869
Lesotho,LSO,NY.GDP.MKTP.KD,1977,546694921.250926
Lesotho,LSO,NY.GDP.MKTP.KD,1978,646832345.915048
Lesotho,LSO,NY.GDP.MKTP.KD,1979,665551148.644027
Lesotho,LSO,NY.GDP.MKTP.KD,1980,647283238.941542
Lesotho,LSO,NY.GDP.MKTP.KD,1981,651779515.140733
Lesotho,LSO,NY.GDP.MKTP.KD,1982,680830657.075131
Lesotho,LSO,NY.GDP.MKTP.KD,1983,694353079.769469
Lesotho,LSO,NY.GDP.MKTP.KD,1984,732784813.254431
Lesotho,LSO,NY.GDP.MKTP.KD,1985,751912323.939007
Lesotho,LSO,NY.GDP.MKTP.KD,1986,787138333.758753
Lesotho,LSO,NY.GDP.MKTP.KD,1987,792882304.40291
Lesotho,LSO,NY.GDP.MKTP.KD,1988,861085398.600682
Lesotho,LSO,NY.GDP.MKTP.KD,1989,910987401.97772
Lesotho,LSO,NY.GDP.MKTP.KD,1990,966060902.402024
Lesotho,LSO,NY.GDP.MKTP.KD,1991,1033362571.71292
Lesotho,LSO,NY.GDP.MKTP.KD,1992,1105247043.49934
Lesotho,LSO,NY.GDP.MKTP.KD,1993,1144038630.18996
Lesotho,LSO,NY.GDP.MKTP.KD,1994,1212450693.47103
Lesotho,LSO,NY.GDP.MKTP.KD,1995,1252351695.56175
Lesotho,LSO,NY.GDP.MKTP.KD,1996,1322446271.54381
Lesotho,LSO,NY.GDP.MKTP.KD,1997,1371424437.09695
Lesotho,LSO,NY.GDP.MKTP.KD,1998,1392512225.79035
Lesotho,LSO,NY.GDP.MKTP.KD,1999,1399140932.84008
Lesotho,LSO,NY.GDP.MKTP.KD,2000,1453365294.1512
Lesotho,LSO,NY.GDP.MKTP.KD,2001,1505128088.4482
Lesotho,LSO,NY.GDP.MKTP.KD,2002,1516022748.40945
Lesotho,LSO,NY.GDP.MKTP.KD,2003,1585150007.49012
Lesotho,LSO,NY.GDP.MKTP.KD,2004,1611976676.82948
Lesotho,LSO,NY.GDP.MKTP.KD,2005,1667849758.72804
Lesotho,LSO,NY.GDP.MKTP.KD,2006,1738401391.78308
Lesotho,LSO,NY.GDP.MKTP.KD,2007,1811204148.77671
Lesotho,LSO,NY.GDP.MKTP.KD,2008,1911244554.99023
Lesotho,LSO,NY.GDP.MKTP.KD,2009,1887282177.32009
Lesotho,LSO,NY.GDP.MKTP.KD,2010,1986735734.7651
Lesotho,LSO,NY.GDP.MKTP.KD,2011,2078451680.28081
Lesotho,LSO,NY.GDP.MKTP.KD,2012,2210102550.34645
Lesotho,LSO,NY.GDP.MKTP.KD,2013,2249719203.36981
Lesotho,LSO,NY.GDP.MKTP.KD,2014,2288201773.07605
Lesotho,LSO,NY.GDP.MKTP.KD,2015,2359686724.53829
Lesotho,LSO,NY.GDP.MKTP.KD,2016,2444845631.39553
Lesotho,LSO,NY.GDP.MKTP.KD,2017,2368122098.53455
Lesotho,LSO,NY.GDP.MKTP.KD,2018,2333058897.5103
Lesotho,LSO,NY.GDP.MKTP.KD,2019,2299976266.27346
Lesotho,LSO,NY.GDP.MKTP.KD,2020,2112391171.33041
Lesotho,LSO,NY.GDP.MKTP.KD,2021,2160272945.18777
Lesotho,LSO,NY.GDP.MKTP.KD,2022,2211855514.87917
Lesotho,LSO,NY.GDP.MKTP.KD,2023,2249331685.70891
Lesotho,LSO,NY.GDP.MKTP.KD,2024,2366860026.63691
Lesotho,LSO,NY.GDP.MKTP.KD,2025,2413784465.89837
Late-demographic dividend,LTE,NY.GDP.MKTP.KD,1960,972808986145.351
Late-demographic dividend,LTE,NY.GDP.MKTP.KD,1961,936711373205.774
Late-demographic dividend,LTE,NY.GDP.MKTP.KD,1962,964631968866.91
Late-demographic dividend,LTE,NY.GDP.MKTP.KD,1963,1004566489525.05
Late-demographic dividend,LTE,NY.GDP.MKTP.KD,1964,1076799126271.03
Late-demographic dividend,LTE,NY.GDP.MKTP.KD,1965,1148579282142.04
Late-demographic dividend,LTE,NY.GDP.MKTP.KD,1966,1237050101020.3
Late-demographic dividend,LTE,NY.GDP.MKTP.KD,1967,1258883385417.0
Late-demographic dividend,LTE,NY.GDP.MKTP.KD,1968,1324089692680.53
Late-demographic dividend,LTE,NY.GDP.MKTP.KD,1969,1456163253151.03
Late-demographic dividend,LTE,NY.GDP.MKTP.KD,1970,1613966470358.83
Late-demographic dividend,LTE,NY.GDP.MKTP.KD,1971,1751219530449.67
Late-demographic dividend,LTE,NY.GDP.MKTP.KD,1972,1889260501871.47
Late-demographic dividend,LTE,NY.GDP.MKTP.KD,1973,2074719996104.44
Late-demographic dividend,LTE,NY.GDP.MKTP.KD,1974,2177564081070.09
Late-demographic dividend,LTE,NY.GDP.MKTP.KD,1975,2272187425412.62
Late-demographic dividend,LTE,NY.GDP.MKTP.KD,1976,2422252757710.12
Late-demographic dividend,LTE,NY.GDP.MKTP.KD,1977,2575454341708.0
Late-demographic dividend,LTE,NY.GDP.MKTP.KD,1978,2747101230430.75
Late-demographic dividend,LTE,NY.GDP.MKTP.KD,1979,2960340589939.77
Late-demographic dividend,LTE,NY.GDP.MKTP.KD,1980,3176142726224.59
Late-demographic dividend,LTE,NY.GDP.MKTP.KD,1981,3180628637986.17
Late-demographic dividend,LTE,NY.GDP.MKTP.KD,1982,3241996263099.27
Late-demographic dividend,LTE,NY.GDP.MKTP.KD,1983,3299154315432.68
Late-demographic dividend,LTE,NY.GDP.MKTP.KD,1984,3557007519811.81
Late-demographic dividend,LTE,NY.GDP.MKTP.KD,1985,3814392872967.1
Late-demographic dividend,LTE,NY.GDP.MKTP.KD,1986,4035374941996.13
Late-demographic dividend,LTE,NY.GDP.MKTP.KD,1987,4295802020313.45
Late-demographic dividend,LTE,NY.GDP.MKTP.KD,1988,4516425940682.84
Late-demographic dividend,LTE,NY.GDP.MKTP.KD,1989,4730035510664.26
Late-demographic dividend,LTE,NY.GDP.MKTP.KD,1990,4741424633590.9
Late-demographic dividend,LTE,NY.GDP.MKTP.KD,1991,4765714239333.69
Late-demographic dividend,LTE,NY.GDP.MKTP.KD,1992,4805114745254.94
Late-demographic dividend,LTE,NY.GDP.MKTP.KD,1993,5013757453401.46
Late-demographic dividend,LTE,NY.GDP.MKTP.KD,1994,5237750542361.82
Late-demographic dividend,LTE,NY.GDP.MKTP.KD,1995,5535514298955.92
Late-demographic dividend,LTE,NY.GDP.MKTP.KD,1996,5818645101666.0
Late-demographic dividend,LTE,NY.GDP.MKTP.KD,1997,6147666157998.2
Late-demographic dividend,LTE,NY.GDP.MKTP.KD,1998,6324562461488.75
Late-demographic dividend,LTE,NY.GDP.MKTP.KD,1999,6619595329734.05
Late-demographic dividend,LTE,NY.GDP.MKTP.KD,2000,7084629118529.36
Late-demographic dividend,LTE,NY.GDP.MKTP.KD,2001,7452960339023.87
Late-demographic dividend,LTE,NY.GDP.MKTP.KD,2002,7903816816811.29
Late-demographic dividend,LTE,NY.GDP.MKTP.KD,2003,8447459666886.52
Late-demographic dividend,LTE,NY.GDP.MKTP.KD,2004,9140732978346.68
Late-demographic dividend,LTE,NY.GDP.MKTP.KD,2005,9853193714168.35
Late-demographic dividend,LTE,NY.GDP.MKTP.KD,2006,10769162309467.9
Late-demographic dividend,LTE,NY.GDP.MKTP.KD,2007,11868543720291.3
Late-demographic dividend,LTE,NY.GDP.MKTP.KD,2008,12694557351994.2
Late-demographic dividend,LTE,NY.GDP.MKTP.KD,2009,13170095088102.8
Late-demographic dividend,LTE,NY.GDP.MKTP.KD,2010,14225558035693.1
Late-demographic dividend,LTE,NY.GDP.MKTP.KD,2011,15245382074247.6
Late-demographic dividend,LTE,NY.GDP.MKTP.KD,2012,16142677785492.1
Late-demographic dividend,LTE,NY.GDP.MKTP.KD,2013,17051467321008.4
Late-demographic dividend,LTE,NY.GDP.MKTP.KD,2014,17951772940852.9
Late-demographic dividend,LTE,NY.GDP.MKTP.KD,2015,18797219516598.6
Late-demographic dividend,LTE,NY.GDP.MKTP.KD,2016,19633662730720.5
Late-demographic dividend,LTE,NY.GDP.MKTP.KD,2017,20666834813972.2
Late-demographic dividend,LTE,NY.GDP.MKTP.KD,2018,21791350580915.5
Late-demographic dividend,LTE,NY.GDP.MKTP.KD,2019,22825836890737.8
Late-demographic dividend,LTE,NY.GDP.MKTP.KD,2020,22879571047510.3
Late-demographic dividend,LTE,NY.GDP.MKTP.KD,2021,24617038020065.0
Late-demographic dividend,LTE,NY.GDP.MKTP.KD,2022,25426877621854.7
Late-demographic dividend,LTE,NY.GDP.MKTP.KD,2023,26553933806735.0
Late-demographic dividend,LTE,NY.GDP.MKTP.KD,2024,27755642365546.2
Late-demographic dividend,LTE,NY.GDP.MKTP.KD,2025,28991690925359.3
Lithuania,LTU,NY.GDP.MKTP.KD,1990,30815380533.6334
Lithuania,LTU,NY.GDP.MKTP.KD,1991,29066402990.0376
Lithuania,LTU,NY.GDP.MKTP.KD,1992,22887185266.0768
Lithuania,LTU,NY.GDP.MKTP.KD,1993,19173313226.3411
Lithuania,LTU,NY.GDP.MKTP.KD,1994,17300837252.2606
Lithuania,LTU,NY.GDP.MKTP.KD,1995,17870049092.5502
Lithuania,LTU,NY.GDP.MKTP.KD,1996,18768366411.8313
Lithuania,LTU,NY.GDP.MKTP.KD,1997,20326259134.8192
Lithuania,LTU,NY.GDP.MKTP.KD,1998,21843195078.8693
Lithuania,LTU,NY.GDP.MKTP.KD,1999,21603573442.0349
Lithuania,LTU,NY.GDP.MKTP.KD,2000,22342117970.7075
Lithuania,LTU,NY.GDP.MKTP.KD,2001,23790809196.6404
Lithuania,LTU,NY.GDP.MKTP.KD,2002,25389513378.757
Lithuania,LTU,NY.GDP.MKTP.KD,2003,28068588415.9846
Lithuania,LTU,NY.GDP.MKTP.KD,2004,29893617960.0569
Lithuania,LTU,NY.GDP.MKTP.KD,2005,32204827116.6036
Lithuania,LTU,NY.GDP.MKTP.KD,2006,34586529059.4547
Lithuania,LTU,NY.GDP.MKTP.KD,2007,38417999935.5475
Lithuania,LTU,NY.GDP.MKTP.KD,2008,39416661070.6359
Lithuania,LTU,NY.GDP.MKTP.KD,2009,33567775753.9873
Lithuania,LTU,NY.GDP.MKTP.KD,2010,33711177146.509
Lithuania,LTU,NY.GDP.MKTP.KD,2011,35842949499.0897
Lithuania,LTU,NY.GDP.MKTP.KD,2012,37413912227.1865
Lithuania,LTU,NY.GDP.MKTP.KD,2013,38928020774.4147
Lithuania,LTU,NY.GDP.MKTP.KD,2014,40396597406.9714
Lithuania,LTU,NY.GDP.MKTP.KD,2015,41540954817.2039
Lithuania,LTU,NY.GDP.MKTP.KD,2016,42650896790.5078
Lithuania,LTU,NY.GDP.MKTP.KD,2017,44618059836.1503
Lithuania,LTU,NY.GDP.MKTP.KD,2018,46812540124.5928
Lithuania,LTU,NY.GDP.MKTP.KD,2019,49002127329.2631
Lithuania,LTU,NY.GDP.MKTP.KD,2020,49023107998.6089
Lithuania,LTU,NY.GDP.MKTP.KD,2021,52158046400.3588
Lithuania,LTU,NY.GDP.MKTP.KD,2022,53443909218.4902
Lithuania,LTU,NY.GDP.MKTP.KD,2023,53839146914.2133
Lithuania,LTU,NY.GDP.MKTP.KD,2024,55470578287.6915
Lithuania,LTU,NY.GDP.MKTP.KD,2025,57090361644.5279
Luxembourg,LUX,NY.GDP.MKTP.KD,1960,8748044331.85749
Luxembourg,LUX,NY.GDP.MKTP.KD,1961,9083092801.23986
Luxembourg,LUX,NY.GDP.MKTP.KD,1962,9206502629.48233
Luxembourg,LUX,NY.GDP.MKTP.KD,1963,9523124564.89966
Luxembourg,LUX,NY.GDP.MKTP.KD,1964,10272196920.3173
Luxembourg,LUX,NY.GDP.MKTP.KD,1965,10196703488.8631
Luxembourg,LUX,NY.GDP.MKTP.KD,1966,10309468773.1102
Luxembourg,LUX,NY.GDP.MKTP.KD,1967,10331812540.4238
Luxembourg,LUX,NY.GDP.MKTP.KD,1968,10764082893.2226
Luxembourg,LUX,NY.GDP.MKTP.KD,1969,11837569463.5816
Luxembourg,LUX,NY.GDP.MKTP.KD,1970,12045903099.858
Luxembourg,LUX,NY.GDP.MKTP.KD,1971,12367195464.0037
Luxembourg,LUX,NY.GDP.MKTP.KD,1972,13183207544.328
Luxembourg,LUX,NY.GDP.MKTP.KD,1973,14279084184.9952
Luxembourg,LUX,NY.GDP.MKTP.KD,1974,14880586838.5106
Luxembourg,LUX,NY.GDP.MKTP.KD,1975,13902728299.5962
Luxembourg,LUX,NY.GDP.MKTP.KD,1976,14255069394.0521
Luxembourg,LUX,NY.GDP.MKTP.KD,1977,14478841477.7046
Luxembourg,LUX,NY.GDP.MKTP.KD,1978,15068850698.9891
Luxembourg,LUX,NY.GDP.MKTP.KD,1979,15422307181.1387
Luxembourg,LUX,NY.GDP.MKTP.KD,1980,15551990550.6803
Luxembourg,LUX,NY.GDP.MKTP.KD,1981,15466306344.5785
Luxembourg,LUX,NY.GDP.MKTP.KD,1982,15641276100.8115
Luxembourg,LUX,NY.GDP.MKTP.KD,1983,16108806698.524
Luxembourg,LUX,NY.GDP.MKTP.KD,1984,17105448818.9401
Luxembourg,LUX,NY.GDP.MKTP.KD,1985,17582981892.4552
Luxembourg,LUX,NY.GDP.MKTP.KD,1986,19338456010.6085
Luxembourg,LUX,NY.GDP.MKTP.KD,1987,20102514073.01
Luxembourg,LUX,NY.GDP.MKTP.KD,1988,21803846613.9813
Luxembourg,LUX,NY.GDP.MKTP.KD,1989,23940200934.59
Luxembourg,LUX,NY.GDP.MKTP.KD,1990,25213802874.1504
Luxembourg,LUX,NY.GDP.MKTP.KD,1991,27393332164.8938
Luxembourg,LUX,NY.GDP.MKTP.KD,1992,27891796249.9076
Luxembourg,LUX,NY.GDP.MKTP.KD,1993,29063431792.5317
Luxembourg,LUX,NY.GDP.MKTP.KD,1994,30173922687.2701
Luxembourg,LUX,NY.GDP.MKTP.KD,1995,30606073681.2382
Luxembourg,LUX,NY.GDP.MKTP.KD,1996,31033969944.4745
Luxembourg,LUX,NY.GDP.MKTP.KD,1997,32715926225.6125
Luxembourg,LUX,NY.GDP.MKTP.KD,1998,34899450950.3176
Luxembourg,LUX,NY.GDP.MKTP.KD,1999,37752878141.2099
Luxembourg,LUX,NY.GDP.MKTP.KD,2000,40372208709.5952
Luxembourg,LUX,NY.GDP.MKTP.KD,2001,41613361510.4957
Luxembourg,LUX,NY.GDP.MKTP.KD,2002,42955512461.2663
Luxembourg,LUX,NY.GDP.MKTP.KD,2003,44080624812.7638
Luxembourg,LUX,NY.GDP.MKTP.KD,2004,45945534515.3702
Luxembourg,LUX,NY.GDP.MKTP.KD,2005,47086134704.1048
Luxembourg,LUX,NY.GDP.MKTP.KD,2006,49919131984.7962
Luxembourg,LUX,NY.GDP.MKTP.KD,2007,53961843361.9674
Luxembourg,LUX,NY.GDP.MKTP.KD,2008,53798731288.1898
Luxembourg,LUX,NY.GDP.MKTP.KD,2009,52056215834.8097
Luxembourg,LUX,NY.GDP.MKTP.KD,2010,54013740787.3412
Luxembourg,LUX,NY.GDP.MKTP.KD,2011,54577798723.5502
Luxembourg,LUX,NY.GDP.MKTP.KD,2012,55478174860.1508
Luxembourg,LUX,NY.GDP.MKTP.KD,2013,57237767886.9182
Luxembourg,LUX,NY.GDP.MKTP.KD,2014,58739165125.8896
Luxembourg,LUX,NY.GDP.MKTP.KD,2015,60071584216.1375
Luxembourg,LUX,NY.GDP.MKTP.KD,2016,63062062097.5
Luxembourg,LUX,NY.GDP.MKTP.KD,2017,63892664765.9204
Luxembourg,LUX,NY.GDP.MKTP.KD,2018,64922166578.2157
Luxembourg,LUX,NY.GDP.MKTP.KD,2019,66707085285.153
Luxembourg,LUX,NY.GDP.MKTP.KD,2020,66366844706.6357
Luxembourg,LUX,NY.GDP.MKTP.KD,2021,70965889651.5506
Luxembourg,LUX,NY.GDP.MKTP.KD,2022,70187101063.1136
Luxembourg,LUX,NY.GDP.MKTP.KD,2023,70256893052.4917
Luxembourg,LUX,NY.GDP.MKTP.KD,2024,70508844109.7407
Luxembourg,LUX,NY.GDP.MKTP.KD,2025,70958604647.057
Latvia,LVA,NY.GDP.MKTP.KD,1990,20300397396.49
Latvia,LVA,NY.GDP.MKTP.KD,1991,17743517230.6282
Latvia,LVA,NY.GDP.MKTP.KD,1992,12044553173.3201
Latvia,LVA,NY.GDP.MKTP.KD,1993,11444375654.0447
Latvia,LVA,NY.GDP.MKTP.KD,1994,11694997018.6893
Latvia,LVA,NY.GDP.MKTP.KD,1995,11584507029.7279
Latvia,LVA,NY.GDP.MKTP.KD,1996,11850946177.8588
Latvia,LVA,NY.GDP.MKTP.KD,1997,12937852902.7127
Latvia,LVA,NY.GDP.MKTP.KD,1998,13785282610.3782
Latvia,LVA,NY.GDP.MKTP.KD,1999,14173807644.0021
Latvia,LVA,NY.GDP.MKTP.KD,2000,15001703493.7099
Latvia,LVA,NY.GDP.MKTP.KD,2001,15970900289.3453
Latvia,LVA,NY.GDP.MKTP.KD,2002,17195147700.3185
Latvia,LVA,NY.GDP.MKTP.KD,2003,18644549495.6873
Latvia,LVA,NY.GDP.MKTP.KD,2004,20271313178.6916
Latvia,LVA,NY.GDP.MKTP.KD,2005,22625890637.9303
Latvia,LVA,NY.GDP.MKTP.KD,2006,25527665150.2661
Latvia,LVA,NY.GDP.MKTP.KD,2007,28186253353.8682
Latvia,LVA,NY.GDP.MKTP.KD,2008,27231101091.0587
Latvia,LVA,NY.GDP.MKTP.KD,2009,22863227157.4637
Latvia,LVA,NY.GDP.MKTP.KD,2010,22026145287.9415
Latvia,LVA,NY.GDP.MKTP.KD,2011,22694935010.9107
Latvia,LVA,NY.GDP.MKTP.KD,2012,24352854611.1188
Latvia,LVA,NY.GDP.MKTP.KD,2013,24863312429.9055
Latvia,LVA,NY.GDP.MKTP.KD,2014,25384188823.064
Latvia,LVA,NY.GDP.MKTP.KD,2015,26344565876.8902
Latvia,LVA,NY.GDP.MKTP.KD,2016,27016796481.3321
Latvia,LVA,NY.GDP.MKTP.KD,2017,27935083541.205
Latvia,LVA,NY.GDP.MKTP.KD,2018,29139005429.8548
Latvia,LVA,NY.GDP.MKTP.KD,2019,29335802338.5259
Latvia,LVA,NY.GDP.MKTP.KD,2020,28318076614.1623
Latvia,LVA,NY.GDP.MKTP.KD,2021,30284070900.4111
Latvia,LVA,NY.GDP.MKTP.KD,2022,30862052747.7596
Latvia,LVA,NY.GDP.MKTP.KD,2023,30571453786.1231
Latvia,LVA,NY.GDP.MKTP.KD,2024,30560125330.6748
Latvia,LVA,NY.GDP.MKTP.KD,2025,31213460641.1947
"Macao SAR, China",MAC,NY.GDP.MKTP.KD,1982,5864572000.74053
"Macao SAR, China",MAC,NY.GDP.MKTP.KD,1983,6452411836.97971
"Macao SAR, China",MAC,NY.GDP.MKTP.KD,1984,6998223923.12004
"Macao SAR, China",MAC,NY.GDP.MKTP.KD,1985,7049469247.65311
"Macao SAR, China",MAC,NY.GDP.MKTP.KD,1986,7521431005.29074
"Macao SAR, China",MAC,NY.GDP.MKTP.KD,1987,8596485490.19559
"Macao SAR, China",MAC,NY.GDP.MKTP.KD,1988,9267941894.51659
"Macao SAR, China",MAC,NY.GDP.MKTP.KD,1989,9733648869.50242
"Macao SAR, China",MAC,NY.GDP.MKTP.KD,1990,10510339248.614
"Macao SAR, China",MAC,NY.GDP.MKTP.KD,1991,10894953515.1846
"Macao SAR, China",MAC,NY.GDP.MKTP.KD,1992,12343868429.82
"Macao SAR, China",MAC,NY.GDP.MKTP.KD,1993,12984050920.8821
"Macao SAR, China",MAC,NY.GDP.MKTP.KD,1994,13536337255.7322
"Macao SAR, China",MAC,NY.GDP.MKTP.KD,1995,13982511751.5598
"Macao SAR, China",MAC,NY.GDP.MKTP.KD,1996,13923804581.0561
"Macao SAR, China",MAC,NY.GDP.MKTP.KD,1997,13884959088.7977
"Macao SAR, China",MAC,NY.GDP.MKTP.KD,1998,13250263249.1846
"Macao SAR, China",MAC,NY.GDP.MKTP.KD,1999,12937743582.6531
"Macao SAR, China",MAC,NY.GDP.MKTP.KD,2000,13681294587.0131
"Macao SAR, China",MAC,NY.GDP.MKTP.KD,2001,14076443224.3656
"Macao SAR, China",MAC,NY.GDP.MKTP.KD,2002,15329923614.3899
"Macao SAR, China",MAC,NY.GDP.MKTP.KD,2003,17114841063.7583
"Macao SAR, China",MAC,NY.GDP.MKTP.KD,2004,21673699752.6806
"Macao SAR, China",MAC,NY.GDP.MKTP.KD,2005,23424490230.0367
"Macao SAR, China",MAC,NY.GDP.MKTP.KD,2006,26561538062.4813
"Macao SAR, China",MAC,NY.GDP.MKTP.KD,2007,30408119660.3025
"Macao SAR, China",MAC,NY.GDP.MKTP.KD,2008,31439719865.7318
"Macao SAR, China",MAC,NY.GDP.MKTP.KD,2009,31847926733.5328
"Macao SAR, China",MAC,NY.GDP.MKTP.KD,2010,39842746025.8379
"Macao SAR, China",MAC,NY.GDP.MKTP.KD,2011,48457666664.9019
"Macao SAR, China",MAC,NY.GDP.MKTP.KD,2012,52924239876.4531
"Macao SAR, China",MAC,NY.GDP.MKTP.KD,2013,58630357383.3483
"Macao SAR, China",MAC,NY.GDP.MKTP.KD,2014,57435035498.6827
"Macao SAR, China",MAC,NY.GDP.MKTP.KD,2015,44940613353.1038
"Macao SAR, China",MAC,NY.GDP.MKTP.KD,2016,44625350360.8479
"Macao SAR, China",MAC,NY.GDP.MKTP.KD,2017,49051541817.7349
"Macao SAR, China",MAC,NY.GDP.MKTP.KD,2018,52170812899.485
"Macao SAR, China",MAC,NY.GDP.MKTP.KD,2019,50886936460.4335
"Macao SAR, China",MAC,NY.GDP.MKTP.KD,2020,23203378176.6445
"Macao SAR, China",MAC,NY.GDP.MKTP.KD,2021,28415367854.0484
"Macao SAR, China",MAC,NY.GDP.MKTP.KD,2022,23028683194.5103
"Macao SAR, China",MAC,NY.GDP.MKTP.KD,2023,40371220293.3995
"Macao SAR, China",MAC,NY.GDP.MKTP.KD,2024,43540200437.277
"Macao SAR, China",MAC,NY.GDP.MKTP.KD,2025,45573992396.3692
Morocco,MAR,NY.GDP.MKTP.KD,1966,11518527478.3275
Morocco,MAR,NY.GDP.MKTP.KD,1967,12673702326.064
Morocco,MAR,NY.GDP.MKTP.KD,1968,13927351920.6705
Morocco,MAR,NY.GDP.MKTP.KD,1969,15091980118.0894
Morocco,MAR,NY.GDP.MKTP.KD,1970,15803334620.7818
Morocco,MAR,NY.GDP.MKTP.KD,1971,16687830454.1668
Morocco,MAR,NY.GDP.MKTP.KD,1972,17094552490.3422
Morocco,MAR,NY.GDP.MKTP.KD,1973,17703000748.8839
Morocco,MAR,NY.GDP.MKTP.KD,1974,18693669512.4496
Morocco,MAR,NY.GDP.MKTP.KD,1975,20106578472.1074
Morocco,MAR,NY.GDP.MKTP.KD,1976,22280658838.1136
Morocco,MAR,NY.GDP.MKTP.KD,1977,23630681317.068
Morocco,MAR,NY.GDP.MKTP.KD,1978,24158274887.3154
Morocco,MAR,NY.GDP.MKTP.KD,1979,25316371177.7963
Morocco,MAR,NY.GDP.MKTP.KD,1980,26238435140.8487
Morocco,MAR,NY.GDP.MKTP.KD,1981,25780985097.3851
Morocco,MAR,NY.GDP.MKTP.KD,1982,28090283843.6343
Morocco,MAR,NY.GDP.MKTP.KD,1983,28479775173.6037
Morocco,MAR,NY.GDP.MKTP.KD,1984,30307717167.6808
Morocco,MAR,NY.GDP.MKTP.KD,1985,32128499365.9112
Morocco,MAR,NY.GDP.MKTP.KD,1986,35107166524.2736
Morocco,MAR,NY.GDP.MKTP.KD,1987,34993066802.2243
Morocco,MAR,NY.GDP.MKTP.KD,1988,39148576061.2285
Morocco,MAR,NY.GDP.MKTP.KD,1989,40262823843.6365
Morocco,MAR,NY.GDP.MKTP.KD,1990,41636515790.1878
Morocco,MAR,NY.GDP.MKTP.KD,1991,44641043473.6915
Morocco,MAR,NY.GDP.MKTP.KD,1992,43704591004.544
Morocco,MAR,NY.GDP.MKTP.KD,1993,43380918430.9002
Morocco,MAR,NY.GDP.MKTP.KD,1994,47974090254.8843
Morocco,MAR,NY.GDP.MKTP.KD,1995,45380875814.1028
Morocco,MAR,NY.GDP.MKTP.KD,1996,50995795428.8466
Morocco,MAR,NY.GDP.MKTP.KD,1997,50199902853.4782
Morocco,MAR,NY.GDP.MKTP.KD,1998,53833649265.2898
Morocco,MAR,NY.GDP.MKTP.KD,1999,54747239388.7725
Morocco,MAR,NY.GDP.MKTP.KD,2000,56160912155.7573
Morocco,MAR,NY.GDP.MKTP.KD,2001,60497559620.7789
Morocco,MAR,NY.GDP.MKTP.KD,2002,62754238001.606
Morocco,MAR,NY.GDP.MKTP.KD,2003,66626866131.8459
Morocco,MAR,NY.GDP.MKTP.KD,2004,69672633474.8662
Morocco,MAR,NY.GDP.MKTP.KD,2005,71896757928.9618
Morocco,MAR,NY.GDP.MKTP.KD,2006,77498104932.5221
Morocco,MAR,NY.GDP.MKTP.KD,2007,80164867241.3167
Morocco,MAR,NY.GDP.MKTP.KD,2008,84721870674.8237
Morocco,MAR,NY.GDP.MKTP.KD,2009,87895356582.8232
Morocco,MAR,NY.GDP.MKTP.KD,2010,90971304769.4422
Morocco,MAR,NY.GDP.MKTP.KD,2011,95997146621.9656
Morocco,MAR,NY.GDP.MKTP.KD,2012,98936909179.3524
Morocco,MAR,NY.GDP.MKTP.KD,2013,103015299181.348
Morocco,MAR,NY.GDP.MKTP.KD,2014,105816536606.04
Morocco,MAR,NY.GDP.MKTP.KD,2015,110413823841.592
Morocco,MAR,NY.GDP.MKTP.KD,2016,110989284688.174
Morocco,MAR,NY.GDP.MKTP.KD,2017,116603009678.139
Morocco,MAR,NY.GDP.MKTP.KD,2018,120177639735.159
Morocco,MAR,NY.GDP.MKTP.KD,2019,123651944968.713
Morocco,MAR,NY.GDP.MKTP.KD,2020,114775951852.213
Morocco,MAR,NY.GDP.MKTP.KD,2021,124135631043.727
Morocco,MAR,NY.GDP.MKTP.KD,2022,126385828220.594
Morocco,MAR,NY.GDP.MKTP.KD,2023,131006044306.041
Morocco,MAR,NY.GDP.MKTP.KD,2024,135975581947.965
Morocco,MAR,NY.GDP.MKTP.KD,2025,142223991027.897
Monaco,MCO,NY.GDP.MKTP.KD,1970,1764784376.58996
Monaco,MCO,NY.GDP.MKTP.KD,1971,1857048363.07573
Monaco,MCO,NY.GDP.MKTP.KD,1972,1943369720.81132
Monaco,MCO,NY.GDP.MKTP.KD,1973,2070733459.75223
Monaco,MCO,NY.GDP.MKTP.KD,1974,2163390727.98177
Monaco,MCO,NY.GDP.MKTP.KD,1975,2142348778.60356
Monaco,MCO,NY.GDP.MKTP.KD,1976,2236861253.98802
Monaco,MCO,NY.GDP.MKTP.KD,1977,2316342215.11778
Monaco,MCO,NY.GDP.MKTP.KD,1978,2407919992.9574
Monaco,MCO,NY.GDP.MKTP.KD,1979,2493020820.0449
Monaco,MCO,NY.GDP.MKTP.KD,1980,2535039624.78161
Monaco,MCO,NY.GDP.MKTP.KD,1981,2558422281.84848
Monaco,MCO,NY.GDP.MKTP.KD,1982,2620653076.16361
Monaco,MCO,NY.GDP.MKTP.KD,1983,2651969181.99443
Monaco,MCO,NY.GDP.MKTP.KD,1984,2691338079.02775
Monaco,MCO,NY.GDP.MKTP.KD,1985,2737324964.26717
Monaco,MCO,NY.GDP.MKTP.KD,1986,2804454154.96003
Monaco,MCO,NY.GDP.MKTP.KD,1987,2874132898.51489
Monaco,MCO,NY.GDP.MKTP.KD,1988,3006302816.38957
Monaco,MCO,NY.GDP.MKTP.KD,1989,3131475023.50273
Monaco,MCO,NY.GDP.MKTP.KD,1990,3214254130.61092
Monaco,MCO,NY.GDP.MKTP.KD,1991,3246882960.05532
Monaco,MCO,NY.GDP.MKTP.KD,1992,3291256145.976
Monaco,MCO,NY.GDP.MKTP.KD,1993,3261176706.97129
Monaco,MCO,NY.GDP.MKTP.KD,1994,3333432128.16338
Monaco,MCO,NY.GDP.MKTP.KD,1995,3404005987.1978
Monaco,MCO,NY.GDP.MKTP.KD,1996,3441815364.07946
Monaco,MCO,NY.GDP.MKTP.KD,1997,3518817353.44267
Monaco,MCO,NY.GDP.MKTP.KD,1998,3642090885.26236
Monaco,MCO,NY.GDP.MKTP.KD,1999,3762299515.19654
Monaco,MCO,NY.GDP.MKTP.KD,2000,3909414076.80499
Monaco,MCO,NY.GDP.MKTP.KD,2001,3994941645.66053
Monaco,MCO,NY.GDP.MKTP.KD,2002,4035949624.707
Monaco,MCO,NY.GDP.MKTP.KD,2003,4079842051.91308
Monaco,MCO,NY.GDP.MKTP.KD,2004,4180633840.11691
Monaco,MCO,NY.GDP.MKTP.KD,2005,4259874163.75106
Monaco,MCO,NY.GDP.MKTP.KD,2006,4507698668.99984
Monaco,MCO,NY.GDP.MKTP.KD,2007,5158498315.13633
Monaco,MCO,NY.GDP.MKTP.KD,2008,5197025654.18761
Monaco,MCO,NY.GDP.MKTP.KD,2009,4607839553.42958
Monaco,MCO,NY.GDP.MKTP.KD,2010,4703001560.24653
Monaco,MCO,NY.GDP.MKTP.KD,2011,5033263116.99128
Monaco,MCO,NY.GDP.MKTP.KD,2012,5084210733.0012
Monaco,MCO,NY.GDP.MKTP.KD,2013,5571130593.87711
Monaco,MCO,NY.GDP.MKTP.KD,2014,5971529297.06174
Monaco,MCO,NY.GDP.MKTP.KD,2015,6264753585.625
Monaco,MCO,NY.GDP.MKTP.KD,2016,6453225163.14613
Monaco,MCO,NY.GDP.MKTP.KD,2017,6246322939.64641
Monaco,MCO,NY.GDP.MKTP.KD,2018,6602232250.12554
Monaco,MCO,NY.GDP.MKTP.KD,2019,7072369914.49454
Monaco,MCO,NY.GDP.MKTP.KD,2020,6136051447.60504
Monaco,MCO,NY.GDP.MKTP.KD,2021,7500231633.85052
Monaco,MCO,NY.GDP.MKTP.KD,2022,8345229894.39415
Monaco,MCO,NY.GDP.MKTP.KD,2023,8799540111.36912
Monaco,MCO,NY.GDP.MKTP.KD,2024,9548428280.17131
Moldova,MDA,NY.GDP.MKTP.KD,1990,11137693132.5555
Moldova,MDA,NY.GDP.MKTP.KD,1991,9355662201.10612
Moldova,MDA,NY.GDP.MKTP.KD,1992,6633164508.28943
Moldova,MDA,NY.GDP.MKTP.KD,1993,6553566538.6324
Moldova,MDA,NY.GDP.MKTP.KD,1994,4528514463.37445
Moldova,MDA,NY.GDP.MKTP.KD,1995,4465115303.68557
Moldova,MDA,NY.GDP.MKTP.KD,1996,4202697785.43658
Moldova,MDA,NY.GDP.MKTP.KD,1997,4271918931.24013
Moldova,MDA,NY.GDP.MKTP.KD,1998,3992441789.3799
Moldova,MDA,NY.GDP.MKTP.KD,1999,3857966190.08457
Moldova,MDA,NY.GDP.MKTP.KD,2000,3939281163.91139
Moldova,MDA,NY.GDP.MKTP.KD,2001,4179577330.63921
Moldova,MDA,NY.GDP.MKTP.KD,2002,4505584348.12398
Moldova,MDA,NY.GDP.MKTP.KD,2003,4802952913.19777
Moldova,MDA,NY.GDP.MKTP.KD,2004,5158371415.97847
Moldova,MDA,NY.GDP.MKTP.KD,2005,5545249279.88205
Moldova,MDA,NY.GDP.MKTP.KD,2006,5811421236.26146
Moldova,MDA,NY.GDP.MKTP.KD,2007,5985763886.4747
Moldova,MDA,NY.GDP.MKTP.KD,2008,6452653478.32394
Moldova,MDA,NY.GDP.MKTP.KD,2009,6065494252.61994
Moldova,MDA,NY.GDP.MKTP.KD,2010,6496144351.04957
Moldova,MDA,NY.GDP.MKTP.KD,2011,6874100822.53274
Moldova,MDA,NY.GDP.MKTP.KD,2012,6833561915.89765
Moldova,MDA,NY.GDP.MKTP.KD,2013,7451580071.77113
Moldova,MDA,NY.GDP.MKTP.KD,2014,7824131195.57662
Moldova,MDA,NY.GDP.MKTP.KD,2015,7797667196.73087
Moldova,MDA,NY.GDP.MKTP.KD,2016,8159947934.63828
Moldova,MDA,NY.GDP.MKTP.KD,2017,8500675703.95748
Moldova,MDA,NY.GDP.MKTP.KD,2018,8847128857.51461
Moldova,MDA,NY.GDP.MKTP.KD,2019,9161406662.06896
Moldova,MDA,NY.GDP.MKTP.KD,2020,8403210632.93021
Moldova,MDA,NY.GDP.MKTP.KD,2021,9573777856.36482
Moldova,MDA,NY.GDP.MKTP.KD,2022,9128802925.53684
Moldova,MDA,NY.GDP.MKTP.KD,2023,9237254992.07154
Moldova,MDA,NY.GDP.MKTP.KD,2024,9262257512.23544
Moldova,MDA,NY.GDP.MKTP.KD,2025,9486079719.1752
Madagascar,MDG,NY.GDP.MKTP.KD,1960,4151435154.88261
Madagascar,MDG,NY.GDP.MKTP.KD,1961,4236482815.08598
Madagascar,MDG,NY.GDP.MKTP.KD,1962,4332696292.69223
Madagascar,MDG,NY.GDP.MKTP.KD,1963,4292428143.03736
Madagascar,MDG,NY.GDP.MKTP.KD,1964,4462516417.17832
Madagascar,MDG,NY.GDP.MKTP.KD,1965,4442334514.27688
Madagascar,MDG,NY.GDP.MKTP.KD,1966,4534048838.45828
Madagascar,MDG,NY.GDP.MKTP.KD,1967,4784716703.26725
Madagascar,MDG,NY.GDP.MKTP.KD,1968,5111454772.34536
Madagascar,MDG,NY.GDP.MKTP.KD,1969,5301663360.44596
Madagascar,MDG,NY.GDP.MKTP.KD,1970,5581403272.41878
Madagascar,MDG,NY.GDP.MKTP.KD,1971,5800716980.83221
Madagascar,MDG,NY.GDP.MKTP.KD,1972,5726895807.58357
Madagascar,MDG,NY.GDP.MKTP.KD,1973,5576938281.89963
Madagascar,MDG,NY.GDP.MKTP.KD,1974,5688860706.2927
Madagascar,MDG,NY.GDP.MKTP.KD,1975,5760465920.10296
Madagascar,MDG,NY.GDP.MKTP.KD,1976,5583685378.33593
Madagascar,MDG,NY.GDP.MKTP.KD,1977,5715683720.68839
Madagascar,MDG,NY.GDP.MKTP.KD,1978,5563543310.52298
Madagascar,MDG,NY.GDP.MKTP.KD,1979,6111811047.75423
Madagascar,MDG,NY.GDP.MKTP.KD,1980,6170038735.21433
Madagascar,MDG,NY.GDP.MKTP.KD,1981,5565374939.11029
Madagascar,MDG,NY.GDP.MKTP.KD,1982,5459632815.26647
Madagascar,MDG,NY.GDP.MKTP.KD,1983,5508769510.5709
Madagascar,MDG,NY.GDP.MKTP.KD,1984,5605733876.77473
Madagascar,MDG,NY.GDP.MKTP.KD,1985,5670555451.89363
Madagascar,MDG,NY.GDP.MKTP.KD,1986,5781711090.7885
Madagascar,MDG,NY.GDP.MKTP.KD,1987,5849641181.11071
Madagascar,MDG,NY.GDP.MKTP.KD,1988,6048934315.21165
Madagascar,MDG,NY.GDP.MKTP.KD,1989,6295421169.5666
Madagascar,MDG,NY.GDP.MKTP.KD,1990,6492398920.48671
Madagascar,MDG,NY.GDP.MKTP.KD,1991,6082965417.7811
Madagascar,MDG,NY.GDP.MKTP.KD,1992,6154798240.80708
Madagascar,MDG,NY.GDP.MKTP.KD,1993,6284044275.81625
Madagascar,MDG,NY.GDP.MKTP.KD,1994,6281398611.31878
Madagascar,MDG,NY.GDP.MKTP.KD,1995,6386837686.07253
Madagascar,MDG,NY.GDP.MKTP.KD,1996,6524423229.10942
Madagascar,MDG,NY.GDP.MKTP.KD,1997,6765402319.37305
Madagascar,MDG,NY.GDP.MKTP.KD,1998,7030408175.56267
Madagascar,MDG,NY.GDP.MKTP.KD,1999,7360783017.34648
Madagascar,MDG,NY.GDP.MKTP.KD,2000,7688842733.27739
Madagascar,MDG,NY.GDP.MKTP.KD,2001,8148653656.69862
Madagascar,MDG,NY.GDP.MKTP.KD,2002,7137571065.48697
Madagascar,MDG,NY.GDP.MKTP.KD,2003,7835974694.57165
Madagascar,MDG,NY.GDP.MKTP.KD,2004,8247912168.09114
Madagascar,MDG,NY.GDP.MKTP.KD,2005,8640170094.37648
Madagascar,MDG,NY.GDP.MKTP.KD,2006,9106610406.88934
Madagascar,MDG,NY.GDP.MKTP.KD,2007,9626649240.51396
Madagascar,MDG,NY.GDP.MKTP.KD,2008,10272850829.8606
Madagascar,MDG,NY.GDP.MKTP.KD,2009,9864124029.23054
Madagascar,MDG,NY.GDP.MKTP.KD,2010,9925206605.67835
Madagascar,MDG,NY.GDP.MKTP.KD,2011,10081868751.8746
Madagascar,MDG,NY.GDP.MKTP.KD,2012,10385448752.8756
Madagascar,MDG,NY.GDP.MKTP.KD,2013,10624353147.1587
Madagascar,MDG,NY.GDP.MKTP.KD,2014,10979121878.0735
Madagascar,MDG,NY.GDP.MKTP.KD,2015,11323020701.3017
Madagascar,MDG,NY.GDP.MKTP.KD,2016,11775165456.5346
Madagascar,MDG,NY.GDP.MKTP.KD,2017,12238318933.7165
Madagascar,MDG,NY.GDP.MKTP.KD,2018,12629254472.2012
Madagascar,MDG,NY.GDP.MKTP.KD,2019,13186360203.1442
Madagascar,MDG,NY.GDP.MKTP.KD,2020,12245161113.1284
Madagascar,MDG,NY.GDP.MKTP.KD,2021,12814644792.2069
Madagascar,MDG,NY.GDP.MKTP.KD,2022,13344855250.4054
Madagascar,MDG,NY.GDP.MKTP.KD,2023,13909458168.1836
Madagascar,MDG,NY.GDP.MKTP.KD,2024,14510741411.4462
Madagascar,MDG,NY.GDP.MKTP.KD,2025,14946436415.4163
Maldives,MDV,NY.GDP.MKTP.KD,1970,187964776.564389
Maldives,MDV,NY.GDP.MKTP.KD,1971,197752527.971145
Maldives,MDV,NY.GDP.MKTP.KD,1972,202546528.636027
Maldives,MDV,NY.GDP.MKTP.KD,1973,205742529.120788
Maldives,MDV,NY.GDP.MKTP.KD,1974,217527780.737129
Maldives,MDV,NY.GDP.MKTP.KD,1975,200149528.334716
Maldives,MDV,NY.GDP.MKTP.KD,1976,201348028.485371
Maldives,MDV,NY.GDP.MKTP.KD,1977,224004421.481143
Maldives,MDV,NY.GDP.MKTP.KD,1978,256898849.939706
Maldives,MDV,NY.GDP.MKTP.KD,1979,284295074.104839
Maldives,MDV,NY.GDP.MKTP.KD,1980,337096793.412458
Maldives,MDV,NY.GDP.MKTP.KD,1981,376755239.718251
Maldives,MDV,NY.GDP.MKTP.KD,1982,365406574.444485
Maldives,MDV,NY.GDP.MKTP.KD,1983,424808146.800603
Maldives,MDV,NY.GDP.MKTP.KD,1984,539317202.008688
Maldives,MDV,NY.GDP.MKTP.KD,1985,622458576.945265
Maldives,MDV,NY.GDP.MKTP.KD,1986,680724366.619139
Maldives,MDV,NY.GDP.MKTP.KD,1987,740826580.813539
Maldives,MDV,NY.GDP.MKTP.KD,1988,805503273.326515
Maldives,MDV,NY.GDP.MKTP.KD,1989,880631019.745342
Maldives,MDV,NY.GDP.MKTP.KD,1990,1029918209.68972
Maldives,MDV,NY.GDP.MKTP.KD,1991,1044776799.05973
Maldives,MDV,NY.GDP.MKTP.KD,1992,1114472035.60832
Maldives,MDV,NY.GDP.MKTP.KD,1993,1176400673.07978
Maldives,MDV,NY.GDP.MKTP.KD,1994,1267565681.28595
Maldives,MDV,NY.GDP.MKTP.KD,1995,1432169026.60643
Maldives,MDV,NY.GDP.MKTP.KD,1996,1544718134.83043
Maldives,MDV,NY.GDP.MKTP.KD,1997,1674442652.47933
Maldives,MDV,NY.GDP.MKTP.KD,1998,1799936819.86027
Maldives,MDV,NY.GDP.MKTP.KD,1999,1911094724.79954
Maldives,MDV,NY.GDP.MKTP.KD,2000,1984591804.63877
Maldives,MDV,NY.GDP.MKTP.KD,2001,1906326757.09611
Maldives,MDV,NY.GDP.MKTP.KD,2002,2044885954.92519
Maldives,MDV,NY.GDP.MKTP.KD,2003,2326058788.83095
Maldives,MDV,NY.GDP.MKTP.KD,2004,2463875271.81491
Maldives,MDV,NY.GDP.MKTP.KD,2005,2188480301.91021
Maldives,MDV,NY.GDP.MKTP.KD,2006,2705624149.59562
Maldives,MDV,NY.GDP.MKTP.KD,2007,2898626608.24578
Maldives,MDV,NY.GDP.MKTP.KD,2008,3158820509.47837
Maldives,MDV,NY.GDP.MKTP.KD,2009,2895352810.97153
Maldives,MDV,NY.GDP.MKTP.KD,2010,3091816044.31985
Maldives,MDV,NY.GDP.MKTP.KD,2011,3365238508.40701
Maldives,MDV,NY.GDP.MKTP.KD,2012,3445643747.5744
Maldives,MDV,NY.GDP.MKTP.KD,2013,3685976098.72391
Maldives,MDV,NY.GDP.MKTP.KD,2014,3975719121.76918
Maldives,MDV,NY.GDP.MKTP.KD,2015,4129505319.12921
Maldives,MDV,NY.GDP.MKTP.KD,2016,4392772972.49748
Maldives,MDV,NY.GDP.MKTP.KD,2017,4703536561.40931
Maldives,MDV,NY.GDP.MKTP.KD,2018,5106580520.20896
Maldives,MDV,NY.GDP.MKTP.KD,2019,5460112147.97969
Maldives,MDV,NY.GDP.MKTP.KD,2020,3663253190.26213
Maldives,MDV,NY.GDP.MKTP.KD,2021,5037261439.19069
Maldives,MDV,NY.GDP.MKTP.KD,2022,5733717715.04974
Maldives,MDV,NY.GDP.MKTP.KD,2023,6017127527.21638
Maldives,MDV,NY.GDP.MKTP.KD,2024,6227390285.84391
Maldives,MDV,NY.GDP.MKTP.KD,2025,6620396113.49078
"Middle East, North Africa, Afghanistan & Pakistan",MEA,NY.GDP.MKTP.KD,1960,245616869734.414
"Middle East, North Africa, Afghanistan & Pakistan",MEA,NY.GDP.MKTP.KD,1961,260696259190.129
"Middle East, North Africa, Afghanistan & Pakistan",MEA,NY.GDP.MKTP.KD,1962,274880896480.684
"Middle East, North Africa, Afghanistan & Pakistan",MEA,NY.GDP.MKTP.KD,1963,303891392376.53
"Middle East, North Africa, Afghanistan & Pakistan",MEA,NY.GDP.MKTP.KD,1964,332961878958.669
"Middle East, North Africa, Afghanistan & Pakistan",MEA,NY.GDP.MKTP.KD,1965,372262453645.981
"Middle East, North Africa, Afghanistan & Pakistan",MEA,NY.GDP.MKTP.KD,1966,396997666440.379
"Middle East, North Africa, Afghanistan & Pakistan",MEA,NY.GDP.MKTP.KD,1967,427756068621.95
"Middle East, North Africa, Afghanistan & Pakistan",MEA,NY.GDP.MKTP.KD,1968,480265802719.991
"Middle East, North Africa, Afghanistan & Pakistan",MEA,NY.GDP.MKTP.KD,1969,530280689808.736
"Middle East, North Africa, Afghanistan & Pakistan",MEA,NY.GDP.MKTP.KD,1970,622663595241.608
"Middle East, North Africa, Afghanistan & Pakistan",MEA,NY.GDP.MKTP.KD,1971,678414293656.204
"Middle East, North Africa, Afghanistan & Pakistan",MEA,NY.GDP.MKTP.KD,1972,770352732319.245
"Middle East, North Africa, Afghanistan & Pakistan",MEA,NY.GDP.MKTP.KD,1973,856191704608.788
"Middle East, North Africa, Afghanistan & Pakistan",MEA,NY.GDP.MKTP.KD,1974,930577071576.592
"Middle East, North Africa, Afghanistan & Pakistan",MEA,NY.GDP.MKTP.KD,1975,931688869311.879
"Middle East, North Africa, Afghanistan & Pakistan",MEA,NY.GDP.MKTP.KD,1976,1060695267180.31
"Middle East, North Africa, Afghanistan & Pakistan",MEA,NY.GDP.MKTP.KD,1977,1100844942984.48
"Middle East, North Africa, Afghanistan & Pakistan",MEA,NY.GDP.MKTP.KD,1978,1098265538250.66
"Middle East, North Africa, Afghanistan & Pakistan",MEA,NY.GDP.MKTP.KD,1979,1159905997335.15
"Middle East, North Africa, Afghanistan & Pakistan",MEA,NY.GDP.MKTP.KD,1980,1176739397325.84
"Middle East, North Africa, Afghanistan & Pakistan",MEA,NY.GDP.MKTP.KD,1981,1183188470111.64
"Middle East, North Africa, Afghanistan & Pakistan",MEA,NY.GDP.MKTP.KD,1982,1168185426400.58
"Middle East, North Africa, Afghanistan & Pakistan",MEA,NY.GDP.MKTP.KD,1983,1163472313489.65
"Middle East, North Africa, Afghanistan & Pakistan",MEA,NY.GDP.MKTP.KD,1984,1164929728877.99
"Middle East, North Africa, Afghanistan & Pakistan",MEA,NY.GDP.MKTP.KD,1985,1171870479151.34
"Middle East, North Africa, Afghanistan & Pakistan",MEA,NY.GDP.MKTP.KD,1986,1154245549374.11
"Middle East, North Africa, Afghanistan & Pakistan",MEA,NY.GDP.MKTP.KD,1987,1165734807288.07
"Middle East, North Africa, Afghanistan & Pakistan",MEA,NY.GDP.MKTP.KD,1988,1192617215476.0
"Middle East, North Africa, Afghanistan & Pakistan",MEA,NY.GDP.MKTP.KD,1989,1238702704498.05
"Middle East, North Africa, Afghanistan & Pakistan",MEA,NY.GDP.MKTP.KD,1990,1344617274079.5
"Middle East, North Africa, Afghanistan & Pakistan",MEA,NY.GDP.MKTP.KD,1991,1374396261425.41
"Middle East, North Africa, Afghanistan & Pakistan",MEA,NY.GDP.MKTP.KD,1992,1460786022398.41
"Middle East, North Africa, Afghanistan & Pakistan",MEA,NY.GDP.MKTP.KD,1993,1496736965308.02
"Middle East, North Africa, Afghanistan & Pakistan",MEA,NY.GDP.MKTP.KD,1994,1542940775091.71
"Middle East, North Africa, Afghanistan & Pakistan",MEA,NY.GDP.MKTP.KD,1995,1592459045013.57
"Middle East, North Africa, Afghanistan & Pakistan",MEA,NY.GDP.MKTP.KD,1996,1673621599039.53
"Middle East, North Africa, Afghanistan & Pakistan",MEA,NY.GDP.MKTP.KD,1997,1743041219066.27
"Middle East, North Africa, Afghanistan & Pakistan",MEA,NY.GDP.MKTP.KD,1998,1815773179396.73
"Middle East, North Africa, Afghanistan & Pakistan",MEA,NY.GDP.MKTP.KD,1999,1866417815799.28
"Middle East, North Africa, Afghanistan & Pakistan",MEA,NY.GDP.MKTP.KD,2000,1985227628041.02
"Middle East, North Africa, Afghanistan & Pakistan",MEA,NY.GDP.MKTP.KD,2001,2024839358521.05
"Middle East, North Africa, Afghanistan & Pakistan",MEA,NY.GDP.MKTP.KD,2002,2068058783129.57
"Middle East, North Africa, Afghanistan & Pakistan",MEA,NY.GDP.MKTP.KD,2003,2163692511999.29
"Middle East, North Africa, Afghanistan & Pakistan",MEA,NY.GDP.MKTP.KD,2004,2335751138029.35
"Middle East, North Africa, Afghanistan & Pakistan",MEA,NY.GDP.MKTP.KD,2005,2459320795480.17
"Middle East, North Africa, Afghanistan & Pakistan",MEA,NY.GDP.MKTP.KD,2006,2607139150303.16
"Middle East, North Africa, Afghanistan & Pakistan",MEA,NY.GDP.MKTP.KD,2007,2744036799740.35
"Middle East, North Africa, Afghanistan & Pakistan",MEA,NY.GDP.MKTP.KD,2008,2864707622907.01
"Middle East, North Africa, Afghanistan & Pakistan",MEA,NY.GDP.MKTP.KD,2009,2897338015096.45
"Middle East, North Africa, Afghanistan & Pakistan",MEA,NY.GDP.MKTP.KD,2010,3034559865537.13
"Middle East, North Africa, Afghanistan & Pakistan",MEA,NY.GDP.MKTP.KD,2011,3151038180271.14
"Middle East, North Africa, Afghanistan & Pakistan",MEA,NY.GDP.MKTP.KD,2012,3284609260021.54
"Middle East, North Africa, Afghanistan & Pakistan",MEA,NY.GDP.MKTP.KD,2013,3362559093355.12
"Middle East, North Africa, Afghanistan & Pakistan",MEA,NY.GDP.MKTP.KD,2014,3465593642324.66
"Middle East, North Africa, Afghanistan & Pakistan",MEA,NY.GDP.MKTP.KD,2015,3561595503548.09
"Middle East, North Africa, Afghanistan & Pakistan",MEA,NY.GDP.MKTP.KD,2016,3721998284374.02
"Middle East, North Africa, Afghanistan & Pakistan",MEA,NY.GDP.MKTP.KD,2017,3799297466472.67
"Middle East, North Africa, Afghanistan & Pakistan",MEA,NY.GDP.MKTP.KD,2018,3890587199494.79
"Middle East, North Africa, Afghanistan & Pakistan",MEA,NY.GDP.MKTP.KD,2019,3952096168738.95
"Middle East, North Africa, Afghanistan & Pakistan",MEA,NY.GDP.MKTP.KD,2020,3811524057958.64
"Middle East, North Africa, Afghanistan & Pakistan",MEA,NY.GDP.MKTP.KD,2021,4003259471671.34
"Middle East, North Africa, Afghanistan & Pakistan",MEA,NY.GDP.MKTP.KD,2022,4261451479424.25
"Middle East, North Africa, Afghanistan & Pakistan",MEA,NY.GDP.MKTP.KD,2023,4359069965379.83
"Middle East, North Africa, Afghanistan & Pakistan",MEA,NY.GDP.MKTP.KD,2024,4460573971280.92
"Middle East, North Africa, Afghanistan & Pakistan",MEA,NY.GDP.MKTP.KD,2025,4583014791072.13
Mexico,MEX,NY.GDP.MKTP.KD,1960,152252652595.644
Mexico,MEX,NY.GDP.MKTP.KD,1961,159865285226.527
Mexico,MEX,NY.GDP.MKTP.KD,1962,167322065046.917
Mexico,MEX,NY.GDP.MKTP.KD,1963,180886675665.215
Mexico,MEX,NY.GDP.MKTP.KD,1964,202422104044.408
Mexico,MEX,NY.GDP.MKTP.KD,1965,216794073426.443
Mexico,MEX,NY.GDP.MKTP.KD,1966,230010142142.228
Mexico,MEX,NY.GDP.MKTP.KD,1967,243477063178.675
Mexico,MEX,NY.GDP.MKTP.KD,1968,266420585700.657
Mexico,MEX,NY.GDP.MKTP.KD,1969,275528493190.141
Mexico,MEX,NY.GDP.MKTP.KD,1970,293444689470.87
Mexico,MEX,NY.GDP.MKTP.KD,1971,304485451085.435
Mexico,MEX,NY.GDP.MKTP.KD,1972,329540972149.707
Mexico,MEX,NY.GDP.MKTP.KD,1973,355446582960.301
Mexico,MEX,NY.GDP.MKTP.KD,1974,375980117953.589
Mexico,MEX,NY.GDP.MKTP.KD,1975,397578239615.233
Mexico,MEX,NY.GDP.MKTP.KD,1976,415141036248.196
Mexico,MEX,NY.GDP.MKTP.KD,1977,429216973061.487
Mexico,MEX,NY.GDP.MKTP.KD,1978,467661689800.004
Mexico,MEX,NY.GDP.MKTP.KD,1979,513016316142.586
Mexico,MEX,NY.GDP.MKTP.KD,1980,557939217930.27
Mexico,MEX,NY.GDP.MKTP.KD,1981,611422385100.004
Mexico,MEX,NY.GDP.MKTP.KD,1982,611119202960.532
Mexico,MEX,NY.GDP.MKTP.KD,1983,582860269028.285
Mexico,MEX,NY.GDP.MKTP.KD,1984,603338559528.223
Mexico,MEX,NY.GDP.MKTP.KD,1985,614917928406.528
Mexico,MEX,NY.GDP.MKTP.KD,1986,590751900354.136
Mexico,MEX,NY.GDP.MKTP.KD,1987,602941257824.805
Mexico,MEX,NY.GDP.MKTP.KD,1988,610286657404.856
Mexico,MEX,NY.GDP.MKTP.KD,1989,632412287302.93
Mexico,MEX,NY.GDP.MKTP.KD,1990,665614206217.349
Mexico,MEX,NY.GDP.MKTP.KD,1991,692078394532.559
Mexico,MEX,NY.GDP.MKTP.KD,1992,716775997855.793
Mexico,MEX,NY.GDP.MKTP.KD,1993,737325961805.099
Mexico,MEX,NY.GDP.MKTP.KD,1994,769725007515.6
Mexico,MEX,NY.GDP.MKTP.KD,1995,724231953293.782
Mexico,MEX,NY.GDP.MKTP.KD,1996,769266848267.796
Mexico,MEX,NY.GDP.MKTP.KD,1997,824645415959.505
Mexico,MEX,NY.GDP.MKTP.KD,1998,875650385836.062
Mexico,MEX,NY.GDP.MKTP.KD,1999,899774820102.317
Mexico,MEX,NY.GDP.MKTP.KD,2000,945027051109.809
Mexico,MEX,NY.GDP.MKTP.KD,2001,940766441508.274
Mexico,MEX,NY.GDP.MKTP.KD,2002,938540700981.551
Mexico,MEX,NY.GDP.MKTP.KD,2003,949667522087.641
Mexico,MEX,NY.GDP.MKTP.KD,2004,983527357532.924
Mexico,MEX,NY.GDP.MKTP.KD,2005,1004311721038.6
Mexico,MEX,NY.GDP.MKTP.KD,2006,1052569034983.79
Mexico,MEX,NY.GDP.MKTP.KD,2007,1074439987400.41
Mexico,MEX,NY.GDP.MKTP.KD,2008,1084575522256.88
Mexico,MEX,NY.GDP.MKTP.KD,2009,1016298775542.76
Mexico,MEX,NY.GDP.MKTP.KD,2010,1066822388040.15
Mexico,MEX,NY.GDP.MKTP.KD,2011,1103564231719.43
Mexico,MEX,NY.GDP.MKTP.KD,2012,1142776194745.57
Mexico,MEX,NY.GDP.MKTP.KD,2013,1152513808415.91
Mexico,MEX,NY.GDP.MKTP.KD,2014,1181370028573.8
Mexico,MEX,NY.GDP.MKTP.KD,2015,1213294467653.78
Mexico,MEX,NY.GDP.MKTP.KD,2016,1234800029897.25
Mexico,MEX,NY.GDP.MKTP.KD,2017,1257912134548.83
Mexico,MEX,NY.GDP.MKTP.KD,2018,1282719194726.5
Mexico,MEX,NY.GDP.MKTP.KD,2019,1277682078136.65
Mexico,MEX,NY.GDP.MKTP.KD,2020,1170944075330.45
Mexico,MEX,NY.GDP.MKTP.KD,2021,1241768434190.09
Mexico,MEX,NY.GDP.MKTP.KD,2022,1287835026633.04
Mexico,MEX,NY.GDP.MKTP.KD,2023,1327845439047.71
Mexico,MEX,NY.GDP.MKTP.KD,2024,1345779005031.98
Mexico,MEX,NY.GDP.MKTP.KD,2025,1353338023059.52
Marshall Islands,MHL,NY.GDP.MKTP.KD,1970,45931280.0
Marshall Islands,MHL,NY.GDP.MKTP.KD,1971,46992252.0
Marshall Islands,MHL,NY.GDP.MKTP.KD,1972,47500634.0
Marshall Islands,MHL,NY.GDP.MKTP.KD,1973,63614160.0
Marshall Islands,MHL,NY.GDP.MKTP.KD,1974,73361848.0
Marshall Islands,MHL,NY.GDP.MKTP.KD,1975,73406056.0
Marshall Islands,MHL,NY.GDP.MKTP.KD,1976,73671297.0
Marshall Islands,MHL,NY.GDP.MKTP.KD,1977,75461688.0
Marshall Islands,MHL,NY.GDP.MKTP.KD,1978,79705581.0
Marshall Islands,MHL,NY.GDP.MKTP.KD,1979,81407557.0
Marshall Islands,MHL,NY.GDP.MKTP.KD,1980,75550102.0
Marshall Islands,MHL,NY.GDP.MKTP.KD,1981,80412894.0
Marshall Islands,MHL,NY.GDP.MKTP.KD,1982,84297825.0
Marshall Islands,MHL,NY.GDP.MKTP.KD,1983,97370735.0
Marshall Islands,MHL,NY.GDP.MKTP.KD,1984,101135112.0
Marshall Islands,MHL,NY.GDP.MKTP.KD,1985,94806793.0
Marshall Islands,MHL,NY.GDP.MKTP.KD,1986,118074749.0
Marshall Islands,MHL,NY.GDP.MKTP.KD,1987,129130978.0
Marshall Islands,MHL,NY.GDP.MKTP.KD,1988,139189050.0
Marshall Islands,MHL,NY.GDP.MKTP.KD,1989,136834516.0
Marshall Islands,MHL,NY.GDP.MKTP.KD,1990,140496545.0
Marshall Islands,MHL,NY.GDP.MKTP.KD,1991,140619900.0
Marshall Islands,MHL,NY.GDP.MKTP.KD,1992,150661400.0
Marshall Islands,MHL,NY.GDP.MKTP.KD,1993,159710500.0
Marshall Islands,MHL,NY.GDP.MKTP.KD,1994,169097800.0
Marshall Islands,MHL,NY.GDP.MKTP.KD,1995,182986300.0
Marshall Islands,MHL,NY.GDP.MKTP.KD,1996,164133300.0
Marshall Islands,MHL,NY.GDP.MKTP.KD,1997,153553800.0
Marshall Islands,MHL,NY.GDP.MKTP.KD,1998,152518700.0
Marshall Islands,MHL,NY.GDP.MKTP.KD,1999,150483000.0
Marshall Islands,MHL,NY.GDP.MKTP.KD,2000,154176500.0
Marshall Islands,MHL,NY.GDP.MKTP.KD,2001,164861000.0
Marshall Islands,MHL,NY.GDP.MKTP.KD,2002,170855000.0
Marshall Islands,MHL,NY.GDP.MKTP.KD,2003,168186800.0
Marshall Islands,MHL,NY.GDP.MKTP.KD,2004,167500000.0
Marshall Islands,MHL,NY.GDP.MKTP.KD,2005,170500000.0
Marshall Islands,MHL,NY.GDP.MKTP.KD,2006,170800000.0
Marshall Islands,MHL,NY.GDP.MKTP.KD,2007,177100000.0
Marshall Islands,MHL,NY.GDP.MKTP.KD,2008,163700000.0
Marshall Islands,MHL,NY.GDP.MKTP.KD,2009,169700000.0
Marshall Islands,MHL,NY.GDP.MKTP.KD,2010,179100000.0
Marshall Islands,MHL,NY.GDP.MKTP.KD,2011,178200000.0
Marshall Islands,MHL,NY.GDP.MKTP.KD,2012,175900000.0
Marshall Islands,MHL,NY.GDP.MKTP.KD,2013,182600000.0
Marshall Islands,MHL,NY.GDP.MKTP.KD,2014,180300000.0
Marshall Islands,MHL,NY.GDP.MKTP.KD,2015,183700000.0
Marshall Islands,MHL,NY.GDP.MKTP.KD,2016,188300000.0
Marshall Islands,MHL,NY.GDP.MKTP.KD,2017,195000000.0
Marshall Islands,MHL,NY.GDP.MKTP.KD,2018,205700000.0
Marshall Islands,MHL,NY.GDP.MKTP.KD,2019,227200000.0
Marshall Islands,MHL,NY.GDP.MKTP.KD,2020,220900000.0
Marshall Islands,MHL,NY.GDP.MKTP.KD,2021,225670100.0
Marshall Islands,MHL,NY.GDP.MKTP.KD,2022,224089100.0
Marshall Islands,MHL,NY.GDP.MKTP.KD,2023,212000000.0
Marshall Islands,MHL,NY.GDP.MKTP.KD,2024,219000000.0
Marshall Islands,MHL,NY.GDP.MKTP.KD,2025,224000000.0
Middle income,MIC,NY.GDP.MKTP.KD,1960,1642469024197.53
Middle income,MIC,NY.GDP.MKTP.KD,1961,1661781602916.25
Middle income,MIC,NY.GDP.MKTP.KD,1962,1718435452890.28
Middle income,MIC,NY.GDP.MKTP.KD,1963,1802747447758.32
Middle income,MIC,NY.GDP.MKTP.KD,1964,1950931193963.21
Middle income,MIC,NY.GDP.MKTP.KD,1965,2070431963349.55
Middle income,MIC,NY.GDP.MKTP.KD,1966,2172217272023.08
Middle income,MIC,NY.GDP.MKTP.KD,1967,2242258371893.62
Middle income,MIC,NY.GDP.MKTP.KD,1968,2381461232111.63
Middle income,MIC,NY.GDP.MKTP.KD,1969,2574167786595.59
Middle income,MIC,NY.GDP.MKTP.KD,1970,2783000844845.19
Middle income,MIC,NY.GDP.MKTP.KD,1971,2953319321271.8
Middle income,MIC,NY.GDP.MKTP.KD,1972,3136027740733.65
Middle income,MIC,NY.GDP.MKTP.KD,1973,3356282806718.05
Middle income,MIC,NY.GDP.MKTP.KD,1974,3556329966475.91
Middle income,MIC,NY.GDP.MKTP.KD,1975,3708580428642.07
Middle income,MIC,NY.GDP.MKTP.KD,1976,3943516309541.21
Middle income,MIC,NY.GDP.MKTP.KD,1977,4126490263557.02
Middle income,MIC,NY.GDP.MKTP.KD,1978,4281213421303.38
Middle income,MIC,NY.GDP.MKTP.KD,1979,4478416016113.03
Middle income,MIC,NY.GDP.MKTP.KD,1980,4685349097608.64
Middle income,MIC,NY.GDP.MKTP.KD,1981,4772290760396.83
Middle income,MIC,NY.GDP.MKTP.KD,1982,4911279222035.38
Middle income,MIC,NY.GDP.MKTP.KD,1983,4982207909384.69
Middle income,MIC,NY.GDP.MKTP.KD,1984,5221187578140.66
Middle income,MIC,NY.GDP.MKTP.KD,1985,5455752870066.99
Middle income,MIC,NY.GDP.MKTP.KD,1986,5660232002529.96
Middle income,MIC,NY.GDP.MKTP.KD,1987,5923948184976.57
Middle income,MIC,NY.GDP.MKTP.KD,1988,6170411151107.72
Middle income,MIC,NY.GDP.MKTP.KD,1989,6348262103269.81
Middle income,MIC,NY.GDP.MKTP.KD,1990,6557620947551.93
Middle income,MIC,NY.GDP.MKTP.KD,1991,6753207834323.65
Middle income,MIC,NY.GDP.MKTP.KD,1992,7047820978968.3
Middle income,MIC,NY.GDP.MKTP.KD,1993,7403556439265.85
Middle income,MIC,NY.GDP.MKTP.KD,1994,7784505177710.2
Middle income,MIC,NY.GDP.MKTP.KD,1995,8143307739118.28
Middle income,MIC,NY.GDP.MKTP.KD,1996,8648794985653.29
Middle income,MIC,NY.GDP.MKTP.KD,1997,9139685605689.12
Middle income,MIC,NY.GDP.MKTP.KD,1998,9438888119403.88
Middle income,MIC,NY.GDP.MKTP.KD,1999,9780471768179.29
Middle income,MIC,NY.GDP.MKTP.KD,2000,10328312481620.3
Middle income,MIC,NY.GDP.MKTP.KD,2001,10705298331471.9
Middle income,MIC,NY.GDP.MKTP.KD,2002,11205299356640.3
Middle income,MIC,NY.GDP.MKTP.KD,2003,11859131597356.6
Middle income,MIC,NY.GDP.MKTP.KD,2004,12783393804267.3
Middle income,MIC,NY.GDP.MKTP.KD,2005,13730562664442.1
Middle income,MIC,NY.GDP.MKTP.KD,2006,14868373319345.6
Middle income,MIC,NY.GDP.MKTP.KD,2007,16191143948141.2
Middle income,MIC,NY.GDP.MKTP.KD,2008,17155161384601.4
Middle income,MIC,NY.GDP.MKTP.KD,2009,17837456271075.0
Middle income,MIC,NY.GDP.MKTP.KD,2010,19286391052674.9
Middle income,MIC,NY.GDP.MKTP.KD,2011,20532280886119.8
Middle income,MIC,NY.GDP.MKTP.KD,2012,21694598636655.7
Middle income,MIC,NY.GDP.MKTP.KD,2013,22918905357264.3
Middle income,MIC,NY.GDP.MKTP.KD,2014,24101696103984.7
Middle income,MIC,NY.GDP.MKTP.KD,2015,25243424508586.8
Middle income,MIC,NY.GDP.MKTP.KD,2016,26428222543541.1
Middle income,MIC,NY.GDP.MKTP.KD,2017,27827915094067.5
Middle income,MIC,NY.GDP.MKTP.KD,2018,29203468472956.0
Middle income,MIC,NY.GDP.MKTP.KD,2019,30398849662900.0
Middle income,MIC,NY.GDP.MKTP.KD,2020,30042639336594.0
Middle income,MIC,NY.GDP.MKTP.KD,2021,32281074869093.4
Middle income,MIC,NY.GDP.MKTP.KD,2022,33576185601580.1
Middle income,MIC,NY.GDP.MKTP.KD,2023,35154673729061.2
Middle income,MIC,NY.GDP.MKTP.KD,2024,36714999302821.2
Middle income,MIC,NY.GDP.MKTP.KD,2025,38375173573648.4
North Macedonia,MKD,NY.GDP.MKTP.KD,1990,7293742777.22762
North Macedonia,MKD,NY.GDP.MKTP.KD,1991,6843662857.59735
North Macedonia,MKD,NY.GDP.MKTP.KD,1992,6394362794.22171
North Macedonia,MKD,NY.GDP.MKTP.KD,1993,5916750488.0266
North Macedonia,MKD,NY.GDP.MKTP.KD,1994,5812724181.91604
North Macedonia,MKD,NY.GDP.MKTP.KD,1995,5747928135.67601
North Macedonia,MKD,NY.GDP.MKTP.KD,1996,5816047055.53344
North Macedonia,MKD,NY.GDP.MKTP.KD,1997,5899797047.66049
North Macedonia,MKD,NY.GDP.MKTP.KD,1998,6099135593.62124
North Macedonia,MKD,NY.GDP.MKTP.KD,1999,6363778789.48482
North Macedonia,MKD,NY.GDP.MKTP.KD,2000,6653275727.54115
North Macedonia,MKD,NY.GDP.MKTP.KD,2001,6449202687.04079
North Macedonia,MKD,NY.GDP.MKTP.KD,2002,6545532200.7983
North Macedonia,MKD,NY.GDP.MKTP.KD,2003,6691013307.97393
North Macedonia,MKD,NY.GDP.MKTP.KD,2004,7003757263.7722
North Macedonia,MKD,NY.GDP.MKTP.KD,2005,7334620965.18469
North Macedonia,MKD,NY.GDP.MKTP.KD,2006,7711402289.66945
North Macedonia,MKD,NY.GDP.MKTP.KD,2007,8210598903.42197
North Macedonia,MKD,NY.GDP.MKTP.KD,2008,8659882989.55735
North Macedonia,MKD,NY.GDP.MKTP.KD,2009,8628827362.55974
North Macedonia,MKD,NY.GDP.MKTP.KD,2010,8918648175.61246
North Macedonia,MKD,NY.GDP.MKTP.KD,2011,9127334379.6944
North Macedonia,MKD,NY.GDP.MKTP.KD,2012,9085697011.49163
North Macedonia,MKD,NY.GDP.MKTP.KD,2013,9351477059.69398
North Macedonia,MKD,NY.GDP.MKTP.KD,2014,9690853712.45803
North Macedonia,MKD,NY.GDP.MKTP.KD,2015,10064519962.5655
North Macedonia,MKD,NY.GDP.MKTP.KD,2016,10351178142.8536
North Macedonia,MKD,NY.GDP.MKTP.KD,2017,10463154366.0785
North Macedonia,MKD,NY.GDP.MKTP.KD,2018,10764555646.4726
North Macedonia,MKD,NY.GDP.MKTP.KD,2019,11185494933.6944
North Macedonia,MKD,NY.GDP.MKTP.KD,2020,10661068595.4055
North Macedonia,MKD,NY.GDP.MKTP.KD,2021,11141955229.994
North Macedonia,MKD,NY.GDP.MKTP.KD,2022,11449348867.2054
North Macedonia,MKD,NY.GDP.MKTP.KD,2023,11741875752.5034
North Macedonia,MKD,NY.GDP.MKTP.KD,2024,12093396439.5
North Macedonia,MKD,NY.GDP.MKTP.KD,2025,12515101178.9676
Mali,MLI,NY.GDP.MKTP.KD,1967,3078971539.67314
Mali,MLI,NY.GDP.MKTP.KD,1968,3193152434.19734
Mali,MLI,NY.GDP.MKTP.KD,1969,3200528597.78485
Mali,MLI,NY.GDP.MKTP.KD,1970,3396943593.19419
Mali,MLI,NY.GDP.MKTP.KD,1971,3484210939.02589
Mali,MLI,NY.GDP.MKTP.KD,1972,3687828798.79168
Mali,MLI,NY.GDP.MKTP.KD,1973,3634166619.19235
Mali,MLI,NY.GDP.MKTP.KD,1974,3578606531.31402
Mali,MLI,NY.GDP.MKTP.KD,1975,3994621299.01535
Mali,MLI,NY.GDP.MKTP.KD,1976,4538826076.33938
Mali,MLI,NY.GDP.MKTP.KD,1977,4826980130.67253
Mali,MLI,NY.GDP.MKTP.KD,1978,4756338418.91021
Mali,MLI,NY.GDP.MKTP.KD,1979,5250792007.98366
Mali,MLI,NY.GDP.MKTP.KD,1980,5023651153.86416
Mali,MLI,NY.GDP.MKTP.KD,1981,5136656281.80608
Mali,MLI,NY.GDP.MKTP.KD,1982,4704706961.24235
Mali,MLI,NY.GDP.MKTP.KD,1983,4596435346.07736
Mali,MLI,NY.GDP.MKTP.KD,1984,4467248183.98982
Mali,MLI,NY.GDP.MKTP.KD,1985,5056556735.99026
Mali,MLI,NY.GDP.MKTP.KD,1986,5017992440.65494
Mali,MLI,NY.GDP.MKTP.KD,1987,4979274371.19993
Mali,MLI,NY.GDP.MKTP.KD,1988,5517319744.4247
Mali,MLI,NY.GDP.MKTP.KD,1989,5715665208.30713
Mali,MLI,NY.GDP.MKTP.KD,1990,5413448188.78719
Mali,MLI,NY.GDP.MKTP.KD,1991,6098639579.86163
Mali,MLI,NY.GDP.MKTP.KD,1992,5790098351.70751
Mali,MLI,NY.GDP.MKTP.KD,1993,6041865012.11619
Mali,MLI,NY.GDP.MKTP.KD,1994,6379707258.43114
Mali,MLI,NY.GDP.MKTP.KD,1995,6426195785.11791
Mali,MLI,NY.GDP.MKTP.KD,1996,6835267858.3163
Mali,MLI,NY.GDP.MKTP.KD,1997,7116972455.44015
Mali,MLI,NY.GDP.MKTP.KD,1998,7590483163.61291
Mali,MLI,NY.GDP.MKTP.KD,1999,7947682136.69548
Mali,MLI,NY.GDP.MKTP.KD,2000,7889185607.25096
Mali,MLI,NY.GDP.MKTP.KD,2001,9136152788.53972
Mali,MLI,NY.GDP.MKTP.KD,2002,9413551548.83962
Mali,MLI,NY.GDP.MKTP.KD,2003,10335808731.4098
Mali,MLI,NY.GDP.MKTP.KD,2004,10488502207.7151
Mali,MLI,NY.GDP.MKTP.KD,2005,10754740076.8785
Mali,MLI,NY.GDP.MKTP.KD,2006,11151547252.0302
Mali,MLI,NY.GDP.MKTP.KD,2007,11347819622.1347
Mali,MLI,NY.GDP.MKTP.KD,2008,11760733949.9903
Mali,MLI,NY.GDP.MKTP.KD,2009,12402250894.7379
Mali,MLI,NY.GDP.MKTP.KD,2010,13093898208.5229
Mali,MLI,NY.GDP.MKTP.KD,2011,13478253743.0442
Mali,MLI,NY.GDP.MKTP.KD,2012,13333713052.1392
Mali,MLI,NY.GDP.MKTP.KD,2013,13772483870.2363
Mali,MLI,NY.GDP.MKTP.KD,2014,14668058747.8836
Mali,MLI,NY.GDP.MKTP.KD,2015,15583181170.4105
Mali,MLI,NY.GDP.MKTP.KD,2016,16518961030.4362
Mali,MLI,NY.GDP.MKTP.KD,2017,17406945659.5901
Mali,MLI,NY.GDP.MKTP.KD,2018,18254289663.7678
Mali,MLI,NY.GDP.MKTP.KD,2019,19167003985.7703
Mali,MLI,NY.GDP.MKTP.KD,2020,18942920942.0007
Mali,MLI,NY.GDP.MKTP.KD,2021,19530329790.4298
Mali,MLI,NY.GDP.MKTP.KD,2022,20253575064.0712
Mali,MLI,NY.GDP.MKTP.KD,2023,21218443430.5972
Mali,MLI,NY.GDP.MKTP.KD,2024,22282874239.8106
Mali,MLI,NY.GDP.MKTP.KD,2025,23530596747.9351
Malta,MLT,NY.GDP.MKTP.KD,1970,948276096.479479
Malta,MLT,NY.GDP.MKTP.KD,1971,971546731.313848
Malta,MLT,NY.GDP.MKTP.KD,1972,1028268806.70342
Malta,MLT,NY.GDP.MKTP.KD,1973,1070902254.27843
Malta,MLT,NY.GDP.MKTP.KD,1974,1178382330.53142
Malta,MLT,NY.GDP.MKTP.KD,1975,1408874867.27812
Malta,MLT,NY.GDP.MKTP.KD,1976,1648624365.29882
Malta,MLT,NY.GDP.MKTP.KD,1977,1849495557.35298
Malta,MLT,NY.GDP.MKTP.KD,1978,2055920682.2376
Malta,MLT,NY.GDP.MKTP.KD,1979,2271602657.51711
Malta,MLT,NY.GDP.MKTP.KD,1980,2431744084.82252
Malta,MLT,NY.GDP.MKTP.KD,1981,2512277663.17077
Malta,MLT,NY.GDP.MKTP.KD,1982,2569669448.16898
Malta,MLT,NY.GDP.MKTP.KD,1983,2553933046.4316
Malta,MLT,NY.GDP.MKTP.KD,1984,2578000569.17278
Malta,MLT,NY.GDP.MKTP.KD,1985,2644649093.68682
Malta,MLT,NY.GDP.MKTP.KD,1986,2747398735.99401
Malta,MLT,NY.GDP.MKTP.KD,1987,2860330958.08726
Malta,MLT,NY.GDP.MKTP.KD,1988,3101005963.74093
Malta,MLT,NY.GDP.MKTP.KD,1989,3354640515.59585
Malta,MLT,NY.GDP.MKTP.KD,1990,3565694065.6779
Malta,MLT,NY.GDP.MKTP.KD,1991,3788781495.73745
Malta,MLT,NY.GDP.MKTP.KD,1992,3966510657.3982
Malta,MLT,NY.GDP.MKTP.KD,1993,4144240019.06036
Malta,MLT,NY.GDP.MKTP.KD,1994,4378435381.5624
Malta,MLT,NY.GDP.MKTP.KD,1995,4656137252.90771
Malta,MLT,NY.GDP.MKTP.KD,1996,4832015201.42709
Malta,MLT,NY.GDP.MKTP.KD,1997,5086033304.64647
Malta,MLT,NY.GDP.MKTP.KD,1998,5346723155.22713
Malta,MLT,NY.GDP.MKTP.KD,1999,5599087146.70433
Malta,MLT,NY.GDP.MKTP.KD,2000,6701058569.36027
Malta,MLT,NY.GDP.MKTP.KD,2001,6650317909.16334
Malta,MLT,NY.GDP.MKTP.KD,2002,6832612103.23025
Malta,MLT,NY.GDP.MKTP.KD,2003,7084961694.60523
Malta,MLT,NY.GDP.MKTP.KD,2004,7113822599.48253
Malta,MLT,NY.GDP.MKTP.KD,2005,7318788654.49206
Malta,MLT,NY.GDP.MKTP.KD,2006,7489769368.24704
Malta,MLT,NY.GDP.MKTP.KD,2007,7866984246.01358
Malta,MLT,NY.GDP.MKTP.KD,2008,8213965209.15612
Malta,MLT,NY.GDP.MKTP.KD,2009,8099359895.59788
Malta,MLT,NY.GDP.MKTP.KD,2010,8601305558.80119
Malta,MLT,NY.GDP.MKTP.KD,2011,8686647864.62769
Malta,MLT,NY.GDP.MKTP.KD,2012,9042945893.91007
Malta,MLT,NY.GDP.MKTP.KD,2013,9611958233.20516
Malta,MLT,NY.GDP.MKTP.KD,2014,10345481640.3286
Malta,MLT,NY.GDP.MKTP.KD,2015,11340789705.8045
Malta,MLT,NY.GDP.MKTP.KD,2016,11803267588.8346
Malta,MLT,NY.GDP.MKTP.KD,2017,13334309857.3714
Malta,MLT,NY.GDP.MKTP.KD,2018,14292941962.4926
Malta,MLT,NY.GDP.MKTP.KD,2019,14876816607.292
Malta,MLT,NY.GDP.MKTP.KD,2020,14362483056.1497
Malta,MLT,NY.GDP.MKTP.KD,2021,16280015568.2968
Malta,MLT,NY.GDP.MKTP.KD,2022,16702118564.7144
Malta,MLT,NY.GDP.MKTP.KD,2023,18478231172.9523
Malta,MLT,NY.GDP.MKTP.KD,2024,19626239322.4129
Malta,MLT,NY.GDP.MKTP.KD,2025,20403744841.7559
Myanmar,MMR,NY.GDP.MKTP.KD,1960,2819978877.23355
Myanmar,MMR,NY.GDP.MKTP.KD,1961,2833276800.0935
Myanmar,MMR,NY.GDP.MKTP.KD,1962,2949069211.3481
Myanmar,MMR,NY.GDP.MKTP.KD,1963,3342749157.91689
Myanmar,MMR,NY.GDP.MKTP.KD,1964,3145726892.78789
Myanmar,MMR,NY.GDP.MKTP.KD,1965,3482088443.98083
Myanmar,MMR,NY.GDP.MKTP.KD,1966,3313145218.39439
Myanmar,MMR,NY.GDP.MKTP.KD,1967,3116832787.04718
Myanmar,MMR,NY.GDP.MKTP.KD,1968,3492702255.79267
Myanmar,MMR,NY.GDP.MKTP.KD,1969,3607672972.16754
Myanmar,MMR,NY.GDP.MKTP.KD,1970,3787310936.31627
Myanmar,MMR,NY.GDP.MKTP.KD,1971,3943725455.64312
Myanmar,MMR,NY.GDP.MKTP.KD,1972,4039788351.92398
Myanmar,MMR,NY.GDP.MKTP.KD,1973,4000678162.32036
Myanmar,MMR,NY.GDP.MKTP.KD,1974,4214409419.87952
Myanmar,MMR,NY.GDP.MKTP.KD,1975,4389421587.10075
Myanmar,MMR,NY.GDP.MKTP.KD,1976,4656315811.771
Myanmar,MMR,NY.GDP.MKTP.KD,1977,4933473074.38092
Myanmar,MMR,NY.GDP.MKTP.KD,1978,5255027822.25503
Myanmar,MMR,NY.GDP.MKTP.KD,1979,5528356400.98051
Myanmar,MMR,NY.GDP.MKTP.KD,1980,5967227079.11638
Myanmar,MMR,NY.GDP.MKTP.KD,1981,6346489388.2095
Myanmar,MMR,NY.GDP.MKTP.KD,1982,6702138810.88653
Myanmar,MMR,NY.GDP.MKTP.KD,1983,6996435937.60731
Myanmar,MMR,NY.GDP.MKTP.KD,1984,7341551093.93539
Myanmar,MMR,NY.GDP.MKTP.KD,1985,7550858733.14669
Myanmar,MMR,NY.GDP.MKTP.KD,1986,7471019822.19073
Myanmar,MMR,NY.GDP.MKTP.KD,1987,7171758277.44955
Myanmar,MMR,NY.GDP.MKTP.KD,1988,6357588759.57883
Myanmar,MMR,NY.GDP.MKTP.KD,1989,6592520573.15596
Myanmar,MMR,NY.GDP.MKTP.KD,1990,6778227478.72962
Myanmar,MMR,NY.GDP.MKTP.KD,1991,6734127184.6481
Myanmar,MMR,NY.GDP.MKTP.KD,1992,7384707336.70028
Myanmar,MMR,NY.GDP.MKTP.KD,1993,7830700106.7998
Myanmar,MMR,NY.GDP.MKTP.KD,1994,8416276599.95319
Myanmar,MMR,NY.GDP.MKTP.KD,1995,9001043827.20066
Myanmar,MMR,NY.GDP.MKTP.KD,1996,9580955459.25851
Myanmar,MMR,NY.GDP.MKTP.KD,1997,10122431105.6912
Myanmar,MMR,NY.GDP.MKTP.KD,1998,10716234490.6459
Myanmar,MMR,NY.GDP.MKTP.KD,1999,11889140284.792
Myanmar,MMR,NY.GDP.MKTP.KD,2000,13523413252.0595
Myanmar,MMR,NY.GDP.MKTP.KD,2001,15057508855.1318
Myanmar,MMR,NY.GDP.MKTP.KD,2002,16868251605.3361
Myanmar,MMR,NY.GDP.MKTP.KD,2003,19203491833.0403
Myanmar,MMR,NY.GDP.MKTP.KD,2004,21808380518.714
Myanmar,MMR,NY.GDP.MKTP.KD,2005,24767548771.8286
Myanmar,MMR,NY.GDP.MKTP.KD,2006,28006178558.385
Myanmar,MMR,NY.GDP.MKTP.KD,2007,31364521323.4726
Myanmar,MMR,NY.GDP.MKTP.KD,2008,34581048770.2412
Myanmar,MMR,NY.GDP.MKTP.KD,2009,38229352561.0607
Myanmar,MMR,NY.GDP.MKTP.KD,2010,41912536386.4647
Myanmar,MMR,NY.GDP.MKTP.KD,2011,44256068472.7859
Myanmar,MMR,NY.GDP.MKTP.KD,2012,47501220126.7123
Myanmar,MMR,NY.GDP.MKTP.KD,2013,51503673421.485
Myanmar,MMR,NY.GDP.MKTP.KD,2014,55711475876.2459
Myanmar,MMR,NY.GDP.MKTP.KD,2015,59607290407.6191
Myanmar,MMR,NY.GDP.MKTP.KD,2016,63101751663.2419
Myanmar,MMR,NY.GDP.MKTP.KD,2017,66973743448.908
Myanmar,MMR,NY.GDP.MKTP.KD,2018,71172235145.7539
Myanmar,MMR,NY.GDP.MKTP.KD,2019,75854734833.6027
Myanmar,MMR,NY.GDP.MKTP.KD,2020,68991135073.5064
Myanmar,MMR,NY.GDP.MKTP.KD,2021,60700903302.881
Myanmar,MMR,NY.GDP.MKTP.KD,2022,63151698289.3327
Myanmar,MMR,NY.GDP.MKTP.KD,2023,63756973610.2966
Myanmar,MMR,NY.GDP.MKTP.KD,2024,63137226234.8764
Myanmar,MMR,NY.GDP.MKTP.KD,2025,61867003258.5508
"Middle East, North Africa, Afghanistan & Pakistan (excluding high income)",MNA,NY.GDP.MKTP.KD,1960,155738298495.994
"Middle East, North Africa, Afghanistan & Pakistan (excluding high income)",MNA,NY.GDP.MKTP.KD,1961,161576041718.534
"Middle East, North Africa, Afghanistan & Pakistan (excluding high income)",MNA,NY.GDP.MKTP.KD,1962,165808159743.328
"Middle East, North Africa, Afghanistan & Pakistan (excluding high income)",MNA,NY.GDP.MKTP.KD,1963,184412266267.767
"Middle East, North Africa, Afghanistan & Pakistan (excluding high income)",MNA,NY.GDP.MKTP.KD,1964,203173083229.714
"Middle East, North Africa, Afghanistan & Pakistan (excluding high income)",MNA,NY.GDP.MKTP.KD,1965,228011302201.862
"Middle East, North Africa, Afghanistan & Pakistan (excluding high income)",MNA,NY.GDP.MKTP.KD,1966,244326401651.195
"Middle East, North Africa, Afghanistan & Pakistan (excluding high income)",MNA,NY.GDP.MKTP.KD,1967,262835325091.81
"Middle East, North Africa, Afghanistan & Pakistan (excluding high income)",MNA,NY.GDP.MKTP.KD,1968,295505141858.586
"Middle East, North Africa, Afghanistan & Pakistan (excluding high income)",MNA,NY.GDP.MKTP.KD,1969,328129339954.332
"Middle East, North Africa, Afghanistan & Pakistan (excluding high income)",MNA,NY.GDP.MKTP.KD,1970,356715007150.942
"Middle East, North Africa, Afghanistan & Pakistan (excluding high income)",MNA,NY.GDP.MKTP.KD,1971,376538767179.763
"Middle East, North Africa, Afghanistan & Pakistan (excluding high income)",MNA,NY.GDP.MKTP.KD,1972,421294131906.219
"Middle East, North Africa, Afghanistan & Pakistan (excluding high income)",MNA,NY.GDP.MKTP.KD,1973,444292803346.801
"Middle East, North Africa, Afghanistan & Pakistan (excluding high income)",MNA,NY.GDP.MKTP.KD,1974,477088532754.909
"Middle East, North Africa, Afghanistan & Pakistan (excluding high income)",MNA,NY.GDP.MKTP.KD,1975,491964398743.332
"Middle East, North Africa, Afghanistan & Pakistan (excluding high income)",MNA,NY.GDP.MKTP.KD,1976,566574035812.474
"Middle East, North Africa, Afghanistan & Pakistan (excluding high income)",MNA,NY.GDP.MKTP.KD,1977,576146067034.544
"Middle East, North Africa, Afghanistan & Pakistan (excluding high income)",MNA,NY.GDP.MKTP.KD,1978,565584238284.8
"Middle East, North Africa, Afghanistan & Pakistan (excluding high income)",MNA,NY.GDP.MKTP.KD,1979,562730303070.309
"Middle East, North Africa, Afghanistan & Pakistan (excluding high income)",MNA,NY.GDP.MKTP.KD,1980,544176809523.374
"Middle East, North Africa, Afghanistan & Pakistan (excluding high income)",MNA,NY.GDP.MKTP.KD,1981,536517755931.835
"Middle East, North Africa, Afghanistan & Pakistan (excluding high income)",MNA,NY.GDP.MKTP.KD,1982,595182604687.578
"Middle East, North Africa, Afghanistan & Pakistan (excluding high income)",MNA,NY.GDP.MKTP.KD,1983,623384662445.889
"Middle East, North Africa, Afghanistan & Pakistan (excluding high income)",MNA,NY.GDP.MKTP.KD,1984,624443220420.556
"Middle East, North Africa, Afghanistan & Pakistan (excluding high income)",MNA,NY.GDP.MKTP.KD,1985,651580176236.672
"Middle East, North Africa, Afghanistan & Pakistan (excluding high income)",MNA,NY.GDP.MKTP.KD,1986,639993625909.961
"Middle East, North Africa, Afghanistan & Pakistan (excluding high income)",MNA,NY.GDP.MKTP.KD,1987,646576823872.168
"Middle East, North Africa, Afghanistan & Pakistan (excluding high income)",MNA,NY.GDP.MKTP.KD,1988,658372924847.678
"Middle East, North Africa, Afghanistan & Pakistan (excluding high income)",MNA,NY.GDP.MKTP.KD,1989,676955598417.536
"Middle East, North Africa, Afghanistan & Pakistan (excluding high income)",MNA,NY.GDP.MKTP.KD,1990,743725943176.05
"Middle East, North Africa, Afghanistan & Pakistan (excluding high income)",MNA,NY.GDP.MKTP.KD,1991,752751587600.319
"Middle East, North Africa, Afghanistan & Pakistan (excluding high income)",MNA,NY.GDP.MKTP.KD,1992,790227775357.435
"Middle East, North Africa, Afghanistan & Pakistan (excluding high income)",MNA,NY.GDP.MKTP.KD,1993,802426302838.102
"Middle East, North Africa, Afghanistan & Pakistan (excluding high income)",MNA,NY.GDP.MKTP.KD,1994,820998110454.656
"Middle East, North Africa, Afghanistan & Pakistan (excluding high income)",MNA,NY.GDP.MKTP.KD,1995,845342869251.645
"Middle East, North Africa, Afghanistan & Pakistan (excluding high income)",MNA,NY.GDP.MKTP.KD,1996,895671250808.29
"Middle East, North Africa, Afghanistan & Pakistan (excluding high income)",MNA,NY.GDP.MKTP.KD,1997,926667733709.592
"Middle East, North Africa, Afghanistan & Pakistan (excluding high income)",MNA,NY.GDP.MKTP.KD,1998,976853375000.162
"Middle East, North Africa, Afghanistan & Pakistan (excluding high income)",MNA,NY.GDP.MKTP.KD,1999,1018007556143.21
"Middle East, North Africa, Afghanistan & Pakistan (excluding high income)",MNA,NY.GDP.MKTP.KD,2000,1076510382791.84
"Middle East, North Africa, Afghanistan & Pakistan (excluding high income)",MNA,NY.GDP.MKTP.KD,2001,1107653918536.96
"Middle East, North Africa, Afghanistan & Pakistan (excluding high income)",MNA,NY.GDP.MKTP.KD,2002,1143890611033.58
"Middle East, North Africa, Afghanistan & Pakistan (excluding high income)",MNA,NY.GDP.MKTP.KD,2003,1174485594261.01
"Middle East, North Africa, Afghanistan & Pakistan (excluding high income)",MNA,NY.GDP.MKTP.KD,2004,1264950728692.6
"Middle East, North Africa, Afghanistan & Pakistan (excluding high income)",MNA,NY.GDP.MKTP.KD,2005,1327644362187.22
"Middle East, North Africa, Afghanistan & Pakistan (excluding high income)",MNA,NY.GDP.MKTP.KD,2006,1399404513755.19
"Middle East, North Africa, Afghanistan & Pakistan (excluding high income)",MNA,NY.GDP.MKTP.KD,2007,1480873561756.95
"Middle East, North Africa, Afghanistan & Pakistan (excluding high income)",MNA,NY.GDP.MKTP.KD,2008,1532261539078.19
"Middle East, North Africa, Afghanistan & Pakistan (excluding high income)",MNA,NY.GDP.MKTP.KD,2009,1575731758614.93
"Middle East, North Africa, Afghanistan & Pakistan (excluding high income)",MNA,NY.GDP.MKTP.KD,2010,1651884685202.18
"Middle East, North Africa, Afghanistan & Pakistan (excluding high income)",MNA,NY.GDP.MKTP.KD,2011,1645845857882.25
"Middle East, North Africa, Afghanistan & Pakistan (excluding high income)",MNA,NY.GDP.MKTP.KD,2012,1704324837135.76
"Middle East, North Africa, Afghanistan & Pakistan (excluding high income)",MNA,NY.GDP.MKTP.KD,2013,1723467306257.76
"Middle East, North Africa, Afghanistan & Pakistan (excluding high income)",MNA,NY.GDP.MKTP.KD,2014,1764778314479.16
"Middle East, North Africa, Afghanistan & Pakistan (excluding high income)",MNA,NY.GDP.MKTP.KD,2015,1784466385695.77
"Middle East, North Africa, Afghanistan & Pakistan (excluding high income)",MNA,NY.GDP.MKTP.KD,2016,1883720255063.91
"Middle East, North Africa, Afghanistan & Pakistan (excluding high income)",MNA,NY.GDP.MKTP.KD,2017,1947813315786.89
"Middle East, North Africa, Afghanistan & Pakistan (excluding high income)",MNA,NY.GDP.MKTP.KD,2018,1988684490301.38
"Middle East, North Africa, Afghanistan & Pakistan (excluding high income)",MNA,NY.GDP.MKTP.KD,2019,2016435809983.93
"Middle East, North Africa, Afghanistan & Pakistan (excluding high income)",MNA,NY.GDP.MKTP.KD,2020,1963608420930.73
"Middle East, North Africa, Afghanistan & Pakistan (excluding high income)",MNA,NY.GDP.MKTP.KD,2021,2048674285673.99
"Middle East, North Africa, Afghanistan & Pakistan (excluding high income)",MNA,NY.GDP.MKTP.KD,2022,2137190096211.67
"Middle East, North Africa, Afghanistan & Pakistan (excluding high income)",MNA,NY.GDP.MKTP.KD,2023,2199081374692.97
"Middle East, North Africa, Afghanistan & Pakistan (excluding high income)",MNA,NY.GDP.MKTP.KD,2024,2248810745632.52
"Middle East, North Africa, Afghanistan & Pakistan (excluding high income)",MNA,NY.GDP.MKTP.KD,2025,2293685653372.88
Montenegro,MNE,NY.GDP.MKTP.KD,1997,2711170862.4031
Montenegro,MNE,NY.GDP.MKTP.KD,1998,2844018352.0146
Montenegro,MNE,NY.GDP.MKTP.KD,1999,2576680772.82447
Montenegro,MNE,NY.GDP.MKTP.KD,2000,2656557790.7931
Montenegro,MNE,NY.GDP.MKTP.KD,2001,2685775700.69989
Montenegro,MNE,NY.GDP.MKTP.KD,2002,2736911154.52922
Montenegro,MNE,NY.GDP.MKTP.KD,2003,2804859323.26213
Montenegro,MNE,NY.GDP.MKTP.KD,2004,2929003840.60977
Montenegro,MNE,NY.GDP.MKTP.KD,2005,3051453835.71426
Montenegro,MNE,NY.GDP.MKTP.KD,2006,3312854184.87227
Montenegro,MNE,NY.GDP.MKTP.KD,2007,3549310814.19746
Montenegro,MNE,NY.GDP.MKTP.KD,2008,3794163580.97893
Montenegro,MNE,NY.GDP.MKTP.KD,2009,3566724394.35399
Montenegro,MNE,NY.GDP.MKTP.KD,2010,3665722319.08448
Montenegro,MNE,NY.GDP.MKTP.KD,2011,3790715683.41507
Montenegro,MNE,NY.GDP.MKTP.KD,2012,3696428119.37129
Montenegro,MNE,NY.GDP.MKTP.KD,2013,3821593813.9709
Montenegro,MNE,NY.GDP.MKTP.KD,2014,3912177393.20714
Montenegro,MNE,NY.GDP.MKTP.KD,2015,4010884106.80136
Montenegro,MNE,NY.GDP.MKTP.KD,2016,4148830669.34239
Montenegro,MNE,NY.GDP.MKTP.KD,2017,4282285485.12352
Montenegro,MNE,NY.GDP.MKTP.KD,2018,4484962679.88169
Montenegro,MNE,NY.GDP.MKTP.KD,2019,4682028157.33813
Montenegro,MNE,NY.GDP.MKTP.KD,2020,3980069528.1716
Montenegro,MNE,NY.GDP.MKTP.KD,2021,4499319776.55507
Montenegro,MNE,NY.GDP.MKTP.KD,2022,4847546740.62484
Montenegro,MNE,NY.GDP.MKTP.KD,2023,5161588407.08774
Montenegro,MNE,NY.GDP.MKTP.KD,2024,5324906167.20458
Montenegro,MNE,NY.GDP.MKTP.KD,2025,5471051068.05593
Mongolia,MNG,NY.GDP.MKTP.KD,1981,2484401291.11981
Mongolia,MNG,NY.GDP.MKTP.KD,1982,2691653428.46928
Mongolia,MNG,NY.GDP.MKTP.KD,1983,2848685511.08964
Mongolia,MNG,NY.GDP.MKTP.KD,1984,3017709971.3509
Mongolia,MNG,NY.GDP.MKTP.KD,1985,3190107887.21565
Mongolia,MNG,NY.GDP.MKTP.KD,1986,3489180326.59186
Mongolia,MNG,NY.GDP.MKTP.KD,1987,3609858808.62016
Mongolia,MNG,NY.GDP.MKTP.KD,1988,3794249397.05414
Mongolia,MNG,NY.GDP.MKTP.KD,1989,3952780563.85351
Mongolia,MNG,NY.GDP.MKTP.KD,1990,3826905840.8639
Mongolia,MNG,NY.GDP.MKTP.KD,1991,3494212069.76499
Mongolia,MNG,NY.GDP.MKTP.KD,1992,3170771527.90814
Mongolia,MNG,NY.GDP.MKTP.KD,1993,3070296387.65315
Mongolia,MNG,NY.GDP.MKTP.KD,1994,3135828262.42822
Mongolia,MNG,NY.GDP.MKTP.KD,1995,3335782058.86711
Mongolia,MNG,NY.GDP.MKTP.KD,1996,3410339918.29364
Mongolia,MNG,NY.GDP.MKTP.KD,1997,3543231097.14284
Mongolia,MNG,NY.GDP.MKTP.KD,1998,3661572769.35615
Mongolia,MNG,NY.GDP.MKTP.KD,1999,3773996564.97664
Mongolia,MNG,NY.GDP.MKTP.KD,2000,3817248910.66296
Mongolia,MNG,NY.GDP.MKTP.KD,2001,3929961221.71521
Mongolia,MNG,NY.GDP.MKTP.KD,2002,4115965440.05725
Mongolia,MNG,NY.GDP.MKTP.KD,2003,4404273778.31917
Mongolia,MNG,NY.GDP.MKTP.KD,2004,4872245746.85238
Mongolia,MNG,NY.GDP.MKTP.KD,2005,5225662152.64429
Mongolia,MNG,NY.GDP.MKTP.KD,2006,5672782077.14901
Mongolia,MNG,NY.GDP.MKTP.KD,2007,6254129712.42599
Mongolia,MNG,NY.GDP.MKTP.KD,2008,6810770268.31901
Mongolia,MNG,NY.GDP.MKTP.KD,2009,6724368909.15607
Mongolia,MNG,NY.GDP.MKTP.KD,2010,7152385862.09146
Mongolia,MNG,NY.GDP.MKTP.KD,2011,8389088993.66654
Mongolia,MNG,NY.GDP.MKTP.KD,2012,9422609644.69237
Mongolia,MNG,NY.GDP.MKTP.KD,2013,10520241544.9149
Mongolia,MNG,NY.GDP.MKTP.KD,2014,11349786311.9875
Mongolia,MNG,NY.GDP.MKTP.KD,2015,11619892590.6941
Mongolia,MNG,NY.GDP.MKTP.KD,2016,11793003947.8926
Mongolia,MNG,NY.GDP.MKTP.KD,2017,12457761002.7432
Mongolia,MNG,NY.GDP.MKTP.KD,2018,13422599720.3616
Mongolia,MNG,NY.GDP.MKTP.KD,2019,14174566537.4555
Mongolia,MNG,NY.GDP.MKTP.KD,2020,13528524951.0287
Mongolia,MNG,NY.GDP.MKTP.KD,2021,13749955731.6936
Mongolia,MNG,NY.GDP.MKTP.KD,2022,14441951078.838
Mongolia,MNG,NY.GDP.MKTP.KD,2023,15513848972.8704
Mongolia,MNG,NY.GDP.MKTP.KD,2024,16308475359.1871
Mongolia,MNG,NY.GDP.MKTP.KD,2025,17424613413.4745
Northern Mariana Islands,MNP,NY.GDP.MKTP.KD,2002,1607115151.51515
Northern Mariana Islands,MNP,NY.GDP.MKTP.KD,2003,1612630303.0303
Northern Mariana Islands,MNP,NY.GDP.MKTP.KD,2004,1562993939.39394
Northern Mariana Islands,MNP,NY.GDP.MKTP.KD,2005,1364448484.84848
Northern Mariana Islands,MNP,NY.GDP.MKTP.KD,2006,1270690909.09091
Northern Mariana Islands,MNP,NY.GDP.MKTP.KD,2007,1185757575.75758
Northern Mariana Islands,MNP,NY.GDP.MKTP.KD,2008,1054496969.69697
Northern Mariana Islands,MNP,NY.GDP.MKTP.KD,2009,869187878.787879
Northern Mariana Islands,MNP,NY.GDP.MKTP.KD,2010,881321212.121212
Northern Mariana Islands,MNP,NY.GDP.MKTP.KD,2011,816242424.242424
Northern Mariana Islands,MNP,NY.GDP.MKTP.KD,2012,822860606.060606
Northern Mariana Islands,MNP,NY.GDP.MKTP.KD,2013,844921212.121212
Northern Mariana Islands,MNP,NY.GDP.MKTP.KD,2014,880218181.818182
Northern Mariana Islands,MNP,NY.GDP.MKTP.KD,2015,910000000.0
Northern Mariana Islands,MNP,NY.GDP.MKTP.KD,2016,1175830303.0303
Northern Mariana Islands,MNP,NY.GDP.MKTP.KD,2017,1448278787.87879
Northern Mariana Islands,MNP,NY.GDP.MKTP.KD,2018,1165903030.30303
Northern Mariana Islands,MNP,NY.GDP.MKTP.KD,2019,1032436363.63636
Northern Mariana Islands,MNP,NY.GDP.MKTP.KD,2020,732412121.212121
Northern Mariana Islands,MNP,NY.GDP.MKTP.KD,2021,768812121.212121
Northern Mariana Islands,MNP,NY.GDP.MKTP.KD,2022,896763636.363636
Mozambique,MOZ,NY.GDP.MKTP.KD,1980,2851825334.41874
Mozambique,MOZ,NY.GDP.MKTP.KD,1981,2994416685.38902
Mozambique,MOZ,NY.GDP.MKTP.KD,1982,2787801950.80273
Mozambique,MOZ,NY.GDP.MKTP.KD,1983,2350116987.73375
Mozambique,MOZ,NY.GDP.MKTP.KD,1984,2197359386.36591
Mozambique,MOZ,NY.GDP.MKTP.KD,1985,2219332908.17081
Mozambique,MOZ,NY.GDP.MKTP.KD,1986,2168288339.46096
Mozambique,MOZ,NY.GDP.MKTP.KD,1987,2487026734.53926
Mozambique,MOZ,NY.GDP.MKTP.KD,1988,2690962806.90192
Mozambique,MOZ,NY.GDP.MKTP.KD,1989,2865875511.88992
Mozambique,MOZ,NY.GDP.MKTP.KD,1990,2894534061.64812
Mozambique,MOZ,NY.GDP.MKTP.KD,1991,3037102925.87601
Mozambique,MOZ,NY.GDP.MKTP.KD,1992,2806992350.59937
Mozambique,MOZ,NY.GDP.MKTP.KD,1993,3114089525.00613
Mozambique,MOZ,NY.GDP.MKTP.KD,1994,3314642610.85013
Mozambique,MOZ,NY.GDP.MKTP.KD,1995,3385008953.52437
Mozambique,MOZ,NY.GDP.MKTP.KD,1996,3747066497.85064
Mozambique,MOZ,NY.GDP.MKTP.KD,1997,4189780379.08586
Mozambique,MOZ,NY.GDP.MKTP.KD,1998,4624228447.72781
Mozambique,MOZ,NY.GDP.MKTP.KD,1999,5170672900.3853
Mozambique,MOZ,NY.GDP.MKTP.KD,2000,5210292403.59676
Mozambique,MOZ,NY.GDP.MKTP.KD,2001,5879902615.65954
Mozambique,MOZ,NY.GDP.MKTP.KD,2002,6448401314.435
Mozambique,MOZ,NY.GDP.MKTP.KD,2003,6913827631.93056
Mozambique,MOZ,NY.GDP.MKTP.KD,2004,7481086789.73586
Mozambique,MOZ,NY.GDP.MKTP.KD,2005,7953294766.92377
Mozambique,MOZ,NY.GDP.MKTP.KD,2006,8741520167.29262
Mozambique,MOZ,NY.GDP.MKTP.KD,2007,9410189984.44687
Mozambique,MOZ,NY.GDP.MKTP.KD,2008,10057425620.5829
Mozambique,MOZ,NY.GDP.MKTP.KD,2009,10653727556.9369
Mozambique,MOZ,NY.GDP.MKTP.KD,2010,11365367724.1329
Mozambique,MOZ,NY.GDP.MKTP.KD,2011,12176179697.5618
Mozambique,MOZ,NY.GDP.MKTP.KD,2012,13149604768.3812
Mozambique,MOZ,NY.GDP.MKTP.KD,2013,14013719723.4859
Mozambique,MOZ,NY.GDP.MKTP.KD,2014,15093136077.3533
Mozambique,MOZ,NY.GDP.MKTP.KD,2015,16208985769.615
Mozambique,MOZ,NY.GDP.MKTP.KD,2016,16970320249.5828
Mozambique,MOZ,NY.GDP.MKTP.KD,2017,17418032489.647
Mozambique,MOZ,NY.GDP.MKTP.KD,2018,18025039081.8692
Mozambique,MOZ,NY.GDP.MKTP.KD,2019,18442825951.8799
Mozambique,MOZ,NY.GDP.MKTP.KD,2020,18217911539.7402
Mozambique,MOZ,NY.GDP.MKTP.KD,2021,18651030677.5113
Mozambique,MOZ,NY.GDP.MKTP.KD,2022,19465951656.6009
Mozambique,MOZ,NY.GDP.MKTP.KD,2023,20537327379.1707
Mozambique,MOZ,NY.GDP.MKTP.KD,2024,20978659139.7778
Mozambique,MOZ,NY.GDP.MKTP.KD,2025,20868838925.8263
Mauritania,MRT,NY.GDP.MKTP.KD,1961,1067389946.31794
Mauritania,MRT,NY.GDP.MKTP.KD,1962,1075145691.10065
Mauritania,MRT,NY.GDP.MKTP.KD,1963,1053817299.49442
Mauritania,MRT,NY.GDP.MKTP.KD,1964,1345628650.25443
Mauritania,MRT,NY.GDP.MKTP.KD,1965,1562790649.16277
Mauritania,MRT,NY.GDP.MKTP.KD,1966,1566400101.18171
Mauritania,MRT,NY.GDP.MKTP.KD,1967,1622275674.48886
Mauritania,MRT,NY.GDP.MKTP.KD,1968,1787690082.85207
Mauritania,MRT,NY.GDP.MKTP.KD,1969,1810009967.19102
Mauritania,MRT,NY.GDP.MKTP.KD,1970,2026956515.67232
Mauritania,MRT,NY.GDP.MKTP.KD,1971,2064311022.40111
Mauritania,MRT,NY.GDP.MKTP.KD,1972,2049181524.50044
Mauritania,MRT,NY.GDP.MKTP.KD,1973,1955231532.48207
Mauritania,MRT,NY.GDP.MKTP.KD,1974,2193038739.0819
Mauritania,MRT,NY.GDP.MKTP.KD,1975,2080439918.44761
Mauritania,MRT,NY.GDP.MKTP.KD,1976,2258236496.88823
Mauritania,MRT,NY.GDP.MKTP.KD,1977,2215813408.72516
Mauritania,MRT,NY.GDP.MKTP.KD,1978,2204629891.9375
Mauritania,MRT,NY.GDP.MKTP.KD,1979,2310232542.03484
Mauritania,MRT,NY.GDP.MKTP.KD,1980,2388115337.57515
Mauritania,MRT,NY.GDP.MKTP.KD,1981,2470512204.51564
Mauritania,MRT,NY.GDP.MKTP.KD,1982,2412704093.49485
Mauritania,MRT,NY.GDP.MKTP.KD,1983,2502826843.48923
Mauritania,MRT,NY.GDP.MKTP.KD,1984,2422064013.76914
Mauritania,MRT,NY.GDP.MKTP.KD,1985,2494599030.24547
Mauritania,MRT,NY.GDP.MKTP.KD,1986,2637129925.42273
Mauritania,MRT,NY.GDP.MKTP.KD,1987,2687245524.58842
Mauritania,MRT,NY.GDP.MKTP.KD,1988,2733476842.20953
Mauritania,MRT,NY.GDP.MKTP.KD,1989,2864071033.2823
Mauritania,MRT,NY.GDP.MKTP.KD,1990,2813339613.23359
Mauritania,MRT,NY.GDP.MKTP.KD,1991,2863644580.52619
Mauritania,MRT,NY.GDP.MKTP.KD,1992,2917312880.6116
Mauritania,MRT,NY.GDP.MKTP.KD,1993,3088665261.64444
Mauritania,MRT,NY.GDP.MKTP.KD,1994,2994129490.4365
Mauritania,MRT,NY.GDP.MKTP.KD,1995,3288147029.98539
Mauritania,MRT,NY.GDP.MKTP.KD,1996,3479478605.01407
Mauritania,MRT,NY.GDP.MKTP.KD,1997,3338744254.03104
Mauritania,MRT,NY.GDP.MKTP.KD,1998,3431488052.09143
Mauritania,MRT,NY.GDP.MKTP.KD,1999,3557532727.38488
Mauritania,MRT,NY.GDP.MKTP.KD,2000,3418147674.46376
Mauritania,MRT,NY.GDP.MKTP.KD,2001,3390819795.19187
Mauritania,MRT,NY.GDP.MKTP.KD,2002,3437663426.84245
Mauritania,MRT,NY.GDP.MKTP.KD,2003,3675834015.3124
Mauritania,MRT,NY.GDP.MKTP.KD,2004,3849802340.96431
Mauritania,MRT,NY.GDP.MKTP.KD,2005,4179587468.01261
Mauritania,MRT,NY.GDP.MKTP.KD,2006,4945839545.86186
Mauritania,MRT,NY.GDP.MKTP.KD,2007,4848435056.58765
Mauritania,MRT,NY.GDP.MKTP.KD,2008,4832382896.8187
Mauritania,MRT,NY.GDP.MKTP.KD,2009,4837112633.71603
Mauritania,MRT,NY.GDP.MKTP.KD,2010,4963856086.88709
Mauritania,MRT,NY.GDP.MKTP.KD,2011,5170987043.87509
Mauritania,MRT,NY.GDP.MKTP.KD,2012,5402130846.39324
Mauritania,MRT,NY.GDP.MKTP.KD,2013,5626363205.90498
Mauritania,MRT,NY.GDP.MKTP.KD,2014,5866880289.55903
Mauritania,MRT,NY.GDP.MKTP.KD,2015,6182303676.55144
Mauritania,MRT,NY.GDP.MKTP.KD,2016,6260256913.89463
Mauritania,MRT,NY.GDP.MKTP.KD,2017,6652809184.23378
Mauritania,MRT,NY.GDP.MKTP.KD,2018,6970292790.3702
Mauritania,MRT,NY.GDP.MKTP.KD,2019,7189230027.94751
Mauritania,MRT,NY.GDP.MKTP.KD,2020,7163301538.8176
Mauritania,MRT,NY.GDP.MKTP.KD,2021,7216504489.52491
Mauritania,MRT,NY.GDP.MKTP.KD,2022,7706938495.42044
Mauritania,MRT,NY.GDP.MKTP.KD,2023,8231741703.46659
Mauritania,MRT,NY.GDP.MKTP.KD,2024,8750967217.58837
Mauritania,MRT,NY.GDP.MKTP.KD,2025,9103536665.50591
Mauritius,MUS,NY.GDP.MKTP.KD,1960,965665103.121351
Mauritius,MUS,NY.GDP.MKTP.KD,1961,1186310839.87355
Mauritius,MUS,NY.GDP.MKTP.KD,1962,1195878281.42274
Mauritius,MUS,NY.GDP.MKTP.KD,1963,1362039895.5513
Mauritius,MUS,NY.GDP.MKTP.KD,1964,1268202252.37774
Mauritius,MUS,NY.GDP.MKTP.KD,1965,1308746423.43444
Mauritius,MUS,NY.GDP.MKTP.KD,1966,1262047674.03788
Mauritius,MUS,NY.GDP.MKTP.KD,1967,1317377476.70898
Mauritius,MUS,NY.GDP.MKTP.KD,1968,1226614703.81838
Mauritius,MUS,NY.GDP.MKTP.KD,1969,1287123250.09451
Mauritius,MUS,NY.GDP.MKTP.KD,1970,1281944599.50946
Mauritius,MUS,NY.GDP.MKTP.KD,1971,1336729315.3383
Mauritius,MUS,NY.GDP.MKTP.KD,1972,1448297584.80905
Mauritius,MUS,NY.GDP.MKTP.KD,1973,1621828058.47954
Mauritius,MUS,NY.GDP.MKTP.KD,1974,1764740728.22208
Mauritius,MUS,NY.GDP.MKTP.KD,1975,1780730872.41629
Mauritius,MUS,NY.GDP.MKTP.KD,1976,2203697975.98197
Mauritius,MUS,NY.GDP.MKTP.KD,1977,2347987724.55224
Mauritius,MUS,NY.GDP.MKTP.KD,1978,2437934581.20463
Mauritius,MUS,NY.GDP.MKTP.KD,1979,2523665178.44202
Mauritius,MUS,NY.GDP.MKTP.KD,1980,2269752701.24713
Mauritius,MUS,NY.GDP.MKTP.KD,1981,2403267565.12349
Mauritius,MUS,NY.GDP.MKTP.KD,1982,2535377007.92481
Mauritius,MUS,NY.GDP.MKTP.KD,1983,2545107665.96174
Mauritius,MUS,NY.GDP.MKTP.KD,1984,2664686641.29586
Mauritius,MUS,NY.GDP.MKTP.KD,1985,2850001619.88986
Mauritius,MUS,NY.GDP.MKTP.KD,1986,3127649727.35757
Mauritius,MUS,NY.GDP.MKTP.KD,1987,3405730310.25514
Mauritius,MUS,NY.GDP.MKTP.KD,1988,3637025264.91513
Mauritius,MUS,NY.GDP.MKTP.KD,1989,3799423847.87669
Mauritius,MUS,NY.GDP.MKTP.KD,1990,4072478438.63667
Mauritius,MUS,NY.GDP.MKTP.KD,1991,4253111031.30466
Mauritius,MUS,NY.GDP.MKTP.KD,1992,4530103333.16682
Mauritius,MUS,NY.GDP.MKTP.KD,1993,4760326036.51855
Mauritius,MUS,NY.GDP.MKTP.KD,1994,4957219922.06001
Mauritius,MUS,NY.GDP.MKTP.KD,1995,5169772453.58552
Mauritius,MUS,NY.GDP.MKTP.KD,1996,5458651269.65547
Mauritius,MUS,NY.GDP.MKTP.KD,1997,5769110827.99179
Mauritius,MUS,NY.GDP.MKTP.KD,1998,6119407786.24471
Mauritius,MUS,NY.GDP.MKTP.KD,1999,6279181383.40497
Mauritius,MUS,NY.GDP.MKTP.KD,2000,6794249555.80586
Mauritius,MUS,NY.GDP.MKTP.KD,2001,7021689826.80183
Mauritius,MUS,NY.GDP.MKTP.KD,2002,7135084405.96558
Mauritius,MUS,NY.GDP.MKTP.KD,2003,7557869943.06927
Mauritius,MUS,NY.GDP.MKTP.KD,2004,7885127212.19229
Mauritius,MUS,NY.GDP.MKTP.KD,2005,8025288740.59791
Mauritius,MUS,NY.GDP.MKTP.KD,2006,8415762744.17286
Mauritius,MUS,NY.GDP.MKTP.KD,2007,8900830661.908
Mauritius,MUS,NY.GDP.MKTP.KD,2008,9387088070.31371
Mauritius,MUS,NY.GDP.MKTP.KD,2009,9702824740.03021
Mauritius,MUS,NY.GDP.MKTP.KD,2010,10129431413.6242
Mauritius,MUS,NY.GDP.MKTP.KD,2011,10549352323.5511
Mauritius,MUS,NY.GDP.MKTP.KD,2012,10919700091.2128
Mauritius,MUS,NY.GDP.MKTP.KD,2013,11290702454.7202
Mauritius,MUS,NY.GDP.MKTP.KD,2014,11726268292.6522
Mauritius,MUS,NY.GDP.MKTP.KD,2015,12162211503.0793
Mauritius,MUS,NY.GDP.MKTP.KD,2016,12634806000.0366
Mauritius,MUS,NY.GDP.MKTP.KD,2017,13134438955.5367
Mauritius,MUS,NY.GDP.MKTP.KD,2018,13675143575.8358
Mauritius,MUS,NY.GDP.MKTP.KD,2019,14066792766.4264
Mauritius,MUS,NY.GDP.MKTP.KD,2020,12069668892.3557
Mauritius,MUS,NY.GDP.MKTP.KD,2021,12472565404.1389
Mauritius,MUS,NY.GDP.MKTP.KD,2022,13513082163.7098
Mauritius,MUS,NY.GDP.MKTP.KD,2023,14148086474.4567
Mauritius,MUS,NY.GDP.MKTP.KD,2024,14848196377.6278
Mauritius,MUS,NY.GDP.MKTP.KD,2025,15316148267.1641
Malawi,MWI,NY.GDP.MKTP.KD,1960,944667422.058223
Malawi,MWI,NY.GDP.MKTP.KD,1961,1016836214.17842
Malawi,MWI,NY.GDP.MKTP.KD,1962,1023632388.93377
Malawi,MWI,NY.GDP.MKTP.KD,1963,1009392858.66876
Malawi,MWI,NY.GDP.MKTP.KD,1964,1036253845.01772
Malawi,MWI,NY.GDP.MKTP.KD,1965,1177355281.64236
Malawi,MWI,NY.GDP.MKTP.KD,1966,1333343510.54967
Malawi,MWI,NY.GDP.MKTP.KD,1967,1430431584.18858
Malawi,MWI,NY.GDP.MKTP.KD,1968,1402923252.38422
Malawi,MWI,NY.GDP.MKTP.KD,1969,1485448247.1066
Malawi,MWI,NY.GDP.MKTP.KD,1970,1492567970.51197
Malawi,MWI,NY.GDP.MKTP.KD,1971,1734641056.59672
Malawi,MWI,NY.GDP.MKTP.KD,1972,1842732594.91417
Malawi,MWI,NY.GDP.MKTP.KD,1973,1885127635.57549
Malawi,MWI,NY.GDP.MKTP.KD,1974,2020403708.86032
Malawi,MWI,NY.GDP.MKTP.KD,1975,2143382122.79433
Malawi,MWI,NY.GDP.MKTP.KD,1976,2250502600.78848
Malawi,MWI,NY.GDP.MKTP.KD,1977,2361183024.64384
Malawi,MWI,NY.GDP.MKTP.KD,1978,2591281916.72248
Malawi,MWI,NY.GDP.MKTP.KD,1979,2705198653.51164
Malawi,MWI,NY.GDP.MKTP.KD,1980,2716201951.98732
Malawi,MWI,NY.GDP.MKTP.KD,1981,2572511628.92944
Malawi,MWI,NY.GDP.MKTP.KD,1982,2636913267.76854
Malawi,MWI,NY.GDP.MKTP.KD,1983,2734972402.75698
Malawi,MWI,NY.GDP.MKTP.KD,1984,2881575238.57261
Malawi,MWI,NY.GDP.MKTP.KD,1985,3013291524.42244
Malawi,MWI,NY.GDP.MKTP.KD,1986,3006818901.87136
Malawi,MWI,NY.GDP.MKTP.KD,1987,3055686904.136
Malawi,MWI,NY.GDP.MKTP.KD,1988,3152774981.35474
Malawi,MWI,NY.GDP.MKTP.KD,1989,3195170015.77883
Malawi,MWI,NY.GDP.MKTP.KD,1990,3377048507.13521
Malawi,MWI,NY.GDP.MKTP.KD,1991,3671872668.53471
Malawi,MWI,NY.GDP.MKTP.KD,1992,3402615041.17122
Malawi,MWI,NY.GDP.MKTP.KD,1993,3732391067.02738
Malawi,MWI,NY.GDP.MKTP.KD,1994,3350187439.57544
Malawi,MWI,NY.GDP.MKTP.KD,1995,3910634175.56103
Malawi,MWI,NY.GDP.MKTP.KD,1996,4196762833.85435
Malawi,MWI,NY.GDP.MKTP.KD,1997,4355921668.87641
Malawi,MWI,NY.GDP.MKTP.KD,1998,4525595860.28364
Malawi,MWI,NY.GDP.MKTP.KD,1999,4663277073.69729
Malawi,MWI,NY.GDP.MKTP.KD,2000,4736773940.3021
Malawi,MWI,NY.GDP.MKTP.KD,2001,4501121160.06136
Malawi,MWI,NY.GDP.MKTP.KD,2002,4577640221.16799
Malawi,MWI,NY.GDP.MKTP.KD,2003,4838823865.43116
Malawi,MWI,NY.GDP.MKTP.KD,2004,5101112194.50269
Malawi,MWI,NY.GDP.MKTP.KD,2005,5267853576.27553
Malawi,MWI,NY.GDP.MKTP.KD,2006,5515442681.93082
Malawi,MWI,NY.GDP.MKTP.KD,2007,6044925172.60306
Malawi,MWI,NY.GDP.MKTP.KD,2008,6506741521.33369
Malawi,MWI,NY.GDP.MKTP.KD,2009,7048630103.04233
Malawi,MWI,NY.GDP.MKTP.KD,2010,7533157578.1417
Malawi,MWI,NY.GDP.MKTP.KD,2011,7904743381.9111
Malawi,MWI,NY.GDP.MKTP.KD,2012,8054933506.22505
Malawi,MWI,NY.GDP.MKTP.KD,2013,8490733601.03182
Malawi,MWI,NY.GDP.MKTP.KD,2014,8968360291.15986
Malawi,MWI,NY.GDP.MKTP.KD,2015,9219474379.31534
Malawi,MWI,NY.GDP.MKTP.KD,2016,9449961238.71922
Malawi,MWI,NY.GDP.MKTP.KD,2017,9827959688.35226
Malawi,MWI,NY.GDP.MKTP.KD,2018,10255826273.6659
Malawi,MWI,NY.GDP.MKTP.KD,2019,10842133933.7208
Malawi,MWI,NY.GDP.MKTP.KD,2020,10928176721.5316
Malawi,MWI,NY.GDP.MKTP.KD,2021,11426314939.9064
Malawi,MWI,NY.GDP.MKTP.KD,2022,11531564448.65
Malawi,MWI,NY.GDP.MKTP.KD,2023,11755940188.7261
Malawi,MWI,NY.GDP.MKTP.KD,2024,11952668098.8907
Malawi,MWI,NY.GDP.MKTP.KD,2025,12177998253.3931
Malaysia,MYS,NY.GDP.MKTP.KD,1960,10075053649.8072
Malaysia,MYS,NY.GDP.MKTP.KD,1961,10840555621.6448
Malaysia,MYS,NY.GDP.MKTP.KD,1962,11536630907.8954
Malaysia,MYS,NY.GDP.MKTP.KD,1963,12383281583.8406
Malaysia,MYS,NY.GDP.MKTP.KD,1964,13046897050.9237
Malaysia,MYS,NY.GDP.MKTP.KD,1965,14049533276.9683
Malaysia,MYS,NY.GDP.MKTP.KD,1966,15147744693.7571
Malaysia,MYS,NY.GDP.MKTP.KD,1967,15732015396.7718
Malaysia,MYS,NY.GDP.MKTP.KD,1968,16987114742.2068
Malaysia,MYS,NY.GDP.MKTP.KD,1969,17817535562.9787
Malaysia,MYS,NY.GDP.MKTP.KD,1970,18884189212.4274
Malaysia,MYS,NY.GDP.MKTP.KD,1971,20779153503.2444
Malaysia,MYS,NY.GDP.MKTP.KD,1972,22729992899.4898
Malaysia,MYS,NY.GDP.MKTP.KD,1973,25389647919.0597
Malaysia,MYS,NY.GDP.MKTP.KD,1974,27501726905.7384
Malaysia,MYS,NY.GDP.MKTP.KD,1975,27722034464.7822
Malaysia,MYS,NY.GDP.MKTP.KD,1976,30927669086.1643
Malaysia,MYS,NY.GDP.MKTP.KD,1977,33325509326.093
Malaysia,MYS,NY.GDP.MKTP.KD,1978,35542952796.7525
Malaysia,MYS,NY.GDP.MKTP.KD,1979,38865898972.0635
Malaysia,MYS,NY.GDP.MKTP.KD,1980,41758231849.7993
Malaysia,MYS,NY.GDP.MKTP.KD,1981,44657131817.3834
Malaysia,MYS,NY.GDP.MKTP.KD,1982,47311173244.6651
Malaysia,MYS,NY.GDP.MKTP.KD,1983,50269176995.279
Malaysia,MYS,NY.GDP.MKTP.KD,1984,54170965009.8042
Malaysia,MYS,NY.GDP.MKTP.KD,1985,53615577053.7607
Malaysia,MYS,NY.GDP.MKTP.KD,1986,54280729183.0432
Malaysia,MYS,NY.GDP.MKTP.KD,1987,57098947792.52
Malaysia,MYS,NY.GDP.MKTP.KD,1988,62773281162.3831
Malaysia,MYS,NY.GDP.MKTP.KD,1989,68460289886.5035
Malaysia,MYS,NY.GDP.MKTP.KD,1990,74627553679.509
Malaysia,MYS,NY.GDP.MKTP.KD,1991,81751102498.1732
Malaysia,MYS,NY.GDP.MKTP.KD,1992,89014784403.7144
Malaysia,MYS,NY.GDP.MKTP.KD,1993,97822746879.1401
Malaysia,MYS,NY.GDP.MKTP.KD,1994,106834219205.048
Malaysia,MYS,NY.GDP.MKTP.KD,1995,117335045630.591
Malaysia,MYS,NY.GDP.MKTP.KD,1996,129071719045.017
Malaysia,MYS,NY.GDP.MKTP.KD,1997,138523307832.505
Malaysia,MYS,NY.GDP.MKTP.KD,1998,128328802476.716
Malaysia,MYS,NY.GDP.MKTP.KD,1999,136205126470.557
Malaysia,MYS,NY.GDP.MKTP.KD,2000,148271359064.948
Malaysia,MYS,NY.GDP.MKTP.KD,2001,149038923296.259
Malaysia,MYS,NY.GDP.MKTP.KD,2002,157073594223.932
Malaysia,MYS,NY.GDP.MKTP.KD,2003,166165798103.902
Malaysia,MYS,NY.GDP.MKTP.KD,2004,177437551536.374
Malaysia,MYS,NY.GDP.MKTP.KD,2005,186898768708.901
Malaysia,MYS,NY.GDP.MKTP.KD,2006,197336779111.682
Malaysia,MYS,NY.GDP.MKTP.KD,2007,209766600383.972
Malaysia,MYS,NY.GDP.MKTP.KD,2008,219902039818.778
Malaysia,MYS,NY.GDP.MKTP.KD,2009,216573759299.08
Malaysia,MYS,NY.GDP.MKTP.KD,2010,232654030399.227
Malaysia,MYS,NY.GDP.MKTP.KD,2011,244970531973.676
Malaysia,MYS,NY.GDP.MKTP.KD,2012,258378881826.473
Malaysia,MYS,NY.GDP.MKTP.KD,2013,270506469604.101
Malaysia,MYS,NY.GDP.MKTP.KD,2014,286755041078.03
Malaysia,MYS,NY.GDP.MKTP.KD,2015,301355266964.947
Malaysia,MYS,NY.GDP.MKTP.KD,2016,314764917575.088
Malaysia,MYS,NY.GDP.MKTP.KD,2017,333061328477.268
Malaysia,MYS,NY.GDP.MKTP.KD,2018,349191778300.005
Malaysia,MYS,NY.GDP.MKTP.KD,2019,364602265936.14
Malaysia,MYS,NY.GDP.MKTP.KD,2020,344706479641.244
Malaysia,MYS,NY.GDP.MKTP.KD,2021,356134704342.139
Malaysia,MYS,NY.GDP.MKTP.KD,2022,388299855024.742
Malaysia,MYS,NY.GDP.MKTP.KD,2023,402034268648.217
Malaysia,MYS,NY.GDP.MKTP.KD,2024,422559964245.24
Malaysia,MYS,NY.GDP.MKTP.KD,2025,444411684411.754
North America,NAC,NY.GDP.MKTP.KD,1960,3709291615833.78
North America,NAC,NY.GDP.MKTP.KD,1961,3797031427298.05
North America,NAC,NY.GDP.MKTP.KD,1962,4032407651226.0
North America,NAC,NY.GDP.MKTP.KD,1963,4212521177711.94
North America,NAC,NY.GDP.MKTP.KD,1964,4459707155140.5
North America,NAC,NY.GDP.MKTP.KD,1965,4744809655183.26
North America,NAC,NY.GDP.MKTP.KD,1966,5054342461679.73
North America,NAC,NY.GDP.MKTP.KD,1967,5183175774748.64
North America,NAC,NY.GDP.MKTP.KD,1968,5432730710932.54
North America,NAC,NY.GDP.MKTP.KD,1969,5609467280344.18
North America,NAC,NY.GDP.MKTP.KD,1970,5633795607264.49
North America,NAC,NY.GDP.MKTP.KD,1971,5822623443839.36
North America,NAC,NY.GDP.MKTP.KD,1972,6129774915166.1
North America,NAC,NY.GDP.MKTP.KD,1973,6481135820786.71
North America,NAC,NY.GDP.MKTP.KD,1974,6467017449462.99
North America,NAC,NY.GDP.MKTP.KD,1975,6463542977027.83
North America,NAC,NY.GDP.MKTP.KD,1976,6814742155830.59
North America,NAC,NY.GDP.MKTP.KD,1977,7123436747399.89
North America,NAC,NY.GDP.MKTP.KD,1978,7506485450946.88
North America,NAC,NY.GDP.MKTP.KD,1979,7747670961413.41
North America,NAC,NY.GDP.MKTP.KD,1980,7744253769086.32
North America,NAC,NY.GDP.MKTP.KD,1981,7946714009011.4
North America,NAC,NY.GDP.MKTP.KD,1982,7793725262909.35
North America,NAC,NY.GDP.MKTP.KD,1983,8137150962313.13
North America,NAC,NY.GDP.MKTP.KD,1984,8716382883190.11
North America,NAC,NY.GDP.MKTP.KD,1985,9083724119210.53
North America,NAC,NY.GDP.MKTP.KD,1986,9388057943458.46
North America,NAC,NY.GDP.MKTP.KD,1987,9717258286431.43
North America,NAC,NY.GDP.MKTP.KD,1988,10125057863940.7
North America,NAC,NY.GDP.MKTP.KD,1989,10485281954668.3
North America,NAC,NY.GDP.MKTP.KD,1990,10668191026795.3
North America,NAC,NY.GDP.MKTP.KD,1991,10639055307396.5
North America,NAC,NY.GDP.MKTP.KD,1992,10991017031030.6
North America,NAC,NY.GDP.MKTP.KD,1993,11292664209902.3
North America,NAC,NY.GDP.MKTP.KD,1994,11751613094897.6
North America,NAC,NY.GDP.MKTP.KD,1995,12067145297453.2
North America,NAC,NY.GDP.MKTP.KD,1996,12502445598112.4
North America,NAC,NY.GDP.MKTP.KD,1997,13056832119822.4
North America,NAC,NY.GDP.MKTP.KD,1998,13636175671914.7
North America,NAC,NY.GDP.MKTP.KD,1999,14292759908047.4
North America,NAC,NY.GDP.MKTP.KD,2000,14887620358377.3
North America,NAC,NY.GDP.MKTP.KD,2001,15040995988027.6
North America,NAC,NY.GDP.MKTP.KD,2002,15311921552513.6
North America,NAC,NY.GDP.MKTP.KD,2003,15727952369066.5
North America,NAC,NY.GDP.MKTP.KD,2004,16323628966689.0
North America,NAC,NY.GDP.MKTP.KD,2005,16888635996103.0
North America,NAC,NY.GDP.MKTP.KD,2006,17357179894002.2
North America,NAC,NY.GDP.MKTP.KD,2007,17705726482024.7
North America,NAC,NY.GDP.MKTP.KD,2008,17737884409587.2
North America,NAC,NY.GDP.MKTP.KD,2009,17275882111082.3
North America,NAC,NY.GDP.MKTP.KD,2010,17746470091116.8
North America,NAC,NY.GDP.MKTP.KD,2011,18045713098869.7
North America,NAC,NY.GDP.MKTP.KD,2012,18450546757866.6
North America,NAC,NY.GDP.MKTP.KD,2013,18844188600645.9
North America,NAC,NY.GDP.MKTP.KD,2014,19324611232550.5
North America,NAC,NY.GDP.MKTP.KD,2015,19858183921200.2
North America,NAC,NY.GDP.MKTP.KD,2016,20207174333804.5
North America,NAC,NY.GDP.MKTP.KD,2017,20712928586863.4
North America,NAC,NY.GDP.MKTP.KD,2018,21323523583775.3
North America,NAC,NY.GDP.MKTP.KD,2019,21863086734805.1
North America,NAC,NY.GDP.MKTP.KD,2020,21357532920428.9
North America,NAC,NY.GDP.MKTP.KD,2021,22668118543356.0
North America,NAC,NY.GDP.MKTP.KD,2022,23277621651170.8
North America,NAC,NY.GDP.MKTP.KD,2023,23943233912873.2
North America,NAC,NY.GDP.MKTP.KD,2024,24598337054130.7
North America,NAC,NY.GDP.MKTP.KD,2025,25122213704738.4
Namibia,NAM,NY.GDP.MKTP.KD,1980,3477739161.30949
Namibia,NAM,NY.GDP.MKTP.KD,1981,3511523641.00858
Namibia,NAM,NY.GDP.MKTP.KD,1982,3497544590.4164
Namibia,NAM,NY.GDP.MKTP.KD,1983,3433768600.46996
Namibia,NAM,NY.GDP.MKTP.KD,1984,3425634293.66579
Namibia,NAM,NY.GDP.MKTP.KD,1985,3441535103.59146
Namibia,NAM,NY.GDP.MKTP.KD,1986,3605602362.64102
Namibia,NAM,NY.GDP.MKTP.KD,1987,3733737146.75807
Namibia,NAM,NY.GDP.MKTP.KD,1988,3764097990.89465
Namibia,NAM,NY.GDP.MKTP.KD,1989,3834060337.80812
Namibia,NAM,NY.GDP.MKTP.KD,1990,3912561187.29612
Namibia,NAM,NY.GDP.MKTP.KD,1991,4232045772.77894
Namibia,NAM,NY.GDP.MKTP.KD,1992,4536302039.10592
Namibia,NAM,NY.GDP.MKTP.KD,1993,4464649372.02005
Namibia,NAM,NY.GDP.MKTP.KD,1994,4541882425.73877
Namibia,NAM,NY.GDP.MKTP.KD,1995,4718971067.42416
Namibia,NAM,NY.GDP.MKTP.KD,1996,4869568737.86144
Namibia,NAM,NY.GDP.MKTP.KD,1997,5075069422.96386
Namibia,NAM,NY.GDP.MKTP.KD,1998,5242119678.32805
Namibia,NAM,NY.GDP.MKTP.KD,1999,5418741285.63406
Namibia,NAM,NY.GDP.MKTP.KD,2000,5607973667.33031
Namibia,NAM,NY.GDP.MKTP.KD,2001,5674032719.94258
Namibia,NAM,NY.GDP.MKTP.KD,2002,5945742924.34569
Namibia,NAM,NY.GDP.MKTP.KD,2003,6197830193.6963
Namibia,NAM,NY.GDP.MKTP.KD,2004,6958275950.69608
Namibia,NAM,NY.GDP.MKTP.KD,2005,7134269025.97086
Namibia,NAM,NY.GDP.MKTP.KD,2006,7638888381.86825
Namibia,NAM,NY.GDP.MKTP.KD,2007,8049405616.20712
Namibia,NAM,NY.GDP.MKTP.KD,2008,8262699735.19694
Namibia,NAM,NY.GDP.MKTP.KD,2009,8287154923.12437
Namibia,NAM,NY.GDP.MKTP.KD,2010,8787636883.68937
Namibia,NAM,NY.GDP.MKTP.KD,2011,9235045191.83414
Namibia,NAM,NY.GDP.MKTP.KD,2012,9702493818.43111
Namibia,NAM,NY.GDP.MKTP.KD,2013,10247261642.7308
Namibia,NAM,NY.GDP.MKTP.KD,2014,10871578021.6669
Namibia,NAM,NY.GDP.MKTP.KD,2015,11335161083.5061
Namibia,NAM,NY.GDP.MKTP.KD,2016,11338991738.8743
Namibia,NAM,NY.GDP.MKTP.KD,2017,11222512162.9739
Namibia,NAM,NY.GDP.MKTP.KD,2018,11341464002.1253
Namibia,NAM,NY.GDP.MKTP.KD,2019,11246291861.588
Namibia,NAM,NY.GDP.MKTP.KD,2020,10335184546.1643
Namibia,NAM,NY.GDP.MKTP.KD,2021,10707646943.9364
Namibia,NAM,NY.GDP.MKTP.KD,2022,11285723332.8927
Namibia,NAM,NY.GDP.MKTP.KD,2023,11773828665.0454
Namibia,NAM,NY.GDP.MKTP.KD,2024,12218704810.0999
Namibia,NAM,NY.GDP.MKTP.KD,2025,12430110584.9587
New Caledonia,NCL,NY.GDP.MKTP.KD,2015,8738203074.3957
Niger,NER,NY.GDP.MKTP.KD,1960,2602180352.66278
Niger,NER,NY.GDP.MKTP.KD,1961,2720485699.01606
Niger,NER,NY.GDP.MKTP.KD,1962,3000116629.79646
Niger,NER,NY.GDP.MKTP.KD,1963,3282974505.52137
Niger,NER,NY.GDP.MKTP.KD,1964,3287276511.73776
Niger,NER,NY.GDP.MKTP.KD,1965,3514748216.63627
Niger,NER,NY.GDP.MKTP.KD,1966,3501304403.14799
Niger,NER,NY.GDP.MKTP.KD,1967,3505606409.36438
Niger,NER,NY.GDP.MKTP.KD,1968,3519050222.85266
Niger,NER,NY.GDP.MKTP.KD,1969,3325997034.48358
Niger,NER,NY.GDP.MKTP.KD,1970,3427632150.81039
Niger,NER,NY.GDP.MKTP.KD,1971,3622298371.03122
Niger,NER,NY.GDP.MKTP.KD,1972,3435160573.56497
Niger,NER,NY.GDP.MKTP.KD,1973,2849548703.9568
Niger,NER,NY.GDP.MKTP.KD,1974,3099603386.06155
Niger,NER,NY.GDP.MKTP.KD,1975,3013025467.74032
Niger,NER,NY.GDP.MKTP.KD,1976,3033459908.97494
Niger,NER,NY.GDP.MKTP.KD,1977,3268995364.33056
Niger,NER,NY.GDP.MKTP.KD,1978,3709414436.8571
Niger,NER,NY.GDP.MKTP.KD,1979,3974526140.88837
Niger,NER,NY.GDP.MKTP.KD,1980,3876950088.1899
Niger,NER,NY.GDP.MKTP.KD,1981,3870062063.28482
Niger,NER,NY.GDP.MKTP.KD,1982,3954215023.32994
Niger,NER,NY.GDP.MKTP.KD,1983,3801438868.18018
Niger,NER,NY.GDP.MKTP.KD,1984,3162043118.60555
Niger,NER,NY.GDP.MKTP.KD,1985,3406093636.53018
Niger,NER,NY.GDP.MKTP.KD,1986,3622453380.98841
Niger,NER,NY.GDP.MKTP.KD,1987,3625651332.08849
Niger,NER,NY.GDP.MKTP.KD,1988,3874775278.55005
Niger,NER,NY.GDP.MKTP.KD,1989,3911858659.29872
Niger,NER,NY.GDP.MKTP.KD,1990,3860672838.20896
Niger,NER,NY.GDP.MKTP.KD,1991,3843705601.8807
Niger,NER,NY.GDP.MKTP.KD,1992,3920608632.47669
Niger,NER,NY.GDP.MKTP.KD,1993,3933219484.77413
Niger,NER,NY.GDP.MKTP.KD,1994,4006172005.58166
Niger,NER,NY.GDP.MKTP.KD,1995,4104613431.71867
Niger,NER,NY.GDP.MKTP.KD,1996,4108739820.30038
Niger,NER,NY.GDP.MKTP.KD,1997,4171499823.06338
Niger,NER,NY.GDP.MKTP.KD,1998,4587507438.32542
Niger,NER,NY.GDP.MKTP.KD,1999,4577434991.48422
Niger,NER,NY.GDP.MKTP.KD,2000,4522117708.50312
Niger,NER,NY.GDP.MKTP.KD,2001,4850791323.99035
Niger,NER,NY.GDP.MKTP.KD,2002,5089376067.96136
Niger,NER,NY.GDP.MKTP.KD,2003,5199846593.3602
Niger,NER,NY.GDP.MKTP.KD,2004,5218763717.35798
Niger,NER,NY.GDP.MKTP.KD,2005,5601396628.31908
Niger,NER,NY.GDP.MKTP.KD,2006,5933618261.55882
Niger,NER,NY.GDP.MKTP.KD,2007,6120095511.70958
Niger,NER,NY.GDP.MKTP.KD,2008,6593265446.85522
Niger,NER,NY.GDP.MKTP.KD,2009,6722664934.31258
Niger,NER,NY.GDP.MKTP.KD,2010,7299346341.92573
Niger,NER,NY.GDP.MKTP.KD,2011,7471447186.58798
Niger,NER,NY.GDP.MKTP.KD,2012,8259606009.352
Niger,NER,NY.GDP.MKTP.KD,2013,8698614858.59842
Niger,NER,NY.GDP.MKTP.KD,2014,9276388744.59484
Niger,NER,NY.GDP.MKTP.KD,2015,9683867926.44282
Niger,NER,NY.GDP.MKTP.KD,2016,10098470683.508
Niger,NER,NY.GDP.MKTP.KD,2017,10657116598.5285
Niger,NER,NY.GDP.MKTP.KD,2018,11391880476.6275
Niger,NER,NY.GDP.MKTP.KD,2019,12084371848.8128
Niger,NER,NY.GDP.MKTP.KD,2020,12622708625.7688
Niger,NER,NY.GDP.MKTP.KD,2021,12763477152.9842
Niger,NER,NY.GDP.MKTP.KD,2022,14323371862.6454
Niger,NER,NY.GDP.MKTP.KD,2023,14700817032.8862
Niger,NER,NY.GDP.MKTP.KD,2024,15924405812.4168
Niger,NER,NY.GDP.MKTP.KD,2025,17040361036.8007
Nigeria,NGA,NY.GDP.MKTP.KD,1960,65552393151.3156
Nigeria,NGA,NY.GDP.MKTP.KD,1961,65678119684.6865
Nigeria,NGA,NY.GDP.MKTP.KD,1962,68372888067.7336
Nigeria,NGA,NY.GDP.MKTP.KD,1963,74238337576.4471
Nigeria,NGA,NY.GDP.MKTP.KD,1964,77913498064.0268
Nigeria,NGA,NY.GDP.MKTP.KD,1965,81719554395.1141
Nigeria,NGA,NY.GDP.MKTP.KD,1966,78246053144.3214
Nigeria,NGA,NY.GDP.MKTP.KD,1967,65927285449.685
Nigeria,NGA,NY.GDP.MKTP.KD,1968,65104275426.988
Nigeria,NGA,NY.GDP.MKTP.KD,1969,80857806917.1098
Nigeria,NGA,NY.GDP.MKTP.KD,1970,101078114311.67
Nigeria,NGA,NY.GDP.MKTP.KD,1971,115469142733.257
Nigeria,NGA,NY.GDP.MKTP.KD,1972,119353827264.414
Nigeria,NGA,NY.GDP.MKTP.KD,1973,125790293297.222
Nigeria,NGA,NY.GDP.MKTP.KD,1974,139829338541.938
Nigeria,NGA,NY.GDP.MKTP.KD,1975,132519413714.691
Nigeria,NGA,NY.GDP.MKTP.KD,1976,144502285208.406
Nigeria,NGA,NY.GDP.MKTP.KD,1977,153207273164.642
Nigeria,NGA,NY.GDP.MKTP.KD,1978,144376163268.452
Nigeria,NGA,NY.GDP.MKTP.KD,1979,154135170311.463
Nigeria,NGA,NY.GDP.MKTP.KD,1980,160616293802.862
Nigeria,NGA,NY.GDP.MKTP.KD,1981,139530778712.904
Nigeria,NGA,NY.GDP.MKTP.KD,1982,130037957319.982
Nigeria,NGA,NY.GDP.MKTP.KD,1983,115832500285.95
Nigeria,NGA,NY.GDP.MKTP.KD,1984,114540246019.734
Nigeria,NGA,NY.GDP.MKTP.KD,1985,121313042218.617
Nigeria,NGA,NY.GDP.MKTP.KD,1986,121386976784.846
Nigeria,NGA,NY.GDP.MKTP.KD,1987,125271512342.595
Nigeria,NGA,NY.GDP.MKTP.KD,1988,134458956986.486
Nigeria,NGA,NY.GDP.MKTP.KD,1989,137039737057.541
Nigeria,NGA,NY.GDP.MKTP.KD,1990,153178750575.345
Nigeria,NGA,NY.GDP.MKTP.KD,1991,153727670613.164
Nigeria,NGA,NY.GDP.MKTP.KD,1992,160847095650.819
Nigeria,NGA,NY.GDP.MKTP.KD,1993,157573666209.803
Nigeria,NGA,NY.GDP.MKTP.KD,1994,154713823159.567
Nigeria,NGA,NY.GDP.MKTP.KD,1995,154601400724.996
Nigeria,NGA,NY.GDP.MKTP.KD,1996,161088358074.5
Nigeria,NGA,NY.GDP.MKTP.KD,1997,165819683303.955
Nigeria,NGA,NY.GDP.MKTP.KD,1998,170099910681.009
Nigeria,NGA,NY.GDP.MKTP.KD,1999,171093510004.065
Nigeria,NGA,NY.GDP.MKTP.KD,2000,179675448843.378
Nigeria,NGA,NY.GDP.MKTP.KD,2001,190308075298.043
Nigeria,NGA,NY.GDP.MKTP.KD,2002,219480696548.107
Nigeria,NGA,NY.GDP.MKTP.KD,2003,235606371240.474
Nigeria,NGA,NY.GDP.MKTP.KD,2004,257401275803.853
Nigeria,NGA,NY.GDP.MKTP.KD,2005,273974099482.97
Nigeria,NGA,NY.GDP.MKTP.KD,2006,290575362867.529
Nigeria,NGA,NY.GDP.MKTP.KD,2007,309727563830.114
Nigeria,NGA,NY.GDP.MKTP.KD,2008,330679000570.877
Nigeria,NGA,NY.GDP.MKTP.KD,2009,357255424171.506
Nigeria,NGA,NY.GDP.MKTP.KD,2010,385856064172.751
Nigeria,NGA,NY.GDP.MKTP.KD,2011,406337011591.485
Nigeria,NGA,NY.GDP.MKTP.KD,2012,423525315758.166
Nigeria,NGA,NY.GDP.MKTP.KD,2013,451780110047.004
Nigeria,NGA,NY.GDP.MKTP.KD,2014,480286163931.207
Nigeria,NGA,NY.GDP.MKTP.KD,2015,493026682800.63
Nigeria,NGA,NY.GDP.MKTP.KD,2016,485055087455.971
Nigeria,NGA,NY.GDP.MKTP.KD,2017,488964081501.001
Nigeria,NGA,NY.GDP.MKTP.KD,2018,498365674277.795
Nigeria,NGA,NY.GDP.MKTP.KD,2019,509371727741.802
Nigeria,NGA,NY.GDP.MKTP.KD,2020,476930359899.737
Nigeria,NGA,NY.GDP.MKTP.KD,2021,482220722032.144
Nigeria,NGA,NY.GDP.MKTP.KD,2022,503047012789.736
Nigeria,NGA,NY.GDP.MKTP.KD,2023,519727567204.567
Nigeria,NGA,NY.GDP.MKTP.KD,2024,540886022091.974
Nigeria,NGA,NY.GDP.MKTP.KD,2025,562593735122.067
Nicaragua,NIC,NY.GDP.MKTP.KD,1960,2980615373.71111
Nicaragua,NIC,NY.GDP.MKTP.KD,1961,3204094266.12794
Nicaragua,NIC,NY.GDP.MKTP.KD,1962,3553045710.92612
Nicaragua,NIC,NY.GDP.MKTP.KD,1963,3939101155.23994
Nicaragua,NIC,NY.GDP.MKTP.KD,1964,4399916077.86226
Nicaragua,NIC,NY.GDP.MKTP.KD,1965,4819014940.50278
Nicaragua,NIC,NY.GDP.MKTP.KD,1966,4978097196.75715
Nicaragua,NIC,NY.GDP.MKTP.KD,1967,5325046369.09554
Nicaragua,NIC,NY.GDP.MKTP.KD,1968,5396559614.61793
Nicaragua,NIC,NY.GDP.MKTP.KD,1969,5733181024.61445
Nicaragua,NIC,NY.GDP.MKTP.KD,1970,5810798353.78582
Nicaragua,NIC,NY.GDP.MKTP.KD,1971,6002831090.09635
Nicaragua,NIC,NY.GDP.MKTP.KD,1972,6136137334.27084
Nicaragua,NIC,NY.GDP.MKTP.KD,1973,6529894124.45404
Nicaragua,NIC,NY.GDP.MKTP.KD,1974,7456644456.86985
Nicaragua,NIC,NY.GDP.MKTP.KD,1975,7445217380.81752
Nicaragua,NIC,NY.GDP.MKTP.KD,1976,7833072592.58392
Nicaragua,NIC,NY.GDP.MKTP.KD,1977,8488581747.41852
Nicaragua,NIC,NY.GDP.MKTP.KD,1978,7823178769.93958
Nicaragua,NIC,NY.GDP.MKTP.KD,1979,5751695780.71855
Nicaragua,NIC,NY.GDP.MKTP.KD,1980,6016948591.65853
Nicaragua,NIC,NY.GDP.MKTP.KD,1981,6339655005.17507
Nicaragua,NIC,NY.GDP.MKTP.KD,1982,6287900475.9331
Nicaragua,NIC,NY.GDP.MKTP.KD,1983,6577974631.78335
Nicaragua,NIC,NY.GDP.MKTP.KD,1984,6474957371.46333
Nicaragua,NIC,NY.GDP.MKTP.KD,1985,6210659227.69296
Nicaragua,NIC,NY.GDP.MKTP.KD,1986,6147477622.39866
Nicaragua,NIC,NY.GDP.MKTP.KD,1987,6104054733.3848
Nicaragua,NIC,NY.GDP.MKTP.KD,1988,5344110782.05487
Nicaragua,NIC,NY.GDP.MKTP.KD,1989,5251218575.72005
Nicaragua,NIC,NY.GDP.MKTP.KD,1990,5248461700.60458
Nicaragua,NIC,NY.GDP.MKTP.KD,1991,5238527333.8895
Nicaragua,NIC,NY.GDP.MKTP.KD,1992,5258766205.00338
Nicaragua,NIC,NY.GDP.MKTP.KD,1993,5238102616.97418
Nicaragua,NIC,NY.GDP.MKTP.KD,1994,5412936135.83752
Nicaragua,NIC,NY.GDP.MKTP.KD,1995,5732943936.85449
Nicaragua,NIC,NY.GDP.MKTP.KD,1996,6096657285.16644
Nicaragua,NIC,NY.GDP.MKTP.KD,1997,6338490397.92159
Nicaragua,NIC,NY.GDP.MKTP.KD,1998,6573754971.11657
Nicaragua,NIC,NY.GDP.MKTP.KD,1999,7036282429.22732
Nicaragua,NIC,NY.GDP.MKTP.KD,2000,7324881903.35865
Nicaragua,NIC,NY.GDP.MKTP.KD,2001,7541760192.38638
Nicaragua,NIC,NY.GDP.MKTP.KD,2002,7598620454.41747
Nicaragua,NIC,NY.GDP.MKTP.KD,2003,7790161379.81727
Nicaragua,NIC,NY.GDP.MKTP.KD,2004,8203988039.95305
Nicaragua,NIC,NY.GDP.MKTP.KD,2005,8555315487.40164
Nicaragua,NIC,NY.GDP.MKTP.KD,2006,8910613085.37027
Nicaragua,NIC,NY.GDP.MKTP.KD,2007,9362947172.55444
Nicaragua,NIC,NY.GDP.MKTP.KD,2008,9684631534.27819
Nicaragua,NIC,NY.GDP.MKTP.KD,2009,9365749046.00831
Nicaragua,NIC,NY.GDP.MKTP.KD,2010,9778787862.00226
Nicaragua,NIC,NY.GDP.MKTP.KD,2011,10396483140.3717
Nicaragua,NIC,NY.GDP.MKTP.KD,2012,11071852873.3639
Nicaragua,NIC,NY.GDP.MKTP.KD,2013,11617373486.8649
Nicaragua,NIC,NY.GDP.MKTP.KD,2014,12173318263.9174
Nicaragua,NIC,NY.GDP.MKTP.KD,2015,12756696261.0676
Nicaragua,NIC,NY.GDP.MKTP.KD,2016,13338803114.2245
Nicaragua,NIC,NY.GDP.MKTP.KD,2017,13956550774.5717
Nicaragua,NIC,NY.GDP.MKTP.KD,2018,13487142194.6088
Nicaragua,NIC,NY.GDP.MKTP.KD,2019,13096437236.4148
Nicaragua,NIC,NY.GDP.MKTP.KD,2020,12803529948.2066
Nicaragua,NIC,NY.GDP.MKTP.KD,2021,14142060746.7673
Nicaragua,NIC,NY.GDP.MKTP.KD,2022,14644142761.6099
Nicaragua,NIC,NY.GDP.MKTP.KD,2023,15292555226.1826
Nicaragua,NIC,NY.GDP.MKTP.KD,2024,15840173210.7769
Nicaragua,NIC,NY.GDP.MKTP.KD,2025,16620068188.7789
Netherlands,NLD,NY.GDP.MKTP.KD,1960,165062578867.618
Netherlands,NLD,NY.GDP.MKTP.KD,1961,165550415550.271
Netherlands,NLD,NY.GDP.MKTP.KD,1962,176879870203.618
Netherlands,NLD,NY.GDP.MKTP.KD,1963,183291096178.688
Netherlands,NLD,NY.GDP.MKTP.KD,1964,198458258681.846
Netherlands,NLD,NY.GDP.MKTP.KD,1965,215611194014.587
Netherlands,NLD,NY.GDP.MKTP.KD,1966,221521321840.566
Netherlands,NLD,NY.GDP.MKTP.KD,1967,233217680753.617
Netherlands,NLD,NY.GDP.MKTP.KD,1968,248181239914.247
Netherlands,NLD,NY.GDP.MKTP.KD,1969,264137926396.921
Netherlands,NLD,NY.GDP.MKTP.KD,1970,280356474536.234
Netherlands,NLD,NY.GDP.MKTP.KD,1971,292459408444.342
Netherlands,NLD,NY.GDP.MKTP.KD,1972,302794556889.217
Netherlands,NLD,NY.GDP.MKTP.KD,1973,319279368397.634
Netherlands,NLD,NY.GDP.MKTP.KD,1974,330258484559.693
Netherlands,NLD,NY.GDP.MKTP.KD,1975,330265184698.342
Netherlands,NLD,NY.GDP.MKTP.KD,1976,344982823321.882
Netherlands,NLD,NY.GDP.MKTP.KD,1977,353677910399.818
Netherlands,NLD,NY.GDP.MKTP.KD,1978,363213939815.998
Netherlands,NLD,NY.GDP.MKTP.KD,1979,370529672438.225
Netherlands,NLD,NY.GDP.MKTP.KD,1980,375501862329.23
Netherlands,NLD,NY.GDP.MKTP.KD,1981,372559385945.9
Netherlands,NLD,NY.GDP.MKTP.KD,1982,367936830433.128
Netherlands,NLD,NY.GDP.MKTP.KD,1983,375552968866.461
Netherlands,NLD,NY.GDP.MKTP.KD,1984,387051194389.54
Netherlands,NLD,NY.GDP.MKTP.KD,1985,397037811901.925
Netherlands,NLD,NY.GDP.MKTP.KD,1986,408103159783.866
Netherlands,NLD,NY.GDP.MKTP.KD,1987,415984646239.332
Netherlands,NLD,NY.GDP.MKTP.KD,1988,430299588524.868
Netherlands,NLD,NY.GDP.MKTP.KD,1989,449319337792.549
Netherlands,NLD,NY.GDP.MKTP.KD,1990,468115367207.742
Netherlands,NLD,NY.GDP.MKTP.KD,1991,479533329877.887
Netherlands,NLD,NY.GDP.MKTP.KD,1992,487714508978.523
Netherlands,NLD,NY.GDP.MKTP.KD,1993,493847773249.031
Netherlands,NLD,NY.GDP.MKTP.KD,1994,508471062735.049
Netherlands,NLD,NY.GDP.MKTP.KD,1995,524315203787.127
Netherlands,NLD,NY.GDP.MKTP.KD,1996,542250115007.444
Netherlands,NLD,NY.GDP.MKTP.KD,1997,565287469992.677
Netherlands,NLD,NY.GDP.MKTP.KD,1998,591560354220.307
Netherlands,NLD,NY.GDP.MKTP.KD,1999,621394767005.089
Netherlands,NLD,NY.GDP.MKTP.KD,2000,647615764135.875
Netherlands,NLD,NY.GDP.MKTP.KD,2001,662663663969.898
Netherlands,NLD,NY.GDP.MKTP.KD,2002,664292686855.897
Netherlands,NLD,NY.GDP.MKTP.KD,2003,664942730062.864
Netherlands,NLD,NY.GDP.MKTP.KD,2004,678349859387.515
Netherlands,NLD,NY.GDP.MKTP.KD,2005,692147602470.16
Netherlands,NLD,NY.GDP.MKTP.KD,2006,716630910947.279
Netherlands,NLD,NY.GDP.MKTP.KD,2007,744475056649.439
Netherlands,NLD,NY.GDP.MKTP.KD,2008,760233696247.46
Netherlands,NLD,NY.GDP.MKTP.KD,2009,732368991449.991
Netherlands,NLD,NY.GDP.MKTP.KD,2010,742031522823.378
Netherlands,NLD,NY.GDP.MKTP.KD,2011,755189991605.283
Netherlands,NLD,NY.GDP.MKTP.KD,2012,747805546601.84
Netherlands,NLD,NY.GDP.MKTP.KD,2013,747579402588.694
Netherlands,NLD,NY.GDP.MKTP.KD,2014,759634560414.317
Netherlands,NLD,NY.GDP.MKTP.KD,2015,775743675302.734
Netherlands,NLD,NY.GDP.MKTP.KD,2016,794549879151.561
Netherlands,NLD,NY.GDP.MKTP.KD,2017,816650350359.65
Netherlands,NLD,NY.GDP.MKTP.KD,2018,835096289734.875
Netherlands,NLD,NY.GDP.MKTP.KD,2019,854304853959.192
Netherlands,NLD,NY.GDP.MKTP.KD,2020,821260366624.8
Netherlands,NLD,NY.GDP.MKTP.KD,2021,872809532457.157
Netherlands,NLD,NY.GDP.MKTP.KD,2022,916513152781.965
Netherlands,NLD,NY.GDP.MKTP.KD,2023,911031844894.181
Netherlands,NLD,NY.GDP.MKTP.KD,2024,920814790664.484
Netherlands,NLD,NY.GDP.MKTP.KD,2025,937247947433.363
Norway,NOR,NY.GDP.MKTP.KD,1960,68705746508.4939
Norway,NOR,NY.GDP.MKTP.KD,1961,73015888522.9354
Norway,NOR,NY.GDP.MKTP.KD,1962,75070515625.2273
Norway,NOR,NY.GDP.MKTP.KD,1963,77911966965.1333
Norway,NOR,NY.GDP.MKTP.KD,1964,81815084643.8549
Norway,NOR,NY.GDP.MKTP.KD,1965,86139509961.0412
Norway,NOR,NY.GDP.MKTP.KD,1966,89401193889.9016
Norway,NOR,NY.GDP.MKTP.KD,1967,94994203169.7479
Norway,NOR,NY.GDP.MKTP.KD,1968,97140953907.672
Norway,NOR,NY.GDP.MKTP.KD,1969,101516776456.22
Norway,NOR,NY.GDP.MKTP.KD,1970,103489552527.076
Norway,NOR,NY.GDP.MKTP.KD,1971,109403740814.895
Norway,NOR,NY.GDP.MKTP.KD,1972,115184871340.188
Norway,NOR,NY.GDP.MKTP.KD,1973,120357011507.106
Norway,NOR,NY.GDP.MKTP.KD,1974,125128490234.871
Norway,NOR,NY.GDP.MKTP.KD,1975,131319830527.568
Norway,NOR,NY.GDP.MKTP.KD,1976,139001467342.167
Norway,NOR,NY.GDP.MKTP.KD,1977,144772677442.736
Norway,NOR,NY.GDP.MKTP.KD,1978,150354655397.742
Norway,NOR,NY.GDP.MKTP.KD,1979,156896930817.598
Norway,NOR,NY.GDP.MKTP.KD,1980,163999338665.154
Norway,NOR,NY.GDP.MKTP.KD,1981,166745065609.658
Norway,NOR,NY.GDP.MKTP.KD,1982,167149323122.227
Norway,NOR,NY.GDP.MKTP.KD,1983,173736488537.187
Norway,NOR,NY.GDP.MKTP.KD,1984,184291950022.191
Norway,NOR,NY.GDP.MKTP.KD,1985,194540622065.034
Norway,NOR,NY.GDP.MKTP.KD,1986,202414963261.717
Norway,NOR,NY.GDP.MKTP.KD,1987,205945644354.441
Norway,NOR,NY.GDP.MKTP.KD,1988,205265970896.676
Norway,NOR,NY.GDP.MKTP.KD,1989,207379270442.778
Norway,NOR,NY.GDP.MKTP.KD,1990,211441810489.128
Norway,NOR,NY.GDP.MKTP.KD,1991,217486204424.686
Norway,NOR,NY.GDP.MKTP.KD,1992,225237904334.096
Norway,NOR,NY.GDP.MKTP.KD,1993,231709124675.248
Norway,NOR,NY.GDP.MKTP.KD,1994,243385718694.015
Norway,NOR,NY.GDP.MKTP.KD,1995,253493272680.5
Norway,NOR,NY.GDP.MKTP.KD,1996,266090606536.428
Norway,NOR,NY.GDP.MKTP.KD,1997,279640177680.533
Norway,NOR,NY.GDP.MKTP.KD,1998,287262912068.518
Norway,NOR,NY.GDP.MKTP.KD,1999,293532747729.175
Norway,NOR,NY.GDP.MKTP.KD,2000,303640301715.66
Norway,NOR,NY.GDP.MKTP.KD,2001,310209362458.012
Norway,NOR,NY.GDP.MKTP.KD,2002,314730598340.287
Norway,NOR,NY.GDP.MKTP.KD,2003,318181171842.263
Norway,NOR,NY.GDP.MKTP.KD,2004,331958912872.2
Norway,NOR,NY.GDP.MKTP.KD,2005,341817216114.248
Norway,NOR,NY.GDP.MKTP.KD,2006,351549653857.762
Norway,NOR,NY.GDP.MKTP.KD,2007,363573710884.323
Norway,NOR,NY.GDP.MKTP.KD,2008,366565216453.901
Norway,NOR,NY.GDP.MKTP.KD,2009,360651524216.608
Norway,NOR,NY.GDP.MKTP.KD,2010,364275829281.061
Norway,NOR,NY.GDP.MKTP.KD,2011,369321235919.604
Norway,NOR,NY.GDP.MKTP.KD,2012,379750707834.862
Norway,NOR,NY.GDP.MKTP.KD,2013,384584561342.921
Norway,NOR,NY.GDP.MKTP.KD,2014,392642430455.596
Norway,NOR,NY.GDP.MKTP.KD,2015,400669174330.888
Norway,NOR,NY.GDP.MKTP.KD,2016,405844166612.591
Norway,NOR,NY.GDP.MKTP.KD,2017,416678764070.259
Norway,NOR,NY.GDP.MKTP.KD,2018,421305528551.092
Norway,NOR,NY.GDP.MKTP.KD,2019,427497488848.368
Norway,NOR,NY.GDP.MKTP.KD,2020,421681140844.59
Norway,NOR,NY.GDP.MKTP.KD,2021,439152009907.477
Norway,NOR,NY.GDP.MKTP.KD,2022,457071158448.196
Norway,NOR,NY.GDP.MKTP.KD,2023,458683228227.53
Norway,NOR,NY.GDP.MKTP.KD,2024,465213599254.875
Norway,NOR,NY.GDP.MKTP.KD,2025,470262478012.781
Nepal,NPL,NY.GDP.MKTP.KD,1960,3312007761.75636
Nepal,NPL,NY.GDP.MKTP.KD,1961,3375209678.85925
Nepal,NPL,NY.GDP.MKTP.KD,1962,3439686985.43509
Nepal,NPL,NY.GDP.MKTP.KD,1963,3504872894.04063
Nepal,NPL,NY.GDP.MKTP.KD,1964,3768875641.6126
Nepal,NPL,NY.GDP.MKTP.KD,1965,3723528943.78579
Nepal,NPL,NY.GDP.MKTP.KD,1966,3985689329.11524
Nepal,NPL,NY.GDP.MKTP.KD,1967,3923054320.96154
Nepal,NPL,NY.GDP.MKTP.KD,1968,3949553904.15476
Nepal,NPL,NY.GDP.MKTP.KD,1969,4125839146.34731
Nepal,NPL,NY.GDP.MKTP.KD,1970,4232120437.9241
Nepal,NPL,NY.GDP.MKTP.KD,1971,4181530376.86702
Nepal,NPL,NY.GDP.MKTP.KD,1972,4311902146.17686
Nepal,NPL,NY.GDP.MKTP.KD,1973,4291354368.62072
Nepal,NPL,NY.GDP.MKTP.KD,1974,4563151175.75162
Nepal,NPL,NY.GDP.MKTP.KD,1975,4629612136.04912
Nepal,NPL,NY.GDP.MKTP.KD,1976,4833247300.78379
Nepal,NPL,NY.GDP.MKTP.KD,1977,4979065088.23782
Nepal,NPL,NY.GDP.MKTP.KD,1978,5198429819.63444
Nepal,NPL,NY.GDP.MKTP.KD,1979,5321574269.33285
Nepal,NPL,NY.GDP.MKTP.KD,1980,5198145984.11468
Nepal,NPL,NY.GDP.MKTP.KD,1981,5631773977.62426
Nepal,NPL,NY.GDP.MKTP.KD,1982,5844619815.88407
Nepal,NPL,NY.GDP.MKTP.KD,1983,5670601763.15115
Nepal,NPL,NY.GDP.MKTP.KD,1984,6219580092.51561
Nepal,NPL,NY.GDP.MKTP.KD,1985,6601767395.36014
Nepal,NPL,NY.GDP.MKTP.KD,1986,6903181024.46915
Nepal,NPL,NY.GDP.MKTP.KD,1987,7020232622.83629
Nepal,NPL,NY.GDP.MKTP.KD,1988,7560566498.87752
Nepal,NPL,NY.GDP.MKTP.KD,1989,7887912410.008
Nepal,NPL,NY.GDP.MKTP.KD,1990,8253520017.23047
Nepal,NPL,NY.GDP.MKTP.KD,1991,8779116585.00696
Nepal,NPL,NY.GDP.MKTP.KD,1992,9139622809.39563
Nepal,NPL,NY.GDP.MKTP.KD,1993,9491484580.52648
Nepal,NPL,NY.GDP.MKTP.KD,1994,10271305209.265
Nepal,NPL,NY.GDP.MKTP.KD,1995,10627560489.2414
Nepal,NPL,NY.GDP.MKTP.KD,1996,11193827112.9875
Nepal,NPL,NY.GDP.MKTP.KD,1997,11758960072.8988
Nepal,NPL,NY.GDP.MKTP.KD,1998,12113656106.9535
Nepal,NPL,NY.GDP.MKTP.KD,1999,12648180059.6101
Nepal,NPL,NY.GDP.MKTP.KD,2000,13432367221.0195
Nepal,NPL,NY.GDP.MKTP.KD,2001,14077106359.8202
Nepal,NPL,NY.GDP.MKTP.KD,2002,14094019042.6825
Nepal,NPL,NY.GDP.MKTP.KD,2003,14650033415.89
Nepal,NPL,NY.GDP.MKTP.KD,2004,15336036356.9726
Nepal,NPL,NY.GDP.MKTP.KD,2005,15869604827.464
Nepal,NPL,NY.GDP.MKTP.KD,2006,16403555897.1058
Nepal,NPL,NY.GDP.MKTP.KD,2007,16963173094.5667
Nepal,NPL,NY.GDP.MKTP.KD,2008,17998713599.3171
Nepal,NPL,NY.GDP.MKTP.KD,2009,18814609456.1982
Nepal,NPL,NY.GDP.MKTP.KD,2010,19720799061.8121
Nepal,NPL,NY.GDP.MKTP.KD,2011,20395607080.0478
Nepal,NPL,NY.GDP.MKTP.KD,2012,21348110877.0432
Nepal,NPL,NY.GDP.MKTP.KD,2013,22100664484.6361
Nepal,NPL,NY.GDP.MKTP.KD,2014,23429242138.2095
Nepal,NPL,NY.GDP.MKTP.KD,2015,24360801286.7638
Nepal,NPL,NY.GDP.MKTP.KD,2016,24466311259.2881
Nepal,NPL,NY.GDP.MKTP.KD,2017,26662720369.2492
Nepal,NPL,NY.GDP.MKTP.KD,2018,28695053195.3456
Nepal,NPL,NY.GDP.MKTP.KD,2019,30605298792.5448
Nepal,NPL,NY.GDP.MKTP.KD,2020,29880069318.7261
Nepal,NPL,NY.GDP.MKTP.KD,2021,31325711777.1674
Nepal,NPL,NY.GDP.MKTP.KD,2022,33089761144.5103
Nepal,NPL,NY.GDP.MKTP.KD,2023,33745781686.0998
Nepal,NPL,NY.GDP.MKTP.KD,2024,34986909218.2842
Nepal,NPL,NY.GDP.MKTP.KD,2025,36537085383.278
Naoero,NRU,NY.GDP.MKTP.KD,1970,265130983.762139
Naoero,NRU,NY.GDP.MKTP.KD,1971,272815506.001545
Naoero,NRU,NY.GDP.MKTP.KD,1972,280722756.597865
Naoero,NRU,NY.GDP.MKTP.KD,1973,288859190.57555
Naoero,NRU,NY.GDP.MKTP.KD,1974,297231448.398974
Naoero,NRU,NY.GDP.MKTP.KD,1975,305846367.763416
Naoero,NRU,NY.GDP.MKTP.KD,1976,297231448.398974
Naoero,NRU,NY.GDP.MKTP.KD,1977,288859190.57555
Naoero,NRU,NY.GDP.MKTP.KD,1978,280722756.597865
Naoero,NRU,NY.GDP.MKTP.KD,1979,272815506.001545
Naoero,NRU,NY.GDP.MKTP.KD,1980,265130983.762139
Naoero,NRU,NY.GDP.MKTP.KD,1981,257662913.863681
Naoero,NRU,NY.GDP.MKTP.KD,1982,250405201.442499
Naoero,NRU,NY.GDP.MKTP.KD,1983,243351919.924339
Naoero,NRU,NY.GDP.MKTP.KD,1984,236497311.02435
Naoero,NRU,NY.GDP.MKTP.KD,1985,229835780.459472
Naoero,NRU,NY.GDP.MKTP.KD,1986,223361887.229355
Naoero,NRU,NY.GDP.MKTP.KD,1987,217070346.832083
Naoero,NRU,NY.GDP.MKTP.KD,1988,210956024.832731
Naoero,NRU,NY.GDP.MKTP.KD,1989,205013926.144296
Naoero,NRU,NY.GDP.MKTP.KD,1990,199239202.531043
Naoero,NRU,NY.GDP.MKTP.KD,1991,161396098.985432
Naoero,NRU,NY.GDP.MKTP.KD,1992,135152666.22375
Naoero,NRU,NY.GDP.MKTP.KD,1993,113369618.391946
Naoero,NRU,NY.GDP.MKTP.KD,1994,108986614.557434
Naoero,NRU,NY.GDP.MKTP.KD,1995,100351115.302983
Naoero,NRU,NY.GDP.MKTP.KD,1996,88449902.8357614
Naoero,NRU,NY.GDP.MKTP.KD,1997,80530467.448872
Naoero,NRU,NY.GDP.MKTP.KD,1998,71037539.4601017
Naoero,NRU,NY.GDP.MKTP.KD,1999,66371651.8998459
Naoero,NRU,NY.GDP.MKTP.KD,2000,61821104.5195479
Naoero,NRU,NY.GDP.MKTP.KD,2001,57641293.4319715
Naoero,NRU,NY.GDP.MKTP.KD,2002,51893687.4550086
Naoero,NRU,NY.GDP.MKTP.KD,2003,52041366.0031789
Naoero,NRU,NY.GDP.MKTP.KD,2004,49795903.1503652
Naoero,NRU,NY.GDP.MKTP.KD,2005,49795903.1503652
Naoero,NRU,NY.GDP.MKTP.KD,2006,54004007.6419454
Naoero,NRU,NY.GDP.MKTP.KD,2007,42081044.9158016
Naoero,NRU,NY.GDP.MKTP.KD,2008,50497253.8989619
Naoero,NRU,NY.GDP.MKTP.KD,2009,47691850.9045751
Naoero,NRU,NY.GDP.MKTP.KD,2010,47691850.9045751
Naoero,NRU,NY.GDP.MKTP.KD,2011,54705358.390542
Naoero,NRU,NY.GDP.MKTP.KD,2012,68031022.6138793
Naoero,NRU,NY.GDP.MKTP.KD,2013,70836425.608266
Naoero,NRU,NY.GDP.MKTP.KD,2014,82058037.5858134
Naoero,NRU,NY.GDP.MKTP.KD,2015,84863440.5801997
Naoero,NRU,NY.GDP.MKTP.KD,2016,88370194.3231835
Naoero,NRU,NY.GDP.MKTP.KD,2017,82759388.3344102
Naoero,NRU,NY.GDP.MKTP.KD,2018,82058037.5858134
Naoero,NRU,NY.GDP.MKTP.KD,2019,89071545.0717802
Naoero,NRU,NY.GDP.MKTP.KD,2020,90474246.568973
Naoero,NRU,NY.GDP.MKTP.KD,2021,97487754.0549406
Naoero,NRU,NY.GDP.MKTP.KD,2022,97487754.0549406
Naoero,NRU,NY.GDP.MKTP.KD,2023,96786403.3063439
Naoero,NRU,NY.GDP.MKTP.KD,2024,98189104.8035374
Naoero,NRU,NY.GDP.MKTP.KD,2025,100293157.049327
New Zealand,NZL,NY.GDP.MKTP.KD,1960,42148160390.9811
New Zealand,NZL,NY.GDP.MKTP.KD,1961,43545645755.8129
New Zealand,NZL,NY.GDP.MKTP.KD,1962,44887232024.4008
New Zealand,NZL,NY.GDP.MKTP.KD,1963,47626303657.8206
New Zealand,NZL,NY.GDP.MKTP.KD,1964,50533072579.9719
New Zealand,NZL,NY.GDP.MKTP.KD,1965,53621518615.6516
New Zealand,NZL,NY.GDP.MKTP.KD,1966,56972039073.0183
New Zealand,NZL,NY.GDP.MKTP.KD,1967,54357350841.5608
New Zealand,NZL,NY.GDP.MKTP.KD,1968,54330798051.4977
New Zealand,NZL,NY.GDP.MKTP.KD,1969,59869644429.6973
New Zealand,NZL,NY.GDP.MKTP.KD,1970,59032901561.2977
New Zealand,NZL,NY.GDP.MKTP.KD,1971,61267566912.7645
New Zealand,NZL,NY.GDP.MKTP.KD,1972,64403920249.9476
New Zealand,NZL,NY.GDP.MKTP.KD,1973,69427605033.6464
New Zealand,NZL,NY.GDP.MKTP.KD,1974,73588707384.0144
New Zealand,NZL,NY.GDP.MKTP.KD,1975,72314384061.3695
New Zealand,NZL,NY.GDP.MKTP.KD,1976,72986049289.3978
New Zealand,NZL,NY.GDP.MKTP.KD,1977,70113071933.2412
New Zealand,NZL,NY.GDP.MKTP.KD,1978,70336426495.1032
New Zealand,NZL,NY.GDP.MKTP.KD,1979,71878042721.0015
New Zealand,NZL,NY.GDP.MKTP.KD,1980,72801137868.2538
New Zealand,NZL,NY.GDP.MKTP.KD,1981,76190506137.4219
New Zealand,NZL,NY.GDP.MKTP.KD,1982,76898837871.5476
New Zealand,NZL,NY.GDP.MKTP.KD,1983,79583779696.8191
New Zealand,NZL,NY.GDP.MKTP.KD,1984,83397990770.3651
New Zealand,NZL,NY.GDP.MKTP.KD,1985,84745147541.5073
New Zealand,NZL,NY.GDP.MKTP.KD,1986,87044511901.7045
New Zealand,NZL,NY.GDP.MKTP.KD,1987,87882322465.0656
New Zealand,NZL,NY.GDP.MKTP.KD,1988,87588249641.6856
New Zealand,NZL,NY.GDP.MKTP.KD,1989,87732506618.0974
New Zealand,NZL,NY.GDP.MKTP.KD,1990,87852601486.1116
New Zealand,NZL,NY.GDP.MKTP.KD,1991,86907423909.2371
New Zealand,NZL,NY.GDP.MKTP.KD,1992,87864207158.9241
New Zealand,NZL,NY.GDP.MKTP.KD,1993,93473133875.3906
New Zealand,NZL,NY.GDP.MKTP.KD,1994,98251175352.6957
New Zealand,NZL,NY.GDP.MKTP.KD,1995,102905098515.148
New Zealand,NZL,NY.GDP.MKTP.KD,1996,106600255478.383
New Zealand,NZL,NY.GDP.MKTP.KD,1997,108812760649.505
New Zealand,NZL,NY.GDP.MKTP.KD,1998,109743314968.438
New Zealand,NZL,NY.GDP.MKTP.KD,1999,115650965470.797
New Zealand,NZL,NY.GDP.MKTP.KD,2000,118968749812.922
New Zealand,NZL,NY.GDP.MKTP.KD,2001,123032216234.303
New Zealand,NZL,NY.GDP.MKTP.KD,2002,128833364776.463
New Zealand,NZL,NY.GDP.MKTP.KD,2003,134921868357.134
New Zealand,NZL,NY.GDP.MKTP.KD,2004,140440895647.611
New Zealand,NZL,NY.GDP.MKTP.KD,2005,145149814895.947
New Zealand,NZL,NY.GDP.MKTP.KD,2006,149176913569.912
New Zealand,NZL,NY.GDP.MKTP.KD,2007,153746384754.635
New Zealand,NZL,NY.GDP.MKTP.KD,2008,152169544390.374
New Zealand,NZL,NY.GDP.MKTP.KD,2009,152108281106.485
New Zealand,NZL,NY.GDP.MKTP.KD,2010,154347048879.934
New Zealand,NZL,NY.GDP.MKTP.KD,2011,157657022029.391
New Zealand,NZL,NY.GDP.MKTP.KD,2012,161287176327.531
New Zealand,NZL,NY.GDP.MKTP.KD,2013,165423928008.694
New Zealand,NZL,NY.GDP.MKTP.KD,2014,171742023963.132
New Zealand,NZL,NY.GDP.MKTP.KD,2015,178147457242.978
New Zealand,NZL,NY.GDP.MKTP.KD,2016,184816451391.396
New Zealand,NZL,NY.GDP.MKTP.KD,2017,190944384995.972
New Zealand,NZL,NY.GDP.MKTP.KD,2018,197287932986.149
New Zealand,NZL,NY.GDP.MKTP.KD,2019,201872346390.44
New Zealand,NZL,NY.GDP.MKTP.KD,2020,201386003376.743
New Zealand,NZL,NY.GDP.MKTP.KD,2021,210043909984.57
New Zealand,NZL,NY.GDP.MKTP.KD,2022,217070337673.134
New Zealand,NZL,NY.GDP.MKTP.KD,2023,221007764663.383
New Zealand,NZL,NY.GDP.MKTP.KD,2024,219087820768.13
New Zealand,NZL,NY.GDP.MKTP.KD,2025,220101916574.919
OECD members,OED,NY.GDP.MKTP.KD,1960,8955634144525.1
OECD members,OED,NY.GDP.MKTP.KD,1961,9345455025483.0
OECD members,OED,NY.GDP.MKTP.KD,1962,9863115007561.97
OECD members,OED,NY.GDP.MKTP.KD,1963,10365843800732.2
OECD members,OED,NY.GDP.MKTP.KD,1964,11038709578656.0
OECD members,OED,NY.GDP.MKTP.KD,1965,11646203589178.3
OECD members,OED,NY.GDP.MKTP.KD,1966,12292273844146.8
OECD members,OED,NY.GDP.MKTP.KD,1967,12762905410083.7
OECD members,OED,NY.GDP.MKTP.KD,1968,13524153302634.3
OECD members,OED,NY.GDP.MKTP.KD,1969,14270356308968.2
OECD members,OED,NY.GDP.MKTP.KD,1970,14664313454806.9
OECD members,OED,NY.GDP.MKTP.KD,1971,15189733132685.0
OECD members,OED,NY.GDP.MKTP.KD,1972,15997729720510.3
OECD members,OED,NY.GDP.MKTP.KD,1973,16976782815374.9
OECD members,OED,NY.GDP.MKTP.KD,1974,17176897423093.7
OECD members,OED,NY.GDP.MKTP.KD,1975,17245521240730.4
OECD members,OED,NY.GDP.MKTP.KD,1976,18068035298488.5
OECD members,OED,NY.GDP.MKTP.KD,1977,18730861953854.8
OECD members,OED,NY.GDP.MKTP.KD,1978,19548532253703.3
OECD members,OED,NY.GDP.MKTP.KD,1979,20307621661602.4
OECD members,OED,NY.GDP.MKTP.KD,1980,20551092942212.1
OECD members,OED,NY.GDP.MKTP.KD,1981,20981254788232.9
OECD members,OED,NY.GDP.MKTP.KD,1982,21026693893727.8
OECD members,OED,NY.GDP.MKTP.KD,1983,21625268149170.9
OECD members,OED,NY.GDP.MKTP.KD,1984,22661433912273.0
OECD members,OED,NY.GDP.MKTP.KD,1985,23489240444334.8
OECD members,OED,NY.GDP.MKTP.KD,1986,24217550246753.6
OECD members,OED,NY.GDP.MKTP.KD,1987,25073230199200.2
OECD members,OED,NY.GDP.MKTP.KD,1988,26200602585447.6
OECD members,OED,NY.GDP.MKTP.KD,1989,27178966745871.1
OECD members,OED,NY.GDP.MKTP.KD,1990,27969858622713.1
OECD members,OED,NY.GDP.MKTP.KD,1991,28289280127421.7
OECD members,OED,NY.GDP.MKTP.KD,1992,28891478595768.2
OECD members,OED,NY.GDP.MKTP.KD,1993,29305103884295.7
OECD members,OED,NY.GDP.MKTP.KD,1994,30283050972802.9
OECD members,OED,NY.GDP.MKTP.KD,1995,31123481183681.9
OECD members,OED,NY.GDP.MKTP.KD,1996,32092482801337.4
OECD members,OED,NY.GDP.MKTP.KD,1997,33273690341928.0
OECD members,OED,NY.GDP.MKTP.KD,1998,34250759276693.5
OECD members,OED,NY.GDP.MKTP.KD,1999,35429435795940.4
OECD members,OED,NY.GDP.MKTP.KD,2000,36896904536748.9
OECD members,OED,NY.GDP.MKTP.KD,2001,37411318535276.4
OECD members,OED,NY.GDP.MKTP.KD,2002,37989598055421.7
OECD members,OED,NY.GDP.MKTP.KD,2003,38759098068469.2
OECD members,OED,NY.GDP.MKTP.KD,2004,40020514247187.3
OECD members,OED,NY.GDP.MKTP.KD,2005,41162975378876.8
OECD members,OED,NY.GDP.MKTP.KD,2006,42423052818117.9
OECD members,OED,NY.GDP.MKTP.KD,2007,43546770343323.7
OECD members,OED,NY.GDP.MKTP.KD,2008,43720333630849.4
OECD members,OED,NY.GDP.MKTP.KD,2009,42234879539513.7
OECD members,OED,NY.GDP.MKTP.KD,2010,43490685129381.2
OECD members,OED,NY.GDP.MKTP.KD,2011,44295123277913.0
OECD members,OED,NY.GDP.MKTP.KD,2012,44917296865442.1
OECD members,OED,NY.GDP.MKTP.KD,2013,45646617424520.9
OECD members,OED,NY.GDP.MKTP.KD,2014,46668523875537.5
OECD members,OED,NY.GDP.MKTP.KD,2015,47849615079402.5
OECD members,OED,NY.GDP.MKTP.KD,2016,48737052099855.7
OECD members,OED,NY.GDP.MKTP.KD,2017,50010084314172.9
OECD members,OED,NY.GDP.MKTP.KD,2018,51204980346185.4
OECD members,OED,NY.GDP.MKTP.KD,2019,52153816757745.1
OECD members,OED,NY.GDP.MKTP.KD,2020,50138421607035.9
OECD members,OED,NY.GDP.MKTP.KD,2021,53194215678189.2
OECD members,OED,NY.GDP.MKTP.KD,2022,54874380562652.1
OECD members,OED,NY.GDP.MKTP.KD,2023,55856287150877.5
OECD members,OED,NY.GDP.MKTP.KD,2024,56851749212679.2
OECD members,OED,NY.GDP.MKTP.KD,2025,57858058449481.4
Oman,OMN,NY.GDP.MKTP.KD,1960,1249211741.94432
Oman,OMN,NY.GDP.MKTP.KD,1961,1263447838.95456
Oman,OMN,NY.GDP.MKTP.KD,1962,1518510059.15118
Oman,OMN,NY.GDP.MKTP.KD,1963,1587317448.39794
Oman,OMN,NY.GDP.MKTP.KD,1964,1588503800.68307
Oman,OMN,NY.GDP.MKTP.KD,1965,1595621860.88804
Oman,OMN,NY.GDP.MKTP.KD,1966,1678665420.91968
Oman,OMN,NY.GDP.MKTP.KD,1967,2790262280.54162
Oman,OMN,NY.GDP.MKTP.KD,1968,5075146585.24272
Oman,OMN,NY.GDP.MKTP.KD,1969,6377742274.68985
Oman,OMN,NY.GDP.MKTP.KD,1970,7263935714.31476
Oman,OMN,NY.GDP.MKTP.KD,1971,7329182208.16189
Oman,OMN,NY.GDP.MKTP.KD,1972,8049290788.68407
Oman,OMN,NY.GDP.MKTP.KD,1973,6902101210.0919
Oman,OMN,NY.GDP.MKTP.KD,1974,7695760470.23578
Oman,OMN,NY.GDP.MKTP.KD,1975,9576104314.40267
Oman,OMN,NY.GDP.MKTP.KD,1976,11543047911.1034
Oman,OMN,NY.GDP.MKTP.KD,1977,11659311606.8678
Oman,OMN,NY.GDP.MKTP.KD,1978,11228671307.7733
Oman,OMN,NY.GDP.MKTP.KD,1979,11715068326.4398
Oman,OMN,NY.GDP.MKTP.KD,1980,12422124727.9151
Oman,OMN,NY.GDP.MKTP.KD,1981,14539734067.8668
Oman,OMN,NY.GDP.MKTP.KD,1982,16221957658.137
Oman,OMN,NY.GDP.MKTP.KD,1983,18925617927.5717
Oman,OMN,NY.GDP.MKTP.KD,1984,22088390354.4491
Oman,OMN,NY.GDP.MKTP.KD,1985,25182354730.2694
Oman,OMN,NY.GDP.MKTP.KD,1986,25686545708.9855
Oman,OMN,NY.GDP.MKTP.KD,1987,24802727111.1711
Oman,OMN,NY.GDP.MKTP.KD,1988,26281968613.5955
Oman,OMN,NY.GDP.MKTP.KD,1989,29371903351.2976
Oman,OMN,NY.GDP.MKTP.KD,1990,29333594829.5491
Oman,OMN,NY.GDP.MKTP.KD,1991,31115340232.7624
Oman,OMN,NY.GDP.MKTP.KD,1992,33733348946.8565
Oman,OMN,NY.GDP.MKTP.KD,1993,35771841957.9457
Oman,OMN,NY.GDP.MKTP.KD,1994,37158277767.4612
Oman,OMN,NY.GDP.MKTP.KD,1995,39015009844.3554
Oman,OMN,NY.GDP.MKTP.KD,1996,40203383600.0114
Oman,OMN,NY.GDP.MKTP.KD,1997,42629059777.7952
Oman,OMN,NY.GDP.MKTP.KD,1998,42600125690.2964
Oman,OMN,NY.GDP.MKTP.KD,1999,42726901830.7523
Oman,OMN,NY.GDP.MKTP.KD,2000,45372727044.5609
Oman,OMN,NY.GDP.MKTP.KD,2001,47465846485.9487
Oman,OMN,NY.GDP.MKTP.KD,2002,47093635557.5669
Oman,OMN,NY.GDP.MKTP.KD,2003,46060087700.6298
Oman,OMN,NY.GDP.MKTP.KD,2004,46977841907.6213
Oman,OMN,NY.GDP.MKTP.KD,2005,48283564529.379
Oman,OMN,NY.GDP.MKTP.KD,2006,50538317581.1033
Oman,OMN,NY.GDP.MKTP.KD,2007,53055456656.1063
Oman,OMN,NY.GDP.MKTP.KD,2008,57803951303.0508
Oman,OMN,NY.GDP.MKTP.KD,2009,61261764565.2408
Oman,OMN,NY.GDP.MKTP.KD,2010,62776154506.6944
Oman,OMN,NY.GDP.MKTP.KD,2011,64593279186.5623
Oman,OMN,NY.GDP.MKTP.KD,2012,70318260489.7491
Oman,OMN,NY.GDP.MKTP.KD,2013,73994291063.383
Oman,OMN,NY.GDP.MKTP.KD,2014,74950483987.1606
Oman,OMN,NY.GDP.MKTP.KD,2015,78710793237.9714
Oman,OMN,NY.GDP.MKTP.KD,2016,82682873555.7961
Oman,OMN,NY.GDP.MKTP.KD,2017,82934277088.5646
Oman,OMN,NY.GDP.MKTP.KD,2018,84001727416.2074
Oman,OMN,NY.GDP.MKTP.KD,2019,83053651985.4157
Oman,OMN,NY.GDP.MKTP.KD,2020,80246670660.8581
Oman,OMN,NY.GDP.MKTP.KD,2021,82318780120.4001
Oman,OMN,NY.GDP.MKTP.KD,2022,88892516940.1985
Oman,OMN,NY.GDP.MKTP.KD,2023,90149469425.3473
Oman,OMN,NY.GDP.MKTP.KD,2024,91620377299.3726
Oman,OMN,NY.GDP.MKTP.KD,2025,93817318343.1259
Other small states,OSS,NY.GDP.MKTP.KD,1975,33839654629.9007
Other small states,OSS,NY.GDP.MKTP.KD,1976,39343505923.2793
Other small states,OSS,NY.GDP.MKTP.KD,1977,43312544203.172
Other small states,OSS,NY.GDP.MKTP.KD,1978,46346105241.8081
Other small states,OSS,NY.GDP.MKTP.KD,1979,53201946097.6442
Other small states,OSS,NY.GDP.MKTP.KD,1980,51755030237.6541
Other small states,OSS,NY.GDP.MKTP.KD,1981,47852550922.2526
Other small states,OSS,NY.GDP.MKTP.KD,1982,49298757541.8156
Other small states,OSS,NY.GDP.MKTP.KD,1983,49773746369.9651
Other small states,OSS,NY.GDP.MKTP.KD,1984,51113652003.9904
Other small states,OSS,NY.GDP.MKTP.KD,1985,52136479454.4064
Other small states,OSS,NY.GDP.MKTP.KD,1986,53199283842.5365
Other small states,OSS,NY.GDP.MKTP.KD,1987,56444778896.979
Other small states,OSS,NY.GDP.MKTP.KD,1988,58197145791.1727
Other small states,OSS,NY.GDP.MKTP.KD,1989,59879457703.4199
Other small states,OSS,NY.GDP.MKTP.KD,1990,63014481703.0918
Other small states,OSS,NY.GDP.MKTP.KD,1991,62685926715.8589
Other small states,OSS,NY.GDP.MKTP.KD,1992,60725694140.5847
Other small states,OSS,NY.GDP.MKTP.KD,1993,60950844273.875
Other small states,OSS,NY.GDP.MKTP.KD,1994,62686205002.9597
Other small states,OSS,NY.GDP.MKTP.KD,1995,65408642437.646
Other small states,OSS,NY.GDP.MKTP.KD,1996,67538778937.5865
Other small states,OSS,NY.GDP.MKTP.KD,1997,71751248418.9677
Other small states,OSS,NY.GDP.MKTP.KD,1998,74202677488.7157
Other small states,OSS,NY.GDP.MKTP.KD,1999,76128921943.1075
Other small states,OSS,NY.GDP.MKTP.KD,2000,81691167472.0064
Other small states,OSS,NY.GDP.MKTP.KD,2001,84296496921.067
Other small states,OSS,NY.GDP.MKTP.KD,2002,87242163512.8721
Other small states,OSS,NY.GDP.MKTP.KD,2003,90966346070.2152
Other small states,OSS,NY.GDP.MKTP.KD,2004,95019782623.9484
Other small states,OSS,NY.GDP.MKTP.KD,2005,99395419683.1577
Other small states,OSS,NY.GDP.MKTP.KD,2006,105558609717.186
Other small states,OSS,NY.GDP.MKTP.KD,2007,111325869078.005
Other small states,OSS,NY.GDP.MKTP.KD,2008,112331961470.653
Other small states,OSS,NY.GDP.MKTP.KD,2009,106571144034.464
Other small states,OSS,NY.GDP.MKTP.KD,2010,109211013292.041
Other small states,OSS,NY.GDP.MKTP.KD,2011,112811691648.127
Other small states,OSS,NY.GDP.MKTP.KD,2012,114166986131.665
Other small states,OSS,NY.GDP.MKTP.KD,2013,115074679955.909
Other small states,OSS,NY.GDP.MKTP.KD,2014,117493207287.007
Other small states,OSS,NY.GDP.MKTP.KD,2015,121433689793.067
Other small states,OSS,NY.GDP.MKTP.KD,2016,126428555227.69
Other small states,OSS,NY.GDP.MKTP.KD,2017,132829246028.565
Other small states,OSS,NY.GDP.MKTP.KD,2018,138632766412.125
Other small states,OSS,NY.GDP.MKTP.KD,2019,144513445971.554
Other small states,OSS,NY.GDP.MKTP.KD,2020,136182965949.79
Other small states,OSS,NY.GDP.MKTP.KD,2021,147065543383.023
Other small states,OSS,NY.GDP.MKTP.KD,2022,153534499893.865
Other small states,OSS,NY.GDP.MKTP.KD,2023,158448075579.821
Other small states,OSS,NY.GDP.MKTP.KD,2024,162835205830.306
Other small states,OSS,NY.GDP.MKTP.KD,2025,167530397562.151
Pakistan,PAK,NY.GDP.MKTP.KD,1960,18921911099.4869
Pakistan,PAK,NY.GDP.MKTP.KD,1961,20054831466.1635
Pakistan,PAK,NY.GDP.MKTP.KD,1962,20953861208.7756
Pakistan,PAK,NY.GDP.MKTP.KD,1963,22774506905.7757
Pakistan,PAK,NY.GDP.MKTP.KD,1964,24498481838.7543
Pakistan,PAK,NY.GDP.MKTP.KD,1965,27051068282.3803
Pakistan,PAK,NY.GDP.MKTP.KD,1966,28617312097.6994
Pakistan,PAK,NY.GDP.MKTP.KD,1967,30162822259.833
Pakistan,PAK,NY.GDP.MKTP.KD,1968,32344565831.098
Pakistan,PAK,NY.GDP.MKTP.KD,1969,34126072054.2236
Pakistan,PAK,NY.GDP.MKTP.KD,1970,38000562580.8228
Pakistan,PAK,NY.GDP.MKTP.KD,1971,38178546784.2244
Pakistan,PAK,NY.GDP.MKTP.KD,1972,38489093528.9446
Pakistan,PAK,NY.GDP.MKTP.KD,1973,41208064651.9774
Pakistan,PAK,NY.GDP.MKTP.KD,1974,42666909141.7874
Pakistan,PAK,NY.GDP.MKTP.KD,1975,44463790022.8473
Pakistan,PAK,NY.GDP.MKTP.KD,1976,46756427335.2631
Pakistan,PAK,NY.GDP.MKTP.KD,1977,48602230016.4329
Pakistan,PAK,NY.GDP.MKTP.KD,1978,52513996839.0732
Pakistan,PAK,NY.GDP.MKTP.KD,1979,54487701574.7253
Pakistan,PAK,NY.GDP.MKTP.KD,1980,60054003904.3132
Pakistan,PAK,NY.GDP.MKTP.KD,1981,64810739569.0917
Pakistan,PAK,NY.GDP.MKTP.KD,1982,69047733113.396
Pakistan,PAK,NY.GDP.MKTP.KD,1983,73728049698.119
Pakistan,PAK,NY.GDP.MKTP.KD,1984,77462527003.7113
Pakistan,PAK,NY.GDP.MKTP.KD,1985,83343570902.3902
Pakistan,PAK,NY.GDP.MKTP.KD,1986,87928845524.5354
Pakistan,PAK,NY.GDP.MKTP.KD,1987,93602316255.4105
Pakistan,PAK,NY.GDP.MKTP.KD,1988,100739753814.043
Pakistan,PAK,NY.GDP.MKTP.KD,1989,105736212788.011
Pakistan,PAK,NY.GDP.MKTP.KD,1990,110450553630.166
Pakistan,PAK,NY.GDP.MKTP.KD,1991,116041083242.324
Pakistan,PAK,NY.GDP.MKTP.KD,1992,124983090542.903
Pakistan,PAK,NY.GDP.MKTP.KD,1993,127179977939.619
Pakistan,PAK,NY.GDP.MKTP.KD,1994,131933222221.385
Pakistan,PAK,NY.GDP.MKTP.KD,1995,138480552374.263
Pakistan,PAK,NY.GDP.MKTP.KD,1996,145192124911.514
Pakistan,PAK,NY.GDP.MKTP.KD,1997,146664948034.581
Pakistan,PAK,NY.GDP.MKTP.KD,1998,150405247842.758
Pakistan,PAK,NY.GDP.MKTP.KD,1999,155910279560.875
Pakistan,PAK,NY.GDP.MKTP.KD,2000,162552194688.572
Pakistan,PAK,NY.GDP.MKTP.KD,2001,168487544527.033
Pakistan,PAK,NY.GDP.MKTP.KD,2002,172859487443.654
Pakistan,PAK,NY.GDP.MKTP.KD,2003,182196165734.208
Pakistan,PAK,NY.GDP.MKTP.KD,2004,196464413110.888
Pakistan,PAK,NY.GDP.MKTP.KD,2005,210760292372.08
Pakistan,PAK,NY.GDP.MKTP.KD,2006,223514741630.685
Pakistan,PAK,NY.GDP.MKTP.KD,2007,233449556918.441
Pakistan,PAK,NY.GDP.MKTP.KD,2008,238399717138.761
Pakistan,PAK,NY.GDP.MKTP.KD,2009,246678267936.347
Pakistan,PAK,NY.GDP.MKTP.KD,2010,250382678707.751
Pakistan,PAK,NY.GDP.MKTP.KD,2011,257093227079.837
Pakistan,PAK,NY.GDP.MKTP.KD,2012,264876940258.885
Pakistan,PAK,NY.GDP.MKTP.KD,2013,276443758787.987
Pakistan,PAK,NY.GDP.MKTP.KD,2014,287823367553.405
Pakistan,PAK,NY.GDP.MKTP.KD,2015,299963590534.773
Pakistan,PAK,NY.GDP.MKTP.KD,2016,319682711890.74
Pakistan,PAK,NY.GDP.MKTP.KD,2017,333853050597.697
Pakistan,PAK,NY.GDP.MKTP.KD,2018,354390697428.203
Pakistan,PAK,NY.GDP.MKTP.KD,2019,363242090361.647
Pakistan,PAK,NY.GDP.MKTP.KD,2020,358614068499.253
Pakistan,PAK,NY.GDP.MKTP.KD,2021,381973779235.3
Pakistan,PAK,NY.GDP.MKTP.KD,2022,400224894618.857
Pakistan,PAK,NY.GDP.MKTP.KD,2023,398564217461.774
Pakistan,PAK,NY.GDP.MKTP.KD,2024,410847021870.558
Pakistan,PAK,NY.GDP.MKTP.KD,2025,426041897772.178
Panama,PAN,NY.GDP.MKTP.KD,1960,2863868500.89091
Panama,PAN,NY.GDP.MKTP.KD,1961,3176791808.78013
Panama,PAN,NY.GDP.MKTP.KD,1962,3438709932.73256
Panama,PAN,NY.GDP.MKTP.KD,1963,3732334111.31252
Panama,PAN,NY.GDP.MKTP.KD,1964,3897756024.90608
Panama,PAN,NY.GDP.MKTP.KD,1965,4254791890.19387
Panama,PAN,NY.GDP.MKTP.KD,1966,4577364762.66833
Panama,PAN,NY.GDP.MKTP.KD,1967,4968863620.63068
Panama,PAN,NY.GDP.MKTP.KD,1968,5315560545.62547
Panama,PAN,NY.GDP.MKTP.KD,1969,5764267697.78353
Panama,PAN,NY.GDP.MKTP.KD,1970,6165416120.33112
Panama,PAN,NY.GDP.MKTP.KD,1971,6758291016.74331
Panama,PAN,NY.GDP.MKTP.KD,1972,7068010822.59997
Panama,PAN,NY.GDP.MKTP.KD,1973,7447160849.30988
Panama,PAN,NY.GDP.MKTP.KD,1974,7629491145.23181
Panama,PAN,NY.GDP.MKTP.KD,1975,7762314439.76189
Panama,PAN,NY.GDP.MKTP.KD,1976,7891515164.23244
Panama,PAN,NY.GDP.MKTP.KD,1977,7977850383.28967
Panama,PAN,NY.GDP.MKTP.KD,1978,8759092863.64932
Panama,PAN,NY.GDP.MKTP.KD,1979,9154544103.2961
Panama,PAN,NY.GDP.MKTP.KD,1980,10352368753.8696
Panama,PAN,NY.GDP.MKTP.KD,1981,11305491618.9702
Panama,PAN,NY.GDP.MKTP.KD,1982,11910160913.3553
Panama,PAN,NY.GDP.MKTP.KD,1983,11375232192.4905
Panama,PAN,NY.GDP.MKTP.KD,1984,11683441125.3705
Panama,PAN,NY.GDP.MKTP.KD,1985,12260864084.3264
Panama,PAN,NY.GDP.MKTP.KD,1986,12698305749.8015
Panama,PAN,NY.GDP.MKTP.KD,1987,12468586353.5904
Panama,PAN,NY.GDP.MKTP.KD,1988,10800308977.5736
Panama,PAN,NY.GDP.MKTP.KD,1989,10969036481.16
Panama,PAN,NY.GDP.MKTP.KD,1990,11857417978.5654
Panama,PAN,NY.GDP.MKTP.KD,1991,12974268895.1904
Panama,PAN,NY.GDP.MKTP.KD,1992,14038376851.2514
Panama,PAN,NY.GDP.MKTP.KD,1993,14804274862.072
Panama,PAN,NY.GDP.MKTP.KD,1994,15226218483.1841
Panama,PAN,NY.GDP.MKTP.KD,1995,15492932940.2149
Panama,PAN,NY.GDP.MKTP.KD,1996,16124998544.7039
Panama,PAN,NY.GDP.MKTP.KD,1997,17368081132.8196
Panama,PAN,NY.GDP.MKTP.KD,1998,18824824096.4283
Panama,PAN,NY.GDP.MKTP.KD,1999,19805907259.4786
Panama,PAN,NY.GDP.MKTP.KD,2000,20639538981.1271
Panama,PAN,NY.GDP.MKTP.KD,2001,20835595644.0282
Panama,PAN,NY.GDP.MKTP.KD,2002,21358328178.3601
Panama,PAN,NY.GDP.MKTP.KD,2003,22446932329.0813
Panama,PAN,NY.GDP.MKTP.KD,2004,24282115701.6943
Panama,PAN,NY.GDP.MKTP.KD,2005,26291748117.2201
Panama,PAN,NY.GDP.MKTP.KD,2006,28883388489.0221
Panama,PAN,NY.GDP.MKTP.KD,2007,32682439460.4496
Panama,PAN,NY.GDP.MKTP.KD,2008,36015209193.4566
Panama,PAN,NY.GDP.MKTP.KD,2009,36595725406.4936
Panama,PAN,NY.GDP.MKTP.KD,2010,38818327825.9763
Panama,PAN,NY.GDP.MKTP.KD,2011,43441154827.5517
Panama,PAN,NY.GDP.MKTP.KD,2012,47623362287.1202
Panama,PAN,NY.GDP.MKTP.KD,2013,50635232250.8688
Panama,PAN,NY.GDP.MKTP.KD,2014,52977523789.5376
Panama,PAN,NY.GDP.MKTP.KD,2015,55767806100.0
Panama,PAN,NY.GDP.MKTP.KD,2016,58317491835.7804
Panama,PAN,NY.GDP.MKTP.KD,2017,61667283244.4831
Panama,PAN,NY.GDP.MKTP.KD,2018,64083556965.6452
Panama,PAN,NY.GDP.MKTP.KD,2019,66072040231.8554
Panama,PAN,NY.GDP.MKTP.KD,2020,54297264368.6321
Panama,PAN,NY.GDP.MKTP.KD,2021,63238394459.0666
Panama,PAN,NY.GDP.MKTP.KD,2022,70219029318.5391
Panama,PAN,NY.GDP.MKTP.KD,2023,75251163819.299
Panama,PAN,NY.GDP.MKTP.KD,2024,77318946518.7126
Panama,PAN,NY.GDP.MKTP.KD,2025,80682556210.6412
Peru,PER,NY.GDP.MKTP.KD,1960,27514598739.2362
Peru,PER,NY.GDP.MKTP.KD,1961,29536122813.8214
Peru,PER,NY.GDP.MKTP.KD,1962,32500159377.7442
Peru,PER,NY.GDP.MKTP.KD,1963,33906847467.0061
Peru,PER,NY.GDP.MKTP.KD,1964,36127022963.5927
Peru,PER,NY.GDP.MKTP.KD,1965,38157987897.8373
Peru,PER,NY.GDP.MKTP.KD,1966,41301794164.4427
Peru,PER,NY.GDP.MKTP.KD,1967,42892972386.2168
Peru,PER,NY.GDP.MKTP.KD,1968,42958271665.5281
Peru,PER,NY.GDP.MKTP.KD,1969,44468022472.7392
Peru,PER,NY.GDP.MKTP.KD,1970,45964792097.9186
Peru,PER,NY.GDP.MKTP.KD,1971,48074824231.8113
Peru,PER,NY.GDP.MKTP.KD,1972,49746643129.8434
Peru,PER,NY.GDP.MKTP.KD,1973,52869207462.2149
Peru,PER,NY.GDP.MKTP.KD,1974,57831952689.8792
Peru,PER,NY.GDP.MKTP.KD,1975,60319225840.9985
Peru,PER,NY.GDP.MKTP.KD,1976,61192111990.3475
Peru,PER,NY.GDP.MKTP.KD,1977,61405711440.1431
Peru,PER,NY.GDP.MKTP.KD,1978,59783063686.1708
Peru,PER,NY.GDP.MKTP.KD,1979,62228639707.1274
Peru,PER,NY.GDP.MKTP.KD,1980,65927096478.7269
Peru,PER,NY.GDP.MKTP.KD,1981,69587396442.536
Peru,PER,NY.GDP.MKTP.KD,1982,69432408996.4596
Peru,PER,NY.GDP.MKTP.KD,1983,62205824296.2837
Peru,PER,NY.GDP.MKTP.KD,1984,64450388680.324
Peru,PER,NY.GDP.MKTP.KD,1985,65778796308.2426
Peru,PER,NY.GDP.MKTP.KD,1986,71979080889.6031
Peru,PER,NY.GDP.MKTP.KD,1987,78979871696.2567
Peru,PER,NY.GDP.MKTP.KD,1988,71523166041.881
Peru,PER,NY.GDP.MKTP.KD,1989,62717204194.5052
Peru,PER,NY.GDP.MKTP.KD,1990,59592279647.2189
Peru,PER,NY.GDP.MKTP.KD,1991,60914786737.8504
Peru,PER,NY.GDP.MKTP.KD,1992,60585536757.2262
Peru,PER,NY.GDP.MKTP.KD,1993,63762386032.6397
Peru,PER,NY.GDP.MKTP.KD,1994,71610493993.7311
Peru,PER,NY.GDP.MKTP.KD,1995,76917830598.9662
Peru,PER,NY.GDP.MKTP.KD,1996,79070739970.4791
Peru,PER,NY.GDP.MKTP.KD,1997,84192012966.592
Peru,PER,NY.GDP.MKTP.KD,1998,83862369616.8153
Peru,PER,NY.GDP.MKTP.KD,1999,85116037105.7632
Peru,PER,NY.GDP.MKTP.KD,2000,87409379264.7108
Peru,PER,NY.GDP.MKTP.KD,2001,87949475111.0632
Peru,PER,NY.GDP.MKTP.KD,2002,92745825187.2292
Peru,PER,NY.GDP.MKTP.KD,2003,96608710264.5646
Peru,PER,NY.GDP.MKTP.KD,2004,101398766434.291
Peru,PER,NY.GDP.MKTP.KD,2005,107771740073.589
Peru,PER,NY.GDP.MKTP.KD,2006,115885765581.756
Peru,PER,NY.GDP.MKTP.KD,2007,125757364463.195
Peru,PER,NY.GDP.MKTP.KD,2008,137234696225.05
Peru,PER,NY.GDP.MKTP.KD,2009,138738546494.974
Peru,PER,NY.GDP.MKTP.KD,2010,150298879148.001
Peru,PER,NY.GDP.MKTP.KD,2011,159808578409.161
Peru,PER,NY.GDP.MKTP.KD,2012,169620385179.423
Peru,PER,NY.GDP.MKTP.KD,2013,179547449111.361
Peru,PER,NY.GDP.MKTP.KD,2014,183824551906.256
Peru,PER,NY.GDP.MKTP.KD,2015,189802976285.619
Peru,PER,NY.GDP.MKTP.KD,2016,197306492869.139
Peru,PER,NY.GDP.MKTP.KD,2017,202276318741.548
Peru,PER,NY.GDP.MKTP.KD,2018,210305376512.78
Peru,PER,NY.GDP.MKTP.KD,2019,215017545590.315
Peru,PER,NY.GDP.MKTP.KD,2020,191509018299.917
Peru,PER,NY.GDP.MKTP.KD,2021,217203104601.484
Peru,PER,NY.GDP.MKTP.KD,2022,223324321983.196
Peru,PER,NY.GDP.MKTP.KD,2023,222541124000.612
Peru,PER,NY.GDP.MKTP.KD,2024,230364056335.945
Peru,PER,NY.GDP.MKTP.KD,2025,238266842609.231
Philippines,PHL,NY.GDP.MKTP.KD,1960,31344414578.2009
Philippines,PHL,NY.GDP.MKTP.KD,1961,33129626605.0432
Philippines,PHL,NY.GDP.MKTP.KD,1962,34735185774.0934
Philippines,PHL,NY.GDP.MKTP.KD,1963,37172298520.2165
Philippines,PHL,NY.GDP.MKTP.KD,1964,38437083908.9934
Philippines,PHL,NY.GDP.MKTP.KD,1965,40491580379.5156
Philippines,PHL,NY.GDP.MKTP.KD,1966,42289875657.1023
Philippines,PHL,NY.GDP.MKTP.KD,1967,44498543744.5452
Philippines,PHL,NY.GDP.MKTP.KD,1968,46740451307.7078
Philippines,PHL,NY.GDP.MKTP.KD,1969,48932332357.9901
Philippines,PHL,NY.GDP.MKTP.KD,1970,50739152607.185
Philippines,PHL,NY.GDP.MKTP.KD,1971,53473489811.5011
Philippines,PHL,NY.GDP.MKTP.KD,1972,56377307514.7893
Philippines,PHL,NY.GDP.MKTP.KD,1973,61328367803.6852
Philippines,PHL,NY.GDP.MKTP.KD,1974,63410224488.9803
Philippines,PHL,NY.GDP.MKTP.KD,1975,66866781055.7536
Philippines,PHL,NY.GDP.MKTP.KD,1976,72736616790.959
Philippines,PHL,NY.GDP.MKTP.KD,1977,76782933144.9968
Philippines,PHL,NY.GDP.MKTP.KD,1978,80769798287.5113
Philippines,PHL,NY.GDP.MKTP.KD,1979,85289329758.5592
Philippines,PHL,NY.GDP.MKTP.KD,1980,89724981380.6129
Philippines,PHL,NY.GDP.MKTP.KD,1981,92795557533.1733
Philippines,PHL,NY.GDP.MKTP.KD,1982,96227514092.1276
Philippines,PHL,NY.GDP.MKTP.KD,1983,98052903642.7771
Philippines,PHL,NY.GDP.MKTP.KD,1984,91150588918.0784
Philippines,PHL,NY.GDP.MKTP.KD,1985,84899137702.1736
Philippines,PHL,NY.GDP.MKTP.KD,1986,87879678171.1382
Philippines,PHL,NY.GDP.MKTP.KD,1987,91712822474.0122
Philippines,PHL,NY.GDP.MKTP.KD,1988,97854767009.256
Philippines,PHL,NY.GDP.MKTP.KD,1989,103906025758.682
Philippines,PHL,NY.GDP.MKTP.KD,1990,107109108270.262
Philippines,PHL,NY.GDP.MKTP.KD,1991,106641694746.423
Philippines,PHL,NY.GDP.MKTP.KD,1992,107087061460.264
Philippines,PHL,NY.GDP.MKTP.KD,1993,109423583330.152
Philippines,PHL,NY.GDP.MKTP.KD,1994,114209405300.726
Philippines,PHL,NY.GDP.MKTP.KD,1995,119491847401.125
Philippines,PHL,NY.GDP.MKTP.KD,1996,126494485337.077
Philippines,PHL,NY.GDP.MKTP.KD,1997,133055010091.644
Philippines,PHL,NY.GDP.MKTP.KD,1998,132370986792.543
Philippines,PHL,NY.GDP.MKTP.KD,1999,136800717247.312
Philippines,PHL,NY.GDP.MKTP.KD,2000,142796015521.852
Philippines,PHL,NY.GDP.MKTP.KD,2001,147150196386.034
Philippines,PHL,NY.GDP.MKTP.KD,2002,152618672919.07
Philippines,PHL,NY.GDP.MKTP.KD,2003,160382249186.079
Philippines,PHL,NY.GDP.MKTP.KD,2004,170918125627.487
Philippines,PHL,NY.GDP.MKTP.KD,2005,179365762735.543
Philippines,PHL,NY.GDP.MKTP.KD,2006,188901594317.393
Philippines,PHL,NY.GDP.MKTP.KD,2007,201216639993.9
Philippines,PHL,NY.GDP.MKTP.KD,2008,209958471374.167
Philippines,PHL,NY.GDP.MKTP.KD,2009,212999348337.291
Philippines,PHL,NY.GDP.MKTP.KD,2010,228621785456.625
Philippines,PHL,NY.GDP.MKTP.KD,2011,237442546234.973
Philippines,PHL,NY.GDP.MKTP.KD,2012,253818843989.004
Philippines,PHL,NY.GDP.MKTP.KD,2013,270952964501.391
Philippines,PHL,NY.GDP.MKTP.KD,2014,288153024771.696
Philippines,PHL,NY.GDP.MKTP.KD,2015,306445871242.322
Philippines,PHL,NY.GDP.MKTP.KD,2016,328355086268.976
Philippines,PHL,NY.GDP.MKTP.KD,2017,351113338965.581
Philippines,PHL,NY.GDP.MKTP.KD,2018,373379140695.818
Philippines,PHL,NY.GDP.MKTP.KD,2019,396224439236.642
Philippines,PHL,NY.GDP.MKTP.KD,2020,358510629276.391
Philippines,PHL,NY.GDP.MKTP.KD,2021,378998554988.857
Philippines,PHL,NY.GDP.MKTP.KD,2022,407730367707.393
Philippines,PHL,NY.GDP.MKTP.KD,2023,430232801525.374
Philippines,PHL,NY.GDP.MKTP.KD,2024,454819510163.045
Philippines,PHL,NY.GDP.MKTP.KD,2025,474842491496.932
Palau,PLW,NY.GDP.MKTP.KD,1970,146752830.714773
Palau,PLW,NY.GDP.MKTP.KD,1971,146938237.671082
Palau,PLW,NY.GDP.MKTP.KD,1972,147439739.844141
Palau,PLW,NY.GDP.MKTP.KD,1973,147737604.320433
Palau,PLW,NY.GDP.MKTP.KD,1974,147893518.695942
Palau,PLW,NY.GDP.MKTP.KD,1975,147930886.418985
Palau,PLW,NY.GDP.MKTP.KD,1976,147869459.494894
Palau,PLW,NY.GDP.MKTP.KD,1977,149984146.982929
Palau,PLW,NY.GDP.MKTP.KD,1978,149251332.107799
Palau,PLW,NY.GDP.MKTP.KD,1979,148692912.838032
Palau,PLW,NY.GDP.MKTP.KD,1980,148136586.07115
Palau,PLW,NY.GDP.MKTP.KD,1981,147582337.551658
Palau,PLW,NY.GDP.MKTP.KD,1982,147030159.133559
Palau,PLW,NY.GDP.MKTP.KD,1983,149870794.421566
Palau,PLW,NY.GDP.MKTP.KD,1984,156797818.006789
Palau,PLW,NY.GDP.MKTP.KD,1985,165322141.19531
Palau,PLW,NY.GDP.MKTP.KD,1986,174309890.13214
Palau,PLW,NY.GDP.MKTP.KD,1987,183786257.330108
Palau,PLW,NY.GDP.MKTP.KD,1988,193777808.920727
Palau,PLW,NY.GDP.MKTP.KD,1989,204312551.858663
Palau,PLW,NY.GDP.MKTP.KD,1990,215420017.418198
Palau,PLW,NY.GDP.MKTP.KD,1991,225986875.097626
Palau,PLW,NY.GDP.MKTP.KD,1992,211523630.927991
Palau,PLW,NY.GDP.MKTP.KD,1993,185506137.0433
Palau,PLW,NY.GDP.MKTP.KD,1994,199048162.294643
Palau,PLW,NY.GDP.MKTP.KD,1995,220744392.307671
Palau,PLW,NY.GDP.MKTP.KD,1996,243701806.769796
Palau,PLW,NY.GDP.MKTP.KD,1997,249306951.929721
Palau,PLW,NY.GDP.MKTP.KD,1998,254293048.107332
Palau,PLW,NY.GDP.MKTP.KD,1999,240561265.591229
Palau,PLW,NY.GDP.MKTP.KD,2000,234297230.216297
Palau,PLW,NY.GDP.MKTP.KD,2001,251508442.867897
Palau,PLW,NY.GDP.MKTP.KD,2002,263367004.758067
Palau,PLW,NY.GDP.MKTP.KD,2003,257763189.460007
Palau,PLW,NY.GDP.MKTP.KD,2004,266714048.894488
Palau,PLW,NY.GDP.MKTP.KD,2005,274408269.826706
Palau,PLW,NY.GDP.MKTP.KD,2006,275034203.191757
Palau,PLW,NY.GDP.MKTP.KD,2007,276923855.753246
Palau,PLW,NY.GDP.MKTP.KD,2008,261544895.86188
Palau,PLW,NY.GDP.MKTP.KD,2009,245341943.275143
Palau,PLW,NY.GDP.MKTP.KD,2010,237916711.7575
Palau,PLW,NY.GDP.MKTP.KD,2011,248730840.471263
Palau,PLW,NY.GDP.MKTP.KD,2012,253858001.908852
Palau,PLW,NY.GDP.MKTP.KD,2013,250320025.314726
Palau,PLW,NY.GDP.MKTP.KD,2014,260868320.140666
Palau,PLW,NY.GDP.MKTP.KD,2015,283224750.0
Palau,PLW,NY.GDP.MKTP.KD,2016,287944709.951285
Palau,PLW,NY.GDP.MKTP.KD,2017,278092878.361503
Palau,PLW,NY.GDP.MKTP.KD,2018,276931490.588704
Palau,PLW,NY.GDP.MKTP.KD,2019,277764180.223659
Palau,PLW,NY.GDP.MKTP.KD,2020,261077754.760105
Palau,PLW,NY.GDP.MKTP.KD,2021,229971280.110212
Palau,PLW,NY.GDP.MKTP.KD,2022,228906790.097914
Palau,PLW,NY.GDP.MKTP.KD,2023,231705973.218968
Palau,PLW,NY.GDP.MKTP.KD,2024,259524527.528799
Palau,PLW,NY.GDP.MKTP.KD,2025,275839216.548176
Papua New Guinea,PNG,NY.GDP.MKTP.KD,1960,2618701702.09897
Papua New Guinea,PNG,NY.GDP.MKTP.KD,1961,2780566580.04829
Papua New Guinea,PNG,NY.GDP.MKTP.KD,1962,2957802655.29699
Papua New Guinea,PNG,NY.GDP.MKTP.KD,1963,3078259812.44171
Papua New Guinea,PNG,NY.GDP.MKTP.KD,1964,3342075344.62979
Papua New Guinea,PNG,NY.GDP.MKTP.KD,1965,3685257013.25121
Papua New Guinea,PNG,NY.GDP.MKTP.KD,1966,3899508937.02793
Papua New Guinea,PNG,NY.GDP.MKTP.KD,1967,4058236946.00848
Papua New Guinea,PNG,NY.GDP.MKTP.KD,1968,4235159448.26456
Papua New Guinea,PNG,NY.GDP.MKTP.KD,1969,4585553584.23864
Papua New Guinea,PNG,NY.GDP.MKTP.KD,1970,5082756253.20918
Papua New Guinea,PNG,NY.GDP.MKTP.KD,1971,5402725547.07875
Papua New Guinea,PNG,NY.GDP.MKTP.KD,1972,5707631246.82483
Papua New Guinea,PNG,NY.GDP.MKTP.KD,1973,6080297606.58948
Papua New Guinea,PNG,NY.GDP.MKTP.KD,1974,6239025757.38609
Papua New Guinea,PNG,NY.GDP.MKTP.KD,1975,6184129557.72027
Papua New Guinea,PNG,NY.GDP.MKTP.KD,1976,5974583505.41329
Papua New Guinea,PNG,NY.GDP.MKTP.KD,1977,6024460260.61675
Papua New Guinea,PNG,NY.GDP.MKTP.KD,1978,6539543138.53288
Papua New Guinea,PNG,NY.GDP.MKTP.KD,1979,6659373433.70064
Papua New Guinea,PNG,NY.GDP.MKTP.KD,1980,6505978016.35071
Papua New Guinea,PNG,NY.GDP.MKTP.KD,1981,6488097664.83673
Papua New Guinea,PNG,NY.GDP.MKTP.KD,1982,6510997034.98872
Papua New Guinea,PNG,NY.GDP.MKTP.KD,1983,6720857086.48885
Papua New Guinea,PNG,NY.GDP.MKTP.KD,1984,6697016428.59007
Papua New Guinea,PNG,NY.GDP.MKTP.KD,1985,6964909833.10925
Papua New Guinea,PNG,NY.GDP.MKTP.KD,1986,7291777026.36941
Papua New Guinea,PNG,NY.GDP.MKTP.KD,1987,7493795332.02432
Papua New Guinea,PNG,NY.GDP.MKTP.KD,1988,7711807859.64617
Papua New Guinea,PNG,NY.GDP.MKTP.KD,1989,7602332586.60826
Papua New Guinea,PNG,NY.GDP.MKTP.KD,1990,7373337464.29462
Papua New Guinea,PNG,NY.GDP.MKTP.KD,1991,8077262449.85336
Papua New Guinea,PNG,NY.GDP.MKTP.KD,1992,9195889413.93028
Papua New Guinea,PNG,NY.GDP.MKTP.KD,1993,10869751500.9507
Papua New Guinea,PNG,NY.GDP.MKTP.KD,1994,11515643989.6531
Papua New Guinea,PNG,NY.GDP.MKTP.KD,1995,11134194181.0049
Papua New Guinea,PNG,NY.GDP.MKTP.KD,1996,11995278888.5184
Papua New Guinea,PNG,NY.GDP.MKTP.KD,1997,11526936460.3395
Papua New Guinea,PNG,NY.GDP.MKTP.KD,1998,11092473174.6015
Papua New Guinea,PNG,NY.GDP.MKTP.KD,1999,11298300003.6359
Papua New Guinea,PNG,NY.GDP.MKTP.KD,2000,11016425270.6953
Papua New Guinea,PNG,NY.GDP.MKTP.KD,2001,11003063602.1014
Papua New Guinea,PNG,NY.GDP.MKTP.KD,2002,10985579675.3822
Papua New Guinea,PNG,NY.GDP.MKTP.KD,2003,11223318880.0206
Papua New Guinea,PNG,NY.GDP.MKTP.KD,2004,11528725110.7168
Papua New Guinea,PNG,NY.GDP.MKTP.KD,2005,12260199191.5266
Papua New Guinea,PNG,NY.GDP.MKTP.KD,2006,12923469113.2424
Papua New Guinea,PNG,NY.GDP.MKTP.KD,2007,13933462679.345
Papua New Guinea,PNG,NY.GDP.MKTP.KD,2008,13892155836.0293
Papua New Guinea,PNG,NY.GDP.MKTP.KD,2009,14836880985.9851
Papua New Guinea,PNG,NY.GDP.MKTP.KD,2010,16339627662.3714
Papua New Guinea,PNG,NY.GDP.MKTP.KD,2011,16520596167.0901
Papua New Guinea,PNG,NY.GDP.MKTP.KD,2012,17289980088.7062
Papua New Guinea,PNG,NY.GDP.MKTP.KD,2013,17951312547.2223
Papua New Guinea,PNG,NY.GDP.MKTP.KD,2014,20382597142.1943
Papua New Guinea,PNG,NY.GDP.MKTP.KD,2015,21723437010.0982
Papua New Guinea,PNG,NY.GDP.MKTP.KD,2016,22915960976.066
Papua New Guinea,PNG,NY.GDP.MKTP.KD,2017,23725951011.6612
Papua New Guinea,PNG,NY.GDP.MKTP.KD,2018,23659695751.3327
Papua New Guinea,PNG,NY.GDP.MKTP.KD,2019,24719771866.5529
Papua New Guinea,PNG,NY.GDP.MKTP.KD,2020,23936789891.162
Papua New Guinea,PNG,NY.GDP.MKTP.KD,2021,23814565624.2584
Papua New Guinea,PNG,NY.GDP.MKTP.KD,2022,25173667563.9887
Papua New Guinea,PNG,NY.GDP.MKTP.KD,2023,26132900873.2365
Papua New Guinea,PNG,NY.GDP.MKTP.KD,2024,27148935841.1887
Papua New Guinea,PNG,NY.GDP.MKTP.KD,2025,28679571266.808
Poland,POL,NY.GDP.MKTP.KD,1990,194797367584.792
Poland,POL,NY.GDP.MKTP.KD,1991,181131204775.169
Poland,POL,NY.GDP.MKTP.KD,1992,185686615837.644
Poland,POL,NY.GDP.MKTP.KD,1993,192628157713.225
Poland,POL,NY.GDP.MKTP.KD,1994,202823584825.574
Poland,POL,NY.GDP.MKTP.KD,1995,218906804615.997
Poland,POL,NY.GDP.MKTP.KD,1996,232246717071.23
Poland,POL,NY.GDP.MKTP.KD,1997,247015068311.447
Poland,POL,NY.GDP.MKTP.KD,1998,258431144714.153
Poland,POL,NY.GDP.MKTP.KD,1999,270575301764.16
Poland,POL,NY.GDP.MKTP.KD,2000,283174187558.032
Poland,POL,NY.GDP.MKTP.KD,2001,286667833930.23
Poland,POL,NY.GDP.MKTP.KD,2002,292117946677.278
Poland,POL,NY.GDP.MKTP.KD,2003,302410346199.761
Poland,POL,NY.GDP.MKTP.KD,2004,317805438387.054
Poland,POL,NY.GDP.MKTP.KD,2005,328168510412.522
Poland,POL,NY.GDP.MKTP.KD,2006,348521872927.444
Poland,POL,NY.GDP.MKTP.KD,2007,372083512402.176
Poland,POL,NY.GDP.MKTP.KD,2008,388394800371.402
Poland,POL,NY.GDP.MKTP.KD,2009,398551823849.317
Poland,POL,NY.GDP.MKTP.KD,2010,411181642127.603
Poland,POL,NY.GDP.MKTP.KD,2011,432791139408.41
Poland,POL,NY.GDP.MKTP.KD,2012,439333996551.267
Poland,POL,NY.GDP.MKTP.KD,2013,442340098156.254
Poland,POL,NY.GDP.MKTP.KD,2014,459682079851.439
Poland,POL,NY.GDP.MKTP.KD,2015,480054118583.367
Poland,POL,NY.GDP.MKTP.KD,2016,494605411858.337
Poland,POL,NY.GDP.MKTP.KD,2017,520089746650.75
Poland,POL,NY.GDP.MKTP.KD,2018,552573816155.989
Poland,POL,NY.GDP.MKTP.KD,2019,577884228677.544
Poland,POL,NY.GDP.MKTP.KD,2020,566120997479.772
Poland,POL,NY.GDP.MKTP.KD,2021,605337233054.782
Poland,POL,NY.GDP.MKTP.KD,2022,637150470884.733
Poland,POL,NY.GDP.MKTP.KD,2023,638740867489.057
Poland,POL,NY.GDP.MKTP.KD,2024,658084600079.586
Poland,POL,NY.GDP.MKTP.KD,2025,681596153335.986
Pre-demographic dividend,PRE,NY.GDP.MKTP.KD,1960,183523426697.638
Pre-demographic dividend,PRE,NY.GDP.MKTP.KD,1961,182938782698.935
Pre-demographic dividend,PRE,NY.GDP.MKTP.KD,1962,194252041103.263
Pre-demographic dividend,PRE,NY.GDP.MKTP.KD,1963,205448312584.481
Pre-demographic dividend,PRE,NY.GDP.MKTP.KD,1964,214949774166.192
Pre-demographic dividend,PRE,NY.GDP.MKTP.KD,1965,224422387379.597
Pre-demographic dividend,PRE,NY.GDP.MKTP.KD,1966,227065954798.287
Pre-demographic dividend,PRE,NY.GDP.MKTP.KD,1967,214012717538.94
Pre-demographic dividend,PRE,NY.GDP.MKTP.KD,1968,221756728955.395
Pre-demographic dividend,PRE,NY.GDP.MKTP.KD,1969,246798714507.514
Pre-demographic dividend,PRE,NY.GDP.MKTP.KD,1970,267941315112.261
Pre-demographic dividend,PRE,NY.GDP.MKTP.KD,1971,292921064156.638
Pre-demographic dividend,PRE,NY.GDP.MKTP.KD,1972,302906929287.87
Pre-demographic dividend,PRE,NY.GDP.MKTP.KD,1973,315187819142.626
Pre-demographic dividend,PRE,NY.GDP.MKTP.KD,1974,341430884438.482
Pre-demographic dividend,PRE,NY.GDP.MKTP.KD,1975,340288574642.079
Pre-demographic dividend,PRE,NY.GDP.MKTP.KD,1976,363823060855.295
Pre-demographic dividend,PRE,NY.GDP.MKTP.KD,1977,380839108515.926
Pre-demographic dividend,PRE,NY.GDP.MKTP.KD,1978,380164566440.746
Pre-demographic dividend,PRE,NY.GDP.MKTP.KD,1979,401744176239.895
Pre-demographic dividend,PRE,NY.GDP.MKTP.KD,1980,418538477868.033
Pre-demographic dividend,PRE,NY.GDP.MKTP.KD,1981,401949266843.888
Pre-demographic dividend,PRE,NY.GDP.MKTP.KD,1982,396992922824.535
Pre-demographic dividend,PRE,NY.GDP.MKTP.KD,1983,378355985220.344
Pre-demographic dividend,PRE,NY.GDP.MKTP.KD,1984,380784035125.68
Pre-demographic dividend,PRE,NY.GDP.MKTP.KD,1985,394527718520.839
Pre-demographic dividend,PRE,NY.GDP.MKTP.KD,1986,404480280312.046
Pre-demographic dividend,PRE,NY.GDP.MKTP.KD,1987,420128935907.06
Pre-demographic dividend,PRE,NY.GDP.MKTP.KD,1988,436322143876.407
Pre-demographic dividend,PRE,NY.GDP.MKTP.KD,1989,442242820508.283
Pre-demographic dividend,PRE,NY.GDP.MKTP.KD,1990,477995585179.557
Pre-demographic dividend,PRE,NY.GDP.MKTP.KD,1991,439278056476.313
Pre-demographic dividend,PRE,NY.GDP.MKTP.KD,1992,448837770813.798
Pre-demographic dividend,PRE,NY.GDP.MKTP.KD,1993,445875640360.349
Pre-demographic dividend,PRE,NY.GDP.MKTP.KD,1994,446180622032.208
Pre-demographic dividend,PRE,NY.GDP.MKTP.KD,1995,460136228892.495
Pre-demographic dividend,PRE,NY.GDP.MKTP.KD,1996,486114751143.724
Pre-demographic dividend,PRE,NY.GDP.MKTP.KD,1997,516551679262.184
Pre-demographic dividend,PRE,NY.GDP.MKTP.KD,1998,552351529365.996
Pre-demographic dividend,PRE,NY.GDP.MKTP.KD,1999,575602926478.944
Pre-demographic dividend,PRE,NY.GDP.MKTP.KD,2000,607108322858.544
Pre-demographic dividend,PRE,NY.GDP.MKTP.KD,2001,633545051386.317
Pre-demographic dividend,PRE,NY.GDP.MKTP.KD,2002,671596852967.678
Pre-demographic dividend,PRE,NY.GDP.MKTP.KD,2003,667776006340.277
Pre-demographic dividend,PRE,NY.GDP.MKTP.KD,2004,747963185978.335
Pre-demographic dividend,PRE,NY.GDP.MKTP.KD,2005,792615984705.227
Pre-demographic dividend,PRE,NY.GDP.MKTP.KD,2006,841891092202.662
Pre-demographic dividend,PRE,NY.GDP.MKTP.KD,2007,892977527144.79
Pre-demographic dividend,PRE,NY.GDP.MKTP.KD,2008,950015942653.913
Pre-demographic dividend,PRE,NY.GDP.MKTP.KD,2009,996028725408.605
Pre-demographic dividend,PRE,NY.GDP.MKTP.KD,2010,1062490293992.42
Pre-demographic dividend,PRE,NY.GDP.MKTP.KD,2011,1106640758216.1
Pre-demographic dividend,PRE,NY.GDP.MKTP.KD,2012,1154517024208.31
Pre-demographic dividend,PRE,NY.GDP.MKTP.KD,2013,1225079390361.75
Pre-demographic dividend,PRE,NY.GDP.MKTP.KD,2014,1288451738385.74
Pre-demographic dividend,PRE,NY.GDP.MKTP.KD,2015,1327649722440.53
Pre-demographic dividend,PRE,NY.GDP.MKTP.KD,2016,1360680437200.79
Pre-demographic dividend,PRE,NY.GDP.MKTP.KD,2017,1383186232489.31
Pre-demographic dividend,PRE,NY.GDP.MKTP.KD,2018,1419951547288.13
Pre-demographic dividend,PRE,NY.GDP.MKTP.KD,2019,1464834284628.2
Pre-demographic dividend,PRE,NY.GDP.MKTP.KD,2020,1403976965634.59
Pre-demographic dividend,PRE,NY.GDP.MKTP.KD,2021,1436138766046.78
Pre-demographic dividend,PRE,NY.GDP.MKTP.KD,2022,1502707017980.42
Pre-demographic dividend,PRE,NY.GDP.MKTP.KD,2023,1539441456466.64
Pre-demographic dividend,PRE,NY.GDP.MKTP.KD,2024,1590683638472.11
Pre-demographic dividend,PRE,NY.GDP.MKTP.KD,2025,1647539677447.1
Puerto Rico (US),PRI,NY.GDP.MKTP.KD,1960,14872866396.2782
Puerto Rico (US),PRI,NY.GDP.MKTP.KD,1961,15920174750.9808
Puerto Rico (US),PRI,NY.GDP.MKTP.KD,1962,17245260651.1686
Puerto Rico (US),PRI,NY.GDP.MKTP.KD,1963,18737156256.8692
Puerto Rico (US),PRI,NY.GDP.MKTP.KD,1964,20060172567.7053
Puerto Rico (US),PRI,NY.GDP.MKTP.KD,1965,21906679850.7348
Puerto Rico (US),PRI,NY.GDP.MKTP.KD,1966,23549494281.4411
Puerto Rico (US),PRI,NY.GDP.MKTP.KD,1967,25015031909.1869
Puerto Rico (US),PRI,NY.GDP.MKTP.KD,1968,26310919276.8857
Puerto Rico (US),PRI,NY.GDP.MKTP.KD,1969,28777629536.6528
Puerto Rico (US),PRI,NY.GDP.MKTP.KD,1970,31194351251.4781
Puerto Rico (US),PRI,NY.GDP.MKTP.KD,1971,33180011638.8544
Puerto Rico (US),PRI,NY.GDP.MKTP.KD,1972,35560204651.063
Puerto Rico (US),PRI,NY.GDP.MKTP.KD,1973,37816462599.5297
Puerto Rico (US),PRI,NY.GDP.MKTP.KD,1974,38919711945.4414
Puerto Rico (US),PRI,NY.GDP.MKTP.KD,1975,38664956204.6133
Puerto Rico (US),PRI,NY.GDP.MKTP.KD,1976,41078843372.9853
Puerto Rico (US),PRI,NY.GDP.MKTP.KD,1977,43523314808.4812
Puerto Rico (US),PRI,NY.GDP.MKTP.KD,1978,46540327586.3428
Puerto Rico (US),PRI,NY.GDP.MKTP.KD,1979,50220189697.6778
Puerto Rico (US),PRI,NY.GDP.MKTP.KD,1980,52351266023.4768
Puerto Rico (US),PRI,NY.GDP.MKTP.KD,1981,52952230929.6783
Puerto Rico (US),PRI,NY.GDP.MKTP.KD,1982,52127953622.9345
Puerto Rico (US),PRI,NY.GDP.MKTP.KD,1983,50907130172.6374
Puerto Rico (US),PRI,NY.GDP.MKTP.KD,1984,53925254341.0198
Puerto Rico (US),PRI,NY.GDP.MKTP.KD,1985,55595558165.2215
Puerto Rico (US),PRI,NY.GDP.MKTP.KD,1986,58362753380.9773
Puerto Rico (US),PRI,NY.GDP.MKTP.KD,1987,61729699983.6625
Puerto Rico (US),PRI,NY.GDP.MKTP.KD,1988,65364574807.8781
Puerto Rico (US),PRI,NY.GDP.MKTP.KD,1989,68198098011.2531
Puerto Rico (US),PRI,NY.GDP.MKTP.KD,1990,66260903262.1266
Puerto Rico (US),PRI,NY.GDP.MKTP.KD,1991,67787813677.7899
Puerto Rico (US),PRI,NY.GDP.MKTP.KD,1992,70881684617.9023
Puerto Rico (US),PRI,NY.GDP.MKTP.KD,1993,74173803638.2829
Puerto Rico (US),PRI,NY.GDP.MKTP.KD,1994,77278688339.3385
Puerto Rico (US),PRI,NY.GDP.MKTP.KD,1995,80794086619.0355
Puerto Rico (US),PRI,NY.GDP.MKTP.KD,1996,82663425484.3649
Puerto Rico (US),PRI,NY.GDP.MKTP.KD,1997,86697472737.6136
Puerto Rico (US),PRI,NY.GDP.MKTP.KD,1998,91492472088.4549
Puerto Rico (US),PRI,NY.GDP.MKTP.KD,1999,96423641766.2393
Puerto Rico (US),PRI,NY.GDP.MKTP.KD,2000,99578589112.8593
Puerto Rico (US),PRI,NY.GDP.MKTP.KD,2001,105865455033.218
Puerto Rico (US),PRI,NY.GDP.MKTP.KD,2002,106835668972.022
Puerto Rico (US),PRI,NY.GDP.MKTP.KD,2003,106892740374.551
Puerto Rico (US),PRI,NY.GDP.MKTP.KD,2004,116244440860.349
Puerto Rico (US),PRI,NY.GDP.MKTP.KD,2005,113934735057.689
Puerto Rico (US),PRI,NY.GDP.MKTP.KD,2006,112328922886.154
Puerto Rico (US),PRI,NY.GDP.MKTP.KD,2007,111022754694.512
Puerto Rico (US),PRI,NY.GDP.MKTP.KD,2008,108975346085.071
Puerto Rico (US),PRI,NY.GDP.MKTP.KD,2009,106847683983.96
Puerto Rico (US),PRI,NY.GDP.MKTP.KD,2010,106406131528.656
Puerto Rico (US),PRI,NY.GDP.MKTP.KD,2011,106024654228.865
Puerto Rico (US),PRI,NY.GDP.MKTP.KD,2012,106055693105.528
Puerto Rico (US),PRI,NY.GDP.MKTP.KD,2013,105730285957.27
Puerto Rico (US),PRI,NY.GDP.MKTP.KD,2014,104471711252.84
Puerto Rico (US),PRI,NY.GDP.MKTP.KD,2015,103375500000.0
Puerto Rico (US),PRI,NY.GDP.MKTP.KD,2016,102069149649.478
Puerto Rico (US),PRI,NY.GDP.MKTP.KD,2017,99124231779.4147
Puerto Rico (US),PRI,NY.GDP.MKTP.KD,2018,94801000739.6964
Puerto Rico (US),PRI,NY.GDP.MKTP.KD,2019,96389357184.3707
Puerto Rico (US),PRI,NY.GDP.MKTP.KD,2020,92359439312.9166
Puerto Rico (US),PRI,NY.GDP.MKTP.KD,2021,92715228856.7798
Puerto Rico (US),PRI,NY.GDP.MKTP.KD,2022,95456906860.8231
Puerto Rico (US),PRI,NY.GDP.MKTP.KD,2023,96155166598.5367
Puerto Rico (US),PRI,NY.GDP.MKTP.KD,2024,99210088884.5323
Puerto Rico (US),PRI,NY.GDP.MKTP.KD,2025,99525249619.7237
Portugal,PRT,NY.GDP.MKTP.KD,1960,36024040678.7342
Portugal,PRT,NY.GDP.MKTP.KD,1961,38017936914.6732
Portugal,PRT,NY.GDP.MKTP.KD,1962,40532613040.1372
Portugal,PRT,NY.GDP.MKTP.KD,1963,42913377694.5161
Portugal,PRT,NY.GDP.MKTP.KD,1964,45621532604.8967
Portugal,PRT,NY.GDP.MKTP.KD,1965,49029000161.2664
Portugal,PRT,NY.GDP.MKTP.KD,1966,51028357933.1227
Portugal,PRT,NY.GDP.MKTP.KD,1967,54878183558.609
Portugal,PRT,NY.GDP.MKTP.KD,1968,59748902049.2682
Portugal,PRT,NY.GDP.MKTP.KD,1969,61016021944.6935
Portugal,PRT,NY.GDP.MKTP.KD,1970,66576926207.4632
Portugal,PRT,NY.GDP.MKTP.KD,1971,70992076013.4684
Portugal,PRT,NY.GDP.MKTP.KD,1972,76682585127.1815
Portugal,PRT,NY.GDP.MKTP.KD,1973,85271549891.6412
Portugal,PRT,NY.GDP.MKTP.KD,1974,86246084032.3519
Portugal,PRT,NY.GDP.MKTP.KD,1975,82496423036.3738
Portugal,PRT,NY.GDP.MKTP.KD,1976,88188866127.4689
Portugal,PRT,NY.GDP.MKTP.KD,1977,93129733594.4814
Portugal,PRT,NY.GDP.MKTP.KD,1978,95752235290.7646
Portugal,PRT,NY.GDP.MKTP.KD,1979,101151643830.927
Portugal,PRT,NY.GDP.MKTP.KD,1980,105793836908.303
Portugal,PRT,NY.GDP.MKTP.KD,1981,107505690554.857
Portugal,PRT,NY.GDP.MKTP.KD,1982,109801339942.75
Portugal,PRT,NY.GDP.MKTP.KD,1983,109611260054.699
Portugal,PRT,NY.GDP.MKTP.KD,1984,107550590438.34
Portugal,PRT,NY.GDP.MKTP.KD,1985,110570008320.31
Portugal,PRT,NY.GDP.MKTP.KD,1986,115148663807.605
Portugal,PRT,NY.GDP.MKTP.KD,1987,122496753631.096
Portugal,PRT,NY.GDP.MKTP.KD,1988,131670667026.502
Portugal,PRT,NY.GDP.MKTP.KD,1989,140151100100.585
Portugal,PRT,NY.GDP.MKTP.KD,1990,145687801786.27
Portugal,PRT,NY.GDP.MKTP.KD,1991,152051745327.928
Portugal,PRT,NY.GDP.MKTP.KD,1992,153708313966.776
Portugal,PRT,NY.GDP.MKTP.KD,1993,150567626889.127
Portugal,PRT,NY.GDP.MKTP.KD,1994,152020360998.271
Portugal,PRT,NY.GDP.MKTP.KD,1995,158531058877.056
Portugal,PRT,NY.GDP.MKTP.KD,1996,164086378007.658
Portugal,PRT,NY.GDP.MKTP.KD,1997,171307602359.378
Portugal,PRT,NY.GDP.MKTP.KD,1998,179544008821.687
Portugal,PRT,NY.GDP.MKTP.KD,1999,186558035204.778
Portugal,PRT,NY.GDP.MKTP.KD,2000,193677420299.115
Portugal,PRT,NY.GDP.MKTP.KD,2001,197441874347.86
Portugal,PRT,NY.GDP.MKTP.KD,2002,198964002685.767
Portugal,PRT,NY.GDP.MKTP.KD,2003,197112600768.677
Portugal,PRT,NY.GDP.MKTP.KD,2004,200638423891.103
Portugal,PRT,NY.GDP.MKTP.KD,2005,202207110531.023
Portugal,PRT,NY.GDP.MKTP.KD,2006,205493047516.038
Portugal,PRT,NY.GDP.MKTP.KD,2007,210643893867.297
Portugal,PRT,NY.GDP.MKTP.KD,2008,211316368904.681
Portugal,PRT,NY.GDP.MKTP.KD,2009,204718906458.637
Portugal,PRT,NY.GDP.MKTP.KD,2010,208276152407.912
Portugal,PRT,NY.GDP.MKTP.KD,2011,204707283345.749
Portugal,PRT,NY.GDP.MKTP.KD,2012,196414790526.28
Portugal,PRT,NY.GDP.MKTP.KD,2013,194481859660.111
Portugal,PRT,NY.GDP.MKTP.KD,2014,195923731482.461
Portugal,PRT,NY.GDP.MKTP.KD,2015,199038523119.639
Portugal,PRT,NY.GDP.MKTP.KD,2016,203027536357.754
Portugal,PRT,NY.GDP.MKTP.KD,2017,209757330876.906
Portugal,PRT,NY.GDP.MKTP.KD,2018,215937376369.165
Portugal,PRT,NY.GDP.MKTP.KD,2019,221866335067.158
Portugal,PRT,NY.GDP.MKTP.KD,2020,203663019645.466
Portugal,PRT,NY.GDP.MKTP.KD,2021,214984151437.597
Portugal,PRT,NY.GDP.MKTP.KD,2022,230002603240.143
Portugal,PRT,NY.GDP.MKTP.KD,2023,237132655096.059
Portugal,PRT,NY.GDP.MKTP.KD,2024,242384176671.169
Portugal,PRT,NY.GDP.MKTP.KD,2025,246903381349.295
Paraguay,PRY,NY.GDP.MKTP.KD,1960,2840643135.31984
Paraguay,PRY,NY.GDP.MKTP.KD,1961,3036655622.09727
Paraguay,PRY,NY.GDP.MKTP.KD,1962,3136873107.86776
Paraguay,PRY,NY.GDP.MKTP.KD,1963,3284628970.20977
Paraguay,PRY,NY.GDP.MKTP.KD,1964,3422993221.92201
Paraguay,PRY,NY.GDP.MKTP.KD,1965,3634122579.76438
Paraguay,PRY,NY.GDP.MKTP.KD,1966,3706496252.14829
Paraguay,PRY,NY.GDP.MKTP.KD,1967,4045654269.62756
Paraguay,PRY,NY.GDP.MKTP.KD,1968,4228804025.8008
Paraguay,PRY,NY.GDP.MKTP.KD,1969,4427606505.78894
Paraguay,PRY,NY.GDP.MKTP.KD,1970,4673490344.84267
Paraguay,PRY,NY.GDP.MKTP.KD,1971,4932315341.17476
Paraguay,PRY,NY.GDP.MKTP.KD,1972,5259391843.88932
Paraguay,PRY,NY.GDP.MKTP.KD,1973,5643475390.31597
Paraguay,PRY,NY.GDP.MKTP.KD,1974,6116484715.65794
Paraguay,PRY,NY.GDP.MKTP.KD,1975,6535613449.24659
Paraguay,PRY,NY.GDP.MKTP.KD,1976,7027480419.00606
Paraguay,PRY,NY.GDP.MKTP.KD,1977,7835224752.93087
Paraguay,PRY,NY.GDP.MKTP.KD,1978,8777702779.1326
Paraguay,PRY,NY.GDP.MKTP.KD,1979,9818926783.49676
Paraguay,PRY,NY.GDP.MKTP.KD,1980,10968933818.4602
Paraguay,PRY,NY.GDP.MKTP.KD,1981,11974835380.5032
Paraguay,PRY,NY.GDP.MKTP.KD,1982,11807472959.5198
Paraguay,PRY,NY.GDP.MKTP.KD,1983,11448216675.5201
Paraguay,PRY,NY.GDP.MKTP.KD,1984,11770667082.9813
Paraguay,PRY,NY.GDP.MKTP.KD,1985,12303070325.3867
Paraguay,PRY,NY.GDP.MKTP.KD,1986,12913897548.8793
Paraguay,PRY,NY.GDP.MKTP.KD,1987,13893068567.8455
Paraguay,PRY,NY.GDP.MKTP.KD,1988,14714895264.957
Paraguay,PRY,NY.GDP.MKTP.KD,1989,15735403256.8771
Paraguay,PRY,NY.GDP.MKTP.KD,1990,16384218445.3751
Paraguay,PRY,NY.GDP.MKTP.KD,1991,16956625718.4736
Paraguay,PRY,NY.GDP.MKTP.KD,1992,17244282666.9241
Paraguay,PRY,NY.GDP.MKTP.KD,1993,18095522437.8594
Paraguay,PRY,NY.GDP.MKTP.KD,1994,19057827421.2949
Paraguay,PRY,NY.GDP.MKTP.KD,1995,20358106834.2346
Paraguay,PRY,NY.GDP.MKTP.KD,1996,20678499692.6975
Paraguay,PRY,NY.GDP.MKTP.KD,1997,21555788371.9567
Paraguay,PRY,NY.GDP.MKTP.KD,1998,21570454446.6117
Paraguay,PRY,NY.GDP.MKTP.KD,1999,21275784844.5439
Paraguay,PRY,NY.GDP.MKTP.KD,2000,20783433276.2554
Paraguay,PRY,NY.GDP.MKTP.KD,2001,20610088070.713
Paraguay,PRY,NY.GDP.MKTP.KD,2002,20605676606.0528
Paraguay,PRY,NY.GDP.MKTP.KD,2003,21495995447.7688
Paraguay,PRY,NY.GDP.MKTP.KD,2004,22368177914.5133
Paraguay,PRY,NY.GDP.MKTP.KD,2005,22845400902.1597
Paraguay,PRY,NY.GDP.MKTP.KD,2006,23943606096.665
Paraguay,PRY,NY.GDP.MKTP.KD,2007,25241738121.227
Paraguay,PRY,NY.GDP.MKTP.KD,2008,26881515165.6739
Paraguay,PRY,NY.GDP.MKTP.KD,2009,26811317495.2227
Paraguay,PRY,NY.GDP.MKTP.KD,2010,29786095177.4635
Paraguay,PRY,NY.GDP.MKTP.KD,2011,31062837784.8467
Paraguay,PRY,NY.GDP.MKTP.KD,2012,30842899501.4209
Paraguay,PRY,NY.GDP.MKTP.KD,2013,33400724748.6239
Paraguay,PRY,NY.GDP.MKTP.KD,2014,35171376876.62
Paraguay,PRY,NY.GDP.MKTP.KD,2015,36211447840.0971
Paraguay,PRY,NY.GDP.MKTP.KD,2016,37756961788.4686
Paraguay,PRY,NY.GDP.MKTP.KD,2017,39573101423.9502
Paraguay,PRY,NY.GDP.MKTP.KD,2018,40841122661.179
Paraguay,PRY,NY.GDP.MKTP.KD,2019,40677000526.59
Paraguay,PRY,NY.GDP.MKTP.KD,2020,40343536418.7875
Paraguay,PRY,NY.GDP.MKTP.KD,2021,41955105419.3976
Paraguay,PRY,NY.GDP.MKTP.KD,2022,41943325612.1227
Paraguay,PRY,NY.GDP.MKTP.KD,2023,44160385148.2395
Paraguay,PRY,NY.GDP.MKTP.KD,2024,46222297907.7398
Paraguay,PRY,NY.GDP.MKTP.KD,2025,49292671875.7034
West Bank and Gaza,PSE,NY.GDP.MKTP.KD,1994,5057700000.0
West Bank and Gaza,PSE,NY.GDP.MKTP.KD,1995,5417700000.0
West Bank and Gaza,PSE,NY.GDP.MKTP.KD,1996,5483500000.0
West Bank and Gaza,PSE,NY.GDP.MKTP.KD,1997,6287800000.0
West Bank and Gaza,PSE,NY.GDP.MKTP.KD,1998,7189100000.0
West Bank and Gaza,PSE,NY.GDP.MKTP.KD,1999,7784400000.0
West Bank and Gaza,PSE,NY.GDP.MKTP.KD,2000,7118400000.0
West Bank and Gaza,PSE,NY.GDP.MKTP.KD,2001,6455600000.0
West Bank and Gaza,PSE,NY.GDP.MKTP.KD,2002,5649400000.0
West Bank and Gaza,PSE,NY.GDP.MKTP.KD,2003,6441200000.0
West Bank and Gaza,PSE,NY.GDP.MKTP.KD,2004,7853400000.0
West Bank and Gaza,PSE,NY.GDP.MKTP.KD,2005,8740100000.0
West Bank and Gaza,PSE,NY.GDP.MKTP.KD,2006,8653000000.0
West Bank and Gaza,PSE,NY.GDP.MKTP.KD,2007,8980800000.0
West Bank and Gaza,PSE,NY.GDP.MKTP.KD,2008,9648000000.0
West Bank and Gaza,PSE,NY.GDP.MKTP.KD,2009,10477100000.0
West Bank and Gaza,PSE,NY.GDP.MKTP.KD,2010,11082400000.0
West Bank and Gaza,PSE,NY.GDP.MKTP.KD,2011,12146400000.0
West Bank and Gaza,PSE,NY.GDP.MKTP.KD,2012,12886900000.0
West Bank and Gaza,PSE,NY.GDP.MKTP.KD,2013,13492400000.0
West Bank and Gaza,PSE,NY.GDP.MKTP.KD,2014,13471100000.0
West Bank and Gaza,PSE,NY.GDP.MKTP.KD,2015,13972400000.0
West Bank and Gaza,PSE,NY.GDP.MKTP.KD,2016,15211000000.0
West Bank and Gaza,PSE,NY.GDP.MKTP.KD,2017,15426900000.0
West Bank and Gaza,PSE,NY.GDP.MKTP.KD,2018,15616200000.0
West Bank and Gaza,PSE,NY.GDP.MKTP.KD,2019,15829000000.0
West Bank and Gaza,PSE,NY.GDP.MKTP.KD,2020,14037400000.0
West Bank and Gaza,PSE,NY.GDP.MKTP.KD,2021,15021700000.0
West Bank and Gaza,PSE,NY.GDP.MKTP.KD,2022,15635000000.0
West Bank and Gaza,PSE,NY.GDP.MKTP.KD,2023,15483000000.0
West Bank and Gaza,PSE,NY.GDP.MKTP.KD,2024,11944000000.0
West Bank and Gaza,PSE,NY.GDP.MKTP.KD,2025,12462900000.0
Pacific island small states,PSS,NY.GDP.MKTP.KD,1970,3211810611.85285
Pacific island small states,PSS,NY.GDP.MKTP.KD,1971,3415056102.73578
Pacific island small states,PSS,NY.GDP.MKTP.KD,1972,3600517130.93604
Pacific island small states,PSS,NY.GDP.MKTP.KD,1973,3995100512.98263
Pacific island small states,PSS,NY.GDP.MKTP.KD,1974,4117976319.44886
Pacific island small states,PSS,NY.GDP.MKTP.KD,1975,4135150250.46601
Pacific island small states,PSS,NY.GDP.MKTP.KD,1976,4176741547.48728
Pacific island small states,PSS,NY.GDP.MKTP.KD,1977,4315108609.74207
Pacific island small states,PSS,NY.GDP.MKTP.KD,1978,4405900843.71299
Pacific island small states,PSS,NY.GDP.MKTP.KD,1979,4781982539.02584
Pacific island small states,PSS,NY.GDP.MKTP.KD,1980,4616957194.15967
Pacific island small states,PSS,NY.GDP.MKTP.KD,1981,4755823498.55181
Pacific island small states,PSS,NY.GDP.MKTP.KD,1982,4604075261.58741
Pacific island small states,PSS,NY.GDP.MKTP.KD,1983,4552606663.41107
Pacific island small states,PSS,NY.GDP.MKTP.KD,1984,4795637018.34321
Pacific island small states,PSS,NY.GDP.MKTP.KD,1985,4714815345.85102
Pacific island small states,PSS,NY.GDP.MKTP.KD,1986,4961366599.8609
Pacific island small states,PSS,NY.GDP.MKTP.KD,1987,4860587671.99582
Pacific island small states,PSS,NY.GDP.MKTP.KD,1988,4914934386.3845
Pacific island small states,PSS,NY.GDP.MKTP.KD,1989,5135910438.50058
Pacific island small states,PSS,NY.GDP.MKTP.KD,1990,5327026672.78891
Pacific island small states,PSS,NY.GDP.MKTP.KD,1991,5300415785.58607
Pacific island small states,PSS,NY.GDP.MKTP.KD,1992,5553242580.11341
Pacific island small states,PSS,NY.GDP.MKTP.KD,1993,5656370529.78847
Pacific island small states,PSS,NY.GDP.MKTP.KD,1994,5928325427.48257
Pacific island small states,PSS,NY.GDP.MKTP.KD,1995,6186936994.64975
Pacific island small states,PSS,NY.GDP.MKTP.KD,1996,6370233849.44588
Pacific island small states,PSS,NY.GDP.MKTP.KD,1997,6291976221.29508
Pacific island small states,PSS,NY.GDP.MKTP.KD,1998,6381224713.64498
Pacific island small states,PSS,NY.GDP.MKTP.KD,1999,6649400202.82072
Pacific island small states,PSS,NY.GDP.MKTP.KD,2000,6552062014.97587
Pacific island small states,PSS,NY.GDP.MKTP.KD,2001,6607823739.69613
Pacific island small states,PSS,NY.GDP.MKTP.KD,2002,6734976050.28588
Pacific island small states,PSS,NY.GDP.MKTP.KD,2003,6864109005.52166
Pacific island small states,PSS,NY.GDP.MKTP.KD,2004,7136737563.45252
Pacific island small states,PSS,NY.GDP.MKTP.KD,2005,7313129245.11174
Pacific island small states,PSS,NY.GDP.MKTP.KD,2006,7488527046.18059
Pacific island small states,PSS,NY.GDP.MKTP.KD,2007,7498540400.11419
Pacific island small states,PSS,NY.GDP.MKTP.KD,2008,7647730518.90673
Pacific island small states,PSS,NY.GDP.MKTP.KD,2009,7609520459.5702
Pacific island small states,PSS,NY.GDP.MKTP.KD,2010,7884643790.20495
Pacific island small states,PSS,NY.GDP.MKTP.KD,2011,8187807308.13221
Pacific island small states,PSS,NY.GDP.MKTP.KD,2012,8273186346.94638
Pacific island small states,PSS,NY.GDP.MKTP.KD,2013,8542035434.20627
Pacific island small states,PSS,NY.GDP.MKTP.KD,2014,8847755544.63363
Pacific island small states,PSS,NY.GDP.MKTP.KD,2015,9199527864.78686
Pacific island small states,PSS,NY.GDP.MKTP.KD,2016,9544423965.36442
Pacific island small states,PSS,NY.GDP.MKTP.KD,2017,9915231563.44742
Pacific island small states,PSS,NY.GDP.MKTP.KD,2018,10185234036.3407
Pacific island small states,PSS,NY.GDP.MKTP.KD,2019,10303712622.2361
Pacific island small states,PSS,NY.GDP.MKTP.KD,2020,9247936367.84501
Pacific island small states,PSS,NY.GDP.MKTP.KD,2021,9005636380.13033
Pacific island small states,PSS,NY.GDP.MKTP.KD,2022,9756266774.36718
Pacific island small states,PSS,NY.GDP.MKTP.KD,2023,10462143299.8376
Pacific island small states,PSS,NY.GDP.MKTP.KD,2024,10845832192.8977
Pacific island small states,PSS,NY.GDP.MKTP.KD,2025,11205835214.4342
Post-demographic dividend,PST,NY.GDP.MKTP.KD,1960,8674067708424.58
Post-demographic dividend,PST,NY.GDP.MKTP.KD,1961,9051415329820.78
Post-demographic dividend,PST,NY.GDP.MKTP.KD,1962,9555576110139.28
Post-demographic dividend,PST,NY.GDP.MKTP.KD,1963,10035167675890.1
Post-demographic dividend,PST,NY.GDP.MKTP.KD,1964,10678818253329.1
Post-demographic dividend,PST,NY.GDP.MKTP.KD,1965,11269641653574.2
Post-demographic dividend,PST,NY.GDP.MKTP.KD,1966,11889186115121.7
Post-demographic dividend,PST,NY.GDP.MKTP.KD,1967,12338916446449.8
Post-demographic dividend,PST,NY.GDP.MKTP.KD,1968,13062907275232.4
Post-demographic dividend,PST,NY.GDP.MKTP.KD,1969,13790650877712.4
Post-demographic dividend,PST,NY.GDP.MKTP.KD,1970,14159962847796.1
Post-demographic dividend,PST,NY.GDP.MKTP.KD,1971,14660401383565.5
Post-demographic dividend,PST,NY.GDP.MKTP.KD,1972,15428477663786.0
Post-demographic dividend,PST,NY.GDP.MKTP.KD,1973,16377861778454.7
Post-demographic dividend,PST,NY.GDP.MKTP.KD,1974,16541415881246.4
Post-demographic dividend,PST,NY.GDP.MKTP.KD,1975,16580344992521.1
Post-demographic dividend,PST,NY.GDP.MKTP.KD,1976,17373534604229.6
Post-demographic dividend,PST,NY.GDP.MKTP.KD,1977,18013921084872.0
Post-demographic dividend,PST,NY.GDP.MKTP.KD,1978,18781939505442.0
Post-demographic dividend,PST,NY.GDP.MKTP.KD,1979,19492108334160.0
Post-demographic dividend,PST,NY.GDP.MKTP.KD,1980,19691393516798.7
Post-demographic dividend,PST,NY.GDP.MKTP.KD,1981,20065533985492.2
Post-demographic dividend,PST,NY.GDP.MKTP.KD,1982,20117587370894.1
Post-demographic dividend,PST,NY.GDP.MKTP.KD,1983,20745878207021.7
Post-demographic dividend,PST,NY.GDP.MKTP.KD,1984,21755269749178.2
Post-demographic dividend,PST,NY.GDP.MKTP.KD,1985,22554157778691.7
Post-demographic dividend,PST,NY.GDP.MKTP.KD,1986,23290691292117.6
Post-demographic dividend,PST,NY.GDP.MKTP.KD,1987,24111265235483.5
Post-demographic dividend,PST,NY.GDP.MKTP.KD,1988,25228707616395.3
Post-demographic dividend,PST,NY.GDP.MKTP.KD,1989,26176277471655.7
Post-demographic dividend,PST,NY.GDP.MKTP.KD,1990,26876744247816.5
Post-demographic dividend,PST,NY.GDP.MKTP.KD,1991,27152313525645.8
Post-demographic dividend,PST,NY.GDP.MKTP.KD,1992,27679398505841.3
Post-demographic dividend,PST,NY.GDP.MKTP.KD,1993,28009404543911.8
Post-demographic dividend,PST,NY.GDP.MKTP.KD,1994,28923171984016.4
Post-demographic dividend,PST,NY.GDP.MKTP.KD,1995,29733353662639.8
Post-demographic dividend,PST,NY.GDP.MKTP.KD,1996,30605582644974.7
Post-demographic dividend,PST,NY.GDP.MKTP.KD,1997,31670863515487.1
Post-demographic dividend,PST,NY.GDP.MKTP.KD,1998,32539988400383.9
Post-demographic dividend,PST,NY.GDP.MKTP.KD,1999,33692496460842.3
Post-demographic dividend,PST,NY.GDP.MKTP.KD,2000,35069149061215.4
Post-demographic dividend,PST,NY.GDP.MKTP.KD,2001,35597453580350.4
Post-demographic dividend,PST,NY.GDP.MKTP.KD,2002,36144427300092.6
Post-demographic dividend,PST,NY.GDP.MKTP.KD,2003,36870828033718.8
Post-demographic dividend,PST,NY.GDP.MKTP.KD,2004,38048696080883.6
Post-demographic dividend,PST,NY.GDP.MKTP.KD,2005,39114925720009.2
Post-demographic dividend,PST,NY.GDP.MKTP.KD,2006,40270436587596.2
Post-demographic dividend,PST,NY.GDP.MKTP.KD,2007,41316514115181.3
Post-demographic dividend,PST,NY.GDP.MKTP.KD,2008,41468533870442.4
Post-demographic dividend,PST,NY.GDP.MKTP.KD,2009,40063102714266.4
Post-demographic dividend,PST,NY.GDP.MKTP.KD,2010,41228475024148.4
Post-demographic dividend,PST,NY.GDP.MKTP.KD,2011,41902821540317.0
Post-demographic dividend,PST,NY.GDP.MKTP.KD,2012,42435174696110.5
Post-demographic dividend,PST,NY.GDP.MKTP.KD,2013,43081675386321.4
Post-demographic dividend,PST,NY.GDP.MKTP.KD,2014,43977791848863.8
Post-demographic dividend,PST,NY.GDP.MKTP.KD,2015,44970537111944.2
Post-demographic dividend,PST,NY.GDP.MKTP.KD,2016,45782883131936.3
Post-demographic dividend,PST,NY.GDP.MKTP.KD,2017,46918045992389.4
Post-demographic dividend,PST,NY.GDP.MKTP.KD,2018,47991337619112.5
Post-demographic dividend,PST,NY.GDP.MKTP.KD,2019,48865567786337.8
Post-demographic dividend,PST,NY.GDP.MKTP.KD,2020,46892052388125.1
Post-demographic dividend,PST,NY.GDP.MKTP.KD,2021,49621439025339.9
Post-demographic dividend,PST,NY.GDP.MKTP.KD,2022,51040823954788.9
Post-demographic dividend,PST,NY.GDP.MKTP.KD,2023,51957493879621.8
Post-demographic dividend,PST,NY.GDP.MKTP.KD,2024,52882049046989.2
Post-demographic dividend,PST,NY.GDP.MKTP.KD,2025,53756353047517.1
French Polynesia,PYF,NY.GDP.MKTP.KD,1965,2165319767.32739
French Polynesia,PYF,NY.GDP.MKTP.KD,1966,2372683308.89411
French Polynesia,PYF,NY.GDP.MKTP.KD,1967,2260237893.59335
French Polynesia,PYF,NY.GDP.MKTP.KD,1968,2597709541.43584
French Polynesia,PYF,NY.GDP.MKTP.KD,1969,2527936595.41813
French Polynesia,PYF,NY.GDP.MKTP.KD,1970,2569058826.64776
French Polynesia,PYF,NY.GDP.MKTP.KD,1971,2877407765.42446
French Polynesia,PYF,NY.GDP.MKTP.KD,1972,2742311205.38656
French Polynesia,PYF,NY.GDP.MKTP.KD,1973,2956281713.26325
French Polynesia,PYF,NY.GDP.MKTP.KD,1974,3488443430.39493
French Polynesia,PYF,NY.GDP.MKTP.KD,1975,3317415430.73608
French Polynesia,PYF,NY.GDP.MKTP.KD,1976,3589563464.59949
French Polynesia,PYF,NY.GDP.MKTP.KD,1977,3664190227.09712
French Polynesia,PYF,NY.GDP.MKTP.KD,1978,4026672418.183
French Polynesia,PYF,NY.GDP.MKTP.KD,1979,4184756524.1978
French Polynesia,PYF,NY.GDP.MKTP.KD,1980,4205048461.33123
French Polynesia,PYF,NY.GDP.MKTP.KD,1981,4316315005.61798
French Polynesia,PYF,NY.GDP.MKTP.KD,1982,4389631481.5465
French Polynesia,PYF,NY.GDP.MKTP.KD,1983,4495845434.88415
French Polynesia,PYF,NY.GDP.MKTP.KD,1984,4601960535.24521
French Polynesia,PYF,NY.GDP.MKTP.KD,1985,4548081323.602
French Polynesia,PYF,NY.GDP.MKTP.KD,1986,5164246036.40514
French Polynesia,PYF,NY.GDP.MKTP.KD,1987,5229823198.51874
French Polynesia,PYF,NY.GDP.MKTP.KD,1988,5041621099.90898
French Polynesia,PYF,NY.GDP.MKTP.KD,1989,5150413279.958
French Polynesia,PYF,NY.GDP.MKTP.KD,1990,5157102801.91492
French Polynesia,PYF,NY.GDP.MKTP.KD,1991,5345622077.92662
French Polynesia,PYF,NY.GDP.MKTP.KD,1992,5267715607.70063
French Polynesia,PYF,NY.GDP.MKTP.KD,1993,5199357378.7183
French Polynesia,PYF,NY.GDP.MKTP.KD,1994,5112719178.3435
French Polynesia,PYF,NY.GDP.MKTP.KD,1995,5092832264.3676
French Polynesia,PYF,NY.GDP.MKTP.KD,1996,5058784818.60545
French Polynesia,PYF,NY.GDP.MKTP.KD,1997,5052571889.66028
French Polynesia,PYF,NY.GDP.MKTP.KD,1998,5140151877.33531
French Polynesia,PYF,NY.GDP.MKTP.KD,1999,5237328133.90137
French Polynesia,PYF,NY.GDP.MKTP.KD,2000,5407300957.95024
French Polynesia,PYF,NY.GDP.MKTP.KD,2001,5388829856.98392
French Polynesia,PYF,NY.GDP.MKTP.KD,2002,5434429137.37377
French Polynesia,PYF,NY.GDP.MKTP.KD,2003,5550015578.46015
French Polynesia,PYF,NY.GDP.MKTP.KD,2004,5603920611.48168
French Polynesia,PYF,NY.GDP.MKTP.KD,2005,5621291279.00346
French Polynesia,PYF,NY.GDP.MKTP.KD,2006,5671297393.42537
French Polynesia,PYF,NY.GDP.MKTP.KD,2007,5767991632.3435
French Polynesia,PYF,NY.GDP.MKTP.KD,2008,5768381984.09947
French Polynesia,PYF,NY.GDP.MKTP.KD,2009,5524299140.06103
French Polynesia,PYF,NY.GDP.MKTP.KD,2010,5388066377.2296
French Polynesia,PYF,NY.GDP.MKTP.KD,2011,5228474143.52811
French Polynesia,PYF,NY.GDP.MKTP.KD,2012,5179978074.0569
French Polynesia,PYF,NY.GDP.MKTP.KD,2013,5200635899.8791
French Polynesia,PYF,NY.GDP.MKTP.KD,2014,5231504505.84414
French Polynesia,PYF,NY.GDP.MKTP.KD,2015,5325846361.81186
French Polynesia,PYF,NY.GDP.MKTP.KD,2016,5448457902.84308
French Polynesia,PYF,NY.GDP.MKTP.KD,2017,5682340239.1533
French Polynesia,PYF,NY.GDP.MKTP.KD,2018,5785013023.38646
French Polynesia,PYF,NY.GDP.MKTP.KD,2019,5940599015.38201
French Polynesia,PYF,NY.GDP.MKTP.KD,2020,5312451133.13352
French Polynesia,PYF,NY.GDP.MKTP.KD,2021,5491263054.60892
French Polynesia,PYF,NY.GDP.MKTP.KD,2022,5652560509.1391
French Polynesia,PYF,NY.GDP.MKTP.KD,2023,5809297011.57328
French Polynesia,PYF,NY.GDP.MKTP.KD,2024,5874732292.7704
Qatar,QAT,NY.GDP.MKTP.KD,1970,9274198074.09001
Qatar,QAT,NY.GDP.MKTP.KD,1971,10202346060.2424
Qatar,QAT,NY.GDP.MKTP.KD,1972,11332703716.6159
Qatar,QAT,NY.GDP.MKTP.KD,1973,12554923937.3774
Qatar,QAT,NY.GDP.MKTP.KD,1974,13300467069.4211
Qatar,QAT,NY.GDP.MKTP.KD,1975,14082419144.9245
Qatar,QAT,NY.GDP.MKTP.KD,1976,15258147945.7653
Qatar,QAT,NY.GDP.MKTP.KD,1977,14143474142.072
Qatar,QAT,NY.GDP.MKTP.KD,1978,15397062067.9319
Qatar,QAT,NY.GDP.MKTP.KD,1979,16201979784.5979
Qatar,QAT,NY.GDP.MKTP.KD,1980,16037299333.2902
Qatar,QAT,NY.GDP.MKTP.KD,1981,16181790926.1136
Qatar,QAT,NY.GDP.MKTP.KD,1982,15069374657.3881
Qatar,QAT,NY.GDP.MKTP.KD,1983,14794333642.9785
Qatar,QAT,NY.GDP.MKTP.KD,1984,15483414894.1336
Qatar,QAT,NY.GDP.MKTP.KD,1985,15155140134.9997
Qatar,QAT,NY.GDP.MKTP.KD,1986,15963786066.766
Qatar,QAT,NY.GDP.MKTP.KD,1987,15970968397.4034
Qatar,QAT,NY.GDP.MKTP.KD,1988,16913966161.0933
Qatar,QAT,NY.GDP.MKTP.KD,1989,17966388844.4945
Qatar,QAT,NY.GDP.MKTP.KD,1990,18579844378.9379
Qatar,QAT,NY.GDP.MKTP.KD,1991,18271004153.129
Qatar,QAT,NY.GDP.MKTP.KD,1992,20341205347.0975
Qatar,QAT,NY.GDP.MKTP.KD,1993,20071656697.7549
Qatar,QAT,NY.GDP.MKTP.KD,1994,20356414975.2446
Qatar,QAT,NY.GDP.MKTP.KD,1995,20844813471.9246
Qatar,QAT,NY.GDP.MKTP.KD,1996,21756546971.5751
Qatar,QAT,NY.GDP.MKTP.KD,1997,28286130488.074
Qatar,QAT,NY.GDP.MKTP.KD,1998,31459453162.3762
Qatar,QAT,NY.GDP.MKTP.KD,1999,32807196384.1802
Qatar,QAT,NY.GDP.MKTP.KD,2000,35440999279.1214
Qatar,QAT,NY.GDP.MKTP.KD,2001,36822541702.2622
Qatar,QAT,NY.GDP.MKTP.KD,2002,39467329343.865
Qatar,QAT,NY.GDP.MKTP.KD,2003,40935482223.545
Qatar,QAT,NY.GDP.MKTP.KD,2004,48802669201.4469
Qatar,QAT,NY.GDP.MKTP.KD,2005,52459320479.7741
Qatar,QAT,NY.GDP.MKTP.KD,2006,66188134254.6431
Qatar,QAT,NY.GDP.MKTP.KD,2007,78092213538.3655
Qatar,QAT,NY.GDP.MKTP.KD,2008,91885668301.3592
Qatar,QAT,NY.GDP.MKTP.KD,2009,102872944217.685
Qatar,QAT,NY.GDP.MKTP.KD,2010,120085188332.894
Qatar,QAT,NY.GDP.MKTP.KD,2011,135721967110.406
Qatar,QAT,NY.GDP.MKTP.KD,2012,142000786637.637
Qatar,QAT,NY.GDP.MKTP.KD,2013,148292418281.811
Qatar,QAT,NY.GDP.MKTP.KD,2014,154400753941.045
Qatar,QAT,NY.GDP.MKTP.KD,2015,161739955576.923
Qatar,QAT,NY.GDP.MKTP.KD,2016,166695978169.384
Qatar,QAT,NY.GDP.MKTP.KD,2017,164199531361.81
Qatar,QAT,NY.GDP.MKTP.KD,2018,166227185730.265
Qatar,QAT,NY.GDP.MKTP.KD,2019,167371229300.128
Qatar,QAT,NY.GDP.MKTP.KD,2020,161416823768.972
Qatar,QAT,NY.GDP.MKTP.KD,2021,164042828070.675
Qatar,QAT,NY.GDP.MKTP.KD,2022,170908036353.71
Qatar,QAT,NY.GDP.MKTP.KD,2023,172936988054.931
Qatar,QAT,NY.GDP.MKTP.KD,2024,178314693414.898
Qatar,QAT,NY.GDP.MKTP.KD,2025,183488780201.551
Romania,ROU,NY.GDP.MKTP.KD,1990,116460149704.559
Romania,ROU,NY.GDP.MKTP.KD,1991,101415582149.459
Romania,ROU,NY.GDP.MKTP.KD,1992,92524246376.2034
Romania,ROU,NY.GDP.MKTP.KD,1993,93938788972.5597
Romania,ROU,NY.GDP.MKTP.KD,1994,97632408355.8641
Romania,ROU,NY.GDP.MKTP.KD,1995,103718335742.553
Romania,ROU,NY.GDP.MKTP.KD,1996,107771339314.171
Romania,ROU,NY.GDP.MKTP.KD,1997,102545439457.276
Romania,ROU,NY.GDP.MKTP.KD,1998,100463958892.948
Romania,ROU,NY.GDP.MKTP.KD,1999,100085550636.348
Romania,ROU,NY.GDP.MKTP.KD,2000,102548919722.127
Romania,ROU,NY.GDP.MKTP.KD,2001,107900062083.039
Romania,ROU,NY.GDP.MKTP.KD,2002,114053593614.452
Romania,ROU,NY.GDP.MKTP.KD,2003,116723756275.208
Romania,ROU,NY.GDP.MKTP.KD,2004,128895841498.556
Romania,ROU,NY.GDP.MKTP.KD,2005,134912890211.095
Romania,ROU,NY.GDP.MKTP.KD,2006,145744791283.304
Romania,ROU,NY.GDP.MKTP.KD,2007,156287689281.09
Romania,ROU,NY.GDP.MKTP.KD,2008,170834114652.888
Romania,ROU,NY.GDP.MKTP.KD,2009,161409698529.133
Romania,ROU,NY.GDP.MKTP.KD,2010,155105339843.99
Romania,ROU,NY.GDP.MKTP.KD,2011,162078238594.701
Romania,ROU,NY.GDP.MKTP.KD,2012,165163587446.019
Romania,ROU,NY.GDP.MKTP.KD,2013,165624017079.639
Romania,ROU,NY.GDP.MKTP.KD,2014,172441103432.375
Romania,ROU,NY.GDP.MKTP.KD,2015,177885131240.315
Romania,ROU,NY.GDP.MKTP.KD,2016,182972525962.275
Romania,ROU,NY.GDP.MKTP.KD,2017,197967999561.02
Romania,ROU,NY.GDP.MKTP.KD,2018,208647427408.285
Romania,ROU,NY.GDP.MKTP.KD,2019,216910469745.256
Romania,ROU,NY.GDP.MKTP.KD,2020,209105975817.662
Romania,ROU,NY.GDP.MKTP.KD,2021,220789460074.341
Romania,ROU,NY.GDP.MKTP.KD,2022,230035489109.198
Romania,ROU,NY.GDP.MKTP.KD,2023,235229078939.709
Romania,ROU,NY.GDP.MKTP.KD,2024,237383786157.719
Romania,ROU,NY.GDP.MKTP.KD,2025,238992844283.874
Russian Federation,RUS,NY.GDP.MKTP.KD,1989,1197410924014.2
Russian Federation,RUS,NY.GDP.MKTP.KD,1990,1161488648471.78
Russian Federation,RUS,NY.GDP.MKTP.KD,1991,1102869019648.24
Russian Federation,RUS,NY.GDP.MKTP.KD,1992,942610308784.401
Russian Federation,RUS,NY.GDP.MKTP.KD,1993,860899753893.879
Russian Federation,RUS,NY.GDP.MKTP.KD,1994,752686755595.146
Russian Federation,RUS,NY.GDP.MKTP.KD,1995,721498966074.43
Russian Federation,RUS,NY.GDP.MKTP.KD,1996,694406178901.29
Russian Federation,RUS,NY.GDP.MKTP.KD,1997,704127280752.683
Russian Federation,RUS,NY.GDP.MKTP.KD,1998,666808805070.201
Russian Federation,RUS,NY.GDP.MKTP.KD,1999,709483999749.711
Russian Federation,RUS,NY.GDP.MKTP.KD,2000,780432873756.849
Russian Federation,RUS,NY.GDP.MKTP.KD,2001,820235350100.851
Russian Federation,RUS,NY.GDP.MKTP.KD,2002,858786345191.518
Russian Federation,RUS,NY.GDP.MKTP.KD,2003,921477339138.287
Russian Federation,RUS,NY.GDP.MKTP.KD,2004,987823227185.947
Russian Federation,RUS,NY.GDP.MKTP.KD,2005,1051043572413.11
Russian Federation,RUS,NY.GDP.MKTP.KD,2006,1137229862736.19
Russian Federation,RUS,NY.GDP.MKTP.KD,2007,1233894148253.07
Russian Federation,RUS,NY.GDP.MKTP.KD,2008,1298056264713.14
Russian Federation,RUS,NY.GDP.MKTP.KD,2009,1196807955081.93
Russian Federation,RUS,NY.GDP.MKTP.KD,2010,1250664313051.12
Russian Federation,RUS,NY.GDP.MKTP.KD,2011,1304443243531.73
Russian Federation,RUS,NY.GDP.MKTP.KD,2012,1356935163522.96
Russian Federation,RUS,NY.GDP.MKTP.KD,2013,1380755103933.22
Russian Federation,RUS,NY.GDP.MKTP.KD,2014,1390921151171.34
Russian Federation,RUS,NY.GDP.MKTP.KD,2015,1363482182197.71
Russian Federation,RUS,NY.GDP.MKTP.KD,2016,1366122853556.84
Russian Federation,RUS,NY.GDP.MKTP.KD,2017,1391077891792.47
Russian Federation,RUS,NY.GDP.MKTP.KD,2018,1430116278514.33
Russian Federation,RUS,NY.GDP.MKTP.KD,2019,1461551317111.73
Russian Federation,RUS,NY.GDP.MKTP.KD,2020,1422766794859.9
Russian Federation,RUS,NY.GDP.MKTP.KD,2021,1506233291829.03
Russian Federation,RUS,NY.GDP.MKTP.KD,2022,1484613261468.36
Russian Federation,RUS,NY.GDP.MKTP.KD,2023,1544986751583.49
Russian Federation,RUS,NY.GDP.MKTP.KD,2024,1621026050317.24
Russian Federation,RUS,NY.GDP.MKTP.KD,2025,1637255383314.57
Rwanda,RWA,NY.GDP.MKTP.KD,1960,1006931676.24387
Rwanda,RWA,NY.GDP.MKTP.KD,1961,963658525.179547
Rwanda,RWA,NY.GDP.MKTP.KD,1962,1072877639.38359
Rwanda,RWA,NY.GDP.MKTP.KD,1963,967516287.18583
Rwanda,RWA,NY.GDP.MKTP.KD,1964,846915452.784701
Rwanda,RWA,NY.GDP.MKTP.KD,1965,906280239.212677
Rwanda,RWA,NY.GDP.MKTP.KD,1966,969800612.983897
Rwanda,RWA,NY.GDP.MKTP.KD,1967,1036872193.18976
Rwanda,RWA,NY.GDP.MKTP.KD,1968,1109596137.31907
Rwanda,RWA,NY.GDP.MKTP.KD,1969,1231733491.31494
Rwanda,RWA,NY.GDP.MKTP.KD,1970,1305655056.03203
Rwanda,RWA,NY.GDP.MKTP.KD,1971,1321409621.35682
Rwanda,RWA,NY.GDP.MKTP.KD,1972,1324885830.74437
Rwanda,RWA,NY.GDP.MKTP.KD,1973,1370436573.36866
Rwanda,RWA,NY.GDP.MKTP.KD,1974,1389757311.24332
Rwanda,RWA,NY.GDP.MKTP.KD,1975,1360380267.86007
Rwanda,RWA,NY.GDP.MKTP.KD,1976,1625716687.04386
Rwanda,RWA,NY.GDP.MKTP.KD,1977,1658135257.63872
Rwanda,RWA,NY.GDP.MKTP.KD,1978,1809868575.57509
Rwanda,RWA,NY.GDP.MKTP.KD,1979,2024698311.10363
Rwanda,RWA,NY.GDP.MKTP.KD,1980,2205941454.75741
Rwanda,RWA,NY.GDP.MKTP.KD,1981,2325860832.62297
Rwanda,RWA,NY.GDP.MKTP.KD,1982,2367978600.8775
Rwanda,RWA,NY.GDP.MKTP.KD,1983,2509592007.58403
Rwanda,RWA,NY.GDP.MKTP.KD,1984,2403165900.34874
Rwanda,RWA,NY.GDP.MKTP.KD,1985,2508971246.95827
Rwanda,RWA,NY.GDP.MKTP.KD,1986,2646265603.11841
Rwanda,RWA,NY.GDP.MKTP.KD,1987,2645629543.83744
Rwanda,RWA,NY.GDP.MKTP.KD,1988,2764651786.98466
Rwanda,RWA,NY.GDP.MKTP.KD,1989,2763641741.5481
Rwanda,RWA,NY.GDP.MKTP.KD,1990,2697333931.27348
Rwanda,RWA,NY.GDP.MKTP.KD,1991,2629512715.69592
Rwanda,RWA,NY.GDP.MKTP.KD,1992,2783936772.6836
Rwanda,RWA,NY.GDP.MKTP.KD,1993,2558195917.60239
Rwanda,RWA,NY.GDP.MKTP.KD,1994,1272751916.2858
Rwanda,RWA,NY.GDP.MKTP.KD,1995,1721067047.97258
Rwanda,RWA,NY.GDP.MKTP.KD,1996,1940429017.80541
Rwanda,RWA,NY.GDP.MKTP.KD,1997,2209173633.92301
Rwanda,RWA,NY.GDP.MKTP.KD,1998,2404877024.71686
Rwanda,RWA,NY.GDP.MKTP.KD,1999,2509534587.02338
Rwanda,RWA,NY.GDP.MKTP.KD,2000,2719605115.77427
Rwanda,RWA,NY.GDP.MKTP.KD,2001,2950351652.85545
Rwanda,RWA,NY.GDP.MKTP.KD,2002,3339564215.20993
Rwanda,RWA,NY.GDP.MKTP.KD,2003,3413114360.36071
Rwanda,RWA,NY.GDP.MKTP.KD,2004,3667311764.89072
Rwanda,RWA,NY.GDP.MKTP.KD,2005,4011228564.29967
Rwanda,RWA,NY.GDP.MKTP.KD,2006,4381347663.23333
Rwanda,RWA,NY.GDP.MKTP.KD,2007,4715788995.12731
Rwanda,RWA,NY.GDP.MKTP.KD,2008,5242129868.154
Rwanda,RWA,NY.GDP.MKTP.KD,2009,5569671641.16985
Rwanda,RWA,NY.GDP.MKTP.KD,2010,5978187921.45189
Rwanda,RWA,NY.GDP.MKTP.KD,2011,6453955353.40313
Rwanda,RWA,NY.GDP.MKTP.KD,2012,7011674431.72186
Rwanda,RWA,NY.GDP.MKTP.KD,2013,7342614847.08613
Rwanda,RWA,NY.GDP.MKTP.KD,2014,7758827558.48585
Rwanda,RWA,NY.GDP.MKTP.KD,2015,8447064078.84373
Rwanda,RWA,NY.GDP.MKTP.KD,2016,8925061966.17873
Rwanda,RWA,NY.GDP.MKTP.KD,2017,9344891026.00495
Rwanda,RWA,NY.GDP.MKTP.KD,2018,10099102466.8293
Rwanda,RWA,NY.GDP.MKTP.KD,2019,11036918642.0266
Rwanda,RWA,NY.GDP.MKTP.KD,2020,10730411838.5598
Rwanda,RWA,NY.GDP.MKTP.KD,2021,11632990181.3646
Rwanda,RWA,NY.GDP.MKTP.KD,2022,12775928435.8846
Rwanda,RWA,NY.GDP.MKTP.KD,2023,13869502290.8789
Rwanda,RWA,NY.GDP.MKTP.KD,2024,14871874942.9284
Rwanda,RWA,NY.GDP.MKTP.KD,2025,16266231947.2257
South Asia,SAS,NY.GDP.MKTP.KD,1960,168423297313.499
South Asia,SAS,NY.GDP.MKTP.KD,1961,175171334798.073
South Asia,SAS,NY.GDP.MKTP.KD,1962,180925298231.366
South Asia,SAS,NY.GDP.MKTP.KD,1963,189785954287.729
South Asia,SAS,NY.GDP.MKTP.KD,1964,204554983587.283
South Asia,SAS,NY.GDP.MKTP.KD,1965,200758914302.849
South Asia,SAS,NY.GDP.MKTP.KD,1966,202022118135.482
South Asia,SAS,NY.GDP.MKTP.KD,1967,214566301440.545
South Asia,SAS,NY.GDP.MKTP.KD,1968,223646433998.813
South Asia,SAS,NY.GDP.MKTP.KD,1969,236654107798.047
South Asia,SAS,NY.GDP.MKTP.KD,1970,248772858950.586
South Asia,SAS,NY.GDP.MKTP.KD,1971,250371287376.85
South Asia,SAS,NY.GDP.MKTP.KD,1972,244987589881.354
South Asia,SAS,NY.GDP.MKTP.KD,1973,253272367404.553
South Asia,SAS,NY.GDP.MKTP.KD,1974,259115583074.472
South Asia,SAS,NY.GDP.MKTP.KD,1975,278075606790.812
South Asia,SAS,NY.GDP.MKTP.KD,1976,284191437837.18
South Asia,SAS,NY.GDP.MKTP.KD,1977,302946771959.171
South Asia,SAS,NY.GDP.MKTP.KD,1978,320631719929.422
South Asia,SAS,NY.GDP.MKTP.KD,1979,309235829181.821
South Asia,SAS,NY.GDP.MKTP.KD,1980,327394335958.215
South Asia,SAS,NY.GDP.MKTP.KD,1981,347607937089.102
South Asia,SAS,NY.GDP.MKTP.KD,1982,359275390655.001
South Asia,SAS,NY.GDP.MKTP.KD,1983,383160803979.273
South Asia,SAS,NY.GDP.MKTP.KD,1984,398853669172.007
South Asia,SAS,NY.GDP.MKTP.KD,1985,419057853859.702
South Asia,SAS,NY.GDP.MKTP.KD,1986,438760946795.922
South Asia,SAS,NY.GDP.MKTP.KD,1987,455574219604.294
South Asia,SAS,NY.GDP.MKTP.KD,1988,494392070851.653
South Asia,SAS,NY.GDP.MKTP.KD,1989,521431179176.376
South Asia,SAS,NY.GDP.MKTP.KD,1990,550564433424.249
South Asia,SAS,NY.GDP.MKTP.KD,1991,558906306877.933
South Asia,SAS,NY.GDP.MKTP.KD,1992,589156371139.509
South Asia,SAS,NY.GDP.MKTP.KD,1993,617569052725.916
South Asia,SAS,NY.GDP.MKTP.KD,1994,656891689051.561
South Asia,SAS,NY.GDP.MKTP.KD,1995,704172319259.337
South Asia,SAS,NY.GDP.MKTP.KD,1996,753987624172.365
South Asia,SAS,NY.GDP.MKTP.KD,1997,785735160957.047
South Asia,SAS,NY.GDP.MKTP.KD,1998,832765688928.663
South Asia,SAS,NY.GDP.MKTP.KD,1999,901123720900.529
South Asia,SAS,NY.GDP.MKTP.KD,2000,937951354356.837
South Asia,SAS,NY.GDP.MKTP.KD,2001,980846139521.345
South Asia,SAS,NY.GDP.MKTP.KD,2002,1017843636302.76
South Asia,SAS,NY.GDP.MKTP.KD,2003,1093833038693.23
South Asia,SAS,NY.GDP.MKTP.KD,2004,1176374213771.82
South Asia,SAS,NY.GDP.MKTP.KD,2005,1266302048994.85
South Asia,SAS,NY.GDP.MKTP.KD,2006,1366278928683.61
South Asia,SAS,NY.GDP.MKTP.KD,2007,1469218232370.93
South Asia,SAS,NY.GDP.MKTP.KD,2008,1520356367774.79
South Asia,SAS,NY.GDP.MKTP.KD,2009,1632707842672.23
South Asia,SAS,NY.GDP.MKTP.KD,2010,1766498511556.15
South Asia,SAS,NY.GDP.MKTP.KD,2011,1862792006504.79
South Asia,SAS,NY.GDP.MKTP.KD,2012,1967949580014.23
South Asia,SAS,NY.GDP.MKTP.KD,2013,2090617094971.79
South Asia,SAS,NY.GDP.MKTP.KD,2014,2242092335684.84
South Asia,SAS,NY.GDP.MKTP.KD,2015,2414503392327.99
South Asia,SAS,NY.GDP.MKTP.KD,2016,2606918145625.28
South Asia,SAS,NY.GDP.MKTP.KD,2017,2783774592065.34
South Asia,SAS,NY.GDP.MKTP.KD,2018,2961759850737.65
South Asia,SAS,NY.GDP.MKTP.KD,2019,3083030383318.14
South Asia,SAS,NY.GDP.MKTP.KD,2020,2929264189412.53
South Asia,SAS,NY.GDP.MKTP.KD,2021,3200121520162.37
South Asia,SAS,NY.GDP.MKTP.KD,2022,3427367075068.75
South Asia,SAS,NY.GDP.MKTP.KD,2023,3659909271310.59
South Asia,SAS,NY.GDP.MKTP.KD,2024,3907231740118.18
South Asia,SAS,NY.GDP.MKTP.KD,2025,4185575669896.82
Saudi Arabia,SAU,NY.GDP.MKTP.KD,1960,39062138603.2778
Saudi Arabia,SAU,NY.GDP.MKTP.KD,1961,43701490633.1969
Saudi Arabia,SAU,NY.GDP.MKTP.KD,1962,48911870586.8409
Saudi Arabia,SAU,NY.GDP.MKTP.KD,1963,53165300282.4167
Saudi Arabia,SAU,NY.GDP.MKTP.KD,1964,57831504044.3909
Saudi Arabia,SAU,NY.GDP.MKTP.KD,1965,64850377193.5964
Saudi Arabia,SAU,NY.GDP.MKTP.KD,1966,70155880866.0463
Saudi Arabia,SAU,NY.GDP.MKTP.KD,1967,76406337221.7124
Saudi Arabia,SAU,NY.GDP.MKTP.KD,1968,82259159326.4176
Saudi Arabia,SAU,NY.GDP.MKTP.KD,1969,87225874036.5745
Saudi Arabia,SAU,NY.GDP.MKTP.KD,1970,133099787877.101
Saudi Arabia,SAU,NY.GDP.MKTP.KD,1971,153369697077.861
Saudi Arabia,SAU,NY.GDP.MKTP.KD,1972,182180374832.841
Saudi Arabia,SAU,NY.GDP.MKTP.KD,1973,223162035358.397
Saudi Arabia,SAU,NY.GDP.MKTP.KD,1974,259090398369.515
Saudi Arabia,SAU,NY.GDP.MKTP.KD,1975,244871098281.093
Saudi Arabia,SAU,NY.GDP.MKTP.KD,1976,282149187832.003
Saudi Arabia,SAU,NY.GDP.MKTP.KD,1977,298771678009.696
Saudi Arabia,SAU,NY.GDP.MKTP.KD,1978,299286687828.214
Saudi Arabia,SAU,NY.GDP.MKTP.KD,1979,332100224569.115
Saudi Arabia,SAU,NY.GDP.MKTP.KD,1980,351354104854.782
Saudi Arabia,SAU,NY.GDP.MKTP.KD,1981,361834100908.464
Saudi Arabia,SAU,NY.GDP.MKTP.KD,1982,303545917340.532
Saudi Arabia,SAU,NY.GDP.MKTP.KD,1983,270175776742.908
Saudi Arabia,SAU,NY.GDP.MKTP.KD,1984,259348470470.204
Saudi Arabia,SAU,NY.GDP.MKTP.KD,1985,240644765871.719
Saudi Arabia,SAU,NY.GDP.MKTP.KD,1986,243070832682.003
Saudi Arabia,SAU,NY.GDP.MKTP.KD,1987,235455342414.061
Saudi Arabia,SAU,NY.GDP.MKTP.KD,1988,250996198534.581
Saudi Arabia,SAU,NY.GDP.MKTP.KD,1989,252038318255.458
Saudi Arabia,SAU,NY.GDP.MKTP.KD,1990,275795698496.001
Saudi Arabia,SAU,NY.GDP.MKTP.KD,1991,298468230594.601
Saudi Arabia,SAU,NY.GDP.MKTP.KD,1992,312139812825.371
Saudi Arabia,SAU,NY.GDP.MKTP.KD,1993,313325431978.059
Saudi Arabia,SAU,NY.GDP.MKTP.KD,1994,316311316729.837
Saudi Arabia,SAU,NY.GDP.MKTP.KD,1995,317297284499.134
Saudi Arabia,SAU,NY.GDP.MKTP.KD,1996,327782952467.117
Saudi Arabia,SAU,NY.GDP.MKTP.KD,1997,336460414155.988
Saudi Arabia,SAU,NY.GDP.MKTP.KD,1998,345894131084.973
Saudi Arabia,SAU,NY.GDP.MKTP.KD,1999,343703259654.365
Saudi Arabia,SAU,NY.GDP.MKTP.KD,2000,359919640768.117
Saudi Arabia,SAU,NY.GDP.MKTP.KD,2001,361159899361.903
Saudi Arabia,SAU,NY.GDP.MKTP.KD,2002,358673710260.03
Saudi Arabia,SAU,NY.GDP.MKTP.KD,2003,390124853185.866
Saudi Arabia,SAU,NY.GDP.MKTP.KD,2004,423796550560.486
Saudi Arabia,SAU,NY.GDP.MKTP.KD,2005,448990815757.244
Saudi Arabia,SAU,NY.GDP.MKTP.KD,2006,463868057904.565
Saudi Arabia,SAU,NY.GDP.MKTP.KD,2007,474136491554.825
Saudi Arabia,SAU,NY.GDP.MKTP.KD,2008,503713066804.231
Saudi Arabia,SAU,NY.GDP.MKTP.KD,2009,498339873323.225
Saudi Arabia,SAU,NY.GDP.MKTP.KD,2010,523453786400.721
Saudi Arabia,SAU,NY.GDP.MKTP.KD,2011,585005778521.172
Saudi Arabia,SAU,NY.GDP.MKTP.KD,2012,618711318317.787
Saudi Arabia,SAU,NY.GDP.MKTP.KD,2013,636936313349.28
Saudi Arabia,SAU,NY.GDP.MKTP.KD,2014,662570908159.594
Saudi Arabia,SAU,NY.GDP.MKTP.KD,2015,693414400000.0
Saudi Arabia,SAU,NY.GDP.MKTP.KD,2016,705230509999.152
Saudi Arabia,SAU,NY.GDP.MKTP.KD,2017,713567089638.542
Saudi Arabia,SAU,NY.GDP.MKTP.KD,2018,736593549189.516
Saudi Arabia,SAU,NY.GDP.MKTP.KD,2019,748759049109.6
Saudi Arabia,SAU,NY.GDP.MKTP.KD,2020,720270347023.097
Saudi Arabia,SAU,NY.GDP.MKTP.KD,2021,767229070838.89
Saudi Arabia,SAU,NY.GDP.MKTP.KD,2022,859301066620.788
Saudi Arabia,SAU,NY.GDP.MKTP.KD,2023,863963569239.897
Saudi Arabia,SAU,NY.GDP.MKTP.KD,2024,886849365316.209
Saudi Arabia,SAU,NY.GDP.MKTP.KD,2025,926779452930.387
Sudan,SDN,NY.GDP.MKTP.KD,1960,9621210052.7813
Sudan,SDN,NY.GDP.MKTP.KD,1961,9623364370.0568
Sudan,SDN,NY.GDP.MKTP.KD,1962,10288901060.5718
Sudan,SDN,NY.GDP.MKTP.KD,1963,9995978959.51054
Sudan,SDN,NY.GDP.MKTP.KD,1964,9883979101.6659
Sudan,SDN,NY.GDP.MKTP.KD,1965,10553823687.5175
Sudan,SDN,NY.GDP.MKTP.KD,1966,10176508923.8016
Sudan,SDN,NY.GDP.MKTP.KD,1967,10321430684.7007
Sudan,SDN,NY.GDP.MKTP.KD,1968,10524063160.6711
Sudan,SDN,NY.GDP.MKTP.KD,1969,10670279283.5861
Sudan,SDN,NY.GDP.MKTP.KD,1970,11302501304.2396
Sudan,SDN,NY.GDP.MKTP.KD,1971,11556504009.1107
Sudan,SDN,NY.GDP.MKTP.KD,1972,10970475252.2477
Sudan,SDN,NY.GDP.MKTP.KD,1973,11039830075.6015
Sudan,SDN,NY.GDP.MKTP.KD,1974,12303370550.4611
Sudan,SDN,NY.GDP.MKTP.KD,1975,14236656553.9736
Sudan,SDN,NY.GDP.MKTP.KD,1976,16609226650.6473
Sudan,SDN,NY.GDP.MKTP.KD,1977,17642960631.5428
Sudan,SDN,NY.GDP.MKTP.KD,1978,16596558979.2378
Sudan,SDN,NY.GDP.MKTP.KD,1979,15763644181.2978
Sudan,SDN,NY.GDP.MKTP.KD,1980,16003931008.687
Sudan,SDN,NY.GDP.MKTP.KD,1981,17194233566.753
Sudan,SDN,NY.GDP.MKTP.KD,1982,18218780590.62
Sudan,SDN,NY.GDP.MKTP.KD,1983,18594543247.9579
Sudan,SDN,NY.GDP.MKTP.KD,1984,17663159912.4505
Sudan,SDN,NY.GDP.MKTP.KD,1985,16553729141.1377
Sudan,SDN,NY.GDP.MKTP.KD,1986,17449916752.4451
Sudan,SDN,NY.GDP.MKTP.KD,1987,19931449274.84
Sudan,SDN,NY.GDP.MKTP.KD,1988,19865457877.1765
Sudan,SDN,NY.GDP.MKTP.KD,1989,21639720128.4311
Sudan,SDN,NY.GDP.MKTP.KD,1990,20456015800.8977
Sudan,SDN,NY.GDP.MKTP.KD,1991,21992448809.6895
Sudan,SDN,NY.GDP.MKTP.KD,1992,23439081607.5571
Sudan,SDN,NY.GDP.MKTP.KD,1993,24509954458.5396
Sudan,SDN,NY.GDP.MKTP.KD,1994,24756580788.9443
Sudan,SDN,NY.GDP.MKTP.KD,1995,26241255779.4056
Sudan,SDN,NY.GDP.MKTP.KD,1996,27794508186.0374
Sudan,SDN,NY.GDP.MKTP.KD,1997,32884421186.4108
Sudan,SDN,NY.GDP.MKTP.KD,1998,34301247872.5417
Sudan,SDN,NY.GDP.MKTP.KD,1999,35365991403.8139
Sudan,SDN,NY.GDP.MKTP.KD,2000,37610270337.133
Sudan,SDN,NY.GDP.MKTP.KD,2001,40055073506.847
Sudan,SDN,NY.GDP.MKTP.KD,2002,42460970095.8851
Sudan,SDN,NY.GDP.MKTP.KD,2003,45131259048.7124
Sudan,SDN,NY.GDP.MKTP.KD,2004,47451406763.008
Sudan,SDN,NY.GDP.MKTP.KD,2005,50129334265.0222
Sudan,SDN,NY.GDP.MKTP.KD,2006,53403487491.79
Sudan,SDN,NY.GDP.MKTP.KD,2007,56466323951.3765
Sudan,SDN,NY.GDP.MKTP.KD,2008,58638439292.8844
Sudan,SDN,NY.GDP.MKTP.KD,2009,57015500648.426
Sudan,SDN,NY.GDP.MKTP.KD,2010,59215296613.7581
Sudan,SDN,NY.GDP.MKTP.KD,2011,57312394053.386
Sudan,SDN,NY.GDP.MKTP.KD,2012,47566600027.2224
Sudan,SDN,NY.GDP.MKTP.KD,2013,48496595854.7667
Sudan,SDN,NY.GDP.MKTP.KD,2014,50757206252.6521
Sudan,SDN,NY.GDP.MKTP.KD,2015,51726758676.7677
Sudan,SDN,NY.GDP.MKTP.KD,2016,53520457581.1072
Sudan,SDN,NY.GDP.MKTP.KD,2017,53900054790.1369
Sudan,SDN,NY.GDP.MKTP.KD,2018,52455031754.9093
Sudan,SDN,NY.GDP.MKTP.KD,2019,51312429477.3951
Sudan,SDN,NY.GDP.MKTP.KD,2020,49449890489.355
Sudan,SDN,NY.GDP.MKTP.KD,2021,48525909156.8784
Sudan,SDN,NY.GDP.MKTP.KD,2022,48061119947.9824
Sudan,SDN,NY.GDP.MKTP.KD,2023,33915159966.5036
Sudan,SDN,NY.GDP.MKTP.KD,2024,29179132448.9899
Sudan,SDN,NY.GDP.MKTP.KD,2025,30073262602.2896
Senegal,SEN,NY.GDP.MKTP.KD,1960,3845391101.77094
Senegal,SEN,NY.GDP.MKTP.KD,1961,3960500894.65365
Senegal,SEN,NY.GDP.MKTP.KD,1962,3955105291.97973
Senegal,SEN,NY.GDP.MKTP.KD,1963,4028847382.54161
Senegal,SEN,NY.GDP.MKTP.KD,1964,4185324877.91611
Senegal,SEN,NY.GDP.MKTP.KD,1965,4241081336.12329
Senegal,SEN,NY.GDP.MKTP.KD,1966,4363087108.93029
Senegal,SEN,NY.GDP.MKTP.KD,1967,4309866483.6694
Senegal,SEN,NY.GDP.MKTP.KD,1968,4580990423.65839
Senegal,SEN,NY.GDP.MKTP.KD,1969,4280745764.02574
Senegal,SEN,NY.GDP.MKTP.KD,1970,4647265164.70415
Senegal,SEN,NY.GDP.MKTP.KD,1971,4640738106.81172
Senegal,SEN,NY.GDP.MKTP.KD,1972,4936966115.3942
Senegal,SEN,NY.GDP.MKTP.KD,1973,4661323443.12333
Senegal,SEN,NY.GDP.MKTP.KD,1974,4857135177.50285
Senegal,SEN,NY.GDP.MKTP.KD,1975,5223152496.43671
Senegal,SEN,NY.GDP.MKTP.KD,1976,5689084008.34184
Senegal,SEN,NY.GDP.MKTP.KD,1977,5536451271.68326
Senegal,SEN,NY.GDP.MKTP.KD,1978,5317543794.14988
Senegal,SEN,NY.GDP.MKTP.KD,1979,5689861492.96184
Senegal,SEN,NY.GDP.MKTP.KD,1980,5916759625.81974
Senegal,SEN,NY.GDP.MKTP.KD,1981,6223261363.46036
Senegal,SEN,NY.GDP.MKTP.KD,1982,6721768519.10687
Senegal,SEN,NY.GDP.MKTP.KD,1983,6342159311.79994
Senegal,SEN,NY.GDP.MKTP.KD,1984,6591776709.80046
Senegal,SEN,NY.GDP.MKTP.KD,1985,6820055505.01507
Senegal,SEN,NY.GDP.MKTP.KD,1986,7033317655.08876
Senegal,SEN,NY.GDP.MKTP.KD,1987,7473312400.54532
Senegal,SEN,NY.GDP.MKTP.KD,1988,7412287163.3226
Senegal,SEN,NY.GDP.MKTP.KD,1989,7706835393.86617
Senegal,SEN,NY.GDP.MKTP.KD,1990,7649320651.26936
Senegal,SEN,NY.GDP.MKTP.KD,1991,7852789724.13743
Senegal,SEN,NY.GDP.MKTP.KD,1992,7956464848.37129
Senegal,SEN,NY.GDP.MKTP.KD,1993,8064689718.09751
Senegal,SEN,NY.GDP.MKTP.KD,1994,8060857301.03684
Senegal,SEN,NY.GDP.MKTP.KD,1995,8501672122.84215
Senegal,SEN,NY.GDP.MKTP.KD,1996,8673403962.06847
Senegal,SEN,NY.GDP.MKTP.KD,1997,8937561242.89432
Senegal,SEN,NY.GDP.MKTP.KD,1998,9464741444.3125
Senegal,SEN,NY.GDP.MKTP.KD,1999,10059440324.3535
Senegal,SEN,NY.GDP.MKTP.KD,2000,10450471990.9721
Senegal,SEN,NY.GDP.MKTP.KD,2001,10900976316.0181
Senegal,SEN,NY.GDP.MKTP.KD,2002,10908464913.3606
Senegal,SEN,NY.GDP.MKTP.KD,2003,11518679089.4187
Senegal,SEN,NY.GDP.MKTP.KD,2004,12053525217.1809
Senegal,SEN,NY.GDP.MKTP.KD,2005,12573060904.8807
Senegal,SEN,NY.GDP.MKTP.KD,2006,12866110160.1646
Senegal,SEN,NY.GDP.MKTP.KD,2007,13229850430.9674
Senegal,SEN,NY.GDP.MKTP.KD,2008,13719774159.3291
Senegal,SEN,NY.GDP.MKTP.KD,2009,14097356679.2382
Senegal,SEN,NY.GDP.MKTP.KD,2010,14575382431.8826
Senegal,SEN,NY.GDP.MKTP.KD,2011,14769831308.7257
Senegal,SEN,NY.GDP.MKTP.KD,2012,15361066998.8901
Senegal,SEN,NY.GDP.MKTP.KD,2013,15731635117.4164
Senegal,SEN,NY.GDP.MKTP.KD,2014,16710783797.4248
Senegal,SEN,NY.GDP.MKTP.KD,2015,17774766696.1759
Senegal,SEN,NY.GDP.MKTP.KD,2016,18904543055.9123
Senegal,SEN,NY.GDP.MKTP.KD,2017,20304894471.2858
Senegal,SEN,NY.GDP.MKTP.KD,2018,21565674310.6847
Senegal,SEN,NY.GDP.MKTP.KD,2019,22560634320.1241
Senegal,SEN,NY.GDP.MKTP.KD,2020,22863414676.3243
Senegal,SEN,NY.GDP.MKTP.KD,2021,24359596784.0565
Senegal,SEN,NY.GDP.MKTP.KD,2022,25297546478.4826
Senegal,SEN,NY.GDP.MKTP.KD,2023,26374572022.2517
Senegal,SEN,NY.GDP.MKTP.KD,2024,28078951138.374
Senegal,SEN,NY.GDP.MKTP.KD,2025,29955264558.0666
Singapore,SGP,NY.GDP.MKTP.KD,1960,5946720491.69894
Singapore,SGP,NY.GDP.MKTP.KD,1961,6430636626.47973
Singapore,SGP,NY.GDP.MKTP.KD,1962,6916371174.51312
Singapore,SGP,NY.GDP.MKTP.KD,1963,7610786827.41439
Singapore,SGP,NY.GDP.MKTP.KD,1964,7374611314.16725
Singapore,SGP,NY.GDP.MKTP.KD,1965,7952357572.78199
Singapore,SGP,NY.GDP.MKTP.KD,1966,8761915152.83763
Singapore,SGP,NY.GDP.MKTP.KD,1967,9857909188.44216
Singapore,SGP,NY.GDP.MKTP.KD,1968,11191387994.8357
Singapore,SGP,NY.GDP.MKTP.KD,1969,12739585038.0958
Singapore,SGP,NY.GDP.MKTP.KD,1970,14515738366.7012
Singapore,SGP,NY.GDP.MKTP.KD,1971,16317640426.9634
Singapore,SGP,NY.GDP.MKTP.KD,1972,18490426054.2251
Singapore,SGP,NY.GDP.MKTP.KD,1973,20450966486.6437
Singapore,SGP,NY.GDP.MKTP.KD,1974,21702034804.4296
Singapore,SGP,NY.GDP.MKTP.KD,1975,22567672249.1953
Singapore,SGP,NY.GDP.MKTP.KD,1976,24246067681.3412
Singapore,SGP,NY.GDP.MKTP.KD,1977,25907515501.973
Singapore,SGP,NY.GDP.MKTP.KD,1978,27922390122.3792
Singapore,SGP,NY.GDP.MKTP.KD,1979,30590220573.5275
Singapore,SGP,NY.GDP.MKTP.KD,1980,33683923408.4338
Singapore,SGP,NY.GDP.MKTP.KD,1981,37327150728.2745
Singapore,SGP,NY.GDP.MKTP.KD,1982,39978179040.9688
Singapore,SGP,NY.GDP.MKTP.KD,1983,43398105213.3908
Singapore,SGP,NY.GDP.MKTP.KD,1984,47213790846.1077
Singapore,SGP,NY.GDP.MKTP.KD,1985,46919789791.428
Singapore,SGP,NY.GDP.MKTP.KD,1986,47549833615.1874
Singapore,SGP,NY.GDP.MKTP.KD,1987,52684232538.6867
Singapore,SGP,NY.GDP.MKTP.KD,1988,58618369610.6777
Singapore,SGP,NY.GDP.MKTP.KD,1989,64573309330.2784
Singapore,SGP,NY.GDP.MKTP.KD,1990,70914989180.4411
Singapore,SGP,NY.GDP.MKTP.KD,1991,75658065571.9819
Singapore,SGP,NY.GDP.MKTP.KD,1992,80681614023.603
Singapore,SGP,NY.GDP.MKTP.KD,1993,89927445311.2214
Singapore,SGP,NY.GDP.MKTP.KD,1994,99905515247.3951
Singapore,SGP,NY.GDP.MKTP.KD,1995,107074136708.308
Singapore,SGP,NY.GDP.MKTP.KD,1996,115074063971.778
Singapore,SGP,NY.GDP.MKTP.KD,1997,124643863764.479
Singapore,SGP,NY.GDP.MKTP.KD,1998,121912898005.201
Singapore,SGP,NY.GDP.MKTP.KD,1999,128884330733.002
Singapore,SGP,NY.GDP.MKTP.KD,2000,140533304238.721
Singapore,SGP,NY.GDP.MKTP.KD,2001,139028385430.873
Singapore,SGP,NY.GDP.MKTP.KD,2002,144482970559.889
Singapore,SGP,NY.GDP.MKTP.KD,2003,151054425108.65
Singapore,SGP,NY.GDP.MKTP.KD,2004,166069208808.394
Singapore,SGP,NY.GDP.MKTP.KD,2005,178302402123.907
Singapore,SGP,NY.GDP.MKTP.KD,2006,194361682395.941
Singapore,SGP,NY.GDP.MKTP.KD,2007,211896059498.482
Singapore,SGP,NY.GDP.MKTP.KD,2008,215844707508.228
Singapore,SGP,NY.GDP.MKTP.KD,2009,216120888113.033
Singapore,SGP,NY.GDP.MKTP.KD,2010,247501100140.018
Singapore,SGP,NY.GDP.MKTP.KD,2011,262883130580.256
Singapore,SGP,NY.GDP.MKTP.KD,2012,274543305511.611
Singapore,SGP,NY.GDP.MKTP.KD,2013,287769788882.221
Singapore,SGP,NY.GDP.MKTP.KD,2014,299095084828.978
Singapore,SGP,NY.GDP.MKTP.KD,2015,307998545269.398
Singapore,SGP,NY.GDP.MKTP.KD,2016,320044223810.303
Singapore,SGP,NY.GDP.MKTP.KD,2017,333891877148.001
Singapore,SGP,NY.GDP.MKTP.KD,2018,344531704035.059
Singapore,SGP,NY.GDP.MKTP.KD,2019,348524066699.398
Singapore,SGP,NY.GDP.MKTP.KD,2020,335939410470.424
Singapore,SGP,NY.GDP.MKTP.KD,2021,370007310021.275
Singapore,SGP,NY.GDP.MKTP.KD,2022,384845634898.987
Singapore,SGP,NY.GDP.MKTP.KD,2023,390426927063.444
Singapore,SGP,NY.GDP.MKTP.KD,2024,411289436837.416
Singapore,SGP,NY.GDP.MKTP.KD,2025,431960358591.093
Solomon Islands,SLB,NY.GDP.MKTP.KD,1980,526652578.341882
Solomon Islands,SLB,NY.GDP.MKTP.KD,1981,517188529.391036
Solomon Islands,SLB,NY.GDP.MKTP.KD,1982,508553727.895836
Solomon Islands,SLB,NY.GDP.MKTP.KD,1983,528339476.723672
Solomon Islands,SLB,NY.GDP.MKTP.KD,1984,529238712.106486
Solomon Islands,SLB,NY.GDP.MKTP.KD,1985,512661246.685371
Solomon Islands,SLB,NY.GDP.MKTP.KD,1986,511628592.269686
Solomon Islands,SLB,NY.GDP.MKTP.KD,1987,554714423.044186
Solomon Islands,SLB,NY.GDP.MKTP.KD,1988,561649442.396255
Solomon Islands,SLB,NY.GDP.MKTP.KD,1989,585599616.44526
Solomon Islands,SLB,NY.GDP.MKTP.KD,1990,598482808.000127
Solomon Islands,SLB,NY.GDP.MKTP.KD,1991,634391790.743472
Solomon Islands,SLB,NY.GDP.MKTP.KD,1992,714959534.283423
Solomon Islands,SLB,NY.GDP.MKTP.KD,1993,743557912.883408
Solomon Islands,SLB,NY.GDP.MKTP.KD,1994,803786112.792286
Solomon Islands,SLB,NY.GDP.MKTP.KD,1995,884877004.332566
Solomon Islands,SLB,NY.GDP.MKTP.KD,1996,899122706.550892
Solomon Islands,SLB,NY.GDP.MKTP.KD,1997,890904028.4635
Solomon Islands,SLB,NY.GDP.MKTP.KD,1998,902410152.843686
Solomon Islands,SLB,NY.GDP.MKTP.KD,1999,898026872.644284
Solomon Islands,SLB,NY.GDP.MKTP.KD,2000,769815580.39287
Solomon Islands,SLB,NY.GDP.MKTP.KD,2001,708564391.548454
Solomon Islands,SLB,NY.GDP.MKTP.KD,2002,688724702.709347
Solomon Islands,SLB,NY.GDP.MKTP.KD,2003,733653435.607267
Solomon Islands,SLB,NY.GDP.MKTP.KD,2004,790024731.941432
Solomon Islands,SLB,NY.GDP.MKTP.KD,2005,848163277.481457
Solomon Islands,SLB,NY.GDP.MKTP.KD,2006,883254017.822883
Solomon Islands,SLB,NY.GDP.MKTP.KD,2007,915402123.41043
Solomon Islands,SLB,NY.GDP.MKTP.KD,2008,972394202.454103
Solomon Islands,SLB,NY.GDP.MKTP.KD,2009,1000251965.11083
Solomon Islands,SLB,NY.GDP.MKTP.KD,2010,1097358149.86722
Solomon Islands,SLB,NY.GDP.MKTP.KD,2011,1178894466.85833
Solomon Islands,SLB,NY.GDP.MKTP.KD,2012,1207965042.16349
Solomon Islands,SLB,NY.GDP.MKTP.KD,2013,1271231571.58946
Solomon Islands,SLB,NY.GDP.MKTP.KD,2014,1286352300.29305
Solomon Islands,SLB,NY.GDP.MKTP.KD,2015,1307908813.59962
Solomon Islands,SLB,NY.GDP.MKTP.KD,2016,1380562408.99877
Solomon Islands,SLB,NY.GDP.MKTP.KD,2017,1423021077.98042
Solomon Islands,SLB,NY.GDP.MKTP.KD,2018,1462095137.08983
Solomon Islands,SLB,NY.GDP.MKTP.KD,2019,1487670872.02155
Solomon Islands,SLB,NY.GDP.MKTP.KD,2020,1437368862.92689
Solomon Islands,SLB,NY.GDP.MKTP.KD,2021,1434092017.05313
Solomon Islands,SLB,NY.GDP.MKTP.KD,2022,1397028143.8117
Solomon Islands,SLB,NY.GDP.MKTP.KD,2023,1436719369.01707
Solomon Islands,SLB,NY.GDP.MKTP.KD,2024,1479785892.35403
Solomon Islands,SLB,NY.GDP.MKTP.KD,2025,1533311980.79215
Sierra Leone,SLE,NY.GDP.MKTP.KD,1960,2005356249.07876
Sierra Leone,SLE,NY.GDP.MKTP.KD,1961,2041634016.8749
Sierra Leone,SLE,NY.GDP.MKTP.KD,1962,2134343944.58291
Sierra Leone,SLE,NY.GDP.MKTP.KD,1963,2170621713.2559
Sierra Leone,SLE,NY.GDP.MKTP.KD,1964,2315732958.05168
Sierra Leone,SLE,NY.GDP.MKTP.KD,1965,2482006192.12045
Sierra Leone,SLE,NY.GDP.MKTP.KD,1966,2524200297.23393
Sierra Leone,SLE,NY.GDP.MKTP.KD,1967,2525116116.33552
Sierra Leone,SLE,NY.GDP.MKTP.KD,1968,2576121538.21916
Sierra Leone,SLE,NY.GDP.MKTP.KD,1969,2795747409.3316
Sierra Leone,SLE,NY.GDP.MKTP.KD,1970,3036754625.67978
Sierra Leone,SLE,NY.GDP.MKTP.KD,1971,3142006005.27901
Sierra Leone,SLE,NY.GDP.MKTP.KD,1972,3170291431.93802
Sierra Leone,SLE,NY.GDP.MKTP.KD,1973,3241832807.34461
Sierra Leone,SLE,NY.GDP.MKTP.KD,1974,3355291389.44335
Sierra Leone,SLE,NY.GDP.MKTP.KD,1975,3411298468.53725
Sierra Leone,SLE,NY.GDP.MKTP.KD,1976,3395975722.69911
Sierra Leone,SLE,NY.GDP.MKTP.KD,1977,3397560821.63871
Sierra Leone,SLE,NY.GDP.MKTP.KD,1978,3479317420.56144
Sierra Leone,SLE,NY.GDP.MKTP.KD,1979,3636278670.42028
Sierra Leone,SLE,NY.GDP.MKTP.KD,1980,3812401964.96231
Sierra Leone,SLE,NY.GDP.MKTP.KD,1981,3922253603.97286
Sierra Leone,SLE,NY.GDP.MKTP.KD,1982,4109806182.32945
Sierra Leone,SLE,NY.GDP.MKTP.KD,1983,4023385111.53585
Sierra Leone,SLE,NY.GDP.MKTP.KD,1984,4188063642.81064
Sierra Leone,SLE,NY.GDP.MKTP.KD,1985,3965621323.24253
Sierra Leone,SLE,NY.GDP.MKTP.KD,1986,4014638262.38105
Sierra Leone,SLE,NY.GDP.MKTP.KD,1987,4304947544.40648
Sierra Leone,SLE,NY.GDP.MKTP.KD,1988,4000157258.03699
Sierra Leone,SLE,NY.GDP.MKTP.KD,1989,4029358405.59328
Sierra Leone,SLE,NY.GDP.MKTP.KD,1990,4164341831.33004
Sierra Leone,SLE,NY.GDP.MKTP.KD,1991,4262285540.81822
Sierra Leone,SLE,NY.GDP.MKTP.KD,1992,3451901036.4416
Sierra Leone,SLE,NY.GDP.MKTP.KD,1993,3499349141.24849
Sierra Leone,SLE,NY.GDP.MKTP.KD,1994,3431203339.79824
Sierra Leone,SLE,NY.GDP.MKTP.KD,1995,3156715557.04632
Sierra Leone,SLE,NY.GDP.MKTP.KD,1996,3212078685.59765
Sierra Leone,SLE,NY.GDP.MKTP.KD,1997,3023302224.4158
Sierra Leone,SLE,NY.GDP.MKTP.KD,1998,3077268543.10996
Sierra Leone,SLE,NY.GDP.MKTP.KD,1999,3016360576.09675
Sierra Leone,SLE,NY.GDP.MKTP.KD,2000,3217030909.61881
Sierra Leone,SLE,NY.GDP.MKTP.KD,2001,3012895640.5399
Sierra Leone,SLE,NY.GDP.MKTP.KD,2002,3812040149.67774
Sierra Leone,SLE,NY.GDP.MKTP.KD,2003,4173559981.29382
Sierra Leone,SLE,NY.GDP.MKTP.KD,2004,4443958500.36539
Sierra Leone,SLE,NY.GDP.MKTP.KD,2005,4637426225.10187
Sierra Leone,SLE,NY.GDP.MKTP.KD,2006,4836052320.36646
Sierra Leone,SLE,NY.GDP.MKTP.KD,2007,5017392581.4315
Sierra Leone,SLE,NY.GDP.MKTP.KD,2008,5202336667.33238
Sierra Leone,SLE,NY.GDP.MKTP.KD,2009,5281974205.57014
Sierra Leone,SLE,NY.GDP.MKTP.KD,2010,5617678842.06416
Sierra Leone,SLE,NY.GDP.MKTP.KD,2011,6072747634.58121
Sierra Leone,SLE,NY.GDP.MKTP.KD,2012,6715143020.4477
Sierra Leone,SLE,NY.GDP.MKTP.KD,2013,7699806185.67422
Sierra Leone,SLE,NY.GDP.MKTP.KD,2014,7098065167.70102
Sierra Leone,SLE,NY.GDP.MKTP.KD,2015,6788352974.78329
Sierra Leone,SLE,NY.GDP.MKTP.KD,2016,7225348888.80731
Sierra Leone,SLE,NY.GDP.MKTP.KD,2017,7457128029.04966
Sierra Leone,SLE,NY.GDP.MKTP.KD,2018,7672926606.69678
Sierra Leone,SLE,NY.GDP.MKTP.KD,2019,8095145458.32686
Sierra Leone,SLE,NY.GDP.MKTP.KD,2020,7993685031.06354
Sierra Leone,SLE,NY.GDP.MKTP.KD,2021,8465060863.02376
Sierra Leone,SLE,NY.GDP.MKTP.KD,2022,8914856495.10508
Sierra Leone,SLE,NY.GDP.MKTP.KD,2023,9423896753.16695
Sierra Leone,SLE,NY.GDP.MKTP.KD,2024,9828485688.49272
Sierra Leone,SLE,NY.GDP.MKTP.KD,2025,10281446270.4261
El Salvador,SLV,NY.GDP.MKTP.KD,1965,8436981023.83702
El Salvador,SLV,NY.GDP.MKTP.KD,1966,9041164856.23055
El Salvador,SLV,NY.GDP.MKTP.KD,1967,9532719323.54453
El Salvador,SLV,NY.GDP.MKTP.KD,1968,9841264124.19132
El Salvador,SLV,NY.GDP.MKTP.KD,1969,10184273395.4893
El Salvador,SLV,NY.GDP.MKTP.KD,1970,10487489267.5318
El Salvador,SLV,NY.GDP.MKTP.KD,1971,10892123610.1732
El Salvador,SLV,NY.GDP.MKTP.KD,1972,11558452941.2734
El Salvador,SLV,NY.GDP.MKTP.KD,1973,12120387185.4016
El Salvador,SLV,NY.GDP.MKTP.KD,1974,12767131179.7589
El Salvador,SLV,NY.GDP.MKTP.KD,1975,13140382331.0483
El Salvador,SLV,NY.GDP.MKTP.KD,1976,13803874422.7697
El Salvador,SLV,NY.GDP.MKTP.KD,1977,14739785629.5234
El Salvador,SLV,NY.GDP.MKTP.KD,1978,15524349903.1238
El Salvador,SLV,NY.GDP.MKTP.KD,1979,14875390870.3838
El Salvador,SLV,NY.GDP.MKTP.KD,1980,12519595404.9102
El Salvador,SLV,NY.GDP.MKTP.KD,1981,11803350547.2252
El Salvador,SLV,NY.GDP.MKTP.KD,1982,11058739556.5625
El Salvador,SLV,NY.GDP.MKTP.KD,1983,11228936354.4283
El Salvador,SLV,NY.GDP.MKTP.KD,1984,11378871628.7386
El Salvador,SLV,NY.GDP.MKTP.KD,1985,11448773885.0049
El Salvador,SLV,NY.GDP.MKTP.KD,1986,11471061560.9159
El Salvador,SLV,NY.GDP.MKTP.KD,1987,11758775195.4032
El Salvador,SLV,NY.GDP.MKTP.KD,1988,11979625802.1576
El Salvador,SLV,NY.GDP.MKTP.KD,1989,12095116486.4236
El Salvador,SLV,NY.GDP.MKTP.KD,1990,12679661440.9982
El Salvador,SLV,NY.GDP.MKTP.KD,1991,12869106686.2417
El Salvador,SLV,NY.GDP.MKTP.KD,1992,13772770636.8146
El Salvador,SLV,NY.GDP.MKTP.KD,1993,14574113893.4325
El Salvador,SLV,NY.GDP.MKTP.KD,1994,15257940313.4288
El Salvador,SLV,NY.GDP.MKTP.KD,1995,15980263628.1804
El Salvador,SLV,NY.GDP.MKTP.KD,1996,16109937378.9353
El Salvador,SLV,NY.GDP.MKTP.KD,1997,16615462391.6437
El Salvador,SLV,NY.GDP.MKTP.KD,1998,17056150528.9746
El Salvador,SLV,NY.GDP.MKTP.KD,1999,17424910257.6837
El Salvador,SLV,NY.GDP.MKTP.KD,2000,17621447036.1716
El Salvador,SLV,NY.GDP.MKTP.KD,2001,17776447691.3707
El Salvador,SLV,NY.GDP.MKTP.KD,2002,18056056716.4359
El Salvador,SLV,NY.GDP.MKTP.KD,2003,18338704970.0344
El Salvador,SLV,NY.GDP.MKTP.KD,2004,18501810234.6557
El Salvador,SLV,NY.GDP.MKTP.KD,2005,18997812331.293
El Salvador,SLV,NY.GDP.MKTP.KD,2006,19821747186.6752
El Salvador,SLV,NY.GDP.MKTP.KD,2007,20187974224.9399
El Salvador,SLV,NY.GDP.MKTP.KD,2008,20622904543.8145
El Salvador,SLV,NY.GDP.MKTP.KD,2009,20188015254.5251
El Salvador,SLV,NY.GDP.MKTP.KD,2010,20622904543.8145
El Salvador,SLV,NY.GDP.MKTP.KD,2011,21407994006.2362
El Salvador,SLV,NY.GDP.MKTP.KD,2012,22012261122.6093
El Salvador,SLV,NY.GDP.MKTP.KD,2013,22504372601.4935
El Salvador,SLV,NY.GDP.MKTP.KD,2014,22888906230.2134
El Salvador,SLV,NY.GDP.MKTP.KD,2015,23438240000.0
El Salvador,SLV,NY.GDP.MKTP.KD,2016,24033351541.724
El Salvador,SLV,NY.GDP.MKTP.KD,2017,24573529736.8617
El Salvador,SLV,NY.GDP.MKTP.KD,2018,25166352435.5773
El Salvador,SLV,NY.GDP.MKTP.KD,2019,25779775126.5993
El Salvador,SLV,NY.GDP.MKTP.KD,2020,23744951345.511
El Salvador,SLV,NY.GDP.MKTP.KD,2021,26571731219.3539
El Salvador,SLV,NY.GDP.MKTP.KD,2022,27356820681.7757
El Salvador,SLV,NY.GDP.MKTP.KD,2023,28274665875.3002
El Salvador,SLV,NY.GDP.MKTP.KD,2024,29007110834.144
El Salvador,SLV,NY.GDP.MKTP.KD,2025,30140111727.9972
San Marino,SMR,NY.GDP.MKTP.KD,1997,1248965766.56128
San Marino,SMR,NY.GDP.MKTP.KD,1998,1342208790.391
San Marino,SMR,NY.GDP.MKTP.KD,1999,1463670097.74814
San Marino,SMR,NY.GDP.MKTP.KD,2000,1495569026.95305
San Marino,SMR,NY.GDP.MKTP.KD,2001,1578996995.6428
San Marino,SMR,NY.GDP.MKTP.KD,2002,1583904523.21278
San Marino,SMR,NY.GDP.MKTP.KD,2003,1645248617.8376
San Marino,SMR,NY.GDP.MKTP.KD,2004,1720088413.27988
San Marino,SMR,NY.GDP.MKTP.KD,2005,1761802397.62475
San Marino,SMR,NY.GDP.MKTP.KD,2006,1829280901.71205
San Marino,SMR,NY.GDP.MKTP.KD,2007,1959330382.31667
San Marino,SMR,NY.GDP.MKTP.KD,2008,1949515327.1767
San Marino,SMR,NY.GDP.MKTP.KD,2009,1748306696.80729
San Marino,SMR,NY.GDP.MKTP.KD,2010,1652609909.19258
San Marino,SMR,NY.GDP.MKTP.KD,2011,1515199137.23299
San Marino,SMR,NY.GDP.MKTP.KD,2012,1408460412.58581
San Marino,SMR,NY.GDP.MKTP.KD,2013,1397418475.55334
San Marino,SMR,NY.GDP.MKTP.KD,2014,1387603420.41337
San Marino,SMR,NY.GDP.MKTP.KD,2015,1419400395.73301
San Marino,SMR,NY.GDP.MKTP.KD,2016,1452676990.615
San Marino,SMR,NY.GDP.MKTP.KD,2017,1456428672.75406
San Marino,SMR,NY.GDP.MKTP.KD,2018,1478186318.92378
San Marino,SMR,NY.GDP.MKTP.KD,2019,1508721078.15242
San Marino,SMR,NY.GDP.MKTP.KD,2020,1408422624.62352
San Marino,SMR,NY.GDP.MKTP.KD,2021,1604162183.58074
San Marino,SMR,NY.GDP.MKTP.KD,2022,1730866079.9527
San Marino,SMR,NY.GDP.MKTP.KD,2023,1737822991.03591
"Somalia, Fed. Rep.",SOM,NY.GDP.MKTP.KD,1960,917045732.27398
"Somalia, Fed. Rep.",SOM,NY.GDP.MKTP.KD,1961,887131872.87034
"Somalia, Fed. Rep.",SOM,NY.GDP.MKTP.KD,1962,949911138.760042
"Somalia, Fed. Rep.",SOM,NY.GDP.MKTP.KD,1963,976592267.239141
"Somalia, Fed. Rep.",SOM,NY.GDP.MKTP.KD,1964,916916392.314922
"Somalia, Fed. Rep.",SOM,NY.GDP.MKTP.KD,1965,862417802.402844
"Somalia, Fed. Rep.",SOM,NY.GDP.MKTP.KD,1966,940886220.381401
"Somalia, Fed. Rep.",SOM,NY.GDP.MKTP.KD,1967,996783740.230726
"Somalia, Fed. Rep.",SOM,NY.GDP.MKTP.KD,1968,1017018224.13508
"Somalia, Fed. Rep.",SOM,NY.GDP.MKTP.KD,1969,999733290.377919
"Somalia, Fed. Rep.",SOM,NY.GDP.MKTP.KD,1970,1045535150.53668
"Somalia, Fed. Rep.",SOM,NY.GDP.MKTP.KD,1971,1067892505.95689
"Somalia, Fed. Rep.",SOM,NY.GDP.MKTP.KD,1972,1226805081.24814
"Somalia, Fed. Rep.",SOM,NY.GDP.MKTP.KD,1973,1077756045.11294
"Somalia, Fed. Rep.",SOM,NY.GDP.MKTP.KD,1974,1085866066.19681
"Somalia, Fed. Rep.",SOM,NY.GDP.MKTP.KD,1975,1245436210.76508
"Somalia, Fed. Rep.",SOM,NY.GDP.MKTP.KD,1976,1222421286.0677
"Somalia, Fed. Rep.",SOM,NY.GDP.MKTP.KD,1977,1389224692.68366
"Somalia, Fed. Rep.",SOM,NY.GDP.MKTP.KD,1978,1469791647.97166
"Somalia, Fed. Rep.",SOM,NY.GDP.MKTP.KD,1979,1396493891.65707
"Somalia, Fed. Rep.",SOM,NY.GDP.MKTP.KD,1980,1421532243.67638
"Somalia, Fed. Rep.",SOM,NY.GDP.MKTP.KD,1981,1510579931.09983
"Somalia, Fed. Rep.",SOM,NY.GDP.MKTP.KD,1982,1552377825.19655
"Somalia, Fed. Rep.",SOM,NY.GDP.MKTP.KD,1983,1372667072.79999
"Somalia, Fed. Rep.",SOM,NY.GDP.MKTP.KD,1984,1417493799.80225
"Somalia, Fed. Rep.",SOM,NY.GDP.MKTP.KD,1985,1552579747.39023
"Somalia, Fed. Rep.",SOM,NY.GDP.MKTP.KD,1986,1519262585.4291
"Somalia, Fed. Rep.",SOM,NY.GDP.MKTP.KD,1987,1672521530.45046
"Somalia, Fed. Rep.",SOM,NY.GDP.MKTP.KD,1988,1729642283.89566
"Somalia, Fed. Rep.",SOM,NY.GDP.MKTP.KD,1989,1795501262.06265
"Somalia, Fed. Rep.",SOM,NY.GDP.MKTP.KD,1990,1837281328.3018
"Somalia, Fed. Rep.",SOM,NY.GDP.MKTP.KD,1991,1891491615.50305
"Somalia, Fed. Rep.",SOM,NY.GDP.MKTP.KD,1992,1730935688.55732
"Somalia, Fed. Rep.",SOM,NY.GDP.MKTP.KD,1993,1800010346.16042
"Somalia, Fed. Rep.",SOM,NY.GDP.MKTP.KD,1994,1478762688.89017
"Somalia, Fed. Rep.",SOM,NY.GDP.MKTP.KD,1995,1537774139.79522
"Somalia, Fed. Rep.",SOM,NY.GDP.MKTP.KD,1996,1661503678.51954
"Somalia, Fed. Rep.",SOM,NY.GDP.MKTP.KD,1997,1681117593.96895
"Somalia, Fed. Rep.",SOM,NY.GDP.MKTP.KD,1998,1791844290.88289
"Somalia, Fed. Rep.",SOM,NY.GDP.MKTP.KD,1999,1922976751.05888
"Somalia, Fed. Rep.",SOM,NY.GDP.MKTP.KD,2000,2059706442.19302
"Somalia, Fed. Rep.",SOM,NY.GDP.MKTP.KD,2001,2206158044.12576
"Somalia, Fed. Rep.",SOM,NY.GDP.MKTP.KD,2002,2374493799.80543
"Somalia, Fed. Rep.",SOM,NY.GDP.MKTP.KD,2003,2555674023.594
"Somalia, Fed. Rep.",SOM,NY.GDP.MKTP.KD,2004,2737390479.44266
"Somalia, Fed. Rep.",SOM,NY.GDP.MKTP.KD,2005,2932027546.45904
"Somalia, Fed. Rep.",SOM,NY.GDP.MKTP.KD,2006,3122209723.1084
"Somalia, Fed. Rep.",SOM,NY.GDP.MKTP.KD,2007,3331221429.82625
"Somalia, Fed. Rep.",SOM,NY.GDP.MKTP.KD,2008,3554225115.76716
"Somalia, Fed. Rep.",SOM,NY.GDP.MKTP.KD,2009,3792157453.24332
"Somalia, Fed. Rep.",SOM,NY.GDP.MKTP.KD,2010,4046017818.73271
"Somalia, Fed. Rep.",SOM,NY.GDP.MKTP.KD,2011,4316872490.4943
"Somalia, Fed. Rep.",SOM,NY.GDP.MKTP.KD,2012,4605859127.18598
"Somalia, Fed. Rep.",SOM,NY.GDP.MKTP.KD,2013,5110628982.78644
"Somalia, Fed. Rep.",SOM,NY.GDP.MKTP.KD,2014,5569461554.68178
"Somalia, Fed. Rep.",SOM,NY.GDP.MKTP.KD,2015,6152149099.99942
"Somalia, Fed. Rep.",SOM,NY.GDP.MKTP.KD,2016,6584944951.37236
"Somalia, Fed. Rep.",SOM,NY.GDP.MKTP.KD,2017,7555288980.07671
"Somalia, Fed. Rep.",SOM,NY.GDP.MKTP.KD,2018,7710498420.37372
"Somalia, Fed. Rep.",SOM,NY.GDP.MKTP.KD,2019,7926418061.75208
"Somalia, Fed. Rep.",SOM,NY.GDP.MKTP.KD,2020,7707287719.38668
"Somalia, Fed. Rep.",SOM,NY.GDP.MKTP.KD,2021,7972973226.06415
"Somalia, Fed. Rep.",SOM,NY.GDP.MKTP.KD,2022,8189695542.68927
"Somalia, Fed. Rep.",SOM,NY.GDP.MKTP.KD,2023,8531635197.8089
"Somalia, Fed. Rep.",SOM,NY.GDP.MKTP.KD,2024,8882404280.64289
"Somalia, Fed. Rep.",SOM,NY.GDP.MKTP.KD,2025,9148089787.32035
Serbia,SRB,NY.GDP.MKTP.KD,1995,22980131320.201
Serbia,SRB,NY.GDP.MKTP.KD,1996,24396847807.3336
Serbia,SRB,NY.GDP.MKTP.KD,1997,26576270301.9253
Serbia,SRB,NY.GDP.MKTP.KD,1998,27996144670.7069
Serbia,SRB,NY.GDP.MKTP.KD,1999,25105401187.8126
Serbia,SRB,NY.GDP.MKTP.KD,2000,26625555756.526
Serbia,SRB,NY.GDP.MKTP.KD,2001,28430375122.4264
Serbia,SRB,NY.GDP.MKTP.KD,2002,30290019038.036
Serbia,SRB,NY.GDP.MKTP.KD,2003,31671150000.8568
Serbia,SRB,NY.GDP.MKTP.KD,2004,33788958112.2477
Serbia,SRB,NY.GDP.MKTP.KD,2005,35783687980.3426
Serbia,SRB,NY.GDP.MKTP.KD,2006,37179490290.6082
Serbia,SRB,NY.GDP.MKTP.KD,2007,40091414081.4273
Serbia,SRB,NY.GDP.MKTP.KD,2008,42160489173.533
Serbia,SRB,NY.GDP.MKTP.KD,2009,40835549106.7566
Serbia,SRB,NY.GDP.MKTP.KD,2010,41493398701.5159
Serbia,SRB,NY.GDP.MKTP.KD,2011,41515918199.5454
Serbia,SRB,NY.GDP.MKTP.KD,2012,41331605760.2741
Serbia,SRB,NY.GDP.MKTP.KD,2013,41518250531.7903
Serbia,SRB,NY.GDP.MKTP.KD,2014,40769149019.8676
Serbia,SRB,NY.GDP.MKTP.KD,2015,41297410634.9586
Serbia,SRB,NY.GDP.MKTP.KD,2016,42526090399.794
Serbia,SRB,NY.GDP.MKTP.KD,2017,43531153349.2666
Serbia,SRB,NY.GDP.MKTP.KD,2018,45555069182.0072
Serbia,SRB,NY.GDP.MKTP.KD,2019,47719029694.9033
Serbia,SRB,NY.GDP.MKTP.KD,2020,47265687464.123
Serbia,SRB,NY.GDP.MKTP.KD,2021,51022863667.9918
Serbia,SRB,NY.GDP.MKTP.KD,2022,52402255080.2826
Serbia,SRB,NY.GDP.MKTP.KD,2023,54366256509.8452
Serbia,SRB,NY.GDP.MKTP.KD,2024,56513683533.7835
Serbia,SRB,NY.GDP.MKTP.KD,2025,57661132821.882
Sub-Saharan Africa (excluding high income),SSA,NY.GDP.MKTP.KD,1960,263532490154.276
Sub-Saharan Africa (excluding high income),SSA,NY.GDP.MKTP.KD,1961,266375661098.83
Sub-Saharan Africa (excluding high income),SSA,NY.GDP.MKTP.KD,1962,282477717008.821
Sub-Saharan Africa (excluding high income),SSA,NY.GDP.MKTP.KD,1963,300113460564.401
Sub-Saharan Africa (excluding high income),SSA,NY.GDP.MKTP.KD,1964,315016703378.856
Sub-Saharan Africa (excluding high income),SSA,NY.GDP.MKTP.KD,1965,329768167441.744
Sub-Saharan Africa (excluding high income),SSA,NY.GDP.MKTP.KD,1966,336430703240.519
Sub-Saharan Africa (excluding high income),SSA,NY.GDP.MKTP.KD,1967,333844158550.891
Sub-Saharan Africa (excluding high income),SSA,NY.GDP.MKTP.KD,1968,344282851888.451
Sub-Saharan Africa (excluding high income),SSA,NY.GDP.MKTP.KD,1969,375281343418.216
Sub-Saharan Africa (excluding high income),SSA,NY.GDP.MKTP.KD,1970,404583080814.227
Sub-Saharan Africa (excluding high income),SSA,NY.GDP.MKTP.KD,1971,435763670821.934
Sub-Saharan Africa (excluding high income),SSA,NY.GDP.MKTP.KD,1972,448613928932.477
Sub-Saharan Africa (excluding high income),SSA,NY.GDP.MKTP.KD,1973,467872874457.944
Sub-Saharan Africa (excluding high income),SSA,NY.GDP.MKTP.KD,1974,503127336078.045
Sub-Saharan Africa (excluding high income),SSA,NY.GDP.MKTP.KD,1975,501959926757.406
Sub-Saharan Africa (excluding high income),SSA,NY.GDP.MKTP.KD,1976,527891539444.795
Sub-Saharan Africa (excluding high income),SSA,NY.GDP.MKTP.KD,1977,542519254848.172
Sub-Saharan Africa (excluding high income),SSA,NY.GDP.MKTP.KD,1978,541489216495.688
Sub-Saharan Africa (excluding high income),SSA,NY.GDP.MKTP.KD,1979,562749804152.346
Sub-Saharan Africa (excluding high income),SSA,NY.GDP.MKTP.KD,1980,583708356624.87
Sub-Saharan Africa (excluding high income),SSA,NY.GDP.MKTP.KD,1981,578970551368.845
Sub-Saharan Africa (excluding high income),SSA,NY.GDP.MKTP.KD,1982,572009035885.404
Sub-Saharan Africa (excluding high income),SSA,NY.GDP.MKTP.KD,1983,557470116123.365
Sub-Saharan Africa (excluding high income),SSA,NY.GDP.MKTP.KD,1984,570029090620.819
Sub-Saharan Africa (excluding high income),SSA,NY.GDP.MKTP.KD,1985,581436154330.781
Sub-Saharan Africa (excluding high income),SSA,NY.GDP.MKTP.KD,1986,592309768030.714
Sub-Saharan Africa (excluding high income),SSA,NY.GDP.MKTP.KD,1987,609677744589.294
Sub-Saharan Africa (excluding high income),SSA,NY.GDP.MKTP.KD,1988,636940161396.363
Sub-Saharan Africa (excluding high income),SSA,NY.GDP.MKTP.KD,1989,651522298136.447
Sub-Saharan Africa (excluding high income),SSA,NY.GDP.MKTP.KD,1990,666222061008.021
Sub-Saharan Africa (excluding high income),SSA,NY.GDP.MKTP.KD,1991,668789324147.345
Sub-Saharan Africa (excluding high income),SSA,NY.GDP.MKTP.KD,1992,665442905068.748
Sub-Saharan Africa (excluding high income),SSA,NY.GDP.MKTP.KD,1993,658453935479.672
Sub-Saharan Africa (excluding high income),SSA,NY.GDP.MKTP.KD,1994,665248847118.98
Sub-Saharan Africa (excluding high income),SSA,NY.GDP.MKTP.KD,1995,687402179890.185
Sub-Saharan Africa (excluding high income),SSA,NY.GDP.MKTP.KD,1996,722727828407.894
Sub-Saharan Africa (excluding high income),SSA,NY.GDP.MKTP.KD,1997,752080018371.272
Sub-Saharan Africa (excluding high income),SSA,NY.GDP.MKTP.KD,1998,771018058591.207
Sub-Saharan Africa (excluding high income),SSA,NY.GDP.MKTP.KD,1999,787818652988.854
Sub-Saharan Africa (excluding high income),SSA,NY.GDP.MKTP.KD,2000,814886792548.316
Sub-Saharan Africa (excluding high income),SSA,NY.GDP.MKTP.KD,2001,849284780719.551
Sub-Saharan Africa (excluding high income),SSA,NY.GDP.MKTP.KD,2002,903632561630.571
Sub-Saharan Africa (excluding high income),SSA,NY.GDP.MKTP.KD,2003,940964308843.438
Sub-Saharan Africa (excluding high income),SSA,NY.GDP.MKTP.KD,2004,1003948605912.72
Sub-Saharan Africa (excluding high income),SSA,NY.GDP.MKTP.KD,2005,1064255049775.24
Sub-Saharan Africa (excluding high income),SSA,NY.GDP.MKTP.KD,2006,1128604838549.02
Sub-Saharan Africa (excluding high income),SSA,NY.GDP.MKTP.KD,2007,1198094763566.38
Sub-Saharan Africa (excluding high income),SSA,NY.GDP.MKTP.KD,2008,1260487436704.31
Sub-Saharan Africa (excluding high income),SSA,NY.GDP.MKTP.KD,2009,1300219382910.01
Sub-Saharan Africa (excluding high income),SSA,NY.GDP.MKTP.KD,2010,1379113714868.84
Sub-Saharan Africa (excluding high income),SSA,NY.GDP.MKTP.KD,2011,1438249545229.92
Sub-Saharan Africa (excluding high income),SSA,NY.GDP.MKTP.KD,2012,1486120915306.32
Sub-Saharan Africa (excluding high income),SSA,NY.GDP.MKTP.KD,2013,1564556705731.14
Sub-Saharan Africa (excluding high income),SSA,NY.GDP.MKTP.KD,2014,1638523874745.35
Sub-Saharan Africa (excluding high income),SSA,NY.GDP.MKTP.KD,2015,1686510433482.35
Sub-Saharan Africa (excluding high income),SSA,NY.GDP.MKTP.KD,2016,1708567128842.59
Sub-Saharan Africa (excluding high income),SSA,NY.GDP.MKTP.KD,2017,1751337265213.69
Sub-Saharan Africa (excluding high income),SSA,NY.GDP.MKTP.KD,2018,1800238576013.3
Sub-Saharan Africa (excluding high income),SSA,NY.GDP.MKTP.KD,2019,1846075718701.93
Sub-Saharan Africa (excluding high income),SSA,NY.GDP.MKTP.KD,2020,1785461244158.74
Sub-Saharan Africa (excluding high income),SSA,NY.GDP.MKTP.KD,2021,1849466274077.58
Sub-Saharan Africa (excluding high income),SSA,NY.GDP.MKTP.KD,2022,1923969705614.29
Sub-Saharan Africa (excluding high income),SSA,NY.GDP.MKTP.KD,2023,1976149503083.81
Sub-Saharan Africa (excluding high income),SSA,NY.GDP.MKTP.KD,2024,2047614853404.7
Sub-Saharan Africa (excluding high income),SSA,NY.GDP.MKTP.KD,2025,2132337956193.29
South Sudan,SSD,NY.GDP.MKTP.KD,2008,20185217785.8109
South Sudan,SSD,NY.GDP.MKTP.KD,2009,21202884179.2359
South Sudan,SSD,NY.GDP.MKTP.KD,2010,22367646895.0144
South Sudan,SSD,NY.GDP.MKTP.KD,2011,21329717232.6938
South Sudan,SSD,NY.GDP.MKTP.KD,2012,11500530835.4315
South Sudan,SSD,NY.GDP.MKTP.KD,2013,13010519613.8763
South Sudan,SSD,NY.GDP.MKTP.KD,2014,13449448810.7001
South Sudan,SSD,NY.GDP.MKTP.KD,2015,11997800760.2242
Sub-Saharan Africa,SSF,NY.GDP.MKTP.KD,1960,263658554688.55
Sub-Saharan Africa,SSF,NY.GDP.MKTP.KD,1961,266494105216.499
Sub-Saharan Africa,SSF,NY.GDP.MKTP.KD,1962,282606621503.205
Sub-Saharan Africa,SSF,NY.GDP.MKTP.KD,1963,300256305019.898
Sub-Saharan Africa,SSF,NY.GDP.MKTP.KD,1964,315168230773.475
Sub-Saharan Africa,SSF,NY.GDP.MKTP.KD,1965,329916648436.443
Sub-Saharan Africa,SSF,NY.GDP.MKTP.KD,1966,336602933578.081
Sub-Saharan Africa,SSF,NY.GDP.MKTP.KD,1967,334017596949.776
Sub-Saharan Africa,SSF,NY.GDP.MKTP.KD,1968,344470469242.147
Sub-Saharan Africa,SSF,NY.GDP.MKTP.KD,1969,375466697886.622
Sub-Saharan Africa,SSF,NY.GDP.MKTP.KD,1970,404785171158.919
Sub-Saharan Africa,SSF,NY.GDP.MKTP.KD,1971,436000063032.534
Sub-Saharan Africa,SSF,NY.GDP.MKTP.KD,1972,448866240565.638
Sub-Saharan Africa,SSF,NY.GDP.MKTP.KD,1973,468149500247.02
Sub-Saharan Africa,SSF,NY.GDP.MKTP.KD,1974,503405559946.593
Sub-Saharan Africa,SSF,NY.GDP.MKTP.KD,1975,502248170997.846
Sub-Saharan Africa,SSF,NY.GDP.MKTP.KD,1976,528230540077.621
Sub-Saharan Africa,SSF,NY.GDP.MKTP.KD,1977,542834016262.376
Sub-Saharan Africa,SSF,NY.GDP.MKTP.KD,1978,541878520344.48
Sub-Saharan Africa,SSF,NY.GDP.MKTP.KD,1979,563205016935.812
Sub-Saharan Africa,SSF,NY.GDP.MKTP.KD,1980,584136934003.473
Sub-Saharan Africa,SSF,NY.GDP.MKTP.KD,1981,579382115759.08
Sub-Saharan Africa,SSF,NY.GDP.MKTP.KD,1982,572411964597.251
Sub-Saharan Africa,SSF,NY.GDP.MKTP.KD,1983,557870735904.815
Sub-Saharan Africa,SSF,NY.GDP.MKTP.KD,1984,570447140426.526
Sub-Saharan Africa,SSF,NY.GDP.MKTP.KD,1985,581897984133.063
Sub-Saharan Africa,SSF,NY.GDP.MKTP.KD,1986,592775014902.429
Sub-Saharan Africa,SSF,NY.GDP.MKTP.KD,1987,610165851972.964
Sub-Saharan Africa,SSF,NY.GDP.MKTP.KD,1988,637454349742.063
Sub-Saharan Africa,SSF,NY.GDP.MKTP.KD,1989,652090179006.281
Sub-Saharan Africa,SSF,NY.GDP.MKTP.KD,1990,666832811325.315
Sub-Saharan Africa,SSF,NY.GDP.MKTP.KD,1991,669417183838.409
Sub-Saharan Africa,SSF,NY.GDP.MKTP.KD,1992,666116612424.356
Sub-Saharan Africa,SSF,NY.GDP.MKTP.KD,1993,659177623958.532
Sub-Saharan Africa,SSF,NY.GDP.MKTP.KD,1994,665954582880.823
Sub-Saharan Africa,SSF,NY.GDP.MKTP.KD,1995,688111073914.975
Sub-Saharan Africa,SSF,NY.GDP.MKTP.KD,1996,723508064601.002
Sub-Saharan Africa,SSF,NY.GDP.MKTP.KD,1997,752956216123.991
Sub-Saharan Africa,SSF,NY.GDP.MKTP.KD,1998,771915870676.397
Sub-Saharan Africa,SSF,NY.GDP.MKTP.KD,1999,788733239042.593
Sub-Saharan Africa,SSF,NY.GDP.MKTP.KD,2000,815840367858.028
Sub-Saharan Africa,SSF,NY.GDP.MKTP.KD,2001,850215958547.839
Sub-Saharan Africa,SSF,NY.GDP.MKTP.KD,2002,904574416795.196
Sub-Saharan Africa,SSF,NY.GDP.MKTP.KD,2003,941849449125.149
Sub-Saharan Africa,SSF,NY.GDP.MKTP.KD,2004,1004807259144.69
Sub-Saharan Africa,SSF,NY.GDP.MKTP.KD,2005,1065191452514.4
Sub-Saharan Africa,SSF,NY.GDP.MKTP.KD,2006,1129629820810.24
Sub-Saharan Africa,SSF,NY.GDP.MKTP.KD,2007,1199211153278.6
Sub-Saharan Africa,SSF,NY.GDP.MKTP.KD,2008,1261572064298.85
Sub-Saharan Africa,SSF,NY.GDP.MKTP.KD,2009,1301277118508.85
Sub-Saharan Africa,SSF,NY.GDP.MKTP.KD,2010,1380219102853.07
Sub-Saharan Africa,SSF,NY.GDP.MKTP.KD,2011,1439460053216.65
Sub-Saharan Africa,SSF,NY.GDP.MKTP.KD,2012,1487369078304.66
Sub-Saharan Africa,SSF,NY.GDP.MKTP.KD,2013,1565820517385.38
Sub-Saharan Africa,SSF,NY.GDP.MKTP.KD,2014,1639839043810.31
Sub-Saharan Africa,SSF,NY.GDP.MKTP.KD,2015,1687942836834.48
Sub-Saharan Africa,SSF,NY.GDP.MKTP.KD,2016,1710173104061.18
Sub-Saharan Africa,SSF,NY.GDP.MKTP.KD,2017,1753054922553.67
Sub-Saharan Africa,SSF,NY.GDP.MKTP.KD,2018,1802041076569.07
Sub-Saharan Africa,SSF,NY.GDP.MKTP.KD,2019,1847977614402.97
Sub-Saharan Africa,SSF,NY.GDP.MKTP.KD,2020,1787139859951.38
Sub-Saharan Africa,SSF,NY.GDP.MKTP.KD,2021,1851154160556.9
Sub-Saharan Africa,SSF,NY.GDP.MKTP.KD,2022,1925824363441.45
Sub-Saharan Africa,SSF,NY.GDP.MKTP.KD,2023,1978100228661.96
Sub-Saharan Africa,SSF,NY.GDP.MKTP.KD,2024,2049630863414.25
Sub-Saharan Africa,SSF,NY.GDP.MKTP.KD,2025,2134470853590.24
Small states,SST,NY.GDP.MKTP.KD,1974,59794120515.7717
Small states,SST,NY.GDP.MKTP.KD,1975,59740139842.4919
Small states,SST,NY.GDP.MKTP.KD,1976,66047450226.4629
Small states,SST,NY.GDP.MKTP.KD,1977,71519243115.2332
Small states,SST,NY.GDP.MKTP.KD,1978,76603505420.3544
Small states,SST,NY.GDP.MKTP.KD,1979,85306948626.6937
Small states,SST,NY.GDP.MKTP.KD,1980,85673210829.3858
Small states,SST,NY.GDP.MKTP.KD,1981,82604425260.3015
Small states,SST,NY.GDP.MKTP.KD,1982,83823269339.1464
Small states,SST,NY.GDP.MKTP.KD,1983,82890673851.4167
Small states,SST,NY.GDP.MKTP.KD,1984,85011970084.2555
Small states,SST,NY.GDP.MKTP.KD,1985,86169005079.2992
Small states,SST,NY.GDP.MKTP.KD,1986,87876511446.625
Small states,SST,NY.GDP.MKTP.KD,1987,90591229796.9702
Small states,SST,NY.GDP.MKTP.KD,1988,92788665635.1553
Small states,SST,NY.GDP.MKTP.KD,1989,95678135595.5482
Small states,SST,NY.GDP.MKTP.KD,1990,98475661004.0666
Small states,SST,NY.GDP.MKTP.KD,1991,98105332615.5073
Small states,SST,NY.GDP.MKTP.KD,1992,97104766216.9776
Small states,SST,NY.GDP.MKTP.KD,1993,97581590581.4117
Small states,SST,NY.GDP.MKTP.KD,1994,100633135236.886
Small states,SST,NY.GDP.MKTP.KD,1995,104580687133.329
Small states,SST,NY.GDP.MKTP.KD,1996,108539283753.692
Small states,SST,NY.GDP.MKTP.KD,1997,114222169965.334
Small states,SST,NY.GDP.MKTP.KD,1998,118545623305.373
Small states,SST,NY.GDP.MKTP.KD,1999,122666570941.507
Small states,SST,NY.GDP.MKTP.KD,2000,129983817108.86
Small states,SST,NY.GDP.MKTP.KD,2001,133507980312.74
Small states,SST,NY.GDP.MKTP.KD,2002,138274537401.415
Small states,SST,NY.GDP.MKTP.KD,2003,144831241910.987
Small states,SST,NY.GDP.MKTP.KD,2004,151343019372.116
Small states,SST,NY.GDP.MKTP.KD,2005,158053162115.486
Small states,SST,NY.GDP.MKTP.KD,2006,168416637310.279
Small states,SST,NY.GDP.MKTP.KD,2007,176305302926.48
Small states,SST,NY.GDP.MKTP.KD,2008,178441905890.199
Small states,SST,NY.GDP.MKTP.KD,2009,170672600813.491
Small states,SST,NY.GDP.MKTP.KD,2010,174248611872.593
Small states,SST,NY.GDP.MKTP.KD,2011,178659666309.969
Small states,SST,NY.GDP.MKTP.KD,2012,182492617509.792
Small states,SST,NY.GDP.MKTP.KD,2013,184618974055.004
Small states,SST,NY.GDP.MKTP.KD,2014,188927662612.844
Small states,SST,NY.GDP.MKTP.KD,2015,193179840479.883
Small states,SST,NY.GDP.MKTP.KD,2016,196588538737.463
Small states,SST,NY.GDP.MKTP.KD,2017,202905022956.011
Small states,SST,NY.GDP.MKTP.KD,2018,209766746035.886
Small states,SST,NY.GDP.MKTP.KD,2019,216293165085.722
Small states,SST,NY.GDP.MKTP.KD,2020,201206073691.312
Small states,SST,NY.GDP.MKTP.KD,2021,215882468243.065
Small states,SST,NY.GDP.MKTP.KD,2022,231919049890.181
Small states,SST,NY.GDP.MKTP.KD,2023,243581323027.677
Small states,SST,NY.GDP.MKTP.KD,2024,258361763842.807
Small states,SST,NY.GDP.MKTP.KD,2025,269706638448.018
Sao Tome and Principe,STP,NY.GDP.MKTP.KD,1970,76468736.2506781
Sao Tome and Principe,STP,NY.GDP.MKTP.KD,1971,80579183.1670411
Sao Tome and Principe,STP,NY.GDP.MKTP.KD,1972,82425278.5992942
Sao Tome and Principe,STP,NY.GDP.MKTP.KD,1973,83737737.1631401
Sao Tome and Principe,STP,NY.GDP.MKTP.KD,1974,88497202.0699379
Sao Tome and Principe,STP,NY.GDP.MKTP.KD,1975,93256666.9767356
Sao Tome and Principe,STP,NY.GDP.MKTP.KD,1976,94785464.7434442
Sao Tome and Principe,STP,NY.GDP.MKTP.KD,1977,116981878.366734
Sao Tome and Principe,STP,NY.GDP.MKTP.KD,1978,120371194.301411
Sao Tome and Principe,STP,NY.GDP.MKTP.KD,1979,140043649.259691
Sao Tome and Principe,STP,NY.GDP.MKTP.KD,1980,138529274.075959
Sao Tome and Principe,STP,NY.GDP.MKTP.KD,1981,124241500.205205
Sao Tome and Principe,STP,NY.GDP.MKTP.KD,1982,128084020.94978
Sao Tome and Principe,STP,NY.GDP.MKTP.KD,1983,123122082.461344
Sao Tome and Principe,STP,NY.GDP.MKTP.KD,1984,115697254.525823
Sao Tome and Principe,STP,NY.GDP.MKTP.KD,1985,126456967.355714
Sao Tome and Principe,STP,NY.GDP.MKTP.KD,1986,119081846.71003
Sao Tome and Principe,STP,NY.GDP.MKTP.KD,1987,115592613.456173
Sao Tome and Principe,STP,NY.GDP.MKTP.KD,1988,117902997.641936
Sao Tome and Principe,STP,NY.GDP.MKTP.KD,1989,121599628.773842
Sao Tome and Principe,STP,NY.GDP.MKTP.KD,1990,118982019.506696
Sao Tome and Principe,STP,NY.GDP.MKTP.KD,1991,120410999.081655
Sao Tome and Principe,STP,NY.GDP.MKTP.KD,1992,121253872.447682
Sao Tome and Principe,STP,NY.GDP.MKTP.KD,1993,122587663.34157
Sao Tome and Principe,STP,NY.GDP.MKTP.KD,1994,125284593.874866
Sao Tome and Principe,STP,NY.GDP.MKTP.KD,1995,127790287.890706
Sao Tome and Principe,STP,NY.GDP.MKTP.KD,1996,129707143.583715
Sao Tome and Principe,STP,NY.GDP.MKTP.KD,1997,130999443.003646
Sao Tome and Principe,STP,NY.GDP.MKTP.KD,1998,134274413.232095
Sao Tome and Principe,STP,NY.GDP.MKTP.KD,1999,137631281.963527
Sao Tome and Principe,STP,NY.GDP.MKTP.KD,2000,138248376.950013
Sao Tome and Principe,STP,NY.GDP.MKTP.KD,2001,142484974.901201
Sao Tome and Principe,STP,NY.GDP.MKTP.KD,2002,147272738.169326
Sao Tome and Principe,STP,NY.GDP.MKTP.KD,2003,159483885.915675
Sao Tome and Principe,STP,NY.GDP.MKTP.KD,2004,165126275.794519
Sao Tome and Principe,STP,NY.GDP.MKTP.KD,2005,176048759.302531
Sao Tome and Principe,STP,NY.GDP.MKTP.KD,2006,191657434.828232
Sao Tome and Principe,STP,NY.GDP.MKTP.KD,2007,198636586.369116
Sao Tome and Principe,STP,NY.GDP.MKTP.KD,2008,211009232.403659
Sao Tome and Principe,STP,NY.GDP.MKTP.KD,2009,217977600.590737
Sao Tome and Principe,STP,NY.GDP.MKTP.KD,2010,221134908.544338
Sao Tome and Principe,STP,NY.GDP.MKTP.KD,2011,225556350.897449
Sao Tome and Principe,STP,NY.GDP.MKTP.KD,2012,232194345.227845
Sao Tome and Principe,STP,NY.GDP.MKTP.KD,2013,244081946.538405
Sao Tome and Principe,STP,NY.GDP.MKTP.KD,2014,256057120.595489
Sao Tome and Principe,STP,NY.GDP.MKTP.KD,2015,259999643.047388
Sao Tome and Principe,STP,NY.GDP.MKTP.KD,2016,273459368.754364
Sao Tome and Principe,STP,NY.GDP.MKTP.KD,2017,284706696.977306
Sao Tome and Principe,STP,NY.GDP.MKTP.KD,2018,297171520.830854
Sao Tome and Principe,STP,NY.GDP.MKTP.KD,2019,303157496.465873
Sao Tome and Principe,STP,NY.GDP.MKTP.KD,2020,311114954.79799
Sao Tome and Principe,STP,NY.GDP.MKTP.KD,2021,317023957.753826
Sao Tome and Principe,STP,NY.GDP.MKTP.KD,2022,317558772.390522
Sao Tome and Principe,STP,NY.GDP.MKTP.KD,2023,318740893.733006
Sao Tome and Principe,STP,NY.GDP.MKTP.KD,2024,323454716.185587
Sao Tome and Principe,STP,NY.GDP.MKTP.KD,2025,326781365.560781
Suriname,SUR,NY.GDP.MKTP.KD,1960,1039858389.18455
Suriname,SUR,NY.GDP.MKTP.KD,1961,1089771591.7296
Suriname,SUR,NY.GDP.MKTP.KD,1962,1132272683.87584
Suriname,SUR,NY.GDP.MKTP.KD,1963,1195679954.17757
Suriname,SUR,NY.GDP.MKTP.KD,1964,1273399151.27813
Suriname,SUR,NY.GDP.MKTP.KD,1965,1426207049.44322
Suriname,SUR,NY.GDP.MKTP.KD,1966,1700038802.72792
Suriname,SUR,NY.GDP.MKTP.KD,1967,1905743497.97625
Suriname,SUR,NY.GDP.MKTP.KD,1968,2050580003.84585
Suriname,SUR,NY.GDP.MKTP.KD,1969,2142856103.91648
Suriname,SUR,NY.GDP.MKTP.KD,1970,2200713218.75969
Suriname,SUR,NY.GDP.MKTP.KD,1971,2286541034.28868
Suriname,SUR,NY.GDP.MKTP.KD,1972,2272821788.01739
Suriname,SUR,NY.GDP.MKTP.KD,1973,2231910996.00868
Suriname,SUR,NY.GDP.MKTP.KD,1974,2240838639.82062
Suriname,SUR,NY.GDP.MKTP.KD,1975,2303582121.69931
Suriname,SUR,NY.GDP.MKTP.KD,1976,2506297348.55636
Suriname,SUR,NY.GDP.MKTP.KD,1977,2761939678.05467
Suriname,SUR,NY.GDP.MKTP.KD,1978,2944227696.75827
Suriname,SUR,NY.GDP.MKTP.KD,1979,2926562330.77441
Suriname,SUR,NY.GDP.MKTP.KD,1980,2669024845.55855
Suriname,SUR,NY.GDP.MKTP.KD,1981,2858525609.60726
Suriname,SUR,NY.GDP.MKTP.KD,1982,2738467534.00317
Suriname,SUR,NY.GDP.MKTP.KD,1983,2631667300.03246
Suriname,SUR,NY.GDP.MKTP.KD,1984,2581665621.49604
Suriname,SUR,NY.GDP.MKTP.KD,1985,2633298934.01962
Suriname,SUR,NY.GDP.MKTP.KD,1986,2654365325.33021
Suriname,SUR,NY.GDP.MKTP.KD,1987,2489794675.33711
Suriname,SUR,NY.GDP.MKTP.KD,1988,2683998659.80501
Suriname,SUR,NY.GDP.MKTP.KD,1989,2796726603.44131
Suriname,SUR,NY.GDP.MKTP.KD,1990,2670873906.35377
Suriname,SUR,NY.GDP.MKTP.KD,1991,2742987478.73293
Suriname,SUR,NY.GDP.MKTP.KD,1992,2753959428.88201
Suriname,SUR,NY.GDP.MKTP.KD,1993,2569444198.10301
Suriname,SUR,NY.GDP.MKTP.KD,1994,2656805272.5068
Suriname,SUR,NY.GDP.MKTP.KD,1995,2656805272.5068
Suriname,SUR,NY.GDP.MKTP.KD,1996,2683373357.71967
Suriname,SUR,NY.GDP.MKTP.KD,1997,2836325576.94385
Suriname,SUR,NY.GDP.MKTP.KD,1998,2901561112.04282
Suriname,SUR,NY.GDP.MKTP.KD,1999,2860939242.8352
Suriname,SUR,NY.GDP.MKTP.KD,2000,2921018934.53474
Suriname,SUR,NY.GDP.MKTP.KD,2001,3043701742.07788
Suriname,SUR,NY.GDP.MKTP.KD,2002,3128925411.81216
Suriname,SUR,NY.GDP.MKTP.KD,2003,3326047695.01974
Suriname,SUR,NY.GDP.MKTP.KD,2004,3608761755.24276
Suriname,SUR,NY.GDP.MKTP.KD,2005,3771156041.83844
Suriname,SUR,NY.GDP.MKTP.KD,2006,3989639610.76687
Suriname,SUR,NY.GDP.MKTP.KD,2007,4193569551.84687
Suriname,SUR,NY.GDP.MKTP.KD,2008,4367326198.30964
Suriname,SUR,NY.GDP.MKTP.KD,2009,4498944263.51763
Suriname,SUR,NY.GDP.MKTP.KD,2010,4731486826.19641
Suriname,SUR,NY.GDP.MKTP.KD,2011,5008248887.00011
Suriname,SUR,NY.GDP.MKTP.KD,2012,5142988298.24504
Suriname,SUR,NY.GDP.MKTP.KD,2013,5293854859.13611
Suriname,SUR,NY.GDP.MKTP.KD,2014,5307380818.79212
Suriname,SUR,NY.GDP.MKTP.KD,2015,5126237646.22072
Suriname,SUR,NY.GDP.MKTP.KD,2016,4874454256.1508
Suriname,SUR,NY.GDP.MKTP.KD,2017,4950790053.58146
Suriname,SUR,NY.GDP.MKTP.KD,2018,5195768566.26648
Suriname,SUR,NY.GDP.MKTP.KD,2019,5256433828.6406
Suriname,SUR,NY.GDP.MKTP.KD,2020,4416708447.1504
Suriname,SUR,NY.GDP.MKTP.KD,2021,4309144555.20541
Suriname,SUR,NY.GDP.MKTP.KD,2022,4412832154.84564
Suriname,SUR,NY.GDP.MKTP.KD,2023,4519472310.29538
Suriname,SUR,NY.GDP.MKTP.KD,2024,4597250507.58532
Suriname,SUR,NY.GDP.MKTP.KD,2025,4679619055.64692
Slovak Republic,SVK,NY.GDP.MKTP.KD,1990,45559569012.8021
Slovak Republic,SVK,NY.GDP.MKTP.KD,1991,38919807326.2816
Slovak Republic,SVK,NY.GDP.MKTP.KD,1992,36303816917.8241
Slovak Republic,SVK,NY.GDP.MKTP.KD,1993,36994071827.2028
Slovak Republic,SVK,NY.GDP.MKTP.KD,1994,39289750244.661
Slovak Republic,SVK,NY.GDP.MKTP.KD,1995,41585644560.5088
Slovak Republic,SVK,NY.GDP.MKTP.KD,1996,44130510842.8744
Slovak Republic,SVK,NY.GDP.MKTP.KD,1997,46551440140.7428
Slovak Republic,SVK,NY.GDP.MKTP.KD,1998,48332548393.0038
Slovak Republic,SVK,NY.GDP.MKTP.KD,1999,48103809189.8384
Slovak Republic,SVK,NY.GDP.MKTP.KD,2000,48483456226.779
Slovak Republic,SVK,NY.GDP.MKTP.KD,2001,49901675269.4696
Slovak Republic,SVK,NY.GDP.MKTP.KD,2002,52105958758.2435
Slovak Republic,SVK,NY.GDP.MKTP.KD,2003,54636588083.9574
Slovak Republic,SVK,NY.GDP.MKTP.KD,2004,57581226217.4214
Slovak Republic,SVK,NY.GDP.MKTP.KD,2005,61315329710.646
Slovak Republic,SVK,NY.GDP.MKTP.KD,2006,66788144152.8851
Slovak Republic,SVK,NY.GDP.MKTP.KD,2007,74013706023.7143
Slovak Republic,SVK,NY.GDP.MKTP.KD,2008,77983340266.5833
Slovak Republic,SVK,NY.GDP.MKTP.KD,2009,73690093871.6194
Slovak Republic,SVK,NY.GDP.MKTP.KD,2010,78694079820.7688
Slovak Republic,SVK,NY.GDP.MKTP.KD,2011,80710556384.8384
Slovak Republic,SVK,NY.GDP.MKTP.KD,2012,81977043067.5237
Slovak Republic,SVK,NY.GDP.MKTP.KD,2013,82553606913.1151
Slovak Republic,SVK,NY.GDP.MKTP.KD,2014,84789118561.7889
Slovak Republic,SVK,NY.GDP.MKTP.KD,2015,89178548717.3324
Slovak Republic,SVK,NY.GDP.MKTP.KD,2016,90915584911.6973
Slovak Republic,SVK,NY.GDP.MKTP.KD,2017,93529165482.8938
Slovak Republic,SVK,NY.GDP.MKTP.KD,2018,97328432250.4869
Slovak Republic,SVK,NY.GDP.MKTP.KD,2019,99543529164.3085
Slovak Republic,SVK,NY.GDP.MKTP.KD,2020,96969818857.1148
Slovak Republic,SVK,NY.GDP.MKTP.KD,2021,102454294896.646
Slovak Republic,SVK,NY.GDP.MKTP.KD,2022,103012252413.418
Slovak Republic,SVK,NY.GDP.MKTP.KD,2023,105188526684.47
Slovak Republic,SVK,NY.GDP.MKTP.KD,2024,107227789781.413
Slovak Republic,SVK,NY.GDP.MKTP.KD,2025,108093566997.137
Slovenia,SVN,NY.GDP.MKTP.KD,1990,27206131640.8496
Slovenia,SVN,NY.GDP.MKTP.KD,1991,24784756707.8199
Slovenia,SVN,NY.GDP.MKTP.KD,1992,23430592692.7454
Slovenia,SVN,NY.GDP.MKTP.KD,1993,24096822864.4667
Slovenia,SVN,NY.GDP.MKTP.KD,1994,25380577956.4315
Slovenia,SVN,NY.GDP.MKTP.KD,1995,26422998604.2834
Slovenia,SVN,NY.GDP.MKTP.KD,1996,27192863782.3938
Slovenia,SVN,NY.GDP.MKTP.KD,1997,28599098754.7261
Slovenia,SVN,NY.GDP.MKTP.KD,1998,29475325366.1332
Slovenia,SVN,NY.GDP.MKTP.KD,1999,31028087570.9532
Slovenia,SVN,NY.GDP.MKTP.KD,2000,32113425072.0193
Slovenia,SVN,NY.GDP.MKTP.KD,2001,33021812643.9619
Slovenia,SVN,NY.GDP.MKTP.KD,2002,34105781287.8601
Slovenia,SVN,NY.GDP.MKTP.KD,2003,35195471631.5843
Slovenia,SVN,NY.GDP.MKTP.KD,2004,36795465565.4736
Slovenia,SVN,NY.GDP.MKTP.KD,2005,38213609800.3921
Slovenia,SVN,NY.GDP.MKTP.KD,2006,40471568430.3753
Slovenia,SVN,NY.GDP.MKTP.KD,2007,43360927307.906
Slovenia,SVN,NY.GDP.MKTP.KD,2008,44823161262.4126
Slovenia,SVN,NY.GDP.MKTP.KD,2009,41420820595.9101
Slovenia,SVN,NY.GDP.MKTP.KD,2010,41881476947.431
Slovenia,SVN,NY.GDP.MKTP.KD,2011,42155984116.073
Slovenia,SVN,NY.GDP.MKTP.KD,2012,40926910455.6051
Slovenia,SVN,NY.GDP.MKTP.KD,2013,40589764218.782
Slovenia,SVN,NY.GDP.MKTP.KD,2014,41711191731.4298
Slovenia,SVN,NY.GDP.MKTP.KD,2015,42709468274.8137
Slovenia,SVN,NY.GDP.MKTP.KD,2016,44005450729.606
Slovenia,SVN,NY.GDP.MKTP.KD,2017,46282469720.8281
Slovenia,SVN,NY.GDP.MKTP.KD,2018,48309217703.4135
Slovenia,SVN,NY.GDP.MKTP.KD,2019,50002578162.6734
Slovenia,SVN,NY.GDP.MKTP.KD,2020,47959972369.9892
Slovenia,SVN,NY.GDP.MKTP.KD,2021,51996698295.6593
Slovenia,SVN,NY.GDP.MKTP.KD,2022,53384233078.3164
Slovenia,SVN,NY.GDP.MKTP.KD,2023,54652553125.6646
Slovenia,SVN,NY.GDP.MKTP.KD,2024,55598805913.7619
Slovenia,SVN,NY.GDP.MKTP.KD,2025,56188114316.4633
Sweden,SWE,NY.GDP.MKTP.KD,1960,125834712614.541
Sweden,SWE,NY.GDP.MKTP.KD,1961,132983751117.043
Sweden,SWE,NY.GDP.MKTP.KD,1962,138647591837.048
Sweden,SWE,NY.GDP.MKTP.KD,1963,146034643797.803
Sweden,SWE,NY.GDP.MKTP.KD,1964,155995907021.394
Sweden,SWE,NY.GDP.MKTP.KD,1965,161957302442.495
Sweden,SWE,NY.GDP.MKTP.KD,1966,165343577415.436
Sweden,SWE,NY.GDP.MKTP.KD,1967,170908031395.295
Sweden,SWE,NY.GDP.MKTP.KD,1968,177126529754.472
Sweden,SWE,NY.GDP.MKTP.KD,1969,185998930797.591
Sweden,SWE,NY.GDP.MKTP.KD,1970,198039895153.403
Sweden,SWE,NY.GDP.MKTP.KD,1971,199910671533.143
Sweden,SWE,NY.GDP.MKTP.KD,1972,204486104612.027
Sweden,SWE,NY.GDP.MKTP.KD,1973,212600074709.457
Sweden,SWE,NY.GDP.MKTP.KD,1974,219399440984.236
Sweden,SWE,NY.GDP.MKTP.KD,1975,225000407386.083
Sweden,SWE,NY.GDP.MKTP.KD,1976,227381147701.208
Sweden,SWE,NY.GDP.MKTP.KD,1977,223751556630.806
Sweden,SWE,NY.GDP.MKTP.KD,1978,227670672633.622
Sweden,SWE,NY.GDP.MKTP.KD,1979,236413234399.524
Sweden,SWE,NY.GDP.MKTP.KD,1980,240432191895.085
Sweden,SWE,NY.GDP.MKTP.KD,1981,241525750662.298
Sweden,SWE,NY.GDP.MKTP.KD,1982,244541597390.036
Sweden,SWE,NY.GDP.MKTP.KD,1983,249189449580.302
Sweden,SWE,NY.GDP.MKTP.KD,1984,259729005209.761
Sweden,SWE,NY.GDP.MKTP.KD,1985,265340122457.298
Sweden,SWE,NY.GDP.MKTP.KD,1986,272481282704.234
Sweden,SWE,NY.GDP.MKTP.KD,1987,281619877045.928
Sweden,SWE,NY.GDP.MKTP.KD,1988,288826638633.873
Sweden,SWE,NY.GDP.MKTP.KD,1989,296494428192.776
Sweden,SWE,NY.GDP.MKTP.KD,1990,298731996822.795
Sweden,SWE,NY.GDP.MKTP.KD,1991,295308603268.775
Sweden,SWE,NY.GDP.MKTP.KD,1992,291887179172.021
Sweden,SWE,NY.GDP.MKTP.KD,1993,285857909819.787
Sweden,SWE,NY.GDP.MKTP.KD,1994,297337294167.624
Sweden,SWE,NY.GDP.MKTP.KD,1995,309511442391.393
Sweden,SWE,NY.GDP.MKTP.KD,1996,314787745399.443
Sweden,SWE,NY.GDP.MKTP.KD,1997,324435964184.782
Sweden,SWE,NY.GDP.MKTP.KD,1998,338210969503.89
Sweden,SWE,NY.GDP.MKTP.KD,1999,352419615811.858
Sweden,SWE,NY.GDP.MKTP.KD,2000,368740595935.982
Sweden,SWE,NY.GDP.MKTP.KD,2001,373758441664.22
Sweden,SWE,NY.GDP.MKTP.KD,2002,382271644878.765
Sweden,SWE,NY.GDP.MKTP.KD,2003,389462280395.789
Sweden,SWE,NY.GDP.MKTP.KD,2004,405740184306.611
Sweden,SWE,NY.GDP.MKTP.KD,2005,417073066879.505
Sweden,SWE,NY.GDP.MKTP.KD,2006,436575715827.722
Sweden,SWE,NY.GDP.MKTP.KD,2007,450654706998.622
Sweden,SWE,NY.GDP.MKTP.KD,2008,446494653686.263
Sweden,SWE,NY.GDP.MKTP.KD,2009,427493565399.86
Sweden,SWE,NY.GDP.MKTP.KD,2010,452077714777.655
Sweden,SWE,NY.GDP.MKTP.KD,2011,466380936831.165
Sweden,SWE,NY.GDP.MKTP.KD,2012,464448264944.252
Sweden,SWE,NY.GDP.MKTP.KD,2013,469732138276.917
Sweden,SWE,NY.GDP.MKTP.KD,2014,480516119003.081
Sweden,SWE,NY.GDP.MKTP.KD,2015,501602351911.6
Sweden,SWE,NY.GDP.MKTP.KD,2016,512292396637.964
Sweden,SWE,NY.GDP.MKTP.KD,2017,521937949816.044
Sweden,SWE,NY.GDP.MKTP.KD,2018,531177584320.755
Sweden,SWE,NY.GDP.MKTP.KD,2019,545031918111.884
Sweden,SWE,NY.GDP.MKTP.KD,2020,534492107010.626
Sweden,SWE,NY.GDP.MKTP.KD,2021,562423939232.591
Sweden,SWE,NY.GDP.MKTP.KD,2022,569484812988.256
Sweden,SWE,NY.GDP.MKTP.KD,2023,568322714847.714
Sweden,SWE,NY.GDP.MKTP.KD,2024,574107082599.29
Sweden,SWE,NY.GDP.MKTP.KD,2025,582966494884.607
Eswatini,SWZ,NY.GDP.MKTP.KD,1970,399193833.213165
Eswatini,SWZ,NY.GDP.MKTP.KD,1971,454057571.525347
Eswatini,SWZ,NY.GDP.MKTP.KD,1972,478686990.417508
Eswatini,SWZ,NY.GDP.MKTP.KD,1973,521858208.31233
Eswatini,SWZ,NY.GDP.MKTP.KD,1974,551831066.168178
Eswatini,SWZ,NY.GDP.MKTP.KD,1975,628582181.569069
Eswatini,SWZ,NY.GDP.MKTP.KD,1976,615259773.424769
Eswatini,SWZ,NY.GDP.MKTP.KD,1977,621471392.462255
Eswatini,SWZ,NY.GDP.MKTP.KD,1978,629719117.850539
Eswatini,SWZ,NY.GDP.MKTP.KD,1979,649284144.81932
Eswatini,SWZ,NY.GDP.MKTP.KD,1980,730113866.750266
Eswatini,SWZ,NY.GDP.MKTP.KD,1981,837013058.322959
Eswatini,SWZ,NY.GDP.MKTP.KD,1982,846827604.5942
Eswatini,SWZ,NY.GDP.MKTP.KD,1983,857009477.77926
Eswatini,SWZ,NY.GDP.MKTP.KD,1984,909816302.871614
Eswatini,SWZ,NY.GDP.MKTP.KD,1985,944320319.106919
Eswatini,SWZ,NY.GDP.MKTP.KD,1986,1060136277.26995
Eswatini,SWZ,NY.GDP.MKTP.KD,1987,1214986039.24225
Eswatini,SWZ,NY.GDP.MKTP.KD,1988,1294808454.13369
Eswatini,SWZ,NY.GDP.MKTP.KD,1989,1461982521.19049
Eswatini,SWZ,NY.GDP.MKTP.KD,1990,1769262015.33258
Eswatini,SWZ,NY.GDP.MKTP.KD,1991,1800407693.90058
Eswatini,SWZ,NY.GDP.MKTP.KD,1992,1858492561.84436
Eswatini,SWZ,NY.GDP.MKTP.KD,1993,1916219458.99594
Eswatini,SWZ,NY.GDP.MKTP.KD,1994,1962221980.0192
Eswatini,SWZ,NY.GDP.MKTP.KD,1995,2056911965.8875
Eswatini,SWZ,NY.GDP.MKTP.KD,1996,2135939630.98633
Eswatini,SWZ,NY.GDP.MKTP.KD,1997,2202213676.64425
Eswatini,SWZ,NY.GDP.MKTP.KD,1998,2259560192.01763
Eswatini,SWZ,NY.GDP.MKTP.KD,1999,2326236997.19888
Eswatini,SWZ,NY.GDP.MKTP.KD,2000,2367182799.34336
Eswatini,SWZ,NY.GDP.MKTP.KD,2001,2400612484.65221
Eswatini,SWZ,NY.GDP.MKTP.KD,2002,2498765077.55051
Eswatini,SWZ,NY.GDP.MKTP.KD,2003,2612175410.09597
Eswatini,SWZ,NY.GDP.MKTP.KD,2004,2706660911.50653
Eswatini,SWZ,NY.GDP.MKTP.KD,2005,2868851690.22305
Eswatini,SWZ,NY.GDP.MKTP.KD,2006,3061891254.30998
Eswatini,SWZ,NY.GDP.MKTP.KD,2007,3194095189.73391
Eswatini,SWZ,NY.GDP.MKTP.KD,2008,3240107842.57048
Eswatini,SWZ,NY.GDP.MKTP.KD,2009,3286542195.57087
Eswatini,SWZ,NY.GDP.MKTP.KD,2010,3412233861.45679
Eswatini,SWZ,NY.GDP.MKTP.KD,2011,3475009965.0534
Eswatini,SWZ,NY.GDP.MKTP.KD,2012,3617154618.7404
Eswatini,SWZ,NY.GDP.MKTP.KD,2013,3765262097.18702
Eswatini,SWZ,NY.GDP.MKTP.KD,2014,3842727914.01316
Eswatini,SWZ,NY.GDP.MKTP.KD,2015,3908217914.21824
Eswatini,SWZ,NY.GDP.MKTP.KD,2016,4023477834.54531
Eswatini,SWZ,NY.GDP.MKTP.KD,2017,4165142616.56823
Eswatini,SWZ,NY.GDP.MKTP.KD,2018,4167866438.89669
Eswatini,SWZ,NY.GDP.MKTP.KD,2019,4435938143.62829
Eswatini,SWZ,NY.GDP.MKTP.KD,2020,4304996589.59367
Eswatini,SWZ,NY.GDP.MKTP.KD,2021,4487365678.93282
Eswatini,SWZ,NY.GDP.MKTP.KD,2022,4504690089.10423
Eswatini,SWZ,NY.GDP.MKTP.KD,2023,4663821718.37207
Eswatini,SWZ,NY.GDP.MKTP.KD,2024,4805211286.04111
Eswatini,SWZ,NY.GDP.MKTP.KD,2025,5006737885.86805
Sint Maarten (Dutch part),SXM,NY.GDP.MKTP.KD,2009,1257551799.47476
Sint Maarten (Dutch part),SXM,NY.GDP.MKTP.KD,2010,1297793365.1585
Sint Maarten (Dutch part),SXM,NY.GDP.MKTP.KD,2011,1357491904.26446
Sint Maarten (Dutch part),SXM,NY.GDP.MKTP.KD,2012,1376368434.1966
Sint Maarten (Dutch part),SXM,NY.GDP.MKTP.KD,2013,1394353867.67664
Sint Maarten (Dutch part),SXM,NY.GDP.MKTP.KD,2014,1416389988.22102
Sint Maarten (Dutch part),SXM,NY.GDP.MKTP.KD,2015,1417888715.0838
Sint Maarten (Dutch part),SXM,NY.GDP.MKTP.KD,2016,1431610451.70303
Sint Maarten (Dutch part),SXM,NY.GDP.MKTP.KD,2017,1323735540.53767
Sint Maarten (Dutch part),SXM,NY.GDP.MKTP.KD,2018,1232967219.66025
Sint Maarten (Dutch part),SXM,NY.GDP.MKTP.KD,2019,1368162086.82719
Sint Maarten (Dutch part),SXM,NY.GDP.MKTP.KD,2020,1185966832.34776
Sint Maarten (Dutch part),SXM,NY.GDP.MKTP.KD,2021,1240255611.86927
Sint Maarten (Dutch part),SXM,NY.GDP.MKTP.KD,2022,1412651157.56389
Sint Maarten (Dutch part),SXM,NY.GDP.MKTP.KD,2023,1466331869.0583
Sint Maarten (Dutch part),SXM,NY.GDP.MKTP.KD,2024,1510321838.25854
Sint Maarten (Dutch part),SXM,NY.GDP.MKTP.KD,2025,1561672780.75933
Seychelles,SYC,NY.GDP.MKTP.KD,1960,132183659.739565
Seychelles,SYC,NY.GDP.MKTP.KD,1961,125730088.176742
Seychelles,SYC,NY.GDP.MKTP.KD,1962,136302204.82927
Seychelles,SYC,NY.GDP.MKTP.KD,1963,150117255.121941
Seychelles,SYC,NY.GDP.MKTP.KD,1964,159003065.394021
Seychelles,SYC,NY.GDP.MKTP.KD,1965,157316724.88424
Seychelles,SYC,NY.GDP.MKTP.KD,1966,179178255.41322
Seychelles,SYC,NY.GDP.MKTP.KD,1967,180082638.782421
Seychelles,SYC,NY.GDP.MKTP.KD,1968,193684704.863561
Seychelles,SYC,NY.GDP.MKTP.KD,1969,193684704.863561
Seychelles,SYC,NY.GDP.MKTP.KD,1970,210868159.822469
Seychelles,SYC,NY.GDP.MKTP.KD,1971,244294507.642715
Seychelles,SYC,NY.GDP.MKTP.KD,1972,259705357.489746
Seychelles,SYC,NY.GDP.MKTP.KD,1973,283219564.440439
Seychelles,SYC,NY.GDP.MKTP.KD,1974,286909489.57767
Seychelles,SYC,NY.GDP.MKTP.KD,1975,296025766.309996
Seychelles,SYC,NY.GDP.MKTP.KD,1976,344211797.726032
Seychelles,SYC,NY.GDP.MKTP.KD,1977,322904306.721377
Seychelles,SYC,NY.GDP.MKTP.KD,1978,391204032.824694
Seychelles,SYC,NY.GDP.MKTP.KD,1979,452992130.247515
Seychelles,SYC,NY.GDP.MKTP.KD,1980,429886464.866273
Seychelles,SYC,NY.GDP.MKTP.KD,1981,413220699.015675
Seychelles,SYC,NY.GDP.MKTP.KD,1982,404662590.787714
Seychelles,SYC,NY.GDP.MKTP.KD,1983,402168917.272196
Seychelles,SYC,NY.GDP.MKTP.KD,1984,419484794.190246
Seychelles,SYC,NY.GDP.MKTP.KD,1985,462665475.16642
Seychelles,SYC,NY.GDP.MKTP.KD,1986,466190739.137488
Seychelles,SYC,NY.GDP.MKTP.KD,1987,488915450.900807
Seychelles,SYC,NY.GDP.MKTP.KD,1988,514957094.274002
Seychelles,SYC,NY.GDP.MKTP.KD,1989,567923802.361715
Seychelles,SYC,NY.GDP.MKTP.KD,1990,610261194.745671
Seychelles,SYC,NY.GDP.MKTP.KD,1991,627107005.020014
Seychelles,SYC,NY.GDP.MKTP.KD,1992,672089666.127958
Seychelles,SYC,NY.GDP.MKTP.KD,1993,721174866.337827
Seychelles,SYC,NY.GDP.MKTP.KD,1994,703602944.474698
Seychelles,SYC,NY.GDP.MKTP.KD,1995,707015676.972428
Seychelles,SYC,NY.GDP.MKTP.KD,1996,777702722.229699
Seychelles,SYC,NY.GDP.MKTP.KD,1997,872533006.069359
Seychelles,SYC,NY.GDP.MKTP.KD,1998,894062242.634693
Seychelles,SYC,NY.GDP.MKTP.KD,1999,910799133.493907
Seychelles,SYC,NY.GDP.MKTP.KD,2000,949537227.205275
Seychelles,SYC,NY.GDP.MKTP.KD,2001,927971690.1167
Seychelles,SYC,NY.GDP.MKTP.KD,2002,939226436.101185
Seychelles,SYC,NY.GDP.MKTP.KD,2003,883932969.017981
Seychelles,SYC,NY.GDP.MKTP.KD,2004,858736866.549886
Seychelles,SYC,NY.GDP.MKTP.KD,2005,936072662.702788
Seychelles,SYC,NY.GDP.MKTP.KD,2006,1024120860.74662
Seychelles,SYC,NY.GDP.MKTP.KD,2007,1115022508.93326
Seychelles,SYC,NY.GDP.MKTP.KD,2008,1084627594.53557
Seychelles,SYC,NY.GDP.MKTP.KD,2009,1057735598.8393
Seychelles,SYC,NY.GDP.MKTP.KD,2010,1105387984.2341
Seychelles,SYC,NY.GDP.MKTP.KD,2011,1210507986.73155
Seychelles,SYC,NY.GDP.MKTP.KD,2012,1248162998.34204
Seychelles,SYC,NY.GDP.MKTP.KD,2013,1263811654.24036
Seychelles,SYC,NY.GDP.MKTP.KD,2014,1315169064.95728
Seychelles,SYC,NY.GDP.MKTP.KD,2015,1432403352.12944
Seychelles,SYC,NY.GDP.MKTP.KD,2016,1605975218.58763
Seychelles,SYC,NY.GDP.MKTP.KD,2017,1717657339.98638
Seychelles,SYC,NY.GDP.MKTP.KD,2018,1802500555.76177
Seychelles,SYC,NY.GDP.MKTP.KD,2019,1901895701.03715
Seychelles,SYC,NY.GDP.MKTP.KD,2020,1678615792.63838
Seychelles,SYC,NY.GDP.MKTP.KD,2021,1687886479.31967
Seychelles,SYC,NY.GDP.MKTP.KD,2022,1854657827.16819
Seychelles,SYC,NY.GDP.MKTP.KD,2023,1950725578.14848
Seychelles,SYC,NY.GDP.MKTP.KD,2024,2016010009.5422
Seychelles,SYC,NY.GDP.MKTP.KD,2025,2132897396.95785
Syrian Arab Republic,SYR,NY.GDP.MKTP.KD,1960,2416809459.5719
Syrian Arab Republic,SYR,NY.GDP.MKTP.KD,1961,2678623972.66858
Syrian Arab Republic,SYR,NY.GDP.MKTP.KD,1962,3335457317.12131
Syrian Arab Republic,SYR,NY.GDP.MKTP.KD,1963,3046848645.11119
Syrian Arab Republic,SYR,NY.GDP.MKTP.KD,1964,3329333067.50309
Syrian Arab Republic,SYR,NY.GDP.MKTP.KD,1965,3405886882.28154
Syrian Arab Republic,SYR,NY.GDP.MKTP.KD,1966,3145027774.76421
Syrian Arab Republic,SYR,NY.GDP.MKTP.KD,1967,3404734187.56585
Syrian Arab Republic,SYR,NY.GDP.MKTP.KD,1968,3531699456.73388
Syrian Arab Republic,SYR,NY.GDP.MKTP.KD,1969,4194525816.31044
Syrian Arab Republic,SYR,NY.GDP.MKTP.KD,1970,4119156358.57562
Syrian Arab Republic,SYR,NY.GDP.MKTP.KD,1971,4488060363.59913
Syrian Arab Republic,SYR,NY.GDP.MKTP.KD,1972,5639728751.47333
Syrian Arab Republic,SYR,NY.GDP.MKTP.KD,1973,5049257331.96814
Syrian Arab Republic,SYR,NY.GDP.MKTP.KD,1974,6351752284.1667
Syrian Arab Republic,SYR,NY.GDP.MKTP.KD,1975,7390363889.77066
Syrian Arab Republic,SYR,NY.GDP.MKTP.KD,1976,8296012086.33179
Syrian Arab Republic,SYR,NY.GDP.MKTP.KD,1977,8146723865.7142
Syrian Arab Republic,SYR,NY.GDP.MKTP.KD,1978,8956719228.20998
Syrian Arab Republic,SYR,NY.GDP.MKTP.KD,1979,9036253893.88506
Syrian Arab Republic,SYR,NY.GDP.MKTP.KD,1980,10347244177.0016
Syrian Arab Republic,SYR,NY.GDP.MKTP.KD,1981,11149708543.4403
Syrian Arab Republic,SYR,NY.GDP.MKTP.KD,1982,11460683575.745
Syrian Arab Republic,SYR,NY.GDP.MKTP.KD,1983,11726610393.8307
Syrian Arab Republic,SYR,NY.GDP.MKTP.KD,1984,10834141440.3693
Syrian Arab Republic,SYR,NY.GDP.MKTP.KD,1985,11847221132.5117
Syrian Arab Republic,SYR,NY.GDP.MKTP.KD,1986,10905020052.6496
Syrian Arab Republic,SYR,NY.GDP.MKTP.KD,1987,11088473279.7696
Syrian Arab Republic,SYR,NY.GDP.MKTP.KD,1988,13085633737.1643
Syrian Arab Republic,SYR,NY.GDP.MKTP.KD,1989,11299800376.4421
Syrian Arab Republic,SYR,NY.GDP.MKTP.KD,1990,11722362728.3717
Syrian Arab Republic,SYR,NY.GDP.MKTP.KD,1991,12621053937.7216
Syrian Arab Republic,SYR,NY.GDP.MKTP.KD,1992,14258356769.5027
Syrian Arab Republic,SYR,NY.GDP.MKTP.KD,1993,15135373404.835
Syrian Arab Republic,SYR,NY.GDP.MKTP.KD,1994,16227092308.8531
Syrian Arab Republic,SYR,NY.GDP.MKTP.KD,1995,17367303480.1649
Syrian Arab Republic,SYR,NY.GDP.MKTP.KD,1996,19073739937.3351
Syrian Arab Republic,SYR,NY.GDP.MKTP.KD,1997,20031967344.1722
Syrian Arab Republic,SYR,NY.GDP.MKTP.KD,1998,21391197330.6904
Syrian Arab Republic,SYR,NY.GDP.MKTP.KD,1999,20631071856.7183
Syrian Arab Republic,SYR,NY.GDP.MKTP.KD,2000,20770464164.8342
Syrian Arab Republic,SYR,NY.GDP.MKTP.KD,2001,21558371666.9433
Syrian Arab Republic,SYR,NY.GDP.MKTP.KD,2002,23252547295.167
Syrian Arab Republic,SYR,NY.GDP.MKTP.KD,2003,23389919092.1457
Syrian Arab Republic,SYR,NY.GDP.MKTP.KD,2004,25004416047.1727
Syrian Arab Republic,SYR,NY.GDP.MKTP.KD,2005,26558566638.7706
Syrian Arab Republic,SYR,NY.GDP.MKTP.KD,2006,27898712655.2553
Syrian Arab Republic,SYR,NY.GDP.MKTP.KD,2007,29481891562.6198
Syrian Arab Republic,SYR,NY.GDP.MKTP.KD,2008,30801684271.5309
Syrian Arab Republic,SYR,NY.GDP.MKTP.KD,2009,32622770589.0401
Syrian Arab Republic,SYR,NY.GDP.MKTP.KD,2010,34316384709.2057
Syrian Arab Republic,SYR,NY.GDP.MKTP.KD,2011,35294477374.6878
Syrian Arab Republic,SYR,NY.GDP.MKTP.KD,2012,25998298625.553
Syrian Arab Republic,SYR,NY.GDP.MKTP.KD,2013,19160679076.5945
Syrian Arab Republic,SYR,NY.GDP.MKTP.KD,2014,17185147685.8779
Syrian Arab Republic,SYR,NY.GDP.MKTP.KD,2015,16466861435.0236
Syrian Arab Republic,SYR,NY.GDP.MKTP.KD,2016,15412046167.2679
Syrian Arab Republic,SYR,NY.GDP.MKTP.KD,2017,15300563702.0073
Syrian Arab Republic,SYR,NY.GDP.MKTP.KD,2018,15513736241.5028
Syrian Arab Republic,SYR,NY.GDP.MKTP.KD,2019,15703116792.1143
Syrian Arab Republic,SYR,NY.GDP.MKTP.KD,2020,15853068144.9249
Syrian Arab Republic,SYR,NY.GDP.MKTP.KD,2021,16136789237.2306
Syrian Arab Republic,SYR,NY.GDP.MKTP.KD,2022,16104116653.7273
Turks and Caicos Islands,TCA,NY.GDP.MKTP.KD,2007,984236608.008882
Turks and Caicos Islands,TCA,NY.GDP.MKTP.KD,2008,1065651608.31914
Turks and Caicos Islands,TCA,NY.GDP.MKTP.KD,2009,857314089.296143
Turks and Caicos Islands,TCA,NY.GDP.MKTP.KD,2010,865757988.836841
Turks and Caicos Islands,TCA,NY.GDP.MKTP.KD,2011,905760327.445553
Turks and Caicos Islands,TCA,NY.GDP.MKTP.KD,2012,881607724.52549
Turks and Caicos Islands,TCA,NY.GDP.MKTP.KD,2013,891048689.69461
Turks and Caicos Islands,TCA,NY.GDP.MKTP.KD,2014,968670576.849373
Turks and Caicos Islands,TCA,NY.GDP.MKTP.KD,2015,1078274000.0
Turks and Caicos Islands,TCA,NY.GDP.MKTP.KD,2016,1156461656.30247
Turks and Caicos Islands,TCA,NY.GDP.MKTP.KD,2017,2019043138.35929
Turks and Caicos Islands,TCA,NY.GDP.MKTP.KD,2018,2155382023.58255
Turks and Caicos Islands,TCA,NY.GDP.MKTP.KD,2019,2262756808.26439
Turks and Caicos Islands,TCA,NY.GDP.MKTP.KD,2020,1497558135.76773
Turks and Caicos Islands,TCA,NY.GDP.MKTP.KD,2021,1941275299.16352
Turks and Caicos Islands,TCA,NY.GDP.MKTP.KD,2022,2214745146.41684
Turks and Caicos Islands,TCA,NY.GDP.MKTP.KD,2023,2518855082.81725
Turks and Caicos Islands,TCA,NY.GDP.MKTP.KD,2024,2660838540.233
Chad,TCD,NY.GDP.MKTP.KD,1960,2446244184.49017
Chad,TCD,NY.GDP.MKTP.KD,1961,2480436407.7506
Chad,TCD,NY.GDP.MKTP.KD,1962,2613390679.21443
Chad,TCD,NY.GDP.MKTP.KD,1963,2571590697.06268
Chad,TCD,NY.GDP.MKTP.KD,1964,2507019607.81102
Chad,TCD,NY.GDP.MKTP.KD,1965,2522217857.28222
Chad,TCD,NY.GDP.MKTP.KD,1966,2476639050.27365
Chad,TCD,NY.GDP.MKTP.KD,1967,2495639859.30168
Chad,TCD,NY.GDP.MKTP.KD,1968,2484229323.02411
Chad,TCD,NY.GDP.MKTP.KD,1969,2655176849.41179
Chad,TCD,NY.GDP.MKTP.KD,1970,2704554017.70899
Chad,TCD,NY.GDP.MKTP.KD,1971,2643765748.34981
Chad,TCD,NY.GDP.MKTP.KD,1972,2674158904.90251
Chad,TCD,NY.GDP.MKTP.KD,1973,2450040775.6344
Chad,TCD,NY.GDP.MKTP.KD,1974,2571608187.13347
Chad,TCD,NY.GDP.MKTP.KD,1975,2803316958.84443
Chad,TCD,NY.GDP.MKTP.KD,1976,2886877257.14841
Chad,TCD,NY.GDP.MKTP.KD,1977,2951388133.70077
Chad,TCD,NY.GDP.MKTP.KD,1978,2937527406.00338
Chad,TCD,NY.GDP.MKTP.KD,1979,2307689578.99639
Chad,TCD,NY.GDP.MKTP.KD,1980,2168128111.38822
Chad,TCD,NY.GDP.MKTP.KD,1981,2190739911.9494
Chad,TCD,NY.GDP.MKTP.KD,1982,2307870209.23448
Chad,TCD,NY.GDP.MKTP.KD,1983,2669714666.03982
Chad,TCD,NY.GDP.MKTP.KD,1984,2724414420.75421
Chad,TCD,NY.GDP.MKTP.KD,1985,3318139885.49851
Chad,TCD,NY.GDP.MKTP.KD,1986,3182704447.61443
Chad,TCD,NY.GDP.MKTP.KD,1987,3106675733.32509
Chad,TCD,NY.GDP.MKTP.KD,1988,3587662425.49946
Chad,TCD,NY.GDP.MKTP.KD,1989,3762910231.35739
Chad,TCD,NY.GDP.MKTP.KD,1990,3605678066.92775
Chad,TCD,NY.GDP.MKTP.KD,1991,3913427635.7172
Chad,TCD,NY.GDP.MKTP.KD,1992,4226558330.99315
Chad,TCD,NY.GDP.MKTP.KD,1993,3562572904.59318
Chad,TCD,NY.GDP.MKTP.KD,1994,3923706916.75521
Chad,TCD,NY.GDP.MKTP.KD,1995,3972225487.78462
Chad,TCD,NY.GDP.MKTP.KD,1996,4060189350.10006
Chad,TCD,NY.GDP.MKTP.KD,1997,4289727783.36345
Chad,TCD,NY.GDP.MKTP.KD,1998,4587931638.30455
Chad,TCD,NY.GDP.MKTP.KD,1999,4556602936.95288
Chad,TCD,NY.GDP.MKTP.KD,2000,4516519365.57037
Chad,TCD,NY.GDP.MKTP.KD,2001,5043061274.9312
Chad,TCD,NY.GDP.MKTP.KD,2002,5471278189.12254
Chad,TCD,NY.GDP.MKTP.KD,2003,6276741545.44499
Chad,TCD,NY.GDP.MKTP.KD,2004,8387570299.81684
Chad,TCD,NY.GDP.MKTP.KD,2005,9841348751.59756
Chad,TCD,NY.GDP.MKTP.KD,2006,9787927000.40809
Chad,TCD,NY.GDP.MKTP.KD,2007,10199036983.3823
Chad,TCD,NY.GDP.MKTP.KD,2008,10513288725.5389
Chad,TCD,NY.GDP.MKTP.KD,2009,10365231906.9564
Chad,TCD,NY.GDP.MKTP.KD,2010,11782555814.3112
Chad,TCD,NY.GDP.MKTP.KD,2011,12312232324.3414
Chad,TCD,NY.GDP.MKTP.KD,2012,13427942676.0601
Chad,TCD,NY.GDP.MKTP.KD,2013,13809056592.4911
Chad,TCD,NY.GDP.MKTP.KD,2014,14093914057.2841
Chad,TCD,NY.GDP.MKTP.KD,2015,14559599499.5011
Chad,TCD,NY.GDP.MKTP.KD,2016,13959379525.828
Chad,TCD,NY.GDP.MKTP.KD,2017,13733590857.5498
Chad,TCD,NY.GDP.MKTP.KD,2018,14522052213.2211
Chad,TCD,NY.GDP.MKTP.KD,2019,15303748438.7807
Chad,TCD,NY.GDP.MKTP.KD,2020,15243505756.0754
Chad,TCD,NY.GDP.MKTP.KD,2021,15288236703.0191
Chad,TCD,NY.GDP.MKTP.KD,2022,15919594857.6967
Chad,TCD,NY.GDP.MKTP.KD,2023,16556157862.2862
Chad,TCD,NY.GDP.MKTP.KD,2024,17376036158.1077
Chad,TCD,NY.GDP.MKTP.KD,2025,18347335765.9226
East Asia & Pacific (IDA & IBRD countries),TEA,NY.GDP.MKTP.KD,1960,291399182688.88
East Asia & Pacific (IDA & IBRD countries),TEA,NY.GDP.MKTP.KD,1961,252251437557.882
East Asia & Pacific (IDA & IBRD countries),TEA,NY.GDP.MKTP.KD,1962,250556604108.117
East Asia & Pacific (IDA & IBRD countries),TEA,NY.GDP.MKTP.KD,1963,266749802376.665
East Asia & Pacific (IDA & IBRD countries),TEA,NY.GDP.MKTP.KD,1964,295642602715.169
East Asia & Pacific (IDA & IBRD countries),TEA,NY.GDP.MKTP.KD,1965,327640660252.723
East Asia & Pacific (IDA & IBRD countries),TEA,NY.GDP.MKTP.KD,1966,353920843476.744
East Asia & Pacific (IDA & IBRD countries),TEA,NY.GDP.MKTP.KD,1967,348781398736.035
East Asia & Pacific (IDA & IBRD countries),TEA,NY.GDP.MKTP.KD,1968,354825232713.075
East Asia & Pacific (IDA & IBRD countries),TEA,NY.GDP.MKTP.KD,1969,395349355165.0
East Asia & Pacific (IDA & IBRD countries),TEA,NY.GDP.MKTP.KD,1970,448650050989.844
East Asia & Pacific (IDA & IBRD countries),TEA,NY.GDP.MKTP.KD,1971,479029507301.857
East Asia & Pacific (IDA & IBRD countries),TEA,NY.GDP.MKTP.KD,1972,502468669603.646
East Asia & Pacific (IDA & IBRD countries),TEA,NY.GDP.MKTP.KD,1973,543958947500.528
East Asia & Pacific (IDA & IBRD countries),TEA,NY.GDP.MKTP.KD,1974,565276098252.506
East Asia & Pacific (IDA & IBRD countries),TEA,NY.GDP.MKTP.KD,1975,603252330808.507
East Asia & Pacific (IDA & IBRD countries),TEA,NY.GDP.MKTP.KD,1976,619857111108.692
East Asia & Pacific (IDA & IBRD countries),TEA,NY.GDP.MKTP.KD,1977,666126913059.346
East Asia & Pacific (IDA & IBRD countries),TEA,NY.GDP.MKTP.KD,1978,727282178189.555
East Asia & Pacific (IDA & IBRD countries),TEA,NY.GDP.MKTP.KD,1979,778288159815.284
East Asia & Pacific (IDA & IBRD countries),TEA,NY.GDP.MKTP.KD,1980,836387019664.105
East Asia & Pacific (IDA & IBRD countries),TEA,NY.GDP.MKTP.KD,1981,882982465518.405
East Asia & Pacific (IDA & IBRD countries),TEA,NY.GDP.MKTP.KD,1982,939686973751.764
East Asia & Pacific (IDA & IBRD countries),TEA,NY.GDP.MKTP.KD,1983,1012052124031.73
East Asia & Pacific (IDA & IBRD countries),TEA,NY.GDP.MKTP.KD,1984,1113208413796.06
East Asia & Pacific (IDA & IBRD countries),TEA,NY.GDP.MKTP.KD,1985,1201430111231.1
East Asia & Pacific (IDA & IBRD countries),TEA,NY.GDP.MKTP.KD,1986,1287300670978.17
East Asia & Pacific (IDA & IBRD countries),TEA,NY.GDP.MKTP.KD,1987,1405597489763.66
East Asia & Pacific (IDA & IBRD countries),TEA,NY.GDP.MKTP.KD,1988,1542963084608.58
East Asia & Pacific (IDA & IBRD countries),TEA,NY.GDP.MKTP.KD,1989,1630692117100.28
East Asia & Pacific (IDA & IBRD countries),TEA,NY.GDP.MKTP.KD,1990,1714532831852.25
East Asia & Pacific (IDA & IBRD countries),TEA,NY.GDP.MKTP.KD,1991,1853407044817.32
East Asia & Pacific (IDA & IBRD countries),TEA,NY.GDP.MKTP.KD,1992,2061826667216.08
East Asia & Pacific (IDA & IBRD countries),TEA,NY.GDP.MKTP.KD,1993,2294982078356.74
East Asia & Pacific (IDA & IBRD countries),TEA,NY.GDP.MKTP.KD,1994,2546383950314.61
East Asia & Pacific (IDA & IBRD countries),TEA,NY.GDP.MKTP.KD,1995,2799101320149.77
East Asia & Pacific (IDA & IBRD countries),TEA,NY.GDP.MKTP.KD,1996,3053920804712.19
East Asia & Pacific (IDA & IBRD countries),TEA,NY.GDP.MKTP.KD,1997,3279974772131.51
East Asia & Pacific (IDA & IBRD countries),TEA,NY.GDP.MKTP.KD,1998,3378538547689.56
East Asia & Pacific (IDA & IBRD countries),TEA,NY.GDP.MKTP.KD,1999,3596558318399.65
East Asia & Pacific (IDA & IBRD countries),TEA,NY.GDP.MKTP.KD,2000,3874159436848.89
East Asia & Pacific (IDA & IBRD countries),TEA,NY.GDP.MKTP.KD,2001,4144903167243.53
East Asia & Pacific (IDA & IBRD countries),TEA,NY.GDP.MKTP.KD,2002,4482675560161.87
East Asia & Pacific (IDA & IBRD countries),TEA,NY.GDP.MKTP.KD,2003,4887008331370.32
East Asia & Pacific (IDA & IBRD countries),TEA,NY.GDP.MKTP.KD,2004,5334432655857.18
East Asia & Pacific (IDA & IBRD countries),TEA,NY.GDP.MKTP.KD,2005,5870294976601.33
East Asia & Pacific (IDA & IBRD countries),TEA,NY.GDP.MKTP.KD,2006,6520146598703.33
East Asia & Pacific (IDA & IBRD countries),TEA,NY.GDP.MKTP.KD,2007,7332000007053.66
East Asia & Pacific (IDA & IBRD countries),TEA,NY.GDP.MKTP.KD,2008,7966008843225.6
East Asia & Pacific (IDA & IBRD countries),TEA,NY.GDP.MKTP.KD,2009,8604733834878.66
East Asia & Pacific (IDA & IBRD countries),TEA,NY.GDP.MKTP.KD,2010,9456061904053.83
East Asia & Pacific (IDA & IBRD countries),TEA,NY.GDP.MKTP.KD,2011,10267889757878.6
East Asia & Pacific (IDA & IBRD countries),TEA,NY.GDP.MKTP.KD,2012,11046236298041.3
East Asia & Pacific (IDA & IBRD countries),TEA,NY.GDP.MKTP.KD,2013,11854491110210.2
East Asia & Pacific (IDA & IBRD countries),TEA,NY.GDP.MKTP.KD,2014,12686940187247.1
East Asia & Pacific (IDA & IBRD countries),TEA,NY.GDP.MKTP.KD,2015,13532365705740.1
East Asia & Pacific (IDA & IBRD countries),TEA,NY.GDP.MKTP.KD,2016,14413107887176.6
East Asia & Pacific (IDA & IBRD countries),TEA,NY.GDP.MKTP.KD,2017,15373941005749.0
East Asia & Pacific (IDA & IBRD countries),TEA,NY.GDP.MKTP.KD,2018,16379064500722.8
East Asia & Pacific (IDA & IBRD countries),TEA,NY.GDP.MKTP.KD,2019,17342941523649.8
East Asia & Pacific (IDA & IBRD countries),TEA,NY.GDP.MKTP.KD,2020,17575907873866.6
East Asia & Pacific (IDA & IBRD countries),TEA,NY.GDP.MKTP.KD,2021,18932757223857.9
East Asia & Pacific (IDA & IBRD countries),TEA,NY.GDP.MKTP.KD,2022,19604701667996.6
East Asia & Pacific (IDA & IBRD countries),TEA,NY.GDP.MKTP.KD,2023,20635921667680.0
East Asia & Pacific (IDA & IBRD countries),TEA,NY.GDP.MKTP.KD,2024,21658253605914.6
East Asia & Pacific (IDA & IBRD countries),TEA,NY.GDP.MKTP.KD,2025,22729145290902.3
Europe & Central Asia (IDA & IBRD countries),TEC,NY.GDP.MKTP.KD,1989,2338039789377.85
Europe & Central Asia (IDA & IBRD countries),TEC,NY.GDP.MKTP.KD,1990,2304338156064.76
Europe & Central Asia (IDA & IBRD countries),TEC,NY.GDP.MKTP.KD,1991,2168679001662.19
Europe & Central Asia (IDA & IBRD countries),TEC,NY.GDP.MKTP.KD,1992,1961823251392.85
Europe & Central Asia (IDA & IBRD countries),TEC,NY.GDP.MKTP.KD,1993,1870836530372.24
Europe & Central Asia (IDA & IBRD countries),TEC,NY.GDP.MKTP.KD,1994,1713421925739.25
Europe & Central Asia (IDA & IBRD countries),TEC,NY.GDP.MKTP.KD,1995,1712861743846.51
Europe & Central Asia (IDA & IBRD countries),TEC,NY.GDP.MKTP.KD,1996,1729755413614.92
Europe & Central Asia (IDA & IBRD countries),TEC,NY.GDP.MKTP.KD,1997,1780200162663.43
Europe & Central Asia (IDA & IBRD countries),TEC,NY.GDP.MKTP.KD,1998,1767716147715.54
Europe & Central Asia (IDA & IBRD countries),TEC,NY.GDP.MKTP.KD,1999,1811803072124.86
Europe & Central Asia (IDA & IBRD countries),TEC,NY.GDP.MKTP.KD,2000,1945429053622.2
Europe & Central Asia (IDA & IBRD countries),TEC,NY.GDP.MKTP.KD,2001,1997161557303.38
Europe & Central Asia (IDA & IBRD countries),TEC,NY.GDP.MKTP.KD,2002,2096835760457.3
Europe & Central Asia (IDA & IBRD countries),TEC,NY.GDP.MKTP.KD,2003,2226526374898.71
Europe & Central Asia (IDA & IBRD countries),TEC,NY.GDP.MKTP.KD,2004,2401842837689.43
Europe & Central Asia (IDA & IBRD countries),TEC,NY.GDP.MKTP.KD,2005,2561321755994.65
Europe & Central Asia (IDA & IBRD countries),TEC,NY.GDP.MKTP.KD,2006,2762837006397.41
Europe & Central Asia (IDA & IBRD countries),TEC,NY.GDP.MKTP.KD,2007,2973607478092.34
Europe & Central Asia (IDA & IBRD countries),TEC,NY.GDP.MKTP.KD,2008,3107226916487.79
Europe & Central Asia (IDA & IBRD countries),TEC,NY.GDP.MKTP.KD,2009,2961831702353.26
Europe & Central Asia (IDA & IBRD countries),TEC,NY.GDP.MKTP.KD,2010,3100896750080.45
Europe & Central Asia (IDA & IBRD countries),TEC,NY.GDP.MKTP.KD,2011,3283241194515.64
Europe & Central Asia (IDA & IBRD countries),TEC,NY.GDP.MKTP.KD,2012,3397101350561.11
Europe & Central Asia (IDA & IBRD countries),TEC,NY.GDP.MKTP.KD,2013,3511698082228.77
Europe & Central Asia (IDA & IBRD countries),TEC,NY.GDP.MKTP.KD,2014,3592571931371.29
Europe & Central Asia (IDA & IBRD countries),TEC,NY.GDP.MKTP.KD,2015,3645031517122.17
Europe & Central Asia (IDA & IBRD countries),TEC,NY.GDP.MKTP.KD,2016,3714108995932.73
Europe & Central Asia (IDA & IBRD countries),TEC,NY.GDP.MKTP.KD,2017,3876773544543.18
Europe & Central Asia (IDA & IBRD countries),TEC,NY.GDP.MKTP.KD,2018,4024664419858.18
Europe & Central Asia (IDA & IBRD countries),TEC,NY.GDP.MKTP.KD,2019,4138608613360.96
Europe & Central Asia (IDA & IBRD countries),TEC,NY.GDP.MKTP.KD,2020,4078801682885.16
Europe & Central Asia (IDA & IBRD countries),TEC,NY.GDP.MKTP.KD,2021,4388678720899.94
Europe & Central Asia (IDA & IBRD countries),TEC,NY.GDP.MKTP.KD,2022,4475185582903.49
Europe & Central Asia (IDA & IBRD countries),TEC,NY.GDP.MKTP.KD,2023,4646671108820.37
Europe & Central Asia (IDA & IBRD countries),TEC,NY.GDP.MKTP.KD,2024,4834009799348.25
Europe & Central Asia (IDA & IBRD countries),TEC,NY.GDP.MKTP.KD,2025,4971445801622.93
Togo,TGO,NY.GDP.MKTP.KD,1960,751799608.802967
Togo,TGO,NY.GDP.MKTP.KD,1961,843288489.197374
Togo,TGO,NY.GDP.MKTP.KD,1962,875111269.151055
Togo,TGO,NY.GDP.MKTP.KD,1963,918864157.138121
Togo,TGO,NY.GDP.MKTP.KD,1964,1050133194.11949
Togo,TGO,NY.GDP.MKTP.KD,1965,1212480768.96413
Togo,TGO,NY.GDP.MKTP.KD,1966,1326559678.66618
Togo,TGO,NY.GDP.MKTP.KD,1967,1399525389.9264
Togo,TGO,NY.GDP.MKTP.KD,1968,1469833232.9129
Togo,TGO,NY.GDP.MKTP.KD,1969,1629028935.24816
Togo,TGO,NY.GDP.MKTP.KD,1970,1670150555.7528
Togo,TGO,NY.GDP.MKTP.KD,1971,1670150555.7528
Togo,TGO,NY.GDP.MKTP.KD,1972,1797502166.89901
Togo,TGO,NY.GDP.MKTP.KD,1973,1866481024.99761
Togo,TGO,NY.GDP.MKTP.KD,1974,1956685236.76107
Togo,TGO,NY.GDP.MKTP.KD,1975,2004438945.79606
Togo,TGO,NY.GDP.MKTP.KD,1976,1963317428.07886
Togo,TGO,NY.GDP.MKTP.KD,1977,2099946364.04109
Togo,TGO,NY.GDP.MKTP.KD,1978,2331894564.36933
Togo,TGO,NY.GDP.MKTP.KD,1979,2211388254.51892
Togo,TGO,NY.GDP.MKTP.KD,1980,2533741349.79365
Togo,TGO,NY.GDP.MKTP.KD,1981,2449743109.32361
Togo,TGO,NY.GDP.MKTP.KD,1982,2361983449.79753
Togo,TGO,NY.GDP.MKTP.KD,1983,2234105481.95261
Togo,TGO,NY.GDP.MKTP.KD,1984,2358222441.68117
Togo,TGO,NY.GDP.MKTP.KD,1985,2489234719.56146
Togo,TGO,NY.GDP.MKTP.KD,1986,2528726535.78596
Togo,TGO,NY.GDP.MKTP.KD,1987,2541627142.2248
Togo,TGO,NY.GDP.MKTP.KD,1988,2710451415.19353
Togo,TGO,NY.GDP.MKTP.KD,1989,2820496330.37214
Togo,TGO,NY.GDP.MKTP.KD,1990,2813624018.04055
Togo,TGO,NY.GDP.MKTP.KD,1991,2793929564.4821
Togo,TGO,NY.GDP.MKTP.KD,1992,2682711978.72178
Togo,TGO,NY.GDP.MKTP.KD,1993,2277734406.57613
Togo,TGO,NY.GDP.MKTP.KD,1994,2618994013.03133
Togo,TGO,NY.GDP.MKTP.KD,1995,2824475891.85099
Togo,TGO,NY.GDP.MKTP.KD,1996,3074052559.0876
Togo,TGO,NY.GDP.MKTP.KD,1997,3516020702.28262
Togo,TGO,NY.GDP.MKTP.KD,1998,3435156565.94966
Togo,TGO,NY.GDP.MKTP.KD,1999,3520408613.43467
Togo,TGO,NY.GDP.MKTP.KD,2000,3492826929.75804
Togo,TGO,NY.GDP.MKTP.KD,2001,3521588220.24187
Togo,TGO,NY.GDP.MKTP.KD,2002,3656346110.13786
Togo,TGO,NY.GDP.MKTP.KD,2003,3902058836.57049
Togo,TGO,NY.GDP.MKTP.KD,2004,3863870739.47391
Togo,TGO,NY.GDP.MKTP.KD,2005,3683570962.95413
Togo,TGO,NY.GDP.MKTP.KD,2006,3781190459.44883
Togo,TGO,NY.GDP.MKTP.KD,2007,3736756295.1134
Togo,TGO,NY.GDP.MKTP.KD,2008,3887557323.6915
Togo,TGO,NY.GDP.MKTP.KD,2009,4099577351.44505
Togo,TGO,NY.GDP.MKTP.KD,2010,4339580301.80856
Togo,TGO,NY.GDP.MKTP.KD,2011,4592285181.71423
Togo,TGO,NY.GDP.MKTP.KD,2012,4881723795.11932
Togo,TGO,NY.GDP.MKTP.KD,2013,5166047627.07863
Togo,TGO,NY.GDP.MKTP.KD,2014,5457063353.66745
Togo,TGO,NY.GDP.MKTP.KD,2015,5755457836.01866
Togo,TGO,NY.GDP.MKTP.KD,2016,5998044851.32381
Togo,TGO,NY.GDP.MKTP.KD,2017,6238441246.41392
Togo,TGO,NY.GDP.MKTP.KD,2018,6537585941.16754
Togo,TGO,NY.GDP.MKTP.KD,2019,6859201998.0814
Togo,TGO,NY.GDP.MKTP.KD,2020,7007292259.17878
Togo,TGO,NY.GDP.MKTP.KD,2021,7367160812.92227
Togo,TGO,NY.GDP.MKTP.KD,2022,7830882103.10093
Togo,TGO,NY.GDP.MKTP.KD,2023,8316211177.60772
Togo,TGO,NY.GDP.MKTP.KD,2024,8858969845.08846
Togo,TGO,NY.GDP.MKTP.KD,2025,9417999786.00817
Thailand,THA,NY.GDP.MKTP.KD,1960,15908737340.2353
Thailand,THA,NY.GDP.MKTP.KD,1961,16761787111.17
Thailand,THA,NY.GDP.MKTP.KD,1962,18028015159.5532
Thailand,THA,NY.GDP.MKTP.KD,1963,19470225866.57
Thailand,THA,NY.GDP.MKTP.KD,1964,20800236244.6861
Thailand,THA,NY.GDP.MKTP.KD,1965,22502041173.2635
Thailand,THA,NY.GDP.MKTP.KD,1966,25004834864.431
Thailand,THA,NY.GDP.MKTP.KD,1967,27159247018.8168
Thailand,THA,NY.GDP.MKTP.KD,1968,29365194461.0555
Thailand,THA,NY.GDP.MKTP.KD,1969,31288808475.0258
Thailand,THA,NY.GDP.MKTP.KD,1970,34858219809.2807
Thailand,THA,NY.GDP.MKTP.KD,1971,36564659955.112
Thailand,THA,NY.GDP.MKTP.KD,1972,38129081870.5821
Thailand,THA,NY.GDP.MKTP.KD,1973,42032139795.4529
Thailand,THA,NY.GDP.MKTP.KD,1974,43909401662.1724
Thailand,THA,NY.GDP.MKTP.KD,1975,46091876857.8254
Thailand,THA,NY.GDP.MKTP.KD,1976,50390779136.4035
Thailand,THA,NY.GDP.MKTP.KD,1977,55350976954.6822
Thailand,THA,NY.GDP.MKTP.KD,1978,61049773246.5485
Thailand,THA,NY.GDP.MKTP.KD,1979,64329224521.7896
Thailand,THA,NY.GDP.MKTP.KD,1980,67657323331.0857
Thailand,THA,NY.GDP.MKTP.KD,1981,71653751952.2629
Thailand,THA,NY.GDP.MKTP.KD,1982,75488910649.6862
Thailand,THA,NY.GDP.MKTP.KD,1983,79704364262.1512
Thailand,THA,NY.GDP.MKTP.KD,1984,84289302223.7249
Thailand,THA,NY.GDP.MKTP.KD,1985,88206428692.9568
Thailand,THA,NY.GDP.MKTP.KD,1986,93087620536.4652
Thailand,THA,NY.GDP.MKTP.KD,1987,101948580888.596
Thailand,THA,NY.GDP.MKTP.KD,1988,115495624611.618
Thailand,THA,NY.GDP.MKTP.KD,1989,129575125644.17
Thailand,THA,NY.GDP.MKTP.KD,1990,144044991708.439
Thailand,THA,NY.GDP.MKTP.KD,1991,156372737078.559
Thailand,THA,NY.GDP.MKTP.KD,1992,169012952179.513
Thailand,THA,NY.GDP.MKTP.KD,1993,182959758879.242
Thailand,THA,NY.GDP.MKTP.KD,1994,197591095927.872
Thailand,THA,NY.GDP.MKTP.KD,1995,213636116013.334
Thailand,THA,NY.GDP.MKTP.KD,1996,225710710647.58
Thailand,THA,NY.GDP.MKTP.KD,1997,219495596601.21
Thailand,THA,NY.GDP.MKTP.KD,1998,202739225305.456
Thailand,THA,NY.GDP.MKTP.KD,1999,212009086618.729
Thailand,THA,NY.GDP.MKTP.KD,2000,221454615181.944
Thailand,THA,NY.GDP.MKTP.KD,2001,229082063572.247
Thailand,THA,NY.GDP.MKTP.KD,2002,243168402250.2
Thailand,THA,NY.GDP.MKTP.KD,2003,260650370324.981
Thailand,THA,NY.GDP.MKTP.KD,2004,277043563911.345
Thailand,THA,NY.GDP.MKTP.KD,2005,288645146658.334
Thailand,THA,NY.GDP.MKTP.KD,2006,302984491694.587
Thailand,THA,NY.GDP.MKTP.KD,2007,319452158416.903
Thailand,THA,NY.GDP.MKTP.KD,2008,324964940636.733
Thailand,THA,NY.GDP.MKTP.KD,2009,322720673508.111
Thailand,THA,NY.GDP.MKTP.KD,2010,346967938038.265
Thailand,THA,NY.GDP.MKTP.KD,2011,349882927003.633
Thailand,THA,NY.GDP.MKTP.KD,2012,375224234353.836
Thailand,THA,NY.GDP.MKTP.KD,2013,385308369004.167
Thailand,THA,NY.GDP.MKTP.KD,2014,389101609925.933
Thailand,THA,NY.GDP.MKTP.KD,2015,401296238228.084
Thailand,THA,NY.GDP.MKTP.KD,2016,415081396923.293
Thailand,THA,NY.GDP.MKTP.KD,2017,432422173710.333
Thailand,THA,NY.GDP.MKTP.KD,2018,450682801200.339
Thailand,THA,NY.GDP.MKTP.KD,2019,460212749509.626
Thailand,THA,NY.GDP.MKTP.KD,2020,432171696151.217
Thailand,THA,NY.GDP.MKTP.KD,2021,438907447802.797
Thailand,THA,NY.GDP.MKTP.KD,2022,450485133397.502
Thailand,THA,NY.GDP.MKTP.KD,2023,460615797952.808
Thailand,THA,NY.GDP.MKTP.KD,2024,474197514753.712
Thailand,THA,NY.GDP.MKTP.KD,2025,485779667893.642
Tajikistan,TJK,NY.GDP.MKTP.KD,1985,6548213772.00103
Tajikistan,TJK,NY.GDP.MKTP.KD,1986,6777401245.71111
Tajikistan,TJK,NY.GDP.MKTP.KD,1987,6696072427.74077
Tajikistan,TJK,NY.GDP.MKTP.KD,1988,7626826568.47547
Tajikistan,TJK,NY.GDP.MKTP.KD,1989,7131082790.90936
Tajikistan,TJK,NY.GDP.MKTP.KD,1990,7088296320.45359
Tajikistan,TJK,NY.GDP.MKTP.KD,1991,6585027345.76362
Tajikistan,TJK,NY.GDP.MKTP.KD,1992,4675369345.99069
Tajikistan,TJK,NY.GDP.MKTP.KD,1993,3908608780.50055
Tajikistan,TJK,NY.GDP.MKTP.KD,1994,3076075187.91428
Tajikistan,TJK,NY.GDP.MKTP.KD,1995,2694139780.48735
Tajikistan,TJK,NY.GDP.MKTP.KD,1996,2244218479.30012
Tajikistan,TJK,NY.GDP.MKTP.KD,1997,2281936478.83437
Tajikistan,TJK,NY.GDP.MKTP.KD,1998,2403172744.02642
Tajikistan,TJK,NY.GDP.MKTP.KD,1999,2492079338.5006
Tajikistan,TJK,NY.GDP.MKTP.KD,2000,2699528109.30372
Tajikistan,TJK,NY.GDP.MKTP.KD,2001,2958165475.04676
Tajikistan,TJK,NY.GDP.MKTP.KD,2002,3277647457.55418
Tajikistan,TJK,NY.GDP.MKTP.KD,2003,3638188647.66711
Tajikistan,TJK,NY.GDP.MKTP.KD,2004,4012922039.84883
Tajikistan,TJK,NY.GDP.MKTP.KD,2005,4281787756.98917
Tajikistan,TJK,NY.GDP.MKTP.KD,2006,4581513037.47047
Tajikistan,TJK,NY.GDP.MKTP.KD,2007,4938871059.83241
Tajikistan,TJK,NY.GDP.MKTP.KD,2008,5329041788.19322
Tajikistan,TJK,NY.GDP.MKTP.KD,2009,5536874479.12428
Tajikistan,TJK,NY.GDP.MKTP.KD,2010,5896771269.65215
Tajikistan,TJK,NY.GDP.MKTP.KD,2011,6333132378.96151
Tajikistan,TJK,NY.GDP.MKTP.KD,2012,6808117273.38834
Tajikistan,TJK,NY.GDP.MKTP.KD,2013,7311917934.39479
Tajikistan,TJK,NY.GDP.MKTP.KD,2014,7801816486.46336
Tajikistan,TJK,NY.GDP.MKTP.KD,2015,8271431485.07484
Tajikistan,TJK,NY.GDP.MKTP.KD,2016,8842160257.54501
Tajikistan,TJK,NY.GDP.MKTP.KD,2017,9469953672.84779
Tajikistan,TJK,NY.GDP.MKTP.KD,2018,10189670046.8255
Tajikistan,TJK,NY.GDP.MKTP.KD,2019,10943705646.9105
Tajikistan,TJK,NY.GDP.MKTP.KD,2020,11425228817.4554
Tajikistan,TJK,NY.GDP.MKTP.KD,2021,12499200274.9255
Tajikistan,TJK,NY.GDP.MKTP.KD,2022,13499136339.2248
Tajikistan,TJK,NY.GDP.MKTP.KD,2023,14619564549.6174
Tajikistan,TJK,NY.GDP.MKTP.KD,2024,15847607943.9846
Tajikistan,TJK,NY.GDP.MKTP.KD,2025,17178807095.8898
Turkmenistan,TKM,NY.GDP.MKTP.KD,1987,9140308735.35342
Turkmenistan,TKM,NY.GDP.MKTP.KD,1988,10147901835.9798
Turkmenistan,TKM,NY.GDP.MKTP.KD,1989,9716076189.61265
Turkmenistan,TKM,NY.GDP.MKTP.KD,1990,13154066814.787
Turkmenistan,TKM,NY.GDP.MKTP.KD,1991,12548287415.8949
Turkmenistan,TKM,NY.GDP.MKTP.KD,1992,10670312395.6611
Turkmenistan,TKM,NY.GDP.MKTP.KD,1993,10830367116.5159
Turkmenistan,TKM,NY.GDP.MKTP.KD,1994,8956728712.46085
Turkmenistan,TKM,NY.GDP.MKTP.KD,1995,8311840579.48241
Turkmenistan,TKM,NY.GDP.MKTP.KD,1996,8868733232.26497
Turkmenistan,TKM,NY.GDP.MKTP.KD,1997,7857697632.24801
Turkmenistan,TKM,NY.GDP.MKTP.KD,1998,8415594190.72399
Turkmenistan,TKM,NY.GDP.MKTP.KD,1999,9804167192.88745
Turkmenistan,TKM,NY.GDP.MKTP.KD,2000,10340363396.0716
Turkmenistan,TKM,NY.GDP.MKTP.KD,2001,10789532801.176
Turkmenistan,TKM,NY.GDP.MKTP.KD,2002,10817281321.3584
Turkmenistan,TKM,NY.GDP.MKTP.KD,2003,11170879714.1862
Turkmenistan,TKM,NY.GDP.MKTP.KD,2004,11729469205.451
Turkmenistan,TKM,NY.GDP.MKTP.KD,2005,13258292303.4111
Turkmenistan,TKM,NY.GDP.MKTP.KD,2006,14713165592.5546
Turkmenistan,TKM,NY.GDP.MKTP.KD,2007,16340338654.1052
Turkmenistan,TKM,NY.GDP.MKTP.KD,2008,18742368438.6204
Turkmenistan,TKM,NY.GDP.MKTP.KD,2009,19885652916.649
Turkmenistan,TKM,NY.GDP.MKTP.KD,2010,21715132999.556
Turkmenistan,TKM,NY.GDP.MKTP.KD,2011,24911234035.9562
Turkmenistan,TKM,NY.GDP.MKTP.KD,2012,27664132453.533
Turkmenistan,TKM,NY.GDP.MKTP.KD,2013,30475595365.48
Turkmenistan,TKM,NY.GDP.MKTP.KD,2014,33629738845.7961
Turkmenistan,TKM,NY.GDP.MKTP.KD,2015,35799714285.7143
Turkmenistan,TKM,NY.GDP.MKTP.KD,2016,38029714277.7706
Turkmenistan,TKM,NY.GDP.MKTP.KD,2017,40483157023.3268
Turkmenistan,TKM,NY.GDP.MKTP.KD,2018,42995551317.7352
Turkmenistan,TKM,NY.GDP.MKTP.KD,2019,45717898781.4308
Turkmenistan,TKM,NY.GDP.MKTP.KD,2020,48401839455.0642
Turkmenistan,TKM,NY.GDP.MKTP.KD,2021,51379113005.0297
Turkmenistan,TKM,NY.GDP.MKTP.KD,2022,54582556335.3975
Turkmenistan,TKM,NY.GDP.MKTP.KD,2023,58031518087.8465
Turkmenistan,TKM,NY.GDP.MKTP.KD,2024,61677264924.8609
Turkmenistan,TKM,NY.GDP.MKTP.KD,2025,65562932637.9347
Latin America & the Caribbean (IDA & IBRD countries),TLA,NY.GDP.MKTP.KD,1960,695529979977.286
Latin America & the Caribbean (IDA & IBRD countries),TLA,NY.GDP.MKTP.KD,1961,737120218440.044
Latin America & the Caribbean (IDA & IBRD countries),TLA,NY.GDP.MKTP.KD,1962,769511527021.245
Latin America & the Caribbean (IDA & IBRD countries),TLA,NY.GDP.MKTP.KD,1963,784693250168.81
Latin America & the Caribbean (IDA & IBRD countries),TLA,NY.GDP.MKTP.KD,1964,843207831793.151
Latin America & the Caribbean (IDA & IBRD countries),TLA,NY.GDP.MKTP.KD,1965,889430003640.628
Latin America & the Caribbean (IDA & IBRD countries),TLA,NY.GDP.MKTP.KD,1966,931192946956.302
Latin America & the Caribbean (IDA & IBRD countries),TLA,NY.GDP.MKTP.KD,1967,970288257001.382
Latin America & the Caribbean (IDA & IBRD countries),TLA,NY.GDP.MKTP.KD,1968,1039836495953.91
Latin America & the Caribbean (IDA & IBRD countries),TLA,NY.GDP.MKTP.KD,1969,1107346398081.42
Latin America & the Caribbean (IDA & IBRD countries),TLA,NY.GDP.MKTP.KD,1970,1180367263577.25
Latin America & the Caribbean (IDA & IBRD countries),TLA,NY.GDP.MKTP.KD,1971,1258696288247.25
Latin America & the Caribbean (IDA & IBRD countries),TLA,NY.GDP.MKTP.KD,1972,1346996575327.92
Latin America & the Caribbean (IDA & IBRD countries),TLA,NY.GDP.MKTP.KD,1973,1455895866536.22
Latin America & the Caribbean (IDA & IBRD countries),TLA,NY.GDP.MKTP.KD,1974,1547927485649.89
Latin America & the Caribbean (IDA & IBRD countries),TLA,NY.GDP.MKTP.KD,1975,1604300508668.68
Latin America & the Caribbean (IDA & IBRD countries),TLA,NY.GDP.MKTP.KD,1976,1692360197945.48
Latin America & the Caribbean (IDA & IBRD countries),TLA,NY.GDP.MKTP.KD,1977,1773829713330.51
Latin America & the Caribbean (IDA & IBRD countries),TLA,NY.GDP.MKTP.KD,1978,1850511516850.85
Latin America & the Caribbean (IDA & IBRD countries),TLA,NY.GDP.MKTP.KD,1979,1983729907203.65
Latin America & the Caribbean (IDA & IBRD countries),TLA,NY.GDP.MKTP.KD,1980,2113088365173.25
Latin America & the Caribbean (IDA & IBRD countries),TLA,NY.GDP.MKTP.KD,1981,2131518707557.54
Latin America & the Caribbean (IDA & IBRD countries),TLA,NY.GDP.MKTP.KD,1982,2126173304835.96
Latin America & the Caribbean (IDA & IBRD countries),TLA,NY.GDP.MKTP.KD,1983,2068544513248.35
Latin America & the Caribbean (IDA & IBRD countries),TLA,NY.GDP.MKTP.KD,1984,2145985115251.43
Latin America & the Caribbean (IDA & IBRD countries),TLA,NY.GDP.MKTP.KD,1985,2211766593152.16
Latin America & the Caribbean (IDA & IBRD countries),TLA,NY.GDP.MKTP.KD,1986,2291563215443.36
Latin America & the Caribbean (IDA & IBRD countries),TLA,NY.GDP.MKTP.KD,1987,2369786057389.23
Latin America & the Caribbean (IDA & IBRD countries),TLA,NY.GDP.MKTP.KD,1988,2383607938759.69
Latin America & the Caribbean (IDA & IBRD countries),TLA,NY.GDP.MKTP.KD,1989,2410150660301.45
Latin America & the Caribbean (IDA & IBRD countries),TLA,NY.GDP.MKTP.KD,1990,2409333260539.58
Latin America & the Caribbean (IDA & IBRD countries),TLA,NY.GDP.MKTP.KD,1991,2494318971231.45
Latin America & the Caribbean (IDA & IBRD countries),TLA,NY.GDP.MKTP.KD,1992,2566953237705.05
Latin America & the Caribbean (IDA & IBRD countries),TLA,NY.GDP.MKTP.KD,1993,2684458931953.47
Latin America & the Caribbean (IDA & IBRD countries),TLA,NY.GDP.MKTP.KD,1994,2822005334618.18
Latin America & the Caribbean (IDA & IBRD countries),TLA,NY.GDP.MKTP.KD,1995,2845114567988.89
Latin America & the Caribbean (IDA & IBRD countries),TLA,NY.GDP.MKTP.KD,1996,2955828077468.29
Latin America & the Caribbean (IDA & IBRD countries),TLA,NY.GDP.MKTP.KD,1997,3119189023420.13
Latin America & the Caribbean (IDA & IBRD countries),TLA,NY.GDP.MKTP.KD,1998,3209354082807.92
Latin America & the Caribbean (IDA & IBRD countries),TLA,NY.GDP.MKTP.KD,1999,3219162540786.04
Latin America & the Caribbean (IDA & IBRD countries),TLA,NY.GDP.MKTP.KD,2000,3334991931944.12
Latin America & the Caribbean (IDA & IBRD countries),TLA,NY.GDP.MKTP.KD,2001,3345480543996.23
Latin America & the Caribbean (IDA & IBRD countries),TLA,NY.GDP.MKTP.KD,2002,3351230805776.14
Latin America & the Caribbean (IDA & IBRD countries),TLA,NY.GDP.MKTP.KD,2003,3427454898965.91
Latin America & the Caribbean (IDA & IBRD countries),TLA,NY.GDP.MKTP.KD,2004,3621006198553.74
Latin America & the Caribbean (IDA & IBRD countries),TLA,NY.GDP.MKTP.KD,2005,3772870482401.09
Latin America & the Caribbean (IDA & IBRD countries),TLA,NY.GDP.MKTP.KD,2006,3975655431991.21
Latin America & the Caribbean (IDA & IBRD countries),TLA,NY.GDP.MKTP.KD,2007,4192593486177.98
Latin America & the Caribbean (IDA & IBRD countries),TLA,NY.GDP.MKTP.KD,2008,4354187113538.81
Latin America & the Caribbean (IDA & IBRD countries),TLA,NY.GDP.MKTP.KD,2009,4251901759071.9
Latin America & the Caribbean (IDA & IBRD countries),TLA,NY.GDP.MKTP.KD,2010,4524943619466.34
Latin America & the Caribbean (IDA & IBRD countries),TLA,NY.GDP.MKTP.KD,2011,4731467588033.39
Latin America & the Caribbean (IDA & IBRD countries),TLA,NY.GDP.MKTP.KD,2012,4860065309175.1
Latin America & the Caribbean (IDA & IBRD countries),TLA,NY.GDP.MKTP.KD,2013,4996435487174.46
Latin America & the Caribbean (IDA & IBRD countries),TLA,NY.GDP.MKTP.KD,2014,5058826389955.42
Latin America & the Caribbean (IDA & IBRD countries),TLA,NY.GDP.MKTP.KD,2015,5068412682233.61
Latin America & the Caribbean (IDA & IBRD countries),TLA,NY.GDP.MKTP.KD,2016,5030450695338.15
Latin America & the Caribbean (IDA & IBRD countries),TLA,NY.GDP.MKTP.KD,2017,5112012463928.23
Latin America & the Caribbean (IDA & IBRD countries),TLA,NY.GDP.MKTP.KD,2018,5178863570506.58
Latin America & the Caribbean (IDA & IBRD countries),TLA,NY.GDP.MKTP.KD,2019,5194149501432.08
Latin America & the Caribbean (IDA & IBRD countries),TLA,NY.GDP.MKTP.KD,2020,4841899220399.23
Latin America & the Caribbean (IDA & IBRD countries),TLA,NY.GDP.MKTP.KD,2021,5194193913414.48
Latin America & the Caribbean (IDA & IBRD countries),TLA,NY.GDP.MKTP.KD,2022,5408395547988.17
Latin America & the Caribbean (IDA & IBRD countries),TLA,NY.GDP.MKTP.KD,2023,5531738638495.28
Latin America & the Caribbean (IDA & IBRD countries),TLA,NY.GDP.MKTP.KD,2024,5657742234122.17
Latin America & the Caribbean (IDA & IBRD countries),TLA,NY.GDP.MKTP.KD,2025,5791060278313.32
Timor-Leste,TLS,NY.GDP.MKTP.KD,1990,481437140.726312
Timor-Leste,TLS,NY.GDP.MKTP.KD,1991,533019666.482704
Timor-Leste,TLS,NY.GDP.MKTP.KD,1992,588770962.976955
Timor-Leste,TLS,NY.GDP.MKTP.KD,1993,648853659.198841
Timor-Leste,TLS,NY.GDP.MKTP.KD,1994,695070456.29264
Timor-Leste,TLS,NY.GDP.MKTP.KD,1995,741509953.372436
Timor-Leste,TLS,NY.GDP.MKTP.KD,1996,800698649.650537
Timor-Leste,TLS,NY.GDP.MKTP.KD,1997,832726547.636562
Timor-Leste,TLS,NY.GDP.MKTP.KD,1998,816072048.683828
Timor-Leste,TLS,NY.GDP.MKTP.KD,1999,526754666.876659
Timor-Leste,TLS,NY.GDP.MKTP.KD,2000,832683747.639253
Timor-Leste,TLS,NY.GDP.MKTP.KD,2001,968808339.079478
Timor-Leste,TLS,NY.GDP.MKTP.KD,2002,903891443.161577
Timor-Leste,TLS,NY.GDP.MKTP.KD,2003,884166144.401941
Timor-Leste,TLS,NY.GDP.MKTP.KD,2004,887702844.179547
Timor-Leste,TLS,NY.GDP.MKTP.KD,2005,914197042.513541
Timor-Leste,TLS,NY.GDP.MKTP.KD,2006,876567844.879737
Timor-Leste,TLS,NY.GDP.MKTP.KD,2007,966550939.221428
Timor-Leste,TLS,NY.GDP.MKTP.KD,2008,1076687532.29583
Timor-Leste,TLS,NY.GDP.MKTP.KD,2009,1185938525.42592
Timor-Leste,TLS,NY.GDP.MKTP.KD,2010,1296604318.46704
Timor-Leste,TLS,NY.GDP.MKTP.KD,2011,1373863213.60885
Timor-Leste,TLS,NY.GDP.MKTP.KD,2012,1440641509.40971
Timor-Leste,TLS,NY.GDP.MKTP.KD,2013,1485364306.59745
Timor-Leste,TLS,NY.GDP.MKTP.KD,2014,1551797202.42002
Timor-Leste,TLS,NY.GDP.MKTP.KD,2015,1590282400.0
Timor-Leste,TLS,NY.GDP.MKTP.KD,2016,1638148796.99007
Timor-Leste,TLS,NY.GDP.MKTP.KD,2017,1586016100.26827
Timor-Leste,TLS,NY.GDP.MKTP.KD,2018,1578617300.73352
Timor-Leste,TLS,NY.GDP.MKTP.KD,2019,1960846076.69825
Timor-Leste,TLS,NY.GDP.MKTP.KD,2020,2582939037.57985
Timor-Leste,TLS,NY.GDP.MKTP.KD,2021,2721637728.85821
Timor-Leste,TLS,NY.GDP.MKTP.KD,2022,2163090163.98075
Timor-Leste,TLS,NY.GDP.MKTP.KD,2023,1770794188.64907
Timor-Leste,TLS,NY.GDP.MKTP.KD,2024,1609639647.68265
Timor-Leste,TLS,NY.GDP.MKTP.KD,2025,1721918280.90359
"Middle East, North Africa, Afghanistan & Pakistan (IDA & IBRD)",TMN,NY.GDP.MKTP.KD,1960,154779616492.637
"Middle East, North Africa, Afghanistan & Pakistan (IDA & IBRD)",TMN,NY.GDP.MKTP.KD,1961,160581424178.307
"Middle East, North Africa, Afghanistan & Pakistan (IDA & IBRD)",TMN,NY.GDP.MKTP.KD,1962,164787490452.018
"Middle East, North Africa, Afghanistan & Pakistan (IDA & IBRD)",TMN,NY.GDP.MKTP.KD,1963,183277075228.848
"Middle East, North Africa, Afghanistan & Pakistan (IDA & IBRD)",TMN,NY.GDP.MKTP.KD,1964,201922405776.962
"Middle East, North Africa, Afghanistan & Pakistan (IDA & IBRD)",TMN,NY.GDP.MKTP.KD,1965,226607727525.023
"Middle East, North Africa, Afghanistan & Pakistan (IDA & IBRD)",TMN,NY.GDP.MKTP.KD,1966,242822395722.852
"Middle East, North Africa, Afghanistan & Pakistan (IDA & IBRD)",TMN,NY.GDP.MKTP.KD,1967,261217383336.664
"Middle East, North Africa, Afghanistan & Pakistan (IDA & IBRD)",TMN,NY.GDP.MKTP.KD,1968,293686093723.765
"Middle East, North Africa, Afghanistan & Pakistan (IDA & IBRD)",TMN,NY.GDP.MKTP.KD,1969,326109466255.79
"Middle East, North Africa, Afghanistan & Pakistan (IDA & IBRD)",TMN,NY.GDP.MKTP.KD,1970,354519167970.82
"Middle East, North Africa, Afghanistan & Pakistan (IDA & IBRD)",TMN,NY.GDP.MKTP.KD,1971,374220898401.513
"Middle East, North Africa, Afghanistan & Pakistan (IDA & IBRD)",TMN,NY.GDP.MKTP.KD,1972,418700761448.991
"Middle East, North Africa, Afghanistan & Pakistan (IDA & IBRD)",TMN,NY.GDP.MKTP.KD,1973,441557859412.631
"Middle East, North Africa, Afghanistan & Pakistan (IDA & IBRD)",TMN,NY.GDP.MKTP.KD,1974,474151707357.578
"Middle East, North Africa, Afghanistan & Pakistan (IDA & IBRD)",TMN,NY.GDP.MKTP.KD,1975,488936001618.653
"Middle East, North Africa, Afghanistan & Pakistan (IDA & IBRD)",TMN,NY.GDP.MKTP.KD,1976,563086362343.916
"Middle East, North Africa, Afghanistan & Pakistan (IDA & IBRD)",TMN,NY.GDP.MKTP.KD,1977,572599470782.337
"Middle East, North Africa, Afghanistan & Pakistan (IDA & IBRD)",TMN,NY.GDP.MKTP.KD,1978,562102657736.776
"Middle East, North Africa, Afghanistan & Pakistan (IDA & IBRD)",TMN,NY.GDP.MKTP.KD,1979,559266290560.175
"Middle East, North Africa, Afghanistan & Pakistan (IDA & IBRD)",TMN,NY.GDP.MKTP.KD,1980,540827007201.322
"Middle East, North Africa, Afghanistan & Pakistan (IDA & IBRD)",TMN,NY.GDP.MKTP.KD,1981,533215100630.855
"Middle East, North Africa, Afghanistan & Pakistan (IDA & IBRD)",TMN,NY.GDP.MKTP.KD,1982,591518824761.024
"Middle East, North Africa, Afghanistan & Pakistan (IDA & IBRD)",TMN,NY.GDP.MKTP.KD,1983,619547278431.634
"Middle East, North Africa, Afghanistan & Pakistan (IDA & IBRD)",TMN,NY.GDP.MKTP.KD,1984,620599320215.425
"Middle East, North Africa, Afghanistan & Pakistan (IDA & IBRD)",TMN,NY.GDP.MKTP.KD,1985,647569228417.575
"Middle East, North Africa, Afghanistan & Pakistan (IDA & IBRD)",TMN,NY.GDP.MKTP.KD,1986,636054001698.393
"Middle East, North Africa, Afghanistan & Pakistan (IDA & IBRD)",TMN,NY.GDP.MKTP.KD,1987,642596675309.995
"Middle East, North Africa, Afghanistan & Pakistan (IDA & IBRD)",TMN,NY.GDP.MKTP.KD,1988,654320162741.989
"Middle East, North Africa, Afghanistan & Pakistan (IDA & IBRD)",TMN,NY.GDP.MKTP.KD,1989,672788446499.594
"Middle East, North Africa, Afghanistan & Pakistan (IDA & IBRD)",TMN,NY.GDP.MKTP.KD,1990,739147771435.134
"Middle East, North Africa, Afghanistan & Pakistan (IDA & IBRD)",TMN,NY.GDP.MKTP.KD,1991,748117856482.154
"Middle East, North Africa, Afghanistan & Pakistan (IDA & IBRD)",TMN,NY.GDP.MKTP.KD,1992,785363351165.67
"Middle East, North Africa, Afghanistan & Pakistan (IDA & IBRD)",TMN,NY.GDP.MKTP.KD,1993,797486787876.269
"Middle East, North Africa, Afghanistan & Pakistan (IDA & IBRD)",TMN,NY.GDP.MKTP.KD,1994,815944272568.381
"Middle East, North Africa, Afghanistan & Pakistan (IDA & IBRD)",TMN,NY.GDP.MKTP.KD,1995,839927657595.796
"Middle East, North Africa, Afghanistan & Pakistan (IDA & IBRD)",TMN,NY.GDP.MKTP.KD,1996,890192206677.413
"Middle East, North Africa, Afghanistan & Pakistan (IDA & IBRD)",TMN,NY.GDP.MKTP.KD,1997,920380189063.976
"Middle East, North Africa, Afghanistan & Pakistan (IDA & IBRD)",TMN,NY.GDP.MKTP.KD,1998,969660570432.11
"Middle East, North Africa, Afghanistan & Pakistan (IDA & IBRD)",TMN,NY.GDP.MKTP.KD,1999,1010217223292.18
"Middle East, North Africa, Afghanistan & Pakistan (IDA & IBRD)",TMN,NY.GDP.MKTP.KD,2000,1069393598471.41
"Middle East, North Africa, Afghanistan & Pakistan (IDA & IBRD)",TMN,NY.GDP.MKTP.KD,2001,1101201053055.08
"Middle East, North Africa, Afghanistan & Pakistan (IDA & IBRD)",TMN,NY.GDP.MKTP.KD,2002,1138245290564.67
"Middle East, North Africa, Afghanistan & Pakistan (IDA & IBRD)",TMN,NY.GDP.MKTP.KD,2003,1168047792226.14
"Middle East, North Africa, Afghanistan & Pakistan (IDA & IBRD)",TMN,NY.GDP.MKTP.KD,2004,1257099857882.66
"Middle East, North Africa, Afghanistan & Pakistan (IDA & IBRD)",TMN,NY.GDP.MKTP.KD,2005,1318906302808.77
"Middle East, North Africa, Afghanistan & Pakistan (IDA & IBRD)",TMN,NY.GDP.MKTP.KD,2006,1390754355157.11
"Middle East, North Africa, Afghanistan & Pakistan (IDA & IBRD)",TMN,NY.GDP.MKTP.KD,2007,1471895985715.88
"Middle East, North Africa, Afghanistan & Pakistan (IDA & IBRD)",TMN,NY.GDP.MKTP.KD,2008,1522616436124.44
"Middle East, North Africa, Afghanistan & Pakistan (IDA & IBRD)",TMN,NY.GDP.MKTP.KD,2009,1565256952454.34
"Middle East, North Africa, Afghanistan & Pakistan (IDA & IBRD)",TMN,NY.GDP.MKTP.KD,2010,1640804567778.83
"Middle East, North Africa, Afghanistan & Pakistan (IDA & IBRD)",TMN,NY.GDP.MKTP.KD,2011,1633700369046.48
"Middle East, North Africa, Afghanistan & Pakistan (IDA & IBRD)",TMN,NY.GDP.MKTP.KD,2012,1691438499436.43
"Middle East, North Africa, Afghanistan & Pakistan (IDA & IBRD)",TMN,NY.GDP.MKTP.KD,2013,1709974906257.76
"Middle East, North Africa, Afghanistan & Pakistan (IDA & IBRD)",TMN,NY.GDP.MKTP.KD,2014,1751307214479.16
"Middle East, North Africa, Afghanistan & Pakistan (IDA & IBRD)",TMN,NY.GDP.MKTP.KD,2015,1770493985695.77
"Middle East, North Africa, Afghanistan & Pakistan (IDA & IBRD)",TMN,NY.GDP.MKTP.KD,2016,1868509255063.91
"Middle East, North Africa, Afghanistan & Pakistan (IDA & IBRD)",TMN,NY.GDP.MKTP.KD,2017,1932386415786.89
"Middle East, North Africa, Afghanistan & Pakistan (IDA & IBRD)",TMN,NY.GDP.MKTP.KD,2018,1973068290301.38
"Middle East, North Africa, Afghanistan & Pakistan (IDA & IBRD)",TMN,NY.GDP.MKTP.KD,2019,2000606809983.93
"Middle East, North Africa, Afghanistan & Pakistan (IDA & IBRD)",TMN,NY.GDP.MKTP.KD,2020,1949571020930.73
"Middle East, North Africa, Afghanistan & Pakistan (IDA & IBRD)",TMN,NY.GDP.MKTP.KD,2021,2033652585673.99
"Middle East, North Africa, Afghanistan & Pakistan (IDA & IBRD)",TMN,NY.GDP.MKTP.KD,2022,2121555096211.67
"Middle East, North Africa, Afghanistan & Pakistan (IDA & IBRD)",TMN,NY.GDP.MKTP.KD,2023,2183598374692.97
"Middle East, North Africa, Afghanistan & Pakistan (IDA & IBRD)",TMN,NY.GDP.MKTP.KD,2024,2236866745632.52
"Middle East, North Africa, Afghanistan & Pakistan (IDA & IBRD)",TMN,NY.GDP.MKTP.KD,2025,2281222753372.88
Tonga,TON,NY.GDP.MKTP.KD,1981,253486823.030233
Tonga,TON,NY.GDP.MKTP.KD,1982,265505306.115693
Tonga,TON,NY.GDP.MKTP.KD,1983,270768690.507274
Tonga,TON,NY.GDP.MKTP.KD,1984,275475711.818743
Tonga,TON,NY.GDP.MKTP.KD,1985,293542685.954668
Tonga,TON,NY.GDP.MKTP.KD,1986,299761859.963859
Tonga,TON,NY.GDP.MKTP.KD,1987,308711663.040362
Tonga,TON,NY.GDP.MKTP.KD,1988,302902104.831275
Tonga,TON,NY.GDP.MKTP.KD,1989,304083140.744361
Tonga,TON,NY.GDP.MKTP.KD,1990,297867403.069513
Tonga,TON,NY.GDP.MKTP.KD,1991,316975458.662498
Tonga,TON,NY.GDP.MKTP.KD,1992,317774152.489666
Tonga,TON,NY.GDP.MKTP.KD,1993,329652734.955131
Tonga,TON,NY.GDP.MKTP.KD,1994,345978856.683876
Tonga,TON,NY.GDP.MKTP.KD,1995,367526974.231878
Tonga,TON,NY.GDP.MKTP.KD,1996,367868473.595865
Tonga,TON,NY.GDP.MKTP.KD,1997,365659284.197676
Tonga,TON,NY.GDP.MKTP.KD,1998,374042303.031935
Tonga,TON,NY.GDP.MKTP.KD,1999,382654487.158828
Tonga,TON,NY.GDP.MKTP.KD,2000,397019709.503815
Tonga,TON,NY.GDP.MKTP.KD,2001,402945154.248613
Tonga,TON,NY.GDP.MKTP.KD,2002,420792496.113443
Tonga,TON,NY.GDP.MKTP.KD,2003,421010489.538888
Tonga,TON,NY.GDP.MKTP.KD,2004,412725224.542532
Tonga,TON,NY.GDP.MKTP.KD,2005,410010934.199826
Tonga,TON,NY.GDP.MKTP.KD,2006,401131477.351963
Tonga,TON,NY.GDP.MKTP.KD,2007,391246363.103417
Tonga,TON,NY.GDP.MKTP.KD,2008,410272052.926157
Tonga,TON,NY.GDP.MKTP.KD,2009,389228468.261627
Tonga,TON,NY.GDP.MKTP.KD,2010,392437255.742704
Tonga,TON,NY.GDP.MKTP.KD,2011,418745062.097391
Tonga,TON,NY.GDP.MKTP.KD,2012,422596515.972353
Tonga,TON,NY.GDP.MKTP.KD,2013,424261218.860344
Tonga,TON,NY.GDP.MKTP.KD,2014,432706298.363606
Tonga,TON,NY.GDP.MKTP.KD,2015,437525538.903019
Tonga,TON,NY.GDP.MKTP.KD,2016,466396531.36284
Tonga,TON,NY.GDP.MKTP.KD,2017,481332039.657085
Tonga,TON,NY.GDP.MKTP.KD,2018,483872645.33574
Tonga,TON,NY.GDP.MKTP.KD,2019,482492588.368965
Tonga,TON,NY.GDP.MKTP.KD,2020,491207307.514211
Tonga,TON,NY.GDP.MKTP.KD,2021,486614912.684838
Tonga,TON,NY.GDP.MKTP.KD,2022,476257076.971255
Tonga,TON,NY.GDP.MKTP.KD,2023,489545350.254598
Tonga,TON,NY.GDP.MKTP.KD,2024,497948582.594322
Tonga,TON,NY.GDP.MKTP.KD,2025,511891142.906963
South Asia (IDA & IBRD),TSA,NY.GDP.MKTP.KD,1960,168423297313.499
South Asia (IDA & IBRD),TSA,NY.GDP.MKTP.KD,1961,175171334798.073
South Asia (IDA & IBRD),TSA,NY.GDP.MKTP.KD,1962,180925298231.366
South Asia (IDA & IBRD),TSA,NY.GDP.MKTP.KD,1963,189785954287.729
South Asia (IDA & IBRD),TSA,NY.GDP.MKTP.KD,1964,204554983587.283
South Asia (IDA & IBRD),TSA,NY.GDP.MKTP.KD,1965,200758914302.849
South Asia (IDA & IBRD),TSA,NY.GDP.MKTP.KD,1966,202022118135.482
South Asia (IDA & IBRD),TSA,NY.GDP.MKTP.KD,1967,214566301440.545
South Asia (IDA & IBRD),TSA,NY.GDP.MKTP.KD,1968,223646433998.813
South Asia (IDA & IBRD),TSA,NY.GDP.MKTP.KD,1969,236654107798.047
South Asia (IDA & IBRD),TSA,NY.GDP.MKTP.KD,1970,248772858950.586
South Asia (IDA & IBRD),TSA,NY.GDP.MKTP.KD,1971,250371287376.85
South Asia (IDA & IBRD),TSA,NY.GDP.MKTP.KD,1972,244987589881.354
South Asia (IDA & IBRD),TSA,NY.GDP.MKTP.KD,1973,253272367404.553
South Asia (IDA & IBRD),TSA,NY.GDP.MKTP.KD,1974,259115583074.472
South Asia (IDA & IBRD),TSA,NY.GDP.MKTP.KD,1975,278075606790.812
South Asia (IDA & IBRD),TSA,NY.GDP.MKTP.KD,1976,284191437837.18
South Asia (IDA & IBRD),TSA,NY.GDP.MKTP.KD,1977,302946771959.171
South Asia (IDA & IBRD),TSA,NY.GDP.MKTP.KD,1978,320631719929.422
South Asia (IDA & IBRD),TSA,NY.GDP.MKTP.KD,1979,309235829181.821
South Asia (IDA & IBRD),TSA,NY.GDP.MKTP.KD,1980,327394335958.215
South Asia (IDA & IBRD),TSA,NY.GDP.MKTP.KD,1981,347607937089.102
South Asia (IDA & IBRD),TSA,NY.GDP.MKTP.KD,1982,359275390655.001
South Asia (IDA & IBRD),TSA,NY.GDP.MKTP.KD,1983,383160803979.273
South Asia (IDA & IBRD),TSA,NY.GDP.MKTP.KD,1984,398853669172.007
South Asia (IDA & IBRD),TSA,NY.GDP.MKTP.KD,1985,419057853859.702
South Asia (IDA & IBRD),TSA,NY.GDP.MKTP.KD,1986,438760946795.922
South Asia (IDA & IBRD),TSA,NY.GDP.MKTP.KD,1987,455574219604.294
South Asia (IDA & IBRD),TSA,NY.GDP.MKTP.KD,1988,494392070851.653
South Asia (IDA & IBRD),TSA,NY.GDP.MKTP.KD,1989,521431179176.376
South Asia (IDA & IBRD),TSA,NY.GDP.MKTP.KD,1990,550564433424.249
South Asia (IDA & IBRD),TSA,NY.GDP.MKTP.KD,1991,558906306877.933
South Asia (IDA & IBRD),TSA,NY.GDP.MKTP.KD,1992,589156371139.509
South Asia (IDA & IBRD),TSA,NY.GDP.MKTP.KD,1993,617569052725.916
South Asia (IDA & IBRD),TSA,NY.GDP.MKTP.KD,1994,656891689051.561
South Asia (IDA & IBRD),TSA,NY.GDP.MKTP.KD,1995,704172319259.337
South Asia (IDA & IBRD),TSA,NY.GDP.MKTP.KD,1996,753987624172.365
South Asia (IDA & IBRD),TSA,NY.GDP.MKTP.KD,1997,785735160957.047
South Asia (IDA & IBRD),TSA,NY.GDP.MKTP.KD,1998,832765688928.663
South Asia (IDA & IBRD),TSA,NY.GDP.MKTP.KD,1999,901123720900.529
South Asia (IDA & IBRD),TSA,NY.GDP.MKTP.KD,2000,937951354356.837
South Asia (IDA & IBRD),TSA,NY.GDP.MKTP.KD,2001,980846139521.345
South Asia (IDA & IBRD),TSA,NY.GDP.MKTP.KD,2002,1017843636302.76
South Asia (IDA & IBRD),TSA,NY.GDP.MKTP.KD,2003,1093833038693.23
South Asia (IDA & IBRD),TSA,NY.GDP.MKTP.KD,2004,1176374213771.82
South Asia (IDA & IBRD),TSA,NY.GDP.MKTP.KD,2005,1266302048994.85
South Asia (IDA & IBRD),TSA,NY.GDP.MKTP.KD,2006,1366278928683.61
South Asia (IDA & IBRD),TSA,NY.GDP.MKTP.KD,2007,1469218232370.93
South Asia (IDA & IBRD),TSA,NY.GDP.MKTP.KD,2008,1520356367774.79
South Asia (IDA & IBRD),TSA,NY.GDP.MKTP.KD,2009,1632707842672.23
South Asia (IDA & IBRD),TSA,NY.GDP.MKTP.KD,2010,1766498511556.15
South Asia (IDA & IBRD),TSA,NY.GDP.MKTP.KD,2011,1862792006504.79
South Asia (IDA & IBRD),TSA,NY.GDP.MKTP.KD,2012,1967949580014.23
South Asia (IDA & IBRD),TSA,NY.GDP.MKTP.KD,2013,2090617094971.79
South Asia (IDA & IBRD),TSA,NY.GDP.MKTP.KD,2014,2242092335684.84
South Asia (IDA & IBRD),TSA,NY.GDP.MKTP.KD,2015,2414503392327.99
South Asia (IDA & IBRD),TSA,NY.GDP.MKTP.KD,2016,2606918145625.28
South Asia (IDA & IBRD),TSA,NY.GDP.MKTP.KD,2017,2783774592065.34
South Asia (IDA & IBRD),TSA,NY.GDP.MKTP.KD,2018,2961759850737.65
South Asia (IDA & IBRD),TSA,NY.GDP.MKTP.KD,2019,3083030383318.14
South Asia (IDA & IBRD),TSA,NY.GDP.MKTP.KD,2020,2929264189412.53
South Asia (IDA & IBRD),TSA,NY.GDP.MKTP.KD,2021,3200121520162.37
South Asia (IDA & IBRD),TSA,NY.GDP.MKTP.KD,2022,3427367075068.75
South Asia (IDA & IBRD),TSA,NY.GDP.MKTP.KD,2023,3659909271310.59
South Asia (IDA & IBRD),TSA,NY.GDP.MKTP.KD,2024,3907231740118.18
South Asia (IDA & IBRD),TSA,NY.GDP.MKTP.KD,2025,4185575669896.82
Sub-Saharan Africa (IDA & IBRD countries),TSS,NY.GDP.MKTP.KD,1960,263658554688.55
Sub-Saharan Africa (IDA & IBRD countries),TSS,NY.GDP.MKTP.KD,1961,266494105216.499
Sub-Saharan Africa (IDA & IBRD countries),TSS,NY.GDP.MKTP.KD,1962,282606621503.205
Sub-Saharan Africa (IDA & IBRD countries),TSS,NY.GDP.MKTP.KD,1963,300256305019.898
Sub-Saharan Africa (IDA & IBRD countries),TSS,NY.GDP.MKTP.KD,1964,315168230773.475
Sub-Saharan Africa (IDA & IBRD countries),TSS,NY.GDP.MKTP.KD,1965,329916648436.442
Sub-Saharan Africa (IDA & IBRD countries),TSS,NY.GDP.MKTP.KD,1966,336602933578.081
Sub-Saharan Africa (IDA & IBRD countries),TSS,NY.GDP.MKTP.KD,1967,334017596949.776
Sub-Saharan Africa (IDA & IBRD countries),TSS,NY.GDP.MKTP.KD,1968,344470469242.147
Sub-Saharan Africa (IDA & IBRD countries),TSS,NY.GDP.MKTP.KD,1969,375466697886.622
Sub-Saharan Africa (IDA & IBRD countries),TSS,NY.GDP.MKTP.KD,1970,404785171158.919
Sub-Saharan Africa (IDA & IBRD countries),TSS,NY.GDP.MKTP.KD,1971,436000063032.534
Sub-Saharan Africa (IDA & IBRD countries),TSS,NY.GDP.MKTP.KD,1972,448866240565.638
Sub-Saharan Africa (IDA & IBRD countries),TSS,NY.GDP.MKTP.KD,1973,468149500247.02
Sub-Saharan Africa (IDA & IBRD countries),TSS,NY.GDP.MKTP.KD,1974,503405559946.593
Sub-Saharan Africa (IDA & IBRD countries),TSS,NY.GDP.MKTP.KD,1975,502248170997.846
Sub-Saharan Africa (IDA & IBRD countries),TSS,NY.GDP.MKTP.KD,1976,528230540077.621
Sub-Saharan Africa (IDA & IBRD countries),TSS,NY.GDP.MKTP.KD,1977,542834016262.376
Sub-Saharan Africa (IDA & IBRD countries),TSS,NY.GDP.MKTP.KD,1978,541878520344.48
Sub-Saharan Africa (IDA & IBRD countries),TSS,NY.GDP.MKTP.KD,1979,563205016935.812
Sub-Saharan Africa (IDA & IBRD countries),TSS,NY.GDP.MKTP.KD,1980,584136934003.473
Sub-Saharan Africa (IDA & IBRD countries),TSS,NY.GDP.MKTP.KD,1981,579382115759.08
Sub-Saharan Africa (IDA & IBRD countries),TSS,NY.GDP.MKTP.KD,1982,572411964597.251
Sub-Saharan Africa (IDA & IBRD countries),TSS,NY.GDP.MKTP.KD,1983,557870735904.815
Sub-Saharan Africa (IDA & IBRD countries),TSS,NY.GDP.MKTP.KD,1984,570447140426.526
Sub-Saharan Africa (IDA & IBRD countries),TSS,NY.GDP.MKTP.KD,1985,581897984133.063
Sub-Saharan Africa (IDA & IBRD countries),TSS,NY.GDP.MKTP.KD,1986,592775014902.429
Sub-Saharan Africa (IDA & IBRD countries),TSS,NY.GDP.MKTP.KD,1987,610165851972.963
Sub-Saharan Africa (IDA & IBRD countries),TSS,NY.GDP.MKTP.KD,1988,637454349742.063
Sub-Saharan Africa (IDA & IBRD countries),TSS,NY.GDP.MKTP.KD,1989,652090179006.281
Sub-Saharan Africa (IDA & IBRD countries),TSS,NY.GDP.MKTP.KD,1990,666832811325.315
Sub-Saharan Africa (IDA & IBRD countries),TSS,NY.GDP.MKTP.KD,1991,669417183838.409
Sub-Saharan Africa (IDA & IBRD countries),TSS,NY.GDP.MKTP.KD,1992,666116612424.357
Sub-Saharan Africa (IDA & IBRD countries),TSS,NY.GDP.MKTP.KD,1993,659177623958.533
Sub-Saharan Africa (IDA & IBRD countries),TSS,NY.GDP.MKTP.KD,1994,665954582880.823
Sub-Saharan Africa (IDA & IBRD countries),TSS,NY.GDP.MKTP.KD,1995,688111073914.975
Sub-Saharan Africa (IDA & IBRD countries),TSS,NY.GDP.MKTP.KD,1996,723508064601.002
Sub-Saharan Africa (IDA & IBRD countries),TSS,NY.GDP.MKTP.KD,1997,752956216123.99
Sub-Saharan Africa (IDA & IBRD countries),TSS,NY.GDP.MKTP.KD,1998,771915870676.397
Sub-Saharan Africa (IDA & IBRD countries),TSS,NY.GDP.MKTP.KD,1999,788733239042.593
Sub-Saharan Africa (IDA & IBRD countries),TSS,NY.GDP.MKTP.KD,2000,815840367858.028
Sub-Saharan Africa (IDA & IBRD countries),TSS,NY.GDP.MKTP.KD,2001,850215958547.839
Sub-Saharan Africa (IDA & IBRD countries),TSS,NY.GDP.MKTP.KD,2002,904574416795.196
Sub-Saharan Africa (IDA & IBRD countries),TSS,NY.GDP.MKTP.KD,2003,941849449125.149
Sub-Saharan Africa (IDA & IBRD countries),TSS,NY.GDP.MKTP.KD,2004,1004807259144.69
Sub-Saharan Africa (IDA & IBRD countries),TSS,NY.GDP.MKTP.KD,2005,1065191452514.4
Sub-Saharan Africa (IDA & IBRD countries),TSS,NY.GDP.MKTP.KD,2006,1129629820810.24
Sub-Saharan Africa (IDA & IBRD countries),TSS,NY.GDP.MKTP.KD,2007,1199211153278.6
Sub-Saharan Africa (IDA & IBRD countries),TSS,NY.GDP.MKTP.KD,2008,1261572064298.85
Sub-Saharan Africa (IDA & IBRD countries),TSS,NY.GDP.MKTP.KD,2009,1301277118508.85
Sub-Saharan Africa (IDA & IBRD countries),TSS,NY.GDP.MKTP.KD,2010,1380219102853.07
Sub-Saharan Africa (IDA & IBRD countries),TSS,NY.GDP.MKTP.KD,2011,1439460053216.65
Sub-Saharan Africa (IDA & IBRD countries),TSS,NY.GDP.MKTP.KD,2012,1487369078304.66
Sub-Saharan Africa (IDA & IBRD countries),TSS,NY.GDP.MKTP.KD,2013,1565820517385.39
Sub-Saharan Africa (IDA & IBRD countries),TSS,NY.GDP.MKTP.KD,2014,1639839043810.31
Sub-Saharan Africa (IDA & IBRD countries),TSS,NY.GDP.MKTP.KD,2015,1687942836834.48
Sub-Saharan Africa (IDA & IBRD countries),TSS,NY.GDP.MKTP.KD,2016,1710173104061.18
Sub-Saharan Africa (IDA & IBRD countries),TSS,NY.GDP.MKTP.KD,2017,1753054922553.67
Sub-Saharan Africa (IDA & IBRD countries),TSS,NY.GDP.MKTP.KD,2018,1802041076569.06
Sub-Saharan Africa (IDA & IBRD countries),TSS,NY.GDP.MKTP.KD,2019,1847977614402.97
Sub-Saharan Africa (IDA & IBRD countries),TSS,NY.GDP.MKTP.KD,2020,1787139859951.38
Sub-Saharan Africa (IDA & IBRD countries),TSS,NY.GDP.MKTP.KD,2021,1851154160556.9
Sub-Saharan Africa (IDA & IBRD countries),TSS,NY.GDP.MKTP.KD,2022,1925824363441.45
Sub-Saharan Africa (IDA & IBRD countries),TSS,NY.GDP.MKTP.KD,2023,1978100228661.96
Sub-Saharan Africa (IDA & IBRD countries),TSS,NY.GDP.MKTP.KD,2024,2049630863414.25
Sub-Saharan Africa (IDA & IBRD countries),TSS,NY.GDP.MKTP.KD,2025,2134470853590.24
Trinidad and Tobago,TTO,NY.GDP.MKTP.KD,1960,3624450730.31542
Trinidad and Tobago,TTO,NY.GDP.MKTP.KD,1961,4133217447.77879
Trinidad and Tobago,TTO,NY.GDP.MKTP.KD,1962,4246569413.04609
Trinidad and Tobago,TTO,NY.GDP.MKTP.KD,1963,4484572525.4376
Trinidad and Tobago,TTO,NY.GDP.MKTP.KD,1964,4826767821.77089
Trinidad and Tobago,TTO,NY.GDP.MKTP.KD,1965,4860258363.87486
Trinidad and Tobago,TTO,NY.GDP.MKTP.KD,1966,5057430373.08512
Trinidad and Tobago,TTO,NY.GDP.MKTP.KD,1967,5160729284.36933
Trinidad and Tobago,TTO,NY.GDP.MKTP.KD,1968,5429868624.91082
Trinidad and Tobago,TTO,NY.GDP.MKTP.KD,1969,5578141211.79639
Trinidad and Tobago,TTO,NY.GDP.MKTP.KD,1970,5775252399.82409
Trinidad and Tobago,TTO,NY.GDP.MKTP.KD,1971,5835334419.68648
Trinidad and Tobago,TTO,NY.GDP.MKTP.KD,1972,6172636987.20097
Trinidad and Tobago,TTO,NY.GDP.MKTP.KD,1973,6274881828.09271
Trinidad and Tobago,TTO,NY.GDP.MKTP.KD,1974,6513804480.11216
Trinidad and Tobago,TTO,NY.GDP.MKTP.KD,1975,6610076254.67821
Trinidad and Tobago,TTO,NY.GDP.MKTP.KD,1976,7033461248.43097
Trinidad and Tobago,TTO,NY.GDP.MKTP.KD,1977,7675038840.50999
Trinidad and Tobago,TTO,NY.GDP.MKTP.KD,1978,8443807609.17602
Trinidad and Tobago,TTO,NY.GDP.MKTP.KD,1979,8747731276.84701
Trinidad and Tobago,TTO,NY.GDP.MKTP.KD,1980,9656691425.14391
Trinidad and Tobago,TTO,NY.GDP.MKTP.KD,1981,10098698331.5168
Trinidad and Tobago,TTO,NY.GDP.MKTP.KD,1982,10482380002.2068
Trinidad and Tobago,TTO,NY.GDP.MKTP.KD,1983,9402660429.00752
Trinidad and Tobago,TTO,NY.GDP.MKTP.KD,1984,8861922250.24607
Trinidad and Tobago,TTO,NY.GDP.MKTP.KD,1985,8496862492.17616
Trinidad and Tobago,TTO,NY.GDP.MKTP.KD,1986,8218236517.09397
Trinidad and Tobago,TTO,NY.GDP.MKTP.KD,1987,7843338767.44573
Trinidad and Tobago,TTO,NY.GDP.MKTP.KD,1988,7535901531.41566
Trinidad and Tobago,TTO,NY.GDP.MKTP.KD,1989,7473360013.58666
Trinidad and Tobago,TTO,NY.GDP.MKTP.KD,1990,7586145559.69973
Trinidad and Tobago,TTO,NY.GDP.MKTP.KD,1991,7822257350.80751
Trinidad and Tobago,TTO,NY.GDP.MKTP.KD,1992,8611756182.67622
Trinidad and Tobago,TTO,NY.GDP.MKTP.KD,1993,8554133650.40646
Trinidad and Tobago,TTO,NY.GDP.MKTP.KD,1994,8859275046.97964
Trinidad and Tobago,TTO,NY.GDP.MKTP.KD,1995,9196805731.42642
Trinidad and Tobago,TTO,NY.GDP.MKTP.KD,1996,9852949763.81727
Trinidad and Tobago,TTO,NY.GDP.MKTP.KD,1997,10594172850.9492
Trinidad and Tobago,TTO,NY.GDP.MKTP.KD,1998,11454903204.1292
Trinidad and Tobago,TTO,NY.GDP.MKTP.KD,1999,12374138297.5001
Trinidad and Tobago,TTO,NY.GDP.MKTP.KD,2000,13228122077.6646
Trinidad and Tobago,TTO,NY.GDP.MKTP.KD,2001,13779539518.821
Trinidad and Tobago,TTO,NY.GDP.MKTP.KD,2002,14873181566.6564
Trinidad and Tobago,TTO,NY.GDP.MKTP.KD,2003,17021016160.8097
Trinidad and Tobago,TTO,NY.GDP.MKTP.KD,2004,18374195713.2386
Trinidad and Tobago,TTO,NY.GDP.MKTP.KD,2005,19515038110.939
Trinidad and Tobago,TTO,NY.GDP.MKTP.KD,2006,22092595781.4538
Trinidad and Tobago,TTO,NY.GDP.MKTP.KD,2007,23142924113.2823
Trinidad and Tobago,TTO,NY.GDP.MKTP.KD,2008,23927871251.383
Trinidad and Tobago,TTO,NY.GDP.MKTP.KD,2009,22877023931.3411
Trinidad and Tobago,TTO,NY.GDP.MKTP.KD,2010,23637278843.6027
Trinidad and Tobago,TTO,NY.GDP.MKTP.KD,2011,23567701471.1486
Trinidad and Tobago,TTO,NY.GDP.MKTP.KD,2012,25149270114.8924
Trinidad and Tobago,TTO,NY.GDP.MKTP.KD,2013,25996346049.5518
Trinidad and Tobago,TTO,NY.GDP.MKTP.KD,2014,26950637730.5197
Trinidad and Tobago,TTO,NY.GDP.MKTP.KD,2015,26841141793.2143
Trinidad and Tobago,TTO,NY.GDP.MKTP.KD,2016,24818295899.8941
Trinidad and Tobago,TTO,NY.GDP.MKTP.KD,2017,23608962518.1707
Trinidad and Tobago,TTO,NY.GDP.MKTP.KD,2018,23385751652.6468
Trinidad and Tobago,TTO,NY.GDP.MKTP.KD,2019,23495134887.9587
Trinidad and Tobago,TTO,NY.GDP.MKTP.KD,2020,21430194900.9331
Trinidad and Tobago,TTO,NY.GDP.MKTP.KD,2021,21276595987.8665
Trinidad and Tobago,TTO,NY.GDP.MKTP.KD,2022,21459842974.3266
Trinidad and Tobago,TTO,NY.GDP.MKTP.KD,2023,21774542874.5018
Trinidad and Tobago,TTO,NY.GDP.MKTP.KD,2024,22320911476.7121
Trinidad and Tobago,TTO,NY.GDP.MKTP.KD,2025,22145074350.9522
Tunisia,TUN,NY.GDP.MKTP.KD,1961,6137821864.85152
Tunisia,TUN,NY.GDP.MKTP.KD,1962,5856090654.45666
Tunisia,TUN,NY.GDP.MKTP.KD,1963,5227498193.14901
Tunisia,TUN,NY.GDP.MKTP.KD,1964,4983062998.82816
Tunisia,TUN,NY.GDP.MKTP.KD,1965,4856658026.98952
Tunisia,TUN,NY.GDP.MKTP.KD,1966,5024449145.82199
Tunisia,TUN,NY.GDP.MKTP.KD,1967,5032586365.33396
Tunisia,TUN,NY.GDP.MKTP.KD,1968,5556464946.94255
Tunisia,TUN,NY.GDP.MKTP.KD,1969,5820275645.59092
Tunisia,TUN,NY.GDP.MKTP.KD,1970,6092061086.39443
Tunisia,TUN,NY.GDP.MKTP.KD,1971,6735394767.76173
Tunisia,TUN,NY.GDP.MKTP.KD,1972,7930436885.17406
Tunisia,TUN,NY.GDP.MKTP.KD,1973,7878520795.40394
Tunisia,TUN,NY.GDP.MKTP.KD,1974,8514694200.79636
Tunisia,TUN,NY.GDP.MKTP.KD,1975,9124014224.7617
Tunisia,TUN,NY.GDP.MKTP.KD,1976,9842699381.25978
Tunisia,TUN,NY.GDP.MKTP.KD,1977,10178443291.3376
Tunisia,TUN,NY.GDP.MKTP.KD,1978,10833983237.5806
Tunisia,TUN,NY.GDP.MKTP.KD,1979,11545507380.9607
Tunisia,TUN,NY.GDP.MKTP.KD,1980,12402038508.4733
Tunisia,TUN,NY.GDP.MKTP.KD,1981,13085895944.116
Tunisia,TUN,NY.GDP.MKTP.KD,1982,13021285955.0167
Tunisia,TUN,NY.GDP.MKTP.KD,1983,13630931805.9308
Tunisia,TUN,NY.GDP.MKTP.KD,1984,14414552710.676
Tunisia,TUN,NY.GDP.MKTP.KD,1985,15228769277.2666
Tunisia,TUN,NY.GDP.MKTP.KD,1986,15008410750.2024
Tunisia,TUN,NY.GDP.MKTP.KD,1987,16014180050.152
Tunisia,TUN,NY.GDP.MKTP.KD,1988,16025735734.7287
Tunisia,TUN,NY.GDP.MKTP.KD,1989,16305657121.1019
Tunisia,TUN,NY.GDP.MKTP.KD,1990,17601927420.1895
Tunisia,TUN,NY.GDP.MKTP.KD,1991,18289202650.5352
Tunisia,TUN,NY.GDP.MKTP.KD,1992,19716808223.242
Tunisia,TUN,NY.GDP.MKTP.KD,1993,20148572580.2729
Tunisia,TUN,NY.GDP.MKTP.KD,1994,20788977092.4047
Tunisia,TUN,NY.GDP.MKTP.KD,1995,21277865198.9901
Tunisia,TUN,NY.GDP.MKTP.KD,1996,22798398674.3337
Tunisia,TUN,NY.GDP.MKTP.KD,1997,24038846665.354
Tunisia,TUN,NY.GDP.MKTP.KD,1998,25188807992.3368
Tunisia,TUN,NY.GDP.MKTP.KD,1999,26713898245.8853
Tunisia,TUN,NY.GDP.MKTP.KD,2000,27972115617.4879
Tunisia,TUN,NY.GDP.MKTP.KD,2001,29034013115.9435
Tunisia,TUN,NY.GDP.MKTP.KD,2002,29418004531.8437
Tunisia,TUN,NY.GDP.MKTP.KD,2003,30801356639.5236
Tunisia,TUN,NY.GDP.MKTP.KD,2004,32722064779.1709
Tunisia,TUN,NY.GDP.MKTP.KD,2005,33862934470.3211
Tunisia,TUN,NY.GDP.MKTP.KD,2006,35638740560.1483
Tunisia,TUN,NY.GDP.MKTP.KD,2007,38029929333.0918
Tunisia,TUN,NY.GDP.MKTP.KD,2008,39641554633.3358
Tunisia,TUN,NY.GDP.MKTP.KD,2009,40848025576.8668
Tunisia,TUN,NY.GDP.MKTP.KD,2010,42061674642.7812
Tunisia,TUN,NY.GDP.MKTP.KD,2011,41200826152.5875
Tunisia,TUN,NY.GDP.MKTP.KD,2012,42938131960.3014
Tunisia,TUN,NY.GDP.MKTP.KD,2013,43981498924.3673
Tunisia,TUN,NY.GDP.MKTP.KD,2014,45340671513.9524
Tunisia,TUN,NY.GDP.MKTP.KD,2015,45779494041.9295
Tunisia,TUN,NY.GDP.MKTP.KD,2016,46290957182.3198
Tunisia,TUN,NY.GDP.MKTP.KD,2017,47333713938.692
Tunisia,TUN,NY.GDP.MKTP.KD,2018,48567689496.9783
Tunisia,TUN,NY.GDP.MKTP.KD,2019,49320533876.2551
Tunisia,TUN,NY.GDP.MKTP.KD,2020,44893953703.8732
Tunisia,TUN,NY.GDP.MKTP.KD,2021,47020147729.5282
Tunisia,TUN,NY.GDP.MKTP.KD,2022,48314277429.7123
Tunisia,TUN,NY.GDP.MKTP.KD,2023,48403183212.3138
Tunisia,TUN,NY.GDP.MKTP.KD,2024,49184626298.0351
Tunisia,TUN,NY.GDP.MKTP.KD,2025,50410853187.1956
Turkiye,TUR,NY.GDP.MKTP.KD,1960,69393850611.6073
Turkiye,TUR,NY.GDP.MKTP.KD,1961,70196091673.8763
Turkiye,TUR,NY.GDP.MKTP.KD,1962,74107016788.7045
Turkiye,TUR,NY.GDP.MKTP.KD,1963,80825785366.5437
Turkiye,TUR,NY.GDP.MKTP.KD,1964,85238110897.4404
Turkiye,TUR,NY.GDP.MKTP.KD,1965,87644834140.8987
Turkiye,TUR,NY.GDP.MKTP.KD,1966,97472287281.1582
Turkiye,TUR,NY.GDP.MKTP.KD,1967,102085173261.739
Turkiye,TUR,NY.GDP.MKTP.KD,1968,109004502232.61
Turkiye,TUR,NY.GDP.MKTP.KD,1969,113453134702.055
Turkiye,TUR,NY.GDP.MKTP.KD,1970,117121651992.719
Turkiye,TUR,NY.GDP.MKTP.KD,1971,123641456553.195
Turkiye,TUR,NY.GDP.MKTP.KD,1972,132822809399.576
Turkiye,TUR,NY.GDP.MKTP.KD,1973,137155933758.934
Turkiye,TUR,NY.GDP.MKTP.KD,1974,144829087364.853
Turkiye,TUR,NY.GDP.MKTP.KD,1975,155219289299.975
Turkiye,TUR,NY.GDP.MKTP.KD,1976,171457057859.695
Turkiye,TUR,NY.GDP.MKTP.KD,1977,177298033677.47
Turkiye,TUR,NY.GDP.MKTP.KD,1978,179962704353.859
Turkiye,TUR,NY.GDP.MKTP.KD,1979,178839532694.647
Turkiye,TUR,NY.GDP.MKTP.KD,1980,174462702629.743
Turkiye,TUR,NY.GDP.MKTP.KD,1981,182935743325.048
Turkiye,TUR,NY.GDP.MKTP.KD,1982,189454160609.63
Turkiye,TUR,NY.GDP.MKTP.KD,1983,198872079969.436
Turkiye,TUR,NY.GDP.MKTP.KD,1984,212220405223.885
Turkiye,TUR,NY.GDP.MKTP.KD,1985,221221385068.134
Turkiye,TUR,NY.GDP.MKTP.KD,1986,236733497412.287
Turkiye,TUR,NY.GDP.MKTP.KD,1987,259188945262.461
Turkiye,TUR,NY.GDP.MKTP.KD,1988,265204038481.014
Turkiye,TUR,NY.GDP.MKTP.KD,1989,265973777472.869
Turkiye,TUR,NY.GDP.MKTP.KD,1990,290619297801.216
Turkiye,TUR,NY.GDP.MKTP.KD,1991,292712567686.886
Turkiye,TUR,NY.GDP.MKTP.KD,1992,307452503997.471
Turkiye,TUR,NY.GDP.MKTP.KD,1993,330976510465.766
Turkiye,TUR,NY.GDP.MKTP.KD,1994,315526039205.892
Turkiye,TUR,NY.GDP.MKTP.KD,1995,340384022644.803
Turkiye,TUR,NY.GDP.MKTP.KD,1996,364748025041.481
Turkiye,TUR,NY.GDP.MKTP.KD,1997,391585682738.779
Turkiye,TUR,NY.GDP.MKTP.KD,1998,399059372123.491
Turkiye,TUR,NY.GDP.MKTP.KD,1999,386877005103.984
Turkiye,TUR,NY.GDP.MKTP.KD,2000,413901474163.049
Turkiye,TUR,NY.GDP.MKTP.KD,2001,391304902374.343
Turkiye,TUR,NY.GDP.MKTP.KD,2002,416487363949.901
Turkiye,TUR,NY.GDP.MKTP.KD,2003,440639854394.832
Turkiye,TUR,NY.GDP.MKTP.KD,2004,484375146822.671
Turkiye,TUR,NY.GDP.MKTP.KD,2005,528509363515.706
Turkiye,TUR,NY.GDP.MKTP.KD,2006,565862429106.909
Turkiye,TUR,NY.GDP.MKTP.KD,2007,594767729617.936
Turkiye,TUR,NY.GDP.MKTP.KD,2008,600240295872.955
Turkiye,TUR,NY.GDP.MKTP.KD,2009,570932398858.345
Turkiye,TUR,NY.GDP.MKTP.KD,2010,619702577582.152
Turkiye,TUR,NY.GDP.MKTP.KD,2011,687745688381.755
Turkiye,TUR,NY.GDP.MKTP.KD,2012,720809935556.199
Turkiye,TUR,NY.GDP.MKTP.KD,2013,781994134596.37
Turkiye,TUR,NY.GDP.MKTP.KD,2014,817972077517.761
Turkiye,TUR,NY.GDP.MKTP.KD,2015,865460050683.656
Turkiye,TUR,NY.GDP.MKTP.KD,2016,894225044186.927
Turkiye,TUR,NY.GDP.MKTP.KD,2017,964205820086.089
Turkiye,TUR,NY.GDP.MKTP.KD,2018,997645953748.995
Turkiye,TUR,NY.GDP.MKTP.KD,2019,1010631549472.6
Turkiye,TUR,NY.GDP.MKTP.KD,2020,1028853867659.94
Turkiye,TUR,NY.GDP.MKTP.KD,2021,1150372769727.98
Turkiye,TUR,NY.GDP.MKTP.KD,2022,1212967141770.11
Turkiye,TUR,NY.GDP.MKTP.KD,2023,1274162834489.99
Turkiye,TUR,NY.GDP.MKTP.KD,2024,1316562171166.78
Turkiye,TUR,NY.GDP.MKTP.KD,2025,1364019302183.26
Tuvalu,TUV,NY.GDP.MKTP.KD,1970,13760735.9151905
Tuvalu,TUV,NY.GDP.MKTP.KD,1971,13542807.3454164
Tuvalu,TUV,NY.GDP.MKTP.KD,1972,13278722.3225266
Tuvalu,TUV,NY.GDP.MKTP.KD,1973,13022376.824119
Tuvalu,TUV,NY.GDP.MKTP.KD,1974,12803848.0548104
Tuvalu,TUV,NY.GDP.MKTP.KD,1975,12610958.063076
Tuvalu,TUV,NY.GDP.MKTP.KD,1976,12504383.1406545
Tuvalu,TUV,NY.GDP.MKTP.KD,1977,12036531.7619487
Tuvalu,TUV,NY.GDP.MKTP.KD,1978,11815961.8983802
Tuvalu,TUV,NY.GDP.MKTP.KD,1979,11769076.3345136
Tuvalu,TUV,NY.GDP.MKTP.KD,1980,11693812.9762596
Tuvalu,TUV,NY.GDP.MKTP.KD,1981,11997887.5060089
Tuvalu,TUV,NY.GDP.MKTP.KD,1982,10077133.9458571
Tuvalu,TUV,NY.GDP.MKTP.KD,1983,10981415.6338744
Tuvalu,TUV,NY.GDP.MKTP.KD,1984,11800738.5926354
Tuvalu,TUV,NY.GDP.MKTP.KD,1985,11584183.6896943
Tuvalu,TUV,NY.GDP.MKTP.KD,1986,14200529.0052656
Tuvalu,TUV,NY.GDP.MKTP.KD,1987,15941073.6947944
Tuvalu,TUV,NY.GDP.MKTP.KD,1988,19018816.5113982
Tuvalu,TUV,NY.GDP.MKTP.KD,1989,18648368.64583
Tuvalu,TUV,NY.GDP.MKTP.KD,1990,21515741.5255962
Tuvalu,TUV,NY.GDP.MKTP.KD,1991,22292283.9803553
Tuvalu,TUV,NY.GDP.MKTP.KD,1992,22913968.7175773
Tuvalu,TUV,NY.GDP.MKTP.KD,1993,23855921.5897719
Tuvalu,TUV,NY.GDP.MKTP.KD,1994,26309115.8995502
Tuvalu,TUV,NY.GDP.MKTP.KD,1995,24992488.8144881
Tuvalu,TUV,NY.GDP.MKTP.KD,1996,23502593.9654287
Tuvalu,TUV,NY.GDP.MKTP.KD,1997,25853629.6015543
Tuvalu,TUV,NY.GDP.MKTP.KD,1998,29861243.6757046
Tuvalu,TUV,NY.GDP.MKTP.KD,1999,29394252.3981792
Tuvalu,TUV,NY.GDP.MKTP.KD,2000,29122360.6229148
Tuvalu,TUV,NY.GDP.MKTP.KD,2001,29324945.2925804
Tuvalu,TUV,NY.GDP.MKTP.KD,2002,31764000.9528165
Tuvalu,TUV,NY.GDP.MKTP.KD,2003,30382017.2671746
Tuvalu,TUV,NY.GDP.MKTP.KD,2004,29808362.3541326
Tuvalu,TUV,NY.GDP.MKTP.KD,2005,28691547.6545121
Tuvalu,TUV,NY.GDP.MKTP.KD,2006,29064835.7252677
Tuvalu,TUV,NY.GDP.MKTP.KD,2007,31071900.196306
Tuvalu,TUV,NY.GDP.MKTP.KD,2008,33116182.5830509
Tuvalu,TUV,NY.GDP.MKTP.KD,2009,31255078.8764039
Tuvalu,TUV,NY.GDP.MKTP.KD,2010,30483621.4839826
Tuvalu,TUV,NY.GDP.MKTP.KD,2011,32776023.3087715
Tuvalu,TUV,NY.GDP.MKTP.KD,2012,31841001.1471369
Tuvalu,TUV,NY.GDP.MKTP.KD,2013,33052558.6601111
Tuvalu,TUV,NY.GDP.MKTP.KD,2014,33603619.4567279
Tuvalu,TUV,NY.GDP.MKTP.KD,2015,36755290.7767318
Tuvalu,TUV,NY.GDP.MKTP.KD,2016,38510909.0686574
Tuvalu,TUV,NY.GDP.MKTP.KD,2017,39769456.7992276
Tuvalu,TUV,NY.GDP.MKTP.KD,2018,40320933.438478
Tuvalu,TUV,NY.GDP.MKTP.KD,2019,45742689.695268
Tuvalu,TUV,NY.GDP.MKTP.KD,2020,44356547.5832902
Tuvalu,TUV,NY.GDP.MKTP.KD,2021,44356547.5832902
Tuvalu,TUV,NY.GDP.MKTP.KD,2022,39505050.1913678
Tuvalu,TUV,NY.GDP.MKTP.KD,2023,40891192.3033457
Tuvalu,TUV,NY.GDP.MKTP.KD,2024,42277334.4153235
Tuvalu,TUV,NY.GDP.MKTP.KD,2025,42970405.4713124
Tanzania,TZA,NY.GDP.MKTP.KD,1960,8038068840.54701
Tanzania,TZA,NY.GDP.MKTP.KD,1961,8129565884.88482
Tanzania,TZA,NY.GDP.MKTP.KD,1962,8869091956.87428
Tanzania,TZA,NY.GDP.MKTP.KD,1963,9424297384.73177
Tanzania,TZA,NY.GDP.MKTP.KD,1964,9943685369.9958
Tanzania,TZA,NY.GDP.MKTP.KD,1965,10377699460.845
Tanzania,TZA,NY.GDP.MKTP.KD,1966,11586045113.7292
Tanzania,TZA,NY.GDP.MKTP.KD,1967,12225972344.4658
Tanzania,TZA,NY.GDP.MKTP.KD,1968,12994443432.1294
Tanzania,TZA,NY.GDP.MKTP.KD,1969,13418275376.6682
Tanzania,TZA,NY.GDP.MKTP.KD,1970,7187762855.63836
Tanzania,TZA,NY.GDP.MKTP.KD,1971,7468190603.76476
Tanzania,TZA,NY.GDP.MKTP.KD,1972,7999575904.34943
Tanzania,TZA,NY.GDP.MKTP.KD,1973,8494906638.14644
Tanzania,TZA,NY.GDP.MKTP.KD,1974,8674437206.56045
Tanzania,TZA,NY.GDP.MKTP.KD,1975,9020497424.96321
Tanzania,TZA,NY.GDP.MKTP.KD,1976,9318716167.23332
Tanzania,TZA,NY.GDP.MKTP.KD,1977,9323337584.19363
Tanzania,TZA,NY.GDP.MKTP.KD,1978,9517636648.2159
Tanzania,TZA,NY.GDP.MKTP.KD,1979,9755594117.19275
Tanzania,TZA,NY.GDP.MKTP.KD,1980,10022700328.2642
Tanzania,TZA,NY.GDP.MKTP.KD,1981,9924596037.39251
Tanzania,TZA,NY.GDP.MKTP.KD,1982,9888107299.54427
Tanzania,TZA,NY.GDP.MKTP.KD,1983,9849382580.7354
Tanzania,TZA,NY.GDP.MKTP.KD,1984,10309641477.2411
Tanzania,TZA,NY.GDP.MKTP.KD,1985,10437986617.413
Tanzania,TZA,NY.GDP.MKTP.KD,1986,11011628451.3937
Tanzania,TZA,NY.GDP.MKTP.KD,1987,11539803390.9647
Tanzania,TZA,NY.GDP.MKTP.KD,1988,12377066378.3137
Tanzania,TZA,NY.GDP.MKTP.KD,1989,12842994037.8272
Tanzania,TZA,NY.GDP.MKTP.KD,1990,13747792168.7767
Tanzania,TZA,NY.GDP.MKTP.KD,1991,14032644802.1466
Tanzania,TZA,NY.GDP.MKTP.KD,1992,14114640651.4198
Tanzania,TZA,NY.GDP.MKTP.KD,1993,14284835102.5474
Tanzania,TZA,NY.GDP.MKTP.KD,1994,14508773000.5317
Tanzania,TZA,NY.GDP.MKTP.KD,1995,15026723409.8503
Tanzania,TZA,NY.GDP.MKTP.KD,1996,15709592840.2077
Tanzania,TZA,NY.GDP.MKTP.KD,1997,16263399690.2487
Tanzania,TZA,NY.GDP.MKTP.KD,1998,16866529754.0874
Tanzania,TZA,NY.GDP.MKTP.KD,1999,17686894781.2905
Tanzania,TZA,NY.GDP.MKTP.KD,2000,18486481203.1543
Tanzania,TZA,NY.GDP.MKTP.KD,2001,19608760036.0732
Tanzania,TZA,NY.GDP.MKTP.KD,2002,20999647619.2893
Tanzania,TZA,NY.GDP.MKTP.KD,2003,22400909970.0774
Tanzania,TZA,NY.GDP.MKTP.KD,2004,24081832736.0715
Tanzania,TZA,NY.GDP.MKTP.KD,2005,25882267435.0187
Tanzania,TZA,NY.GDP.MKTP.KD,2006,27572954444.2321
Tanzania,TZA,NY.GDP.MKTP.KD,2007,29439239572.2798
Tanzania,TZA,NY.GDP.MKTP.KD,2008,31113277454.4947
Tanzania,TZA,NY.GDP.MKTP.KD,2009,32752668789.9028
Tanzania,TZA,NY.GDP.MKTP.KD,2010,34828049320.6343
Tanzania,TZA,NY.GDP.MKTP.KD,2011,37500111399.4432
Tanzania,TZA,NY.GDP.MKTP.KD,2012,39187673997.6272
Tanzania,TZA,NY.GDP.MKTP.KD,2013,41845219654.6812
Tanzania,TZA,NY.GDP.MKTP.KD,2014,44662433111.6494
Tanzania,TZA,NY.GDP.MKTP.KD,2015,47413919817.124
Tanzania,TZA,NY.GDP.MKTP.KD,2016,50669888784.2555
Tanzania,TZA,NY.GDP.MKTP.KD,2017,54078588995.422
Tanzania,TZA,NY.GDP.MKTP.KD,2018,57054358529.8858
Tanzania,TZA,NY.GDP.MKTP.KD,2019,60363511324.6004
Tanzania,TZA,NY.GDP.MKTP.KD,2020,61565931105.4141
Tanzania,TZA,NY.GDP.MKTP.KD,2021,64226431583.1539
Tanzania,TZA,NY.GDP.MKTP.KD,2022,67159014151.451
Tanzania,TZA,NY.GDP.MKTP.KD,2023,70563656177.7408
Tanzania,TZA,NY.GDP.MKTP.KD,2024,74463225268.4644
Tanzania,TZA,NY.GDP.MKTP.KD,2025,78821459765.6257
Uganda,UGA,NY.GDP.MKTP.KD,1982,4983495458.56727
Uganda,UGA,NY.GDP.MKTP.KD,1983,5269775231.31336
Uganda,UGA,NY.GDP.MKTP.KD,1984,5251611544.99425
Uganda,UGA,NY.GDP.MKTP.KD,1985,5077973310.83708
Uganda,UGA,NY.GDP.MKTP.KD,1986,5097781821.69487
Uganda,UGA,NY.GDP.MKTP.KD,1987,5299750981.88925
Uganda,UGA,NY.GDP.MKTP.KD,1988,5737885293.30513
Uganda,UGA,NY.GDP.MKTP.KD,1989,6102926184.3107
Uganda,UGA,NY.GDP.MKTP.KD,1990,6498038178.89001
Uganda,UGA,NY.GDP.MKTP.KD,1991,6858945424.65226
Uganda,UGA,NY.GDP.MKTP.KD,1992,7093408658.47848
Uganda,UGA,NY.GDP.MKTP.KD,1993,7684026612.97919
Uganda,UGA,NY.GDP.MKTP.KD,1994,8176083687.44476
Uganda,UGA,NY.GDP.MKTP.KD,1995,9118233745.01833
Uganda,UGA,NY.GDP.MKTP.KD,1996,9945450357.95596
Uganda,UGA,NY.GDP.MKTP.KD,1997,10452668511.6708
Uganda,UGA,NY.GDP.MKTP.KD,1998,10965399652.3846
Uganda,UGA,NY.GDP.MKTP.KD,1999,11848547279.7459
Uganda,UGA,NY.GDP.MKTP.KD,2000,12220817656.1968
Uganda,UGA,NY.GDP.MKTP.KD,2001,12854303430.1863
Uganda,UGA,NY.GDP.MKTP.KD,2002,13976829355.9471
Uganda,UGA,NY.GDP.MKTP.KD,2003,14881585674.2548
Uganda,UGA,NY.GDP.MKTP.KD,2004,15894609936.3319
Uganda,UGA,NY.GDP.MKTP.KD,2005,16901146460.5212
Uganda,UGA,NY.GDP.MKTP.KD,2006,18723891904.5488
Uganda,UGA,NY.GDP.MKTP.KD,2007,20299025448.8812
Uganda,UGA,NY.GDP.MKTP.KD,2008,22066817213.6558
Uganda,UGA,NY.GDP.MKTP.KD,2009,23567695614.7273
Uganda,UGA,NY.GDP.MKTP.KD,2010,24896350765.3932
Uganda,UGA,NY.GDP.MKTP.KD,2011,27234530259.5375
Uganda,UGA,NY.GDP.MKTP.KD,2012,28279643267.7641
Uganda,UGA,NY.GDP.MKTP.KD,2013,29294007439.7726
Uganda,UGA,NY.GDP.MKTP.KD,2014,30789849487.5724
Uganda,UGA,NY.GDP.MKTP.KD,2015,32387183730.1002
Uganda,UGA,NY.GDP.MKTP.KD,2016,33935615078.9833
Uganda,UGA,NY.GDP.MKTP.KD,2017,34998276801.8745
Uganda,UGA,NY.GDP.MKTP.KD,2018,37204541496.6985
Uganda,UGA,NY.GDP.MKTP.KD,2019,39600047064.28
Uganda,UGA,NY.GDP.MKTP.KD,2020,40768765796.4748
Uganda,UGA,NY.GDP.MKTP.KD,2021,42210585952.7826
Uganda,UGA,NY.GDP.MKTP.KD,2022,44147216889.624
Uganda,UGA,NY.GDP.MKTP.KD,2023,46503341915.459
Uganda,UGA,NY.GDP.MKTP.KD,2024,49319389340.67
Uganda,UGA,NY.GDP.MKTP.KD,2025,52442200144.5364
Ukraine,UKR,NY.GDP.MKTP.KD,1987,161845930095.684
Ukraine,UKR,NY.GDP.MKTP.KD,1988,165999646444.938
Ukraine,UKR,NY.GDP.MKTP.KD,1989,172428984082.68
Ukraine,UKR,NY.GDP.MKTP.KD,1990,161487959613.275
Ukraine,UKR,NY.GDP.MKTP.KD,1991,147438507127.37
Ukraine,UKR,NY.GDP.MKTP.KD,1992,132842094918.75
Ukraine,UKR,NY.GDP.MKTP.KD,1993,113978517441.132
Ukraine,UKR,NY.GDP.MKTP.KD,1994,87877436947.9924
Ukraine,UKR,NY.GDP.MKTP.KD,1995,77156389639.6884
Ukraine,UKR,NY.GDP.MKTP.KD,1996,69440750675.7195
Ukraine,UKR,NY.GDP.MKTP.KD,1997,67357528156.5426
Ukraine,UKR,NY.GDP.MKTP.KD,1998,66077735120.1257
Ukraine,UKR,NY.GDP.MKTP.KD,1999,65945579649.8151
Ukraine,UKR,NY.GDP.MKTP.KD,2000,69836368849.3183
Ukraine,UKR,NY.GDP.MKTP.KD,2001,75981969310.6229
Ukraine,UKR,NY.GDP.MKTP.KD,2002,80039138412.8861
Ukraine,UKR,NY.GDP.MKTP.KD,2003,87656150954.4385
Ukraine,UKR,NY.GDP.MKTP.KD,2004,97995502972.09
Ukraine,UKR,NY.GDP.MKTP.KD,2005,101005170642.605
Ukraine,UKR,NY.GDP.MKTP.KD,2006,108652697104.575
Ukraine,UKR,NY.GDP.MKTP.KD,2007,117579433691.217
Ukraine,UKR,NY.GDP.MKTP.KD,2008,120217318405.036
Ukraine,UKR,NY.GDP.MKTP.KD,2009,102020662582.215
Ukraine,UKR,NY.GDP.MKTP.KD,2010,106195352549.996
Ukraine,UKR,NY.GDP.MKTP.KD,2011,111977987704.028
Ukraine,UKR,NY.GDP.MKTP.KD,2012,112148546939.271
Ukraine,UKR,NY.GDP.MKTP.KD,2013,112199506223.487
Ukraine,UKR,NY.GDP.MKTP.KD,2014,100891035818.548
Ukraine,UKR,NY.GDP.MKTP.KD,2015,91030967789.0717
Ukraine,UKR,NY.GDP.MKTP.KD,2016,93253017277.0895
Ukraine,UKR,NY.GDP.MKTP.KD,2017,95453762636.0202
Ukraine,UKR,NY.GDP.MKTP.KD,2018,98783535744.1445
Ukraine,UKR,NY.GDP.MKTP.KD,2019,101944118786.821
Ukraine,UKR,NY.GDP.MKTP.KD,2020,98118341608.386
Ukraine,UKR,NY.GDP.MKTP.KD,2021,101499127457.564
Ukraine,UKR,NY.GDP.MKTP.KD,2022,72309415409.6738
Ukraine,UKR,NY.GDP.MKTP.KD,2023,76311548883.8968
Ukraine,UKR,NY.GDP.MKTP.KD,2024,78790238103.5768
Ukraine,UKR,NY.GDP.MKTP.KD,2025,80225421017.1528
Uruguay,URY,NY.GDP.MKTP.KD,1960,16784217051.3852
Uruguay,URY,NY.GDP.MKTP.KD,1961,17202653946.7252
Uruguay,URY,NY.GDP.MKTP.KD,1962,16931789756.8334
Uruguay,URY,NY.GDP.MKTP.KD,1963,16960651491.9083
Uruguay,URY,NY.GDP.MKTP.KD,1964,17374579715.8112
Uruguay,URY,NY.GDP.MKTP.KD,1965,17556249025.7395
Uruguay,URY,NY.GDP.MKTP.KD,1966,18093971640.9766
Uruguay,URY,NY.GDP.MKTP.KD,1967,17432305113.646
Uruguay,URY,NY.GDP.MKTP.KD,1968,17761585972.3144
Uruguay,URY,NY.GDP.MKTP.KD,1969,18803256921.9176
Uruguay,URY,NY.GDP.MKTP.KD,1970,19241977028.4357
Uruguay,URY,NY.GDP.MKTP.KD,1971,19193542753.4569
Uruguay,URY,NY.GDP.MKTP.KD,1972,18940270547.9015
Uruguay,URY,NY.GDP.MKTP.KD,1973,18992394099.987
Uruguay,URY,NY.GDP.MKTP.KD,1974,19542289356.6581
Uruguay,URY,NY.GDP.MKTP.KD,1975,20733765993.5299
Uruguay,URY,NY.GDP.MKTP.KD,1976,21549737170.4348
Uruguay,URY,NY.GDP.MKTP.KD,1977,21863385229.0134
Uruguay,URY,NY.GDP.MKTP.KD,1978,23038320347.7266
Uruguay,URY,NY.GDP.MKTP.KD,1979,24466492719.2575
Uruguay,URY,NY.GDP.MKTP.KD,1980,25896167975.2906
Uruguay,URY,NY.GDP.MKTP.KD,1981,26300034208.3807
Uruguay,URY,NY.GDP.MKTP.KD,1982,23733710676.1581
Uruguay,URY,NY.GDP.MKTP.KD,1983,21295214497.4957
Uruguay,URY,NY.GDP.MKTP.KD,1984,21051891660.6852
Uruguay,URY,NY.GDP.MKTP.KD,1985,21360625236.6484
Uruguay,URY,NY.GDP.MKTP.KD,1986,23242455370.5452
Uruguay,URY,NY.GDP.MKTP.KD,1987,25100256718.148
Uruguay,URY,NY.GDP.MKTP.KD,1988,25471975822.888
Uruguay,URY,NY.GDP.MKTP.KD,1989,25753161224.7828
Uruguay,URY,NY.GDP.MKTP.KD,1990,25829737832.144
Uruguay,URY,NY.GDP.MKTP.KD,1991,26743802791.2413
Uruguay,URY,NY.GDP.MKTP.KD,1992,28865011154.8822
Uruguay,URY,NY.GDP.MKTP.KD,1993,29632112135.1097
Uruguay,URY,NY.GDP.MKTP.KD,1994,31789727752.3514
Uruguay,URY,NY.GDP.MKTP.KD,1995,31329539981.1782
Uruguay,URY,NY.GDP.MKTP.KD,1996,33077088488.9395
Uruguay,URY,NY.GDP.MKTP.KD,1997,35904413225.1269
Uruguay,URY,NY.GDP.MKTP.KD,1998,37526894198.668
Uruguay,URY,NY.GDP.MKTP.KD,1999,36956130432.4805
Uruguay,URY,NY.GDP.MKTP.KD,2000,36242902749.5716
Uruguay,URY,NY.GDP.MKTP.KD,2001,34849678466.8177
Uruguay,URY,NY.GDP.MKTP.KD,2002,32155098813.2195
Uruguay,URY,NY.GDP.MKTP.KD,2003,32414038652.1022
Uruguay,URY,NY.GDP.MKTP.KD,2004,34036089123.994
Uruguay,URY,NY.GDP.MKTP.KD,2005,36575226344.6127
Uruguay,URY,NY.GDP.MKTP.KD,2006,38074290288.9132
Uruguay,URY,NY.GDP.MKTP.KD,2007,40564924117.3376
Uruguay,URY,NY.GDP.MKTP.KD,2008,43475921755.0631
Uruguay,URY,NY.GDP.MKTP.KD,2009,45320819970.7986
Uruguay,URY,NY.GDP.MKTP.KD,2010,48857389210.184
Uruguay,URY,NY.GDP.MKTP.KD,2011,51379472633.5779
Uruguay,URY,NY.GDP.MKTP.KD,2012,53197370201.0395
Uruguay,URY,NY.GDP.MKTP.KD,2013,55664418793.7377
Uruguay,URY,NY.GDP.MKTP.KD,2014,57467273107.5946
Uruguay,URY,NY.GDP.MKTP.KD,2015,57680327998.6689
Uruguay,URY,NY.GDP.MKTP.KD,2016,58655009160.0858
Uruguay,URY,NY.GDP.MKTP.KD,2017,59675827150.5481
Uruguay,URY,NY.GDP.MKTP.KD,2018,59774159551.5863
Uruguay,URY,NY.GDP.MKTP.KD,2019,60329073575.9906
Uruguay,URY,NY.GDP.MKTP.KD,2020,55890466315.3236
Uruguay,URY,NY.GDP.MKTP.KD,2021,59156857887.5914
Uruguay,URY,NY.GDP.MKTP.KD,2022,61881758828.1137
Uruguay,URY,NY.GDP.MKTP.KD,2023,62353142656.5034
Uruguay,URY,NY.GDP.MKTP.KD,2024,64426857947.3311
Uruguay,URY,NY.GDP.MKTP.KD,2025,65576691278.1303
United States,USA,NY.GDP.MKTP.KD,1960,3431221354400.48
United States,USA,NY.GDP.MKTP.KD,1961,3510139445548.0
United States,USA,NY.GDP.MKTP.KD,1962,3724257952009.94
United States,USA,NY.GDP.MKTP.KD,1963,3888125302072.0
United States,USA,NY.GDP.MKTP.KD,1964,4113636569749.17
United States,USA,NY.GDP.MKTP.KD,1965,4376909310257.44
United States,USA,NY.GDP.MKTP.KD,1966,4661408415802.81
United States,USA,NY.GDP.MKTP.KD,1967,4777943625874.65
United States,USA,NY.GDP.MKTP.KD,1968,5007284920049.62
United States,USA,NY.GDP.MKTP.KD,1969,5162510752399.39
United States,USA,NY.GDP.MKTP.KD,1970,5173693086156.43
United States,USA,NY.GDP.MKTP.KD,1971,5344048439329.24
United States,USA,NY.GDP.MKTP.KD,1972,5624905010748.28
United States,USA,NY.GDP.MKTP.KD,1973,5942469134431.78
United States,USA,NY.GDP.MKTP.KD,1974,5910347106213.37
United States,USA,NY.GDP.MKTP.KD,1975,5898194298295.99
United States,USA,NY.GDP.MKTP.KD,1976,6215991006938.6
United States,USA,NY.GDP.MKTP.KD,1977,6503430023972.05
United States,USA,NY.GDP.MKTP.KD,1978,6863408304118.42
United States,USA,NY.GDP.MKTP.KD,1979,7080703002868.78
United States,USA,NY.GDP.MKTP.KD,1980,7062521475379.06
United States,USA,NY.GDP.MKTP.KD,1981,7241747172584.14
United States,USA,NY.GDP.MKTP.KD,1982,7111177473641.25
United States,USA,NY.GDP.MKTP.KD,1983,7437138984498.94
United States,USA,NY.GDP.MKTP.KD,1984,7975324064043.09
United States,USA,NY.GDP.MKTP.KD,1985,8307861210636.8
United States,USA,NY.GDP.MKTP.KD,1986,8595533785996.84
United States,USA,NY.GDP.MKTP.KD,1987,8892477645982.6
United States,USA,NY.GDP.MKTP.KD,1988,9263914871715.43
United States,USA,NY.GDP.MKTP.KD,1989,9604107859227.81
United States,USA,NY.GDP.MKTP.KD,1990,9785238027483.98
United States,USA,NY.GDP.MKTP.KD,1991,9774639354974.79
United States,USA,NY.GDP.MKTP.KD,1992,10118950749880.0
United States,USA,NY.GDP.MKTP.KD,1993,10397403618008.9
United States,USA,NY.GDP.MKTP.KD,1994,10816317372731.7
United States,USA,NY.GDP.MKTP.KD,1995,11106673921189.1
United States,USA,NY.GDP.MKTP.KD,1996,11525703481707.7
United States,USA,NY.GDP.MKTP.KD,1997,12038266260881.9
United States,USA,NY.GDP.MKTP.KD,1998,12577957790986.1
United States,USA,NY.GDP.MKTP.KD,1999,13180243872422.8
United States,USA,NY.GDP.MKTP.KD,2000,13717679619695.1
United States,USA,NY.GDP.MKTP.KD,2001,13848757307490.4
United States,USA,NY.GDP.MKTP.KD,2002,14084248131472.2
United States,USA,NY.GDP.MKTP.KD,2003,14477988212190.1
United States,USA,NY.GDP.MKTP.KD,2004,15035068144287.0
United States,USA,NY.GDP.MKTP.KD,2005,15558822251170.7
United States,USA,NY.GDP.MKTP.KD,2006,15992063823764.9
United States,USA,NY.GDP.MKTP.KD,2007,16312522122670.3
United States,USA,NY.GDP.MKTP.KD,2008,16331051067547.5
United States,USA,NY.GDP.MKTP.KD,2009,15910281498142.2
United States,USA,NY.GDP.MKTP.KD,2010,16339094225608.8
United States,USA,NY.GDP.MKTP.KD,2011,16594704135237.8
United States,USA,NY.GDP.MKTP.KD,2012,16974575729644.7
United States,USA,NY.GDP.MKTP.KD,2013,17334068402849.7
United States,USA,NY.GDP.MKTP.KD,2014,17771549056393.4
United States,USA,NY.GDP.MKTP.KD,2015,18295019000000.0
United States,USA,NY.GDP.MKTP.KD,2016,18627887993795.5
United States,USA,NY.GDP.MKTP.KD,2017,19085691123385.5
United States,USA,NY.GDP.MKTP.KD,2018,19651869117636.5
United States,USA,NY.GDP.MKTP.KD,2019,20159639089819.0
United States,USA,NY.GDP.MKTP.KD,2020,19740041204593.2
United States,USA,NY.GDP.MKTP.KD,2021,20954452976799.5
United States,USA,NY.GDP.MKTP.KD,2022,21483388181185.0
United States,USA,NY.GDP.MKTP.KD,2023,22113788823329.1
United States,USA,NY.GDP.MKTP.KD,2024,22731468331925.1
United States,USA,NY.GDP.MKTP.KD,2025,23222782186839.4
Uzbekistan,UZB,NY.GDP.MKTP.KD,1987,30905406089.1808
Uzbekistan,UZB,NY.GDP.MKTP.KD,1988,33729722052.1123
Uzbekistan,UZB,NY.GDP.MKTP.KD,1989,34772406917.0519
Uzbekistan,UZB,NY.GDP.MKTP.KD,1990,35328765429.7544
Uzbekistan,UZB,NY.GDP.MKTP.KD,1991,35154947902.016
Uzbekistan,UZB,NY.GDP.MKTP.KD,1992,31217593737.9337
Uzbekistan,UZB,NY.GDP.MKTP.KD,1993,30499589080.5909
Uzbekistan,UZB,NY.GDP.MKTP.KD,1994,28913610450.5146
Uzbekistan,UZB,NY.GDP.MKTP.KD,1995,28653387954.881
Uzbekistan,UZB,NY.GDP.MKTP.KD,1996,29140495550.9913
Uzbekistan,UZB,NY.GDP.MKTP.KD,1997,30655801318.6416
Uzbekistan,UZB,NY.GDP.MKTP.KD,1998,31974000775.669
Uzbekistan,UZB,NY.GDP.MKTP.KD,1999,33348882809.5964
Uzbekistan,UZB,NY.GDP.MKTP.KD,2000,34627812465.3912
Uzbekistan,UZB,NY.GDP.MKTP.KD,2001,36069658565.9596
Uzbekistan,UZB,NY.GDP.MKTP.KD,2002,37502882190.1015
Uzbekistan,UZB,NY.GDP.MKTP.KD,2003,39090239450.5479
Uzbekistan,UZB,NY.GDP.MKTP.KD,2004,42002071623.9483
Uzbekistan,UZB,NY.GDP.MKTP.KD,2005,44921218624.152
Uzbekistan,UZB,NY.GDP.MKTP.KD,2006,48268486608.4542
Uzbekistan,UZB,NY.GDP.MKTP.KD,2007,52840962905.7313
Uzbekistan,UZB,NY.GDP.MKTP.KD,2008,57612058529.871
Uzbekistan,UZB,NY.GDP.MKTP.KD,2009,62250366950.6188
Uzbekistan,UZB,NY.GDP.MKTP.KD,2010,66979631884.1971
Uzbekistan,UZB,NY.GDP.MKTP.KD,2011,72423694043.5058
Uzbekistan,UZB,NY.GDP.MKTP.KD,2012,77751775857.5986
Uzbekistan,UZB,NY.GDP.MKTP.KD,2013,83911096542.085
Uzbekistan,UZB,NY.GDP.MKTP.KD,2014,90383779619.6224
Uzbekistan,UZB,NY.GDP.MKTP.KD,2015,97564568986.8161
Uzbekistan,UZB,NY.GDP.MKTP.KD,2016,104112205483.946
Uzbekistan,UZB,NY.GDP.MKTP.KD,2017,109005764429.499
Uzbekistan,UZB,NY.GDP.MKTP.KD,2018,115244909717.475
Uzbekistan,UZB,NY.GDP.MKTP.KD,2019,123073854828.787
Uzbekistan,UZB,NY.GDP.MKTP.KD,2020,125069648539.719
Uzbekistan,UZB,NY.GDP.MKTP.KD,2021,135330969248.223
Uzbekistan,UZB,NY.GDP.MKTP.KD,2022,143567108315.461
Uzbekistan,UZB,NY.GDP.MKTP.KD,2023,152634850007.123
Uzbekistan,UZB,NY.GDP.MKTP.KD,2024,162825039488.938
Uzbekistan,UZB,NY.GDP.MKTP.KD,2025,175361956576.381
St. Vincent and the Grenadines,VCT,NY.GDP.MKTP.KD,1960,159345007.065528
St. Vincent and the Grenadines,VCT,NY.GDP.MKTP.KD,1961,166559007.177394
St. Vincent and the Grenadines,VCT,NY.GDP.MKTP.KD,1962,172712132.880992
St. Vincent and the Grenadines,VCT,NY.GDP.MKTP.KD,1963,161891132.892925
St. Vincent and the Grenadines,VCT,NY.GDP.MKTP.KD,1964,167832093.276674
St. Vincent and the Grenadines,VCT,NY.GDP.MKTP.KD,1965,169317298.32464
St. Vincent and the Grenadines,VCT,NY.GDP.MKTP.KD,1966,169317298.32464
St. Vincent and the Grenadines,VCT,NY.GDP.MKTP.KD,1967,153191834.631302
St. Vincent and the Grenadines,VCT,NY.GDP.MKTP.KD,1968,163164172.621043
St. Vincent and the Grenadines,VCT,NY.GDP.MKTP.KD,1969,167832046.546046
St. Vincent and the Grenadines,VCT,NY.GDP.MKTP.KD,1970,185867093.017141
St. Vincent and the Grenadines,VCT,NY.GDP.MKTP.KD,1971,191383722.401727
St. Vincent and the Grenadines,VCT,NY.GDP.MKTP.KD,1972,240820987.171077
St. Vincent and the Grenadines,VCT,NY.GDP.MKTP.KD,1973,214086642.797826
St. Vincent and the Grenadines,VCT,NY.GDP.MKTP.KD,1974,195202934.328404
St. Vincent and the Grenadines,VCT,NY.GDP.MKTP.KD,1975,180350510.363183
St. Vincent and the Grenadines,VCT,NY.GDP.MKTP.KD,1976,199065158.56316
St. Vincent and the Grenadines,VCT,NY.GDP.MKTP.KD,1977,225400306.904304
St. Vincent and the Grenadines,VCT,NY.GDP.MKTP.KD,1978,247438763.059867
St. Vincent and the Grenadines,VCT,NY.GDP.MKTP.KD,1979,255807678.655701
St. Vincent and the Grenadines,VCT,NY.GDP.MKTP.KD,1980,262056344.769229
St. Vincent and the Grenadines,VCT,NY.GDP.MKTP.KD,1981,274147373.235624
St. Vincent and the Grenadines,VCT,NY.GDP.MKTP.KD,1982,286420537.560707
St. Vincent and the Grenadines,VCT,NY.GDP.MKTP.KD,1983,292631842.177506
St. Vincent and the Grenadines,VCT,NY.GDP.MKTP.KD,1984,311905567.345789
St. Vincent and the Grenadines,VCT,NY.GDP.MKTP.KD,1985,331179292.154605
St. Vincent and the Grenadines,VCT,NY.GDP.MKTP.KD,1986,349724473.169205
St. Vincent and the Grenadines,VCT,NY.GDP.MKTP.KD,1987,351256283.751094
St. Vincent and the Grenadines,VCT,NY.GDP.MKTP.KD,1988,400694532.739368
St. Vincent and the Grenadines,VCT,NY.GDP.MKTP.KD,1989,406326738.470468
St. Vincent and the Grenadines,VCT,NY.GDP.MKTP.KD,1990,423185993.807571
St. Vincent and the Grenadines,VCT,NY.GDP.MKTP.KD,1991,427991589.004869
St. Vincent and the Grenadines,VCT,NY.GDP.MKTP.KD,1992,455288638.440508
St. Vincent and the Grenadines,VCT,NY.GDP.MKTP.KD,1993,474641732.705092
St. Vincent and the Grenadines,VCT,NY.GDP.MKTP.KD,1994,468719991.550332
St. Vincent and the Grenadines,VCT,NY.GDP.MKTP.KD,1995,505123833.920342
St. Vincent and the Grenadines,VCT,NY.GDP.MKTP.KD,1996,511629384.408127
St. Vincent and the Grenadines,VCT,NY.GDP.MKTP.KD,1997,529562766.24073
St. Vincent and the Grenadines,VCT,NY.GDP.MKTP.KD,1998,551222915.673932
St. Vincent and the Grenadines,VCT,NY.GDP.MKTP.KD,1999,566162769.409356
St. Vincent and the Grenadines,VCT,NY.GDP.MKTP.KD,2000,575442357.828232
St. Vincent and the Grenadines,VCT,NY.GDP.MKTP.KD,2001,585502419.631668
St. Vincent and the Grenadines,VCT,NY.GDP.MKTP.KD,2002,616780702.911886
St. Vincent and the Grenadines,VCT,NY.GDP.MKTP.KD,2003,658051576.157716
St. Vincent and the Grenadines,VCT,NY.GDP.MKTP.KD,2004,685128416.494525
St. Vincent and the Grenadines,VCT,NY.GDP.MKTP.KD,2005,702178229.987386
St. Vincent and the Grenadines,VCT,NY.GDP.MKTP.KD,2006,751309123.00666
St. Vincent and the Grenadines,VCT,NY.GDP.MKTP.KD,2007,776274889.240281
St. Vincent and the Grenadines,VCT,NY.GDP.MKTP.KD,2008,779416014.229364
St. Vincent and the Grenadines,VCT,NY.GDP.MKTP.KD,2009,768674152.560189
St. Vincent and the Grenadines,VCT,NY.GDP.MKTP.KD,2010,734310821.044753
St. Vincent and the Grenadines,VCT,NY.GDP.MKTP.KD,2011,729858865.987443
St. Vincent and the Grenadines,VCT,NY.GDP.MKTP.KD,2012,738391734.91399
St. Vincent and the Grenadines,VCT,NY.GDP.MKTP.KD,2013,756574514.514743
St. Vincent and the Grenadines,VCT,NY.GDP.MKTP.KD,2014,765242794.423219
St. Vincent and the Grenadines,VCT,NY.GDP.MKTP.KD,2015,786555555.555555
St. Vincent and the Grenadines,VCT,NY.GDP.MKTP.KD,2016,819195102.035842
St. Vincent and the Grenadines,VCT,NY.GDP.MKTP.KD,2017,831877075.602191
St. Vincent and the Grenadines,VCT,NY.GDP.MKTP.KD,2018,858294259.20171
St. Vincent and the Grenadines,VCT,NY.GDP.MKTP.KD,2019,864031342.481725
St. Vincent and the Grenadines,VCT,NY.GDP.MKTP.KD,2020,827146498.160775
St. Vincent and the Grenadines,VCT,NY.GDP.MKTP.KD,2021,844461993.24839
St. Vincent and the Grenadines,VCT,NY.GDP.MKTP.KD,2022,870731795.635827
St. Vincent and the Grenadines,VCT,NY.GDP.MKTP.KD,2023,917110146.812992
St. Vincent and the Grenadines,VCT,NY.GDP.MKTP.KD,2024,954361646.832288
St. Vincent and the Grenadines,VCT,NY.GDP.MKTP.KD,2025,986735188.198088
"Venezuela, RB",VEN,NY.GDP.MKTP.KD,1960,33133349892.5121
"Venezuela, RB",VEN,NY.GDP.MKTP.KD,1961,34191138528.5873
"Venezuela, RB",VEN,NY.GDP.MKTP.KD,1962,37108645732.0154
"Venezuela, RB",VEN,NY.GDP.MKTP.KD,1963,38556235879.5755
"Venezuela, RB",VEN,NY.GDP.MKTP.KD,1964,42847292502.6985
"Venezuela, RB",VEN,NY.GDP.MKTP.KD,1965,44630968159.0471
"Venezuela, RB",VEN,NY.GDP.MKTP.KD,1966,45305007405.2179
"Venezuela, RB",VEN,NY.GDP.MKTP.KD,1967,46588891979.5617
"Venezuela, RB",VEN,NY.GDP.MKTP.KD,1968,50007227376.9873
"Venezuela, RB",VEN,NY.GDP.MKTP.KD,1969,50360296803.0062
"Venezuela, RB",VEN,NY.GDP.MKTP.KD,1970,54244039774.5944
"Venezuela, RB",VEN,NY.GDP.MKTP.KD,1971,55046467086.9233
"Venezuela, RB",VEN,NY.GDP.MKTP.KD,1972,55752605938.9613
"Venezuela, RB",VEN,NY.GDP.MKTP.KD,1973,59716592746.562
"Venezuela, RB",VEN,NY.GDP.MKTP.KD,1974,60952328027.1865
"Venezuela, RB",VEN,NY.GDP.MKTP.KD,1975,62717664569.8085
"Venezuela, RB",VEN,NY.GDP.MKTP.KD,1976,67564322525.751
"Venezuela, RB",VEN,NY.GDP.MKTP.KD,1977,71801134923.358
"Venezuela, RB",VEN,NY.GDP.MKTP.KD,1978,73486233153.8661
"Venezuela, RB",VEN,NY.GDP.MKTP.KD,1979,74047928958.1572
"Venezuela, RB",VEN,NY.GDP.MKTP.KD,1980,70774031314.7421
"Venezuela, RB",VEN,NY.GDP.MKTP.KD,1981,69880983600.9914
"Venezuela, RB",VEN,NY.GDP.MKTP.KD,1982,71667079028.4928
"Venezuela, RB",VEN,NY.GDP.MKTP.KD,1983,64745959246.925
"Venezuela, RB",VEN,NY.GDP.MKTP.KD,1984,68094888173.49
"Venezuela, RB",VEN,NY.GDP.MKTP.KD,1985,68541412030.3654
"Venezuela, RB",VEN,NY.GDP.MKTP.KD,1986,72783388670.6812
"Venezuela, RB",VEN,NY.GDP.MKTP.KD,1987,76355579525.6839
"Venezuela, RB",VEN,NY.GDP.MKTP.KD,1988,81267341951.3127
"Venezuela, RB",VEN,NY.GDP.MKTP.KD,1989,69880983600.9914
"Venezuela, RB",VEN,NY.GDP.MKTP.KD,1990,74569484098.1826
"Venezuela, RB",VEN,NY.GDP.MKTP.KD,1991,81713865808.1881
"Venezuela, RB",VEN,NY.GDP.MKTP.KD,1992,86625628233.8169
"Venezuela, RB",VEN,NY.GDP.MKTP.KD,1993,86848890162.2545
"Venezuela, RB",VEN,NY.GDP.MKTP.KD,1994,84839532806.3155
"Venezuela, RB",VEN,NY.GDP.MKTP.KD,1995,88188461732.8806
"Venezuela, RB",VEN,NY.GDP.MKTP.KD,1996,87965199804.4429
"Venezuela, RB",VEN,NY.GDP.MKTP.KD,1997,93546748015.3847
"Venezuela, RB",VEN,NY.GDP.MKTP.KD,1998,93993271872.2601
"Venezuela, RB",VEN,NY.GDP.MKTP.KD,1999,88411723661.3183
"Venezuela, RB",VEN,NY.GDP.MKTP.KD,2000,91537390659.4457
"Venezuela, RB",VEN,NY.GDP.MKTP.KD,2001,94663057657.5731
"Venezuela, RB",VEN,NY.GDP.MKTP.KD,2002,86402366305.3792
"Venezuela, RB",VEN,NY.GDP.MKTP.KD,2003,79704508452.249
"Venezuela, RB",VEN,NY.GDP.MKTP.KD,2004,94216533800.6977
"Venezuela, RB",VEN,NY.GDP.MKTP.KD,2005,103816796723.518
"Venezuela, RB",VEN,NY.GDP.MKTP.KD,2006,114086845431.651
"Venezuela, RB",VEN,NY.GDP.MKTP.KD,2007,124133632211.346
"Venezuela, RB",VEN,NY.GDP.MKTP.KD,2008,130608228136.038
"Venezuela, RB",VEN,NY.GDP.MKTP.KD,2009,126589513424.16
"Venezuela, RB",VEN,NY.GDP.MKTP.KD,2010,124580156068.221
"Venezuela, RB",VEN,NY.GDP.MKTP.KD,2011,129715180422.288
"Venezuela, RB",VEN,NY.GDP.MKTP.KD,2012,137082824060.731
"Venezuela, RB",VEN,NY.GDP.MKTP.KD,2013,138868919488.232
"Venezuela, RB",VEN,NY.GDP.MKTP.KD,2014,133510633205.728
"Venezuela, RB",VEN,NY.GDP.MKTP.KD,2015,125249941853.534
"Venezuela, RB",VEN,NY.GDP.MKTP.KD,2016,103816796723.518
"Venezuela, RB",VEN,NY.GDP.MKTP.KD,2017,87518675947.5676
"Venezuela, RB",VEN,NY.GDP.MKTP.KD,2018,70327507457.8668
"Venezuela, RB",VEN,NY.GDP.MKTP.KD,2019,50903719683.7893
"Venezuela, RB",VEN,NY.GDP.MKTP.KD,2020,35721908550.0276
"Venezuela, RB",VEN,NY.GDP.MKTP.KD,2021,35945170478.4652
"Venezuela, RB",VEN,NY.GDP.MKTP.KD,2022,38847575548.155
"Venezuela, RB",VEN,NY.GDP.MKTP.KD,2023,40410409047.2187
"Venezuela, RB",VEN,NY.GDP.MKTP.KD,2024,42643028331.5954
"Venezuela, RB",VEN,NY.GDP.MKTP.KD,2025,43312814116.9084
Virgin Islands (U.S.),VIR,NY.GDP.MKTP.KD,2002,4688209978.65528
Virgin Islands (U.S.),VIR,NY.GDP.MKTP.KD,2003,4669640875.1334
Virgin Islands (U.S.),VIR,NY.GDP.MKTP.KD,2004,4823080309.4984
Virgin Islands (U.S.),VIR,NY.GDP.MKTP.KD,2005,4991179562.4333
Virgin Islands (U.S.),VIR,NY.GDP.MKTP.KD,2006,5166120064.03415
Virgin Islands (U.S.),VIR,NY.GDP.MKTP.KD,2007,5373312166.48879
Virgin Islands (U.S.),VIR,NY.GDP.MKTP.KD,2008,5438792689.43436
Virgin Islands (U.S.),VIR,NY.GDP.MKTP.KD,2009,5080115795.09071
Virgin Islands (U.S.),VIR,NY.GDP.MKTP.KD,2010,5110412753.46852
Virgin Islands (U.S.),VIR,NY.GDP.MKTP.KD,2011,4691141942.36926
Virgin Islands (U.S.),VIR,NY.GDP.MKTP.KD,2012,3996266542.15582
Virgin Islands (U.S.),VIR,NY.GDP.MKTP.KD,2013,3745094983.99146
Virgin Islands (U.S.),VIR,NY.GDP.MKTP.KD,2014,3678637139.8079
Virgin Islands (U.S.),VIR,NY.GDP.MKTP.KD,2015,3663000000.0
Virgin Islands (U.S.),VIR,NY.GDP.MKTP.KD,2016,3721639274.27962
Virgin Islands (U.S.),VIR,NY.GDP.MKTP.KD,2017,3694274279.6158
Virgin Islands (U.S.),VIR,NY.GDP.MKTP.KD,2018,3763664087.51334
Virgin Islands (U.S.),VIR,NY.GDP.MKTP.KD,2019,3873124066.16862
Virgin Islands (U.S.),VIR,NY.GDP.MKTP.KD,2020,3810575506.93703
Virgin Islands (U.S.),VIR,NY.GDP.MKTP.KD,2021,3950332443.97012
Virgin Islands (U.S.),VIR,NY.GDP.MKTP.KD,2022,3898534418.35646
Viet Nam,VNM,NY.GDP.MKTP.KD,1984,34363462779.8136
Viet Nam,VNM,NY.GDP.MKTP.KD,1985,35671286575.7778
Viet Nam,VNM,NY.GDP.MKTP.KD,1986,36666262766.8568
Viet Nam,VNM,NY.GDP.MKTP.KD,1987,37980187158.0424
Viet Nam,VNM,NY.GDP.MKTP.KD,1988,39930474201.495
Viet Nam,VNM,NY.GDP.MKTP.KD,1989,42871159122.6828
Viet Nam,VNM,NY.GDP.MKTP.KD,1990,45057981854.8071
Viet Nam,VNM,NY.GDP.MKTP.KD,1991,47743817832.1663
Viet Nam,VNM,NY.GDP.MKTP.KD,1992,51871770980.839
Viet Nam,VNM,NY.GDP.MKTP.KD,1993,56059239339.3434
Viet Nam,VNM,NY.GDP.MKTP.KD,1994,61014304826.6384
Viet Nam,VNM,NY.GDP.MKTP.KD,1995,66835362482.4846
Viet Nam,VNM,NY.GDP.MKTP.KD,1996,73077797034.1306
Viet Nam,VNM,NY.GDP.MKTP.KD,1997,79035160538.4626
Viet Nam,VNM,NY.GDP.MKTP.KD,1998,83591107164.2471
Viet Nam,VNM,NY.GDP.MKTP.KD,1999,87581401291.5701
Viet Nam,VNM,NY.GDP.MKTP.KD,2000,93525828108.839
Viet Nam,VNM,NY.GDP.MKTP.KD,2001,99317782863.096
Viet Nam,VNM,NY.GDP.MKTP.KD,2002,105595482130.707
Viet Nam,VNM,NY.GDP.MKTP.KD,2003,112880581486.059
Viet Nam,VNM,NY.GDP.MKTP.KD,2004,121387725604.567
Viet Nam,VNM,NY.GDP.MKTP.KD,2005,130549157968.493
Viet Nam,VNM,NY.GDP.MKTP.KD,2006,139658819217.11
Viet Nam,VNM,NY.GDP.MKTP.KD,2007,149615800998.365
Viet Nam,VNM,NY.GDP.MKTP.KD,2008,158086705343.275
Viet Nam,VNM,NY.GDP.MKTP.KD,2009,166620063722.291
Viet Nam,VNM,NY.GDP.MKTP.KD,2010,177322478338.404
Viet Nam,VNM,NY.GDP.MKTP.KD,2011,188694468366.268
Viet Nam,VNM,NY.GDP.MKTP.KD,2012,199081239731.688
Viet Nam,VNM,NY.GDP.MKTP.KD,2013,210137237901.389
Viet Nam,VNM,NY.GDP.MKTP.KD,2014,223632762207.56
Viet Nam,VNM,NY.GDP.MKTP.KD,2015,239258328381.741
Viet Nam,VNM,NY.GDP.MKTP.KD,2016,255264731908.124
Viet Nam,VNM,NY.GDP.MKTP.KD,2017,272980590259.187
Viet Nam,VNM,NY.GDP.MKTP.KD,2018,293358610036.841
Viet Nam,VNM,NY.GDP.MKTP.KD,2019,314947640805.601
Viet Nam,VNM,NY.GDP.MKTP.KD,2020,323972192107.065
Viet Nam,VNM,NY.GDP.MKTP.KD,2021,332245562394.77
Viet Nam,VNM,NY.GDP.MKTP.KD,2022,360611028653.678
Viet Nam,VNM,NY.GDP.MKTP.KD,2023,378564624231.768
Viet Nam,VNM,NY.GDP.MKTP.KD,2024,405213877699.255
Viet Nam,VNM,NY.GDP.MKTP.KD,2025,437707289646.964
Vanuatu,VUT,NY.GDP.MKTP.KD,1979,378031594.167899
Vanuatu,VUT,NY.GDP.MKTP.KD,1980,334936723.138458
Vanuatu,VUT,NY.GDP.MKTP.KD,1981,349600107.772497
Vanuatu,VUT,NY.GDP.MKTP.KD,1982,356521781.277475
Vanuatu,VUT,NY.GDP.MKTP.KD,1983,367251765.104468
Vanuatu,VUT,NY.GDP.MKTP.KD,1984,402416090.3406
Vanuatu,VUT,NY.GDP.MKTP.KD,1985,406446783.747113
Vanuatu,VUT,NY.GDP.MKTP.KD,1986,405835230.264745
Vanuatu,VUT,NY.GDP.MKTP.KD,1987,394090623.614734
Vanuatu,VUT,NY.GDP.MKTP.KD,1988,387419131.079815
Vanuatu,VUT,NY.GDP.MKTP.KD,1989,393353979.647336
Vanuatu,VUT,NY.GDP.MKTP.KD,1990,439359480.25271
Vanuatu,VUT,NY.GDP.MKTP.KD,1991,453188928.319884
Vanuatu,VUT,NY.GDP.MKTP.KD,1992,464905737.084334
Vanuatu,VUT,NY.GDP.MKTP.KD,1993,468324877.00848
Vanuatu,VUT,NY.GDP.MKTP.KD,1994,510855641.918584
Vanuatu,VUT,NY.GDP.MKTP.KD,1995,515984351.804802
Vanuatu,VUT,NY.GDP.MKTP.KD,1996,527993038.367655
Vanuatu,VUT,NY.GDP.MKTP.KD,1997,553900667.711588
Vanuatu,VUT,NY.GDP.MKTP.KD,1998,560419271.875914
Vanuatu,VUT,NY.GDP.MKTP.KD,1999,562309528.094141
Vanuatu,VUT,NY.GDP.MKTP.KD,2000,595625293.940389
Vanuatu,VUT,NY.GDP.MKTP.KD,2001,575388433.251136
Vanuatu,VUT,NY.GDP.MKTP.KD,2002,545477908.386254
Vanuatu,VUT,NY.GDP.MKTP.KD,2003,568869829.086811
Vanuatu,VUT,NY.GDP.MKTP.KD,2004,591552903.705533
Vanuatu,VUT,NY.GDP.MKTP.KD,2005,622936716.50521
Vanuatu,VUT,NY.GDP.MKTP.KD,2006,675641507.531065
Vanuatu,VUT,NY.GDP.MKTP.KD,2007,695072229.539014
Vanuatu,VUT,NY.GDP.MKTP.KD,2008,734003168.268819
Vanuatu,VUT,NY.GDP.MKTP.KD,2009,756297072.489673
Vanuatu,VUT,NY.GDP.MKTP.KD,2010,765817848.294707
Vanuatu,VUT,NY.GDP.MKTP.KD,2011,789863019.305977
Vanuatu,VUT,NY.GDP.MKTP.KD,2012,797841012.462315
Vanuatu,VUT,NY.GDP.MKTP.KD,2013,801538131.242085
Vanuatu,VUT,NY.GDP.MKTP.KD,2014,826426927.990477
Vanuatu,VUT,NY.GDP.MKTP.KD,2015,855360239.609869
Vanuatu,VUT,NY.GDP.MKTP.KD,2016,886322640.615555
Vanuatu,VUT,NY.GDP.MKTP.KD,2017,923754899.02468
Vanuatu,VUT,NY.GDP.MKTP.KD,2018,946990363.680536
Vanuatu,VUT,NY.GDP.MKTP.KD,2019,978021084.194179
Vanuatu,VUT,NY.GDP.MKTP.KD,2020,922026415.473392
Vanuatu,VUT,NY.GDP.MKTP.KD,2021,911300252.724291
Vanuatu,VUT,NY.GDP.MKTP.KD,2022,962259773.708716
Vanuatu,VUT,NY.GDP.MKTP.KD,2023,1018356921.69144
Vanuatu,VUT,NY.GDP.MKTP.KD,2024,1056704661.50717
Vanuatu,VUT,NY.GDP.MKTP.KD,2025,1088971965.11482
World,WLD,NY.GDP.MKTP.KD,1960,11078650356186.5
World,WLD,NY.GDP.MKTP.KD,1961,11512248576346.7
World,WLD,NY.GDP.MKTP.KD,1962,12124837374807.8
World,WLD,NY.GDP.MKTP.KD,1963,12733441858139.7
World,WLD,NY.GDP.MKTP.KD,1964,13577635041682.4
World,WLD,NY.GDP.MKTP.KD,1965,14342184589594.3
World,WLD,NY.GDP.MKTP.KD,1966,15119371174428.4
World,WLD,NY.GDP.MKTP.KD,1967,15684543249429.4
World,WLD,NY.GDP.MKTP.KD,1968,16617338011296.5
World,WLD,NY.GDP.MKTP.KD,1969,17607949788446.4
World,WLD,NY.GDP.MKTP.KD,1970,18270953231134.0
World,WLD,NY.GDP.MKTP.KD,1971,19021702761108.1
World,WLD,NY.GDP.MKTP.KD,1972,20075079346231.8
World,WLD,NY.GDP.MKTP.KD,1973,21371473168822.6
World,WLD,NY.GDP.MKTP.KD,1974,21797173060901.1
World,WLD,NY.GDP.MKTP.KD,1975,21974707391344.7
World,WLD,NY.GDP.MKTP.KD,1976,23122051557706.6
World,WLD,NY.GDP.MKTP.KD,1977,24033395371554.0
World,WLD,NY.GDP.MKTP.KD,1978,25027685013912.5
World,WLD,NY.GDP.MKTP.KD,1979,26064050746546.4
World,WLD,NY.GDP.MKTP.KD,1980,26537198843810.2
World,WLD,NY.GDP.MKTP.KD,1981,27038267577082.4
World,WLD,NY.GDP.MKTP.KD,1982,27149421809913.0
World,WLD,NY.GDP.MKTP.KD,1983,27849028595890.0
World,WLD,NY.GDP.MKTP.KD,1984,29165763942448.7
World,WLD,NY.GDP.MKTP.KD,1985,30233209211757.3
World,WLD,NY.GDP.MKTP.KD,1986,31232431070054.6
World,WLD,NY.GDP.MKTP.KD,1987,32404086739527.5
World,WLD,NY.GDP.MKTP.KD,1988,33871724575563.2
World,WLD,NY.GDP.MKTP.KD,1989,35104060312854.2
World,WLD,NY.GDP.MKTP.KD,1990,36054803450838.3
World,WLD,NY.GDP.MKTP.KD,1991,36496540148779.4
World,WLD,NY.GDP.MKTP.KD,1992,37249545850069.7
World,WLD,NY.GDP.MKTP.KD,1993,37941652466089.8
World,WLD,NY.GDP.MKTP.KD,1994,39237825663961.5
World,WLD,NY.GDP.MKTP.KD,1995,40484832492067.8
World,WLD,NY.GDP.MKTP.KD,1996,41936713327029.1
World,WLD,NY.GDP.MKTP.KD,1997,43612835337831.4
World,WLD,NY.GDP.MKTP.KD,1998,44825818551442.8
World,WLD,NY.GDP.MKTP.KD,1999,46429941035573.1
World,WLD,NY.GDP.MKTP.KD,2000,48550490166230.6
World,WLD,NY.GDP.MKTP.KD,2001,49536038159389.3
World,WLD,NY.GDP.MKTP.KD,2002,50684736953402.6
World,WLD,NY.GDP.MKTP.KD,2003,52242868476707.5
World,WLD,NY.GDP.MKTP.KD,2004,54591383204955.8
World,WLD,NY.GDP.MKTP.KD,2005,56807330097271.8
World,WLD,NY.GDP.MKTP.KD,2006,59357487895115.9
World,WLD,NY.GDP.MKTP.KD,2007,61987756942770.2
World,WLD,NY.GDP.MKTP.KD,2008,63284295644439.1
World,WLD,NY.GDP.MKTP.KD,2009,62440691845650.1
World,WLD,NY.GDP.MKTP.KD,2010,65263543198396.9
World,WLD,NY.GDP.MKTP.KD,2011,67426584814614.5
World,WLD,NY.GDP.MKTP.KD,2012,69279085457391.3
World,WLD,NY.GDP.MKTP.KD,2013,71281076205614.5
World,WLD,NY.GDP.MKTP.KD,2014,73539611353222.6
World,WLD,NY.GDP.MKTP.KD,2015,75839351828606.2
World,WLD,NY.GDP.MKTP.KD,2016,77955073125299.9
World,WLD,NY.GDP.MKTP.KD,2017,80641861942532.2
World,WLD,NY.GDP.MKTP.KD,2018,83292262266946.2
World,WLD,NY.GDP.MKTP.KD,2019,85524752058522.0
World,WLD,NY.GDP.MKTP.KD,2020,83056326526016.6
World,WLD,NY.GDP.MKTP.KD,2021,88442603118342.5
World,WLD,NY.GDP.MKTP.KD,2022,91485038370116.5
World,WLD,NY.GDP.MKTP.KD,2023,94100947773550.0
World,WLD,NY.GDP.MKTP.KD,2024,96829887869984.7
World,WLD,NY.GDP.MKTP.KD,2025,99658553419775.2
Samoa,WSM,NY.GDP.MKTP.KD,1970,340680797.831927
Samoa,WSM,NY.GDP.MKTP.KD,1971,386718743.924115
Samoa,WSM,NY.GDP.MKTP.KD,1972,392857136.650874
Samoa,WSM,NY.GDP.MKTP.KD,1973,421502969.090635
Samoa,WSM,NY.GDP.MKTP.KD,1974,376488089.236962
Samoa,WSM,NY.GDP.MKTP.KD,1975,362165172.589415
Samoa,WSM,NY.GDP.MKTP.KD,1976,395926332.80042
Samoa,WSM,NY.GDP.MKTP.KD,1977,392857136.650874
Samoa,WSM,NY.GDP.MKTP.KD,1978,417410707.557907
Samoa,WSM,NY.GDP.MKTP.KD,1979,462946425.49521
Samoa,WSM,NY.GDP.MKTP.KD,1980,434275788.370464
Samoa,WSM,NY.GDP.MKTP.KD,1981,395064496.158969
Samoa,WSM,NY.GDP.MKTP.KD,1982,391269845.941022
Samoa,WSM,NY.GDP.MKTP.KD,1983,392956359.667481
Samoa,WSM,NY.GDP.MKTP.KD,1984,398015901.274528
Samoa,WSM,NY.GDP.MKTP.KD,1985,413616120.207007
Samoa,WSM,NY.GDP.MKTP.KD,1986,436383943.251631
Samoa,WSM,NY.GDP.MKTP.KD,1987,438492096.849798
Samoa,WSM,NY.GDP.MKTP.KD,1988,432167726.720698
Samoa,WSM,NY.GDP.MKTP.KD,1989,448189539.764517
Samoa,WSM,NY.GDP.MKTP.KD,1990,428373059.396072
Samoa,WSM,NY.GDP.MKTP.KD,1991,418520425.969748
Samoa,WSM,NY.GDP.MKTP.KD,1992,417683438.918314
Samoa,WSM,NY.GDP.MKTP.KD,1993,434808422.364804
Samoa,WSM,NY.GDP.MKTP.KD,1994,423755155.368834
Samoa,WSM,NY.GDP.MKTP.KD,1995,452035062.253032
Samoa,WSM,NY.GDP.MKTP.KD,1996,484486518.417844
Samoa,WSM,NY.GDP.MKTP.KD,1997,487603825.819919
Samoa,WSM,NY.GDP.MKTP.KD,1998,498306192.056756
Samoa,WSM,NY.GDP.MKTP.KD,1999,509196346.865605
Samoa,WSM,NY.GDP.MKTP.KD,2000,535129944.383763
Samoa,WSM,NY.GDP.MKTP.KD,2001,574676737.921687
Samoa,WSM,NY.GDP.MKTP.KD,2002,607157232.67461
Samoa,WSM,NY.GDP.MKTP.KD,2003,638806086.213381
Samoa,WSM,NY.GDP.MKTP.KD,2004,658527692.510763
Samoa,WSM,NY.GDP.MKTP.KD,2005,702248686.864592
Samoa,WSM,NY.GDP.MKTP.KD,2006,717221521.755092
Samoa,WSM,NY.GDP.MKTP.KD,2007,720707093.19579
Samoa,WSM,NY.GDP.MKTP.KD,2008,746336191.822415
Samoa,WSM,NY.GDP.MKTP.KD,2009,742293455.836928
Samoa,WSM,NY.GDP.MKTP.KD,2010,787756851.010821
Samoa,WSM,NY.GDP.MKTP.KD,2011,818078226.23594
Samoa,WSM,NY.GDP.MKTP.KD,2012,787546481.622133
Samoa,WSM,NY.GDP.MKTP.KD,2013,788391466.046139
Samoa,WSM,NY.GDP.MKTP.KD,2014,793594248.721633
Samoa,WSM,NY.GDP.MKTP.KD,2015,824150498.653536
Samoa,WSM,NY.GDP.MKTP.KD,2016,889949544.378272
Samoa,WSM,NY.GDP.MKTP.KD,2017,902464748.18719
Samoa,WSM,NY.GDP.MKTP.KD,2018,896962897.99084
Samoa,WSM,NY.GDP.MKTP.KD,2019,936894420.746212
Samoa,WSM,NY.GDP.MKTP.KD,2020,907769700.504801
Samoa,WSM,NY.GDP.MKTP.KD,2021,861986282.12791
Samoa,WSM,NY.GDP.MKTP.KD,2022,881527968.925758
Samoa,WSM,NY.GDP.MKTP.KD,2023,1015816470.59538
Samoa,WSM,NY.GDP.MKTP.KD,2024,1064051361.64931
Samoa,WSM,NY.GDP.MKTP.KD,2025,1108788407.22014
Kosovo,XKX,NY.GDP.MKTP.KD,2008,4580658930.81897
Kosovo,XKX,NY.GDP.MKTP.KD,2009,4811288426.56325
Kosovo,XKX,NY.GDP.MKTP.KD,2010,5048963715.36105
Kosovo,XKX,NY.GDP.MKTP.KD,2011,5368048640.7013
Kosovo,XKX,NY.GDP.MKTP.KD,2012,5459960152.59947
Kosovo,XKX,NY.GDP.MKTP.KD,2013,5751565656.32741
Kosovo,XKX,NY.GDP.MKTP.KD,2014,5944174362.19959
Kosovo,XKX,NY.GDP.MKTP.KD,2015,6295845465.35898
Kosovo,XKX,NY.GDP.MKTP.KD,2016,6646635812.01545
Kosovo,XKX,NY.GDP.MKTP.KD,2017,6967379568.811
Kosovo,XKX,NY.GDP.MKTP.KD,2018,7204732569.61472
Kosovo,XKX,NY.GDP.MKTP.KD,2019,7547447329.55877
Kosovo,XKX,NY.GDP.MKTP.KD,2020,7144392850.58363
Kosovo,XKX,NY.GDP.MKTP.KD,2021,7912104735.45137
Kosovo,XKX,NY.GDP.MKTP.KD,2022,8250624054.13531
Kosovo,XKX,NY.GDP.MKTP.KD,2023,8586228667.01497
Kosovo,XKX,NY.GDP.MKTP.KD,2024,8978885247.03424
Kosovo,XKX,NY.GDP.MKTP.KD,2025,9301422197.20169
"Yemen, Rep.",YEM,NY.GDP.MKTP.KD,1990,23918014718.5428
"Yemen, Rep.",YEM,NY.GDP.MKTP.KD,1991,25423293506.2713
"Yemen, Rep.",YEM,NY.GDP.MKTP.KD,1992,27509935270.5137
"Yemen, Rep.",YEM,NY.GDP.MKTP.KD,1993,28610873631.5478
"Yemen, Rep.",YEM,NY.GDP.MKTP.KD,1994,30534082000.5109
"Yemen, Rep.",YEM,NY.GDP.MKTP.KD,1995,32265172488.9706
"Yemen, Rep.",YEM,NY.GDP.MKTP.KD,1996,33760652688.5079
"Yemen, Rep.",YEM,NY.GDP.MKTP.KD,1997,35526710256.2153
"Yemen, Rep.",YEM,NY.GDP.MKTP.KD,1998,37660691242.2779
"Yemen, Rep.",YEM,NY.GDP.MKTP.KD,1999,39082582125.1821
"Yemen, Rep.",YEM,NY.GDP.MKTP.KD,2000,41498634363.6833
"Yemen, Rep.",YEM,NY.GDP.MKTP.KD,2001,43077095456.5446
"Yemen, Rep.",YEM,NY.GDP.MKTP.KD,2002,44772278888.5091
"Yemen, Rep.",YEM,NY.GDP.MKTP.KD,2003,46450074454.9115
"Yemen, Rep.",YEM,NY.GDP.MKTP.KD,2004,48295394891.1286
"Yemen, Rep.",YEM,NY.GDP.MKTP.KD,2005,50995951705.5725
"Yemen, Rep.",YEM,NY.GDP.MKTP.KD,2006,52612732131.2711
"Yemen, Rep.",YEM,NY.GDP.MKTP.KD,2007,54369170289.1837
"Yemen, Rep.",YEM,NY.GDP.MKTP.KD,2008,56352323545.813
"Yemen, Rep.",YEM,NY.GDP.MKTP.KD,2009,58531033711.6239
"Yemen, Rep.",YEM,NY.GDP.MKTP.KD,2010,63038676060.5744
"Yemen, Rep.",YEM,NY.GDP.MKTP.KD,2011,55023373390.1327
"Yemen, Rep.",YEM,NY.GDP.MKTP.KD,2012,56340077330.5769
"Yemen, Rep.",YEM,NY.GDP.MKTP.KD,2013,59057651713.0868
"Yemen, Rep.",YEM,NY.GDP.MKTP.KD,2014,58946215687.1767
"Yemen, Rep.",YEM,NY.GDP.MKTP.KD,2015,42444490073.8555
"Yemen, Rep.",YEM,NY.GDP.MKTP.KD,2016,38465266584.2701
"Yemen, Rep.",YEM,NY.GDP.MKTP.KD,2017,36514386855.1096
"Yemen, Rep.",YEM,NY.GDP.MKTP.KD,2018,36789138480.0859
South Africa,ZAF,NY.GDP.MKTP.KD,1960,65652787805.9248
South Africa,ZAF,NY.GDP.MKTP.KD,1961,68176962953.7039
South Africa,ZAF,NY.GDP.MKTP.KD,1962,72388888580.9052
South Africa,ZAF,NY.GDP.MKTP.KD,1963,77726634753.2789
South Africa,ZAF,NY.GDP.MKTP.KD,1964,83897825365.4676
South Africa,ZAF,NY.GDP.MKTP.KD,1965,89034719819.5419
South Africa,ZAF,NY.GDP.MKTP.KD,1966,92986424438.8101
South Africa,ZAF,NY.GDP.MKTP.KD,1967,99678213920.999
South Africa,ZAF,NY.GDP.MKTP.KD,1968,103818221927.864
South Africa,ZAF,NY.GDP.MKTP.KD,1969,108714188432.46
South Africa,ZAF,NY.GDP.MKTP.KD,1970,114420228110.938
South Africa,ZAF,NY.GDP.MKTP.KD,1971,119316194615.533
South Africa,ZAF,NY.GDP.MKTP.KD,1972,121290674451.497
South Africa,ZAF,NY.GDP.MKTP.KD,1973,126836017069.922
South Africa,ZAF,NY.GDP.MKTP.KD,1974,134587120944.563
South Africa,ZAF,NY.GDP.MKTP.KD,1975,136868956455.659
South Africa,ZAF,NY.GDP.MKTP.KD,1976,139948316809.936
South Africa,ZAF,NY.GDP.MKTP.KD,1977,139816794618.765
South Africa,ZAF,NY.GDP.MKTP.KD,1978,144031543620.374
South Africa,ZAF,NY.GDP.MKTP.KD,1979,149491087027.625
South Africa,ZAF,NY.GDP.MKTP.KD,1980,159388269160.579
South Africa,ZAF,NY.GDP.MKTP.KD,1981,167932741243.855
South Africa,ZAF,NY.GDP.MKTP.KD,1982,167288855024.707
South Africa,ZAF,NY.GDP.MKTP.KD,1983,164199769714.136
South Africa,ZAF,NY.GDP.MKTP.KD,1984,172572564947.995
South Africa,ZAF,NY.GDP.MKTP.KD,1985,170481777771.837
South Africa,ZAF,NY.GDP.MKTP.KD,1986,170512207473.79
South Africa,ZAF,NY.GDP.MKTP.KD,1987,174094206899.749
South Africa,ZAF,NY.GDP.MKTP.KD,1988,181406354481.02
South Africa,ZAF,NY.GDP.MKTP.KD,1989,185750664997.127
South Africa,ZAF,NY.GDP.MKTP.KD,1990,185160422891.731
South Africa,ZAF,NY.GDP.MKTP.KD,1991,183275036203.752
South Africa,ZAF,NY.GDP.MKTP.KD,1992,179358388483.382
South Africa,ZAF,NY.GDP.MKTP.KD,1993,181570878123.149
South Africa,ZAF,NY.GDP.MKTP.KD,1994,187381146228.486
South Africa,ZAF,NY.GDP.MKTP.KD,1995,193189961762.588
South Africa,ZAF,NY.GDP.MKTP.KD,1996,201497130113.101
South Africa,ZAF,NY.GDP.MKTP.KD,1997,206736055498.991
South Africa,ZAF,NY.GDP.MKTP.KD,1998,207769735777.192
South Africa,ZAF,NY.GDP.MKTP.KD,1999,212756209430.574
South Africa,ZAF,NY.GDP.MKTP.KD,2000,221691970228.101
South Africa,ZAF,NY.GDP.MKTP.KD,2001,227677653424.683
South Africa,ZAF,NY.GDP.MKTP.KD,2002,236102579035.79
South Africa,ZAF,NY.GDP.MKTP.KD,2003,243065422272.369
South Africa,ZAF,NY.GDP.MKTP.KD,2004,254135982543.496
South Africa,ZAF,NY.GDP.MKTP.KD,2005,267546870424.295
South Africa,ZAF,NY.GDP.MKTP.KD,2006,282539679229.874
South Africa,ZAF,NY.GDP.MKTP.KD,2007,297685145427.081
South Africa,ZAF,NY.GDP.MKTP.KD,2008,307184409060.741
South Africa,ZAF,NY.GDP.MKTP.KD,2009,302459639039.778
South Africa,ZAF,NY.GDP.MKTP.KD,2010,311653604140.269
South Africa,ZAF,NY.GDP.MKTP.KD,2011,321528523981.702
South Africa,ZAF,NY.GDP.MKTP.KD,2012,329233094599.263
South Africa,ZAF,NY.GDP.MKTP.KD,2013,337416077838.151
South Africa,ZAF,NY.GDP.MKTP.KD,2014,342186555600.731
South Africa,ZAF,NY.GDP.MKTP.KD,2015,346709790458.563
South Africa,ZAF,NY.GDP.MKTP.KD,2016,349013858372.625
South Africa,ZAF,NY.GDP.MKTP.KD,2017,353055253707.071
South Africa,ZAF,NY.GDP.MKTP.KD,2018,358551560868.533
South Africa,ZAF,NY.GDP.MKTP.KD,2019,359483563936.676
South Africa,ZAF,NY.GDP.MKTP.KD,2020,337307318679.639
South Africa,ZAF,NY.GDP.MKTP.KD,2021,353695896167.047
South Africa,ZAF,NY.GDP.MKTP.KD,2022,360975440918.611
South Africa,ZAF,NY.GDP.MKTP.KD,2023,363885280375.697
South Africa,ZAF,NY.GDP.MKTP.KD,2024,365831497261.341
South Africa,ZAF,NY.GDP.MKTP.KD,2025,369909150542.474
Zambia,ZMB,NY.GDP.MKTP.KD,1960,3745698444.11593
Zambia,ZMB,NY.GDP.MKTP.KD,1961,3796691708.18908
Zambia,ZMB,NY.GDP.MKTP.KD,1962,3702122212.39459
Zambia,ZMB,NY.GDP.MKTP.KD,1963,3823270196.55299
Zambia,ZMB,NY.GDP.MKTP.KD,1964,4290246254.21526
Zambia,ZMB,NY.GDP.MKTP.KD,1965,5004463110.09913
Zambia,ZMB,NY.GDP.MKTP.KD,1966,4725699010.60927
Zambia,ZMB,NY.GDP.MKTP.KD,1967,5099960030.32005
Zambia,ZMB,NY.GDP.MKTP.KD,1968,5163624360.46018
Zambia,ZMB,NY.GDP.MKTP.KD,1969,5141063668.58449
Zambia,ZMB,NY.GDP.MKTP.KD,1970,5387686297.19132
Zambia,ZMB,NY.GDP.MKTP.KD,1971,5383050756.09907
Zambia,ZMB,NY.GDP.MKTP.KD,1972,5878768640.77048
Zambia,ZMB,NY.GDP.MKTP.KD,1973,5822212020.16877
Zambia,ZMB,NY.GDP.MKTP.KD,1974,6196473039.87955
Zambia,ZMB,NY.GDP.MKTP.KD,1975,6055854684.90596
Zambia,ZMB,NY.GDP.MKTP.KD,1976,6432587907.06376
Zambia,ZMB,NY.GDP.MKTP.KD,1977,6138989402.86171
Zambia,ZMB,NY.GDP.MKTP.KD,1978,6172984906.577
Zambia,ZMB,NY.GDP.MKTP.KD,1979,5986318100.43461
Zambia,ZMB,NY.GDP.MKTP.KD,1980,6168040110.67307
Zambia,ZMB,NY.GDP.MKTP.KD,1981,6548482197.51558
Zambia,ZMB,NY.GDP.MKTP.KD,1982,6364287627.82108
Zambia,ZMB,NY.GDP.MKTP.KD,1983,6239121864.17488
Zambia,ZMB,NY.GDP.MKTP.KD,1984,6218106324.32923
Zambia,ZMB,NY.GDP.MKTP.KD,1985,6318548040.45408
Zambia,ZMB,NY.GDP.MKTP.KD,1986,6364287627.82108
Zambia,ZMB,NY.GDP.MKTP.KD,1987,6534574435.21006
Zambia,ZMB,NY.GDP.MKTP.KD,1988,6944994654.29038
Zambia,ZMB,NY.GDP.MKTP.KD,1989,6873912509.77869
Zambia,ZMB,NY.GDP.MKTP.KD,1990,6840844039.47996
Zambia,ZMB,NY.GDP.MKTP.KD,1991,6838372211.04238
Zambia,ZMB,NY.GDP.MKTP.KD,1992,6720005310.13323
Zambia,ZMB,NY.GDP.MKTP.KD,1993,7176782487.17512
Zambia,ZMB,NY.GDP.MKTP.KD,1994,6557753279.70008
Zambia,ZMB,NY.GDP.MKTP.KD,1995,6747775256.59298
Zambia,ZMB,NY.GDP.MKTP.KD,1996,7167388797.89361
Zambia,ZMB,NY.GDP.MKTP.KD,1997,7440753543.99756
Zambia,ZMB,NY.GDP.MKTP.KD,1998,7412051123.98383
Zambia,ZMB,NY.GDP.MKTP.KD,1999,7756725565.34734
Zambia,ZMB,NY.GDP.MKTP.KD,2000,8059030210.46366
Zambia,ZMB,NY.GDP.MKTP.KD,2001,8487518230.93072
Zambia,ZMB,NY.GDP.MKTP.KD,2002,8869967014.46174
Zambia,ZMB,NY.GDP.MKTP.KD,2003,9485983915.84691
Zambia,ZMB,NY.GDP.MKTP.KD,2004,10153075785.3691
Zambia,ZMB,NY.GDP.MKTP.KD,2005,10887711636.03
Zambia,ZMB,NY.GDP.MKTP.KD,2006,11748243095.7729
Zambia,ZMB,NY.GDP.MKTP.KD,2007,12729507610.1931
Zambia,ZMB,NY.GDP.MKTP.KD,2008,13719086269.626
Zambia,ZMB,NY.GDP.MKTP.KD,2009,14984033821.7868
Zambia,ZMB,NY.GDP.MKTP.KD,2010,16527123087.7163
Zambia,ZMB,NY.GDP.MKTP.KD,2011,17447560252.6576
Zambia,ZMB,NY.GDP.MKTP.KD,2012,18773117888.8094
Zambia,ZMB,NY.GDP.MKTP.KD,2013,19722575262.7917
Zambia,ZMB,NY.GDP.MKTP.KD,2014,20648211567.0616
Zambia,ZMB,NY.GDP.MKTP.KD,2015,21251216798.7762
Zambia,ZMB,NY.GDP.MKTP.KD,2016,22049221308.1088
Zambia,ZMB,NY.GDP.MKTP.KD,2017,22826646593.6169
Zambia,ZMB,NY.GDP.MKTP.KD,2018,23747586257.2512
Zambia,ZMB,NY.GDP.MKTP.KD,2019,24089861649.0155
Zambia,ZMB,NY.GDP.MKTP.KD,2020,23418945736.8993
Zambia,ZMB,NY.GDP.MKTP.KD,2021,24879098747.8861
Zambia,ZMB,NY.GDP.MKTP.KD,2022,26175604214.1895
Zambia,ZMB,NY.GDP.MKTP.KD,2023,27580695690.34
Zambia,ZMB,NY.GDP.MKTP.KD,2024,28634291574.827
Zambia,ZMB,NY.GDP.MKTP.KD,2025,29710290472.2068
Zimbabwe,ZWE,NY.GDP.MKTP.KD,1960,4352412133.30671
Zimbabwe,ZWE,NY.GDP.MKTP.KD,1961,4627317328.53696
Zimbabwe,ZWE,NY.GDP.MKTP.KD,1962,4693694848.57618
Zimbabwe,ZWE,NY.GDP.MKTP.KD,1963,4986785324.99555
Zimbabwe,ZWE,NY.GDP.MKTP.KD,1964,4931622909.03525
Zimbabwe,ZWE,NY.GDP.MKTP.KD,1965,5173793733.08764
Zimbabwe,ZWE,NY.GDP.MKTP.KD,1966,5252597339.00725
Zimbabwe,ZWE,NY.GDP.MKTP.KD,1967,5692082627.38172
Zimbabwe,ZWE,NY.GDP.MKTP.KD,1968,5804224337.64361
Zimbabwe,ZWE,NY.GDP.MKTP.KD,1969,6525587026.7977
Zimbabwe,ZWE,NY.GDP.MKTP.KD,1970,7998095582.54326
Zimbabwe,ZWE,NY.GDP.MKTP.KD,1971,8711332685.8633
Zimbabwe,ZWE,NY.GDP.MKTP.KD,1972,9436967074.2565
Zimbabwe,ZWE,NY.GDP.MKTP.KD,1973,9682773142.61115
Zimbabwe,ZWE,NY.GDP.MKTP.KD,1974,10324271737.8157
Zimbabwe,ZWE,NY.GDP.MKTP.KD,1975,10124887002.7458
Zimbabwe,ZWE,NY.GDP.MKTP.KD,1976,10171951416.7135
Zimbabwe,ZWE,NY.GDP.MKTP.KD,1977,9474084020.95644
Zimbabwe,ZWE,NY.GDP.MKTP.KD,1978,9217627910.41292
Zimbabwe,ZWE,NY.GDP.MKTP.KD,1979,9521536365.61077
Zimbabwe,ZWE,NY.GDP.MKTP.KD,1980,10894607028.1111
Zimbabwe,ZWE,NY.GDP.MKTP.KD,1981,12259202844.388
Zimbabwe,ZWE,NY.GDP.MKTP.KD,1982,12582146675.1074
Zimbabwe,ZWE,NY.GDP.MKTP.KD,1983,12781612133.5556
Zimbabwe,ZWE,NY.GDP.MKTP.KD,1984,12537820762.2848
Zimbabwe,ZWE,NY.GDP.MKTP.KD,1985,13408495653.6255
Zimbabwe,ZWE,NY.GDP.MKTP.KD,1986,13689943882.6971
Zimbabwe,ZWE,NY.GDP.MKTP.KD,1987,13847479159.9862
Zimbabwe,ZWE,NY.GDP.MKTP.KD,1988,14893292646.4049
Zimbabwe,ZWE,NY.GDP.MKTP.KD,1989,15667709079.858
Zimbabwe,ZWE,NY.GDP.MKTP.KD,1990,16762655222.26
Zimbabwe,ZWE,NY.GDP.MKTP.KD,1991,17689930170.3523
Zimbabwe,ZWE,NY.GDP.MKTP.KD,1992,16095082948.9899
Zimbabwe,ZWE,NY.GDP.MKTP.KD,1993,16264301854.93
Zimbabwe,ZWE,NY.GDP.MKTP.KD,1994,17766348463.0284
Zimbabwe,ZWE,NY.GDP.MKTP.KD,1995,17794425481.2752
Zimbabwe,ZWE,NY.GDP.MKTP.KD,1996,19638059365.7445
Zimbabwe,ZWE,NY.GDP.MKTP.KD,1997,20164466643.9014
Zimbabwe,ZWE,NY.GDP.MKTP.KD,1998,20746271024.8557
Zimbabwe,ZWE,NY.GDP.MKTP.KD,1999,20576588256.0031
Zimbabwe,ZWE,NY.GDP.MKTP.KD,2000,19947126180.8466
Zimbabwe,ZWE,NY.GDP.MKTP.KD,2001,20234268508.5287
Zimbabwe,ZWE,NY.GDP.MKTP.KD,2002,18434630065.6726
Zimbabwe,ZWE,NY.GDP.MKTP.KD,2003,15301651166.8693
Zimbabwe,ZWE,NY.GDP.MKTP.KD,2004,14413001709.4786
Zimbabwe,ZWE,NY.GDP.MKTP.KD,2005,13589857106.157
Zimbabwe,ZWE,NY.GDP.MKTP.KD,2006,13119457397.7207
Zimbabwe,ZWE,NY.GDP.MKTP.KD,2007,12640170700.3122
Zimbabwe,ZWE,NY.GDP.MKTP.KD,2008,10406779091.4808
Zimbabwe,ZWE,NY.GDP.MKTP.KD,2009,11787972496.3516
Zimbabwe,ZWE,NY.GDP.MKTP.KD,2010,14107304144.8004
Zimbabwe,ZWE,NY.GDP.MKTP.KD,2011,16109682999.8506
Zimbabwe,ZWE,NY.GDP.MKTP.KD,2012,18794430788.9262
Zimbabwe,ZWE,NY.GDP.MKTP.KD,2013,19168343271.8446
Zimbabwe,ZWE,NY.GDP.MKTP.KD,2014,19623972034.3634
Zimbabwe,ZWE,NY.GDP.MKTP.KD,2015,19973250000.0
Zimbabwe,ZWE,NY.GDP.MKTP.KD,2016,20124206636.7998
Zimbabwe,ZWE,NY.GDP.MKTP.KD,2017,21076969325.2127
Zimbabwe,ZWE,NY.GDP.MKTP.KD,2018,22132908952.043
Zimbabwe,ZWE,NY.GDP.MKTP.KD,2019,20731353612.1651
Zimbabwe,ZWE,NY.GDP.MKTP.KD,2020,19110793941.1996
Zimbabwe,ZWE,NY.GDP.MKTP.KD,2021,20729099176.6536
Zimbabwe,ZWE,NY.GDP.MKTP.KD,2022,22001713149.7897
Zimbabwe,ZWE,NY.GDP.MKTP.KD,2023,23178995952.2035
Zimbabwe,ZWE,NY.GDP.MKTP.KD,2024,23567590555.905
Zimbabwe,ZWE,NY.GDP.MKTP.KD,2025,25478147584.7432
