Country Name,Country Code,Series Code,Year,GDP
Aruba,ABW,NY.GDP.MKTP.CD,1986,405586592.178771
Aruba,ABW,NY.GDP.MKTP.CD,1987,487709497.206704
Aruba,ABW,NY.GDP.MKTP.CD,1988,596648044.692737
Aruba,ABW,NY.GDP.MKTP.CD,1989,695530726.256983
Aruba,ABW,NY.GDP.MKTP.CD,1990,764804469.273743
Aruba,ABW,NY.GDP.MKTP.CD,1991,872067039.106145
Aruba,ABW,NY.GDP.MKTP.CD,1992,958659217.877095
Aruba,ABW,NY.GDP.MKTP.CD,1993,1083240223.46369
Aruba,ABW,NY.GDP.MKTP.CD,1994,1245810055.86592
Aruba,ABW,NY.GDP.MKTP.CD,1995,1320670391.06145
Aruba,ABW,NY.GDP.MKTP.CD,1996,1379888268.15642
Aruba,ABW,NY.GDP.MKTP.CD,1997,1531843575.41899
Aruba,ABW,NY.GDP.MKTP.CD,1998,1665363128.49162
Aruba,ABW,NY.GDP.MKTP.CD,1999,1722905027.93296
Aruba,ABW,NY.GDP.MKTP.CD,2000,1873452513.96648
Aruba,ABW,NY.GDP.MKTP.CD,2001,1896456983.24022
Aruba,ABW,NY.GDP.MKTP.CD,2002,1961843575.41899
Aruba,ABW,NY.GDP.MKTP.CD,2003,2044111731.84358
Aruba,ABW,NY.GDP.MKTP.CD,2004,2254830726.25698
Aruba,ABW,NY.GDP.MKTP.CD,2005,2360017318.43575
Aruba,ABW,NY.GDP.MKTP.CD,2006,2469782681.56425
Aruba,ABW,NY.GDP.MKTP.CD,2007,2677641340.78212
Aruba,ABW,NY.GDP.MKTP.CD,2008,2843024581.00559
Aruba,ABW,NY.GDP.MKTP.CD,2009,2553793296.08939
Aruba,ABW,NY.GDP.MKTP.CD,2010,2453597206.70391
Aruba,ABW,NY.GDP.MKTP.CD,2011,2637859217.87709
Aruba,ABW,NY.GDP.MKTP.CD,2012,2615208379.88827
Aruba,ABW,NY.GDP.MKTP.CD,2013,2727849162.01117
Aruba,ABW,NY.GDP.MKTP.CD,2014,2790849720.67039
Aruba,ABW,NY.GDP.MKTP.CD,2015,2962906703.91061
Aruba,ABW,NY.GDP.MKTP.CD,2016,2983637430.1676
Aruba,ABW,NY.GDP.MKTP.CD,2017,3092427932.96089
Aruba,ABW,NY.GDP.MKTP.CD,2018,3276187709.49721
Aruba,ABW,NY.GDP.MKTP.CD,2019,3347561738.94591
Aruba,ABW,NY.GDP.MKTP.CD,2020,2461056053.22795
Aruba,ABW,NY.GDP.MKTP.CD,2021,2889305033.55975
Aruba,ABW,NY.GDP.MKTP.CD,2022,3326671314.7742
Aruba,ABW,NY.GDP.MKTP.CD,2023,3746573413.07565
Aruba,ABW,NY.GDP.MKTP.CD,2024,4167588070.29217
Africa Eastern and Southern,AFE,NY.GDP.MKTP.CD,1960,24205729121.3343
Africa Eastern and Southern,AFE,NY.GDP.MKTP.CD,1961,24958927693.8095
Africa Eastern and Southern,AFE,NY.GDP.MKTP.CD,1962,27073279052.5749
Africa Eastern and Southern,AFE,NY.GDP.MKTP.CD,1963,31769188044.0148
Africa Eastern and Southern,AFE,NY.GDP.MKTP.CD,1964,30279603755.3047
Africa Eastern and Southern,AFE,NY.GDP.MKTP.CD,1965,33806233152.8526
Africa Eastern and Southern,AFE,NY.GDP.MKTP.CD,1966,36927311239.4786
Africa Eastern and Southern,AFE,NY.GDP.MKTP.CD,1967,38444227752.5739
Africa Eastern and Southern,AFE,NY.GDP.MKTP.CD,1968,41742071179.4675
Africa Eastern and Southern,AFE,NY.GDP.MKTP.CD,1969,47048601721.6198
Africa Eastern and Southern,AFE,NY.GDP.MKTP.CD,1970,47593987273.0208
Africa Eastern and Southern,AFE,NY.GDP.MKTP.CD,1971,52188772290.3067
Africa Eastern and Southern,AFE,NY.GDP.MKTP.CD,1972,56726152192.5136
Africa Eastern and Southern,AFE,NY.GDP.MKTP.CD,1973,73083720134.3844
Africa Eastern and Southern,AFE,NY.GDP.MKTP.CD,1974,89536125811.6756
Africa Eastern and Southern,AFE,NY.GDP.MKTP.CD,1975,95295913613.5341
Africa Eastern and Southern,AFE,NY.GDP.MKTP.CD,1976,96006577413.0117
Africa Eastern and Southern,AFE,NY.GDP.MKTP.CD,1977,109208426467.106
Africa Eastern and Southern,AFE,NY.GDP.MKTP.CD,1978,124083628147.889
Africa Eastern and Southern,AFE,NY.GDP.MKTP.CD,1979,142100196986.403
Africa Eastern and Southern,AFE,NY.GDP.MKTP.CD,1980,178472593462.541
Africa Eastern and Southern,AFE,NY.GDP.MKTP.CD,1981,185109278385.547
Africa Eastern and Southern,AFE,NY.GDP.MKTP.CD,1982,178355845274.148
Africa Eastern and Southern,AFE,NY.GDP.MKTP.CD,1983,185755813130.223
Africa Eastern and Southern,AFE,NY.GDP.MKTP.CD,1984,170038799701.363
Africa Eastern and Southern,AFE,NY.GDP.MKTP.CD,1985,149335403052.171
Africa Eastern and Southern,AFE,NY.GDP.MKTP.CD,1986,160553783155.674
Africa Eastern and Southern,AFE,NY.GDP.MKTP.CD,1987,190175547049.302
Africa Eastern and Southern,AFE,NY.GDP.MKTP.CD,1988,207369216353.86
Africa Eastern and Southern,AFE,NY.GDP.MKTP.CD,1989,220613759094.92
Africa Eastern and Southern,AFE,NY.GDP.MKTP.CD,1990,256383478165.175
Africa Eastern and Southern,AFE,NY.GDP.MKTP.CD,1991,276918965237.869
Africa Eastern and Southern,AFE,NY.GDP.MKTP.CD,1992,241188710607.463
Africa Eastern and Southern,AFE,NY.GDP.MKTP.CD,1993,239981577262.429
Africa Eastern and Southern,AFE,NY.GDP.MKTP.CD,1994,243477941444.502
Africa Eastern and Southern,AFE,NY.GDP.MKTP.CD,1995,273327490479.513
Africa Eastern and Southern,AFE,NY.GDP.MKTP.CD,1996,273428068927.083
Africa Eastern and Southern,AFE,NY.GDP.MKTP.CD,1997,288271180913.283
Africa Eastern and Southern,AFE,NY.GDP.MKTP.CD,1998,268728576302.725
Africa Eastern and Southern,AFE,NY.GDP.MKTP.CD,1999,265321450545.646
Africa Eastern and Southern,AFE,NY.GDP.MKTP.CD,2000,287042463739.689
Africa Eastern and Southern,AFE,NY.GDP.MKTP.CD,2001,260850392951.828
Africa Eastern and Southern,AFE,NY.GDP.MKTP.CD,2002,269746460052.503
Africa Eastern and Southern,AFE,NY.GDP.MKTP.CD,2003,358116678901.082
Africa Eastern and Southern,AFE,NY.GDP.MKTP.CD,2004,445975553009.759
Africa Eastern and Southern,AFE,NY.GDP.MKTP.CD,2005,521562847473.691
Africa Eastern and Southern,AFE,NY.GDP.MKTP.CD,2006,587454940473.207
Africa Eastern and Southern,AFE,NY.GDP.MKTP.CD,2007,674947497627.662
Africa Eastern and Southern,AFE,NY.GDP.MKTP.CD,2008,726711167541.424
Africa Eastern and Southern,AFE,NY.GDP.MKTP.CD,2009,726850536901.436
Africa Eastern and Southern,AFE,NY.GDP.MKTP.CD,2010,863749634744.9
Africa Eastern and Southern,AFE,NY.GDP.MKTP.CD,2011,959740239662.05
Africa Eastern and Southern,AFE,NY.GDP.MKTP.CD,2012,969171197494.148
Africa Eastern and Southern,AFE,NY.GDP.MKTP.CD,2013,981203198866.08
Africa Eastern and Southern,AFE,NY.GDP.MKTP.CD,2014,998727180531.477
Africa Eastern and Southern,AFE,NY.GDP.MKTP.CD,2015,909905339457.167
Africa Eastern and Southern,AFE,NY.GDP.MKTP.CD,2016,832661416653.091
Africa Eastern and Southern,AFE,NY.GDP.MKTP.CD,2017,979240640383.155
Africa Eastern and Southern,AFE,NY.GDP.MKTP.CD,2018,1021971569379.4
Africa Eastern and Southern,AFE,NY.GDP.MKTP.CD,2019,1019354194063.69
Africa Eastern and Southern,AFE,NY.GDP.MKTP.CD,2020,938546103425.609
Africa Eastern and Southern,AFE,NY.GDP.MKTP.CD,2021,1113059797223.9
Africa Eastern and Southern,AFE,NY.GDP.MKTP.CD,2022,1226461319482.05
Africa Eastern and Southern,AFE,NY.GDP.MKTP.CD,2023,1179121535535.41
Africa Eastern and Southern,AFE,NY.GDP.MKTP.CD,2024,1252564134751.16
Africa Eastern and Southern,AFE,NY.GDP.MKTP.CD,2025,1358694050872.54
Afghanistan,AFG,NY.GDP.MKTP.CD,2000,3521418059.92345
Afghanistan,AFG,NY.GDP.MKTP.CD,2001,2813571753.87253
Afghanistan,AFG,NY.GDP.MKTP.CD,2002,3825701438.99963
Afghanistan,AFG,NY.GDP.MKTP.CD,2003,4520946818.54581
Afghanistan,AFG,NY.GDP.MKTP.CD,2004,5224896718.67782
Afghanistan,AFG,NY.GDP.MKTP.CD,2005,6203256538.70967
Afghanistan,AFG,NY.GDP.MKTP.CD,2006,6971758282.29351
Afghanistan,AFG,NY.GDP.MKTP.CD,2007,9747886187.39393
Afghanistan,AFG,NY.GDP.MKTP.CD,2008,10109297047.5432
Afghanistan,AFG,NY.GDP.MKTP.CD,2009,12416152732.0567
Afghanistan,AFG,NY.GDP.MKTP.CD,2010,15856668555.8336
Afghanistan,AFG,NY.GDP.MKTP.CD,2011,17805098206.3141
Afghanistan,AFG,NY.GDP.MKTP.CD,2012,19907329777.5872
Afghanistan,AFG,NY.GDP.MKTP.CD,2013,20146416757.5987
Afghanistan,AFG,NY.GDP.MKTP.CD,2014,20497128555.6972
Afghanistan,AFG,NY.GDP.MKTP.CD,2015,19134221644.7325
Afghanistan,AFG,NY.GDP.MKTP.CD,2016,18116572395.0772
Afghanistan,AFG,NY.GDP.MKTP.CD,2017,18753456497.8159
Afghanistan,AFG,NY.GDP.MKTP.CD,2018,18053222687.4126
Afghanistan,AFG,NY.GDP.MKTP.CD,2019,18799444490.1128
Afghanistan,AFG,NY.GDP.MKTP.CD,2020,19955929052.1496
Afghanistan,AFG,NY.GDP.MKTP.CD,2021,14259995441.0759
Afghanistan,AFG,NY.GDP.MKTP.CD,2022,14497243872.1337
Afghanistan,AFG,NY.GDP.MKTP.CD,2023,17152234636.8715
Afghanistan,AFG,NY.GDP.MKTP.CD,2024,17778508875.7396
Africa Western and Central,AFW,NY.GDP.MKTP.CD,1960,11904805741.6831
Africa Western and Central,AFW,NY.GDP.MKTP.CD,1961,12707719290.6273
Africa Western and Central,AFW,NY.GDP.MKTP.CD,1962,13630588814.3032
Africa Western and Central,AFW,NY.GDP.MKTP.CD,1963,14468913698.0467
Africa Western and Central,AFW,NY.GDP.MKTP.CD,1964,15803564796.4118
Africa Western and Central,AFW,NY.GDP.MKTP.CD,1965,16920876929.6607
Africa Western and Central,AFW,NY.GDP.MKTP.CD,1966,18033947666.935
Africa Western and Central,AFW,NY.GDP.MKTP.CD,1967,16493541543.816
Africa Western and Central,AFW,NY.GDP.MKTP.CD,1968,17022596883.7037
Africa Western and Central,AFW,NY.GDP.MKTP.CD,1969,19301191937.1478
Africa Western and Central,AFW,NY.GDP.MKTP.CD,1970,26696924213.8055
Africa Western and Central,AFW,NY.GDP.MKTP.CD,1971,24496786001.8079
Africa Western and Central,AFW,NY.GDP.MKTP.CD,1972,29489425515.7538
Africa Western and Central,AFW,NY.GDP.MKTP.CD,1973,36890633234.1126
Africa Western and Central,AFW,NY.GDP.MKTP.CD,1974,49687223643.2392
Africa Western and Central,AFW,NY.GDP.MKTP.CD,1975,57280116275.6847
Africa Western and Central,AFW,NY.GDP.MKTP.CD,1976,68385552348.1688
Africa Western and Central,AFW,NY.GDP.MKTP.CD,1977,71789497552.1911
Africa Western and Central,AFW,NY.GDP.MKTP.CD,1978,78778080489.5676
Africa Western and Central,AFW,NY.GDP.MKTP.CD,1979,96681064864.1808
Africa Western and Central,AFW,NY.GDP.MKTP.CD,1980,121445961252.94
Africa Western and Central,AFW,NY.GDP.MKTP.CD,1981,217606540487.256
Africa Western and Central,AFW,NY.GDP.MKTP.CD,1982,196264853551.918
Africa Western and Central,AFW,NY.GDP.MKTP.CD,1983,151421439334.1
Africa Western and Central,AFW,NY.GDP.MKTP.CD,1984,131373058519.308
Africa Western and Central,AFW,NY.GDP.MKTP.CD,1985,138005066699.39
Africa Western and Central,AFW,NY.GDP.MKTP.CD,1986,109517776160.1
Africa Western and Central,AFW,NY.GDP.MKTP.CD,1987,112641148828.574
Africa Western and Central,AFW,NY.GDP.MKTP.CD,1988,111770322169.923
Africa Western and Central,AFW,NY.GDP.MKTP.CD,1989,104577372052.932
Africa Western and Central,AFW,NY.GDP.MKTP.CD,1990,124277825786.697
Africa Western and Central,AFW,NY.GDP.MKTP.CD,1991,130794315519.435
Africa Western and Central,AFW,NY.GDP.MKTP.CD,1992,125449432677.509
Africa Western and Central,AFW,NY.GDP.MKTP.CD,1993,130547124413.507
Africa Western and Central,AFW,NY.GDP.MKTP.CD,1994,135350756019.472
Africa Western and Central,AFW,NY.GDP.MKTP.CD,1995,207843864308.684
Africa Western and Central,AFW,NY.GDP.MKTP.CD,1996,263563556144.267
Africa Western and Central,AFW,NY.GDP.MKTP.CD,1997,276460023661.688
Africa Western and Central,AFW,NY.GDP.MKTP.CD,1998,297126502718.93
Africa Western and Central,AFW,NY.GDP.MKTP.CD,1999,140119071338.221
Africa Western and Central,AFW,NY.GDP.MKTP.CD,2000,142700161610.021
Africa Western and Central,AFW,NY.GDP.MKTP.CD,2001,150714426912.027
Africa Western and Central,AFW,NY.GDP.MKTP.CD,2002,180129182230.86
Africa Western and Central,AFW,NY.GDP.MKTP.CD,2003,208646527354.852
Africa Western and Central,AFW,NY.GDP.MKTP.CD,2004,257939299771.648
Africa Western and Central,AFW,NY.GDP.MKTP.CD,2005,316515667947.119
Africa Western and Central,AFW,NY.GDP.MKTP.CD,2006,402077365740.543
Africa Western and Central,AFW,NY.GDP.MKTP.CD,2007,470947616490.786
Africa Western and Central,AFW,NY.GDP.MKTP.CD,2008,574259808704.062
Africa Western and Central,AFW,NY.GDP.MKTP.CD,2009,515037106035.585
Africa Western and Central,AFW,NY.GDP.MKTP.CD,2010,605794323433.602
Africa Western and Central,AFW,NY.GDP.MKTP.CD,2011,691133400013.242
Africa Western and Central,AFW,NY.GDP.MKTP.CD,2012,748030003656.774
Africa Western and Central,AFW,NY.GDP.MKTP.CD,2013,844187976557.843
Africa Western and Central,AFW,NY.GDP.MKTP.CD,2014,904094866776.536
Africa Western and Central,AFW,NY.GDP.MKTP.CD,2015,778037497377.313
Africa Western and Central,AFW,NY.GDP.MKTP.CD,2016,699979485002.844
Africa Western and Central,AFW,NY.GDP.MKTP.CD,2017,694206358825.098
Africa Western and Central,AFW,NY.GDP.MKTP.CD,2018,777805844264.864
Africa Western and Central,AFW,NY.GDP.MKTP.CD,2019,1026527768676.04
Africa Western and Central,AFW,NY.GDP.MKTP.CD,2020,963688197941.774
Africa Western and Central,AFW,NY.GDP.MKTP.CD,2021,1026670180885.97
Africa Western and Central,AFW,NY.GDP.MKTP.CD,2022,1063748247138.21
Africa Western and Central,AFW,NY.GDP.MKTP.CD,2023,938480674635.085
Africa Western and Central,AFW,NY.GDP.MKTP.CD,2024,737366967283.718
Africa Western and Central,AFW,NY.GDP.MKTP.CD,2025,852526995230.254
Angola,AGO,NY.GDP.MKTP.CD,1980,5930503400.9626
Angola,AGO,NY.GDP.MKTP.CD,1981,5550483035.96494
Angola,AGO,NY.GDP.MKTP.CD,1982,5550483035.96494
Angola,AGO,NY.GDP.MKTP.CD,1983,5784341596.36339
Angola,AGO,NY.GDP.MKTP.CD,1984,6131475065.17815
Angola,AGO,NY.GDP.MKTP.CD,1985,7554065410.12097
Angola,AGO,NY.GDP.MKTP.CD,1986,7072536108.69707
Angola,AGO,NY.GDP.MKTP.CD,1987,8084412414.26566
Angola,AGO,NY.GDP.MKTP.CD,1988,8769836768.83478
Angola,AGO,NY.GDP.MKTP.CD,1989,10201780976.6695
Angola,AGO,NY.GDP.MKTP.CD,1990,11229515599.3048
Angola,AGO,NY.GDP.MKTP.CD,1991,10603784541.197
Angola,AGO,NY.GDP.MKTP.CD,1992,8307810973.58848
Angola,AGO,NY.GDP.MKTP.CD,1993,5768720421.61367
Angola,AGO,NY.GDP.MKTP.CD,1994,4438321017.39068
Angola,AGO,NY.GDP.MKTP.CD,1995,5538749259.94714
Angola,AGO,NY.GDP.MKTP.CD,1996,7526421519.16979
Angola,AGO,NY.GDP.MKTP.CD,1997,7648380195.59902
Angola,AGO,NY.GDP.MKTP.CD,1998,6506221615.78722
Angola,AGO,NY.GDP.MKTP.CD,1999,6152923310.44546
Angola,AGO,NY.GDP.MKTP.CD,2000,9129594970.15301
Angola,AGO,NY.GDP.MKTP.CD,2001,8936079117.73136
Angola,AGO,NY.GDP.MKTP.CD,2002,17311512433.1938
Angola,AGO,NY.GDP.MKTP.CD,2003,20342128111.9406
Angola,AGO,NY.GDP.MKTP.CD,2004,26997977896.2907
Angola,AGO,NY.GDP.MKTP.CD,2005,41396636383.8231
Angola,AGO,NY.GDP.MKTP.CD,2006,58653659979.5501
Angola,AGO,NY.GDP.MKTP.CD,2007,73037821926.4655
Angola,AGO,NY.GDP.MKTP.CD,2008,98790432989.3077
Angola,AGO,NY.GDP.MKTP.CD,2009,81705175408.8809
Angola,AGO,NY.GDP.MKTP.CD,2010,95546919754.2873
Angola,AGO,NY.GDP.MKTP.CD,2011,125551634704.941
Angola,AGO,NY.GDP.MKTP.CD,2012,143572907527.976
Angola,AGO,NY.GDP.MKTP.CD,2013,148845200696.335
Angola,AGO,NY.GDP.MKTP.CD,2014,153449860495.966
Angola,AGO,NY.GDP.MKTP.CD,2015,102543067840.819
Angola,AGO,NY.GDP.MKTP.CD,2016,60770049747.3832
Angola,AGO,NY.GDP.MKTP.CD,2017,85629598654.1906
Angola,AGO,NY.GDP.MKTP.CD,2018,90506061877.2765
Angola,AGO,NY.GDP.MKTP.CD,2019,81193813808.0382
Angola,AGO,NY.GDP.MKTP.CD,2020,58512033805.8981
Angola,AGO,NY.GDP.MKTP.CD,2021,78283923543.8237
Angola,AGO,NY.GDP.MKTP.CD,2022,128233959333.275
Angola,AGO,NY.GDP.MKTP.CD,2023,106042349567.303
Angola,AGO,NY.GDP.MKTP.CD,2024,103080538044.058
Angola,AGO,NY.GDP.MKTP.CD,2025,122174889423.635
Albania,ALB,NY.GDP.MKTP.CD,1980,1578102105.26316
Albania,ALB,NY.GDP.MKTP.CD,1981,1808177156.17716
Albania,ALB,NY.GDP.MKTP.CD,1982,1861163170.16317
Albania,ALB,NY.GDP.MKTP.CD,1983,1881412587.41259
Albania,ALB,NY.GDP.MKTP.CD,1984,1857337995.338
Albania,ALB,NY.GDP.MKTP.CD,1985,1897050116.55012
Albania,ALB,NY.GDP.MKTP.CD,1986,2097326250.0
Albania,ALB,NY.GDP.MKTP.CD,1987,2080796250.0
Albania,ALB,NY.GDP.MKTP.CD,1988,2051236250.0
Albania,ALB,NY.GDP.MKTP.CD,1989,2253090000.0
Albania,ALB,NY.GDP.MKTP.CD,1990,2028553750.0
Albania,ALB,NY.GDP.MKTP.CD,1991,1099559027.77778
Albania,ALB,NY.GDP.MKTP.CD,1992,652174990.837304
Albania,ALB,NY.GDP.MKTP.CD,1993,1185315468.46295
Albania,ALB,NY.GDP.MKTP.CD,1994,1880950864.41311
Albania,ALB,NY.GDP.MKTP.CD,1995,2905092798.61916
Albania,ALB,NY.GDP.MKTP.CD,1996,3234486232.04392
Albania,ALB,NY.GDP.MKTP.CD,1997,2293666029.99318
Albania,ALB,NY.GDP.MKTP.CD,1998,2600356999.20614
Albania,ALB,NY.GDP.MKTP.CD,1999,3283941510.49964
Albania,ALB,NY.GDP.MKTP.CD,2000,3584570164.85195
Albania,ALB,NY.GDP.MKTP.CD,2001,4059064033.13379
Albania,ALB,NY.GDP.MKTP.CD,2002,4515003116.68036
Albania,ALB,NY.GDP.MKTP.CD,2003,5801712040.48463
Albania,ALB,NY.GDP.MKTP.CD,2004,7406645793.44038
Albania,ALB,NY.GDP.MKTP.CD,2005,8256658249.8128
Albania,ALB,NY.GDP.MKTP.CD,2006,9150528132.17633
Albania,ALB,NY.GDP.MKTP.CD,2007,11116937869.8568
Albania,ALB,NY.GDP.MKTP.CD,2008,13258506375.4518
Albania,ALB,NY.GDP.MKTP.CD,2009,12335540656.1006
Albania,ALB,NY.GDP.MKTP.CD,2010,12086545641.299
Albania,ALB,NY.GDP.MKTP.CD,2011,12973755874.5365
Albania,ALB,NY.GDP.MKTP.CD,2012,12246499747.9714
Albania,ALB,NY.GDP.MKTP.CD,2013,12796985886.1478
Albania,ALB,NY.GDP.MKTP.CD,2014,13296322588.1684
Albania,ALB,NY.GDP.MKTP.CD,2015,11470171826.9575
Albania,ALB,NY.GDP.MKTP.CD,2016,11988668784.6628
Albania,ALB,NY.GDP.MKTP.CD,2017,13258268435.6048
Albania,ALB,NY.GDP.MKTP.CD,2018,15379508329.7568
Albania,ALB,NY.GDP.MKTP.CD,2019,15585111614.0376
Albania,ALB,NY.GDP.MKTP.CD,2020,15241458744.5927
Albania,ALB,NY.GDP.MKTP.CD,2021,18031989573.0294
Albania,ALB,NY.GDP.MKTP.CD,2022,19017247013.8821
Albania,ALB,NY.GDP.MKTP.CD,2023,23491242727.4082
Albania,ALB,NY.GDP.MKTP.CD,2024,27037474263.2977
Albania,ALB,NY.GDP.MKTP.CD,2025,30540188271.3421
Andorra,AND,NY.GDP.MKTP.CD,1970,78617711.0965325
Andorra,AND,NY.GDP.MKTP.CD,1971,89406608.1458151
Andorra,AND,NY.GDP.MKTP.CD,1972,113414397.365635
Andorra,AND,NY.GDP.MKTP.CD,1973,150841639.297444
Andorra,AND,NY.GDP.MKTP.CD,1974,186557081.998137
Andorra,AND,NY.GDP.MKTP.CD,1975,220112572.205331
Andorra,AND,NY.GDP.MKTP.CD,1976,227283850.831271
Andorra,AND,NY.GDP.MKTP.CD,1977,253997897.226968
Andorra,AND,NY.GDP.MKTP.CD,1978,308020261.164149
Andorra,AND,NY.GDP.MKTP.CD,1979,411548748.354729
Andorra,AND,NY.GDP.MKTP.CD,1980,446377776.798001
Andorra,AND,NY.GDP.MKTP.CD,1981,388983266.199886
Andorra,AND,NY.GDP.MKTP.CD,1982,375914743.581006
Andorra,AND,NY.GDP.MKTP.CD,1983,327850042.515872
Andorra,AND,NY.GDP.MKTP.CD,1984,330073080.637098
Andorra,AND,NY.GDP.MKTP.CD,1985,346742714.675152
Andorra,AND,NY.GDP.MKTP.CD,1986,481996012.869071
Andorra,AND,NY.GDP.MKTP.CD,1987,611299924.540506
Andorra,AND,NY.GDP.MKTP.CD,1988,721425939.15155
Andorra,AND,NY.GDP.MKTP.CD,1989,795489582.04491
Andorra,AND,NY.GDP.MKTP.CD,1990,1028989692.06787
Andorra,AND,NY.GDP.MKTP.CD,1991,1106891361.53948
Andorra,AND,NY.GDP.MKTP.CD,1992,1209992020.29543
Andorra,AND,NY.GDP.MKTP.CD,1993,1007090269.86956
Andorra,AND,NY.GDP.MKTP.CD,1994,1017544068.8408
Andorra,AND,NY.GDP.MKTP.CD,1995,1178745282.8678
Andorra,AND,NY.GDP.MKTP.CD,1996,1224024139.21295
Andorra,AND,NY.GDP.MKTP.CD,1997,1180645571.8643
Andorra,AND,NY.GDP.MKTP.CD,1998,1211953994.05714
Andorra,AND,NY.GDP.MKTP.CD,1999,1240295103.08568
Andorra,AND,NY.GDP.MKTP.CD,2000,1432606188.65883
Andorra,AND,NY.GDP.MKTP.CD,2001,1548265807.99606
Andorra,AND,NY.GDP.MKTP.CD,2002,1764279824.23138
Andorra,AND,NY.GDP.MKTP.CD,2003,2366941808.98431
Andorra,AND,NY.GDP.MKTP.CD,2004,2900245324.32047
Andorra,AND,NY.GDP.MKTP.CD,2005,3161084091.26848
Andorra,AND,NY.GDP.MKTP.CD,2006,3459337986.67058
Andorra,AND,NY.GDP.MKTP.CD,2007,3957625367.30589
Andorra,AND,NY.GDP.MKTP.CD,2008,4102319398.76562
Andorra,AND,NY.GDP.MKTP.CD,2009,3688976340.67187
Andorra,AND,NY.GDP.MKTP.CD,2010,3449925738.83334
Andorra,AND,NY.GDP.MKTP.CD,2011,3629133574.51363
Andorra,AND,NY.GDP.MKTP.CD,2012,3188652765.29297
Andorra,AND,NY.GDP.MKTP.CD,2013,3193512950.0157
Andorra,AND,NY.GDP.MKTP.CD,2014,3271685596.52156
Andorra,AND,NY.GDP.MKTP.CD,2015,2789881258.60547
Andorra,AND,NY.GDP.MKTP.CD,2016,2896610479.86771
Andorra,AND,NY.GDP.MKTP.CD,2017,3000162081.22353
Andorra,AND,NY.GDP.MKTP.CD,2018,3218419896.93333
Andorra,AND,NY.GDP.MKTP.CD,2019,3155149347.92156
Andorra,AND,NY.GDP.MKTP.CD,2020,2891001149.40079
Andorra,AND,NY.GDP.MKTP.CD,2021,3324647529.41855
Andorra,AND,NY.GDP.MKTP.CD,2022,3380612573.4825
Andorra,AND,NY.GDP.MKTP.CD,2023,3785067331.88242
Andorra,AND,NY.GDP.MKTP.CD,2024,4044249678.65625
Andorra,AND,NY.GDP.MKTP.CD,2025,4500982731.80784
Arab World,ARB,NY.GDP.MKTP.CD,1961,19998438360.0899
Arab World,ARB,NY.GDP.MKTP.CD,1962,20329047180.414
Arab World,ARB,NY.GDP.MKTP.CD,1963,22364471921.9059
Arab World,ARB,NY.GDP.MKTP.CD,1964,24813307199.2085
Arab World,ARB,NY.GDP.MKTP.CD,1965,26771102220.4976
Arab World,ARB,NY.GDP.MKTP.CD,1966,28351046006.7356
Arab World,ARB,NY.GDP.MKTP.CD,1967,30600869443.7775
Arab World,ARB,NY.GDP.MKTP.CD,1968,34973045132.814
Arab World,ARB,NY.GDP.MKTP.CD,1969,38563619383.8874
Arab World,ARB,NY.GDP.MKTP.CD,1970,43094139979.9118
Arab World,ARB,NY.GDP.MKTP.CD,1971,49930151347.6477
Arab World,ARB,NY.GDP.MKTP.CD,1972,59970718558.2201
Arab World,ARB,NY.GDP.MKTP.CD,1973,79130725493.6487
Arab World,ARB,NY.GDP.MKTP.CD,1974,152199034142.502
Arab World,ARB,NY.GDP.MKTP.CD,1975,168169966765.176
Arab World,ARB,NY.GDP.MKTP.CD,1976,210007621800.111
Arab World,ARB,NY.GDP.MKTP.CD,1977,242286672182.623
Arab World,ARB,NY.GDP.MKTP.CD,1978,265416162868.754
Arab World,ARB,NY.GDP.MKTP.CD,1979,358135445489.827
Arab World,ARB,NY.GDP.MKTP.CD,1980,486447797289.299
Arab World,ARB,NY.GDP.MKTP.CD,1981,494945999084.645
Arab World,ARB,NY.GDP.MKTP.CD,1982,463114958246.78
Arab World,ARB,NY.GDP.MKTP.CD,1983,437494482946.75
Arab World,ARB,NY.GDP.MKTP.CD,1984,440359064231.052
Arab World,ARB,NY.GDP.MKTP.CD,1985,432863828743.159
Arab World,ARB,NY.GDP.MKTP.CD,1986,405451915982.932
Arab World,ARB,NY.GDP.MKTP.CD,1987,431233067109.026
Arab World,ARB,NY.GDP.MKTP.CD,1988,429362575737.796
Arab World,ARB,NY.GDP.MKTP.CD,1989,457356315289.488
Arab World,ARB,NY.GDP.MKTP.CD,1990,641683975928.51
Arab World,ARB,NY.GDP.MKTP.CD,1991,467929157934.646
Arab World,ARB,NY.GDP.MKTP.CD,1992,467773400613.497
Arab World,ARB,NY.GDP.MKTP.CD,1993,478901864353.457
Arab World,ARB,NY.GDP.MKTP.CD,1994,499875741124.964
Arab World,ARB,NY.GDP.MKTP.CD,1995,528474736899.022
Arab World,ARB,NY.GDP.MKTP.CD,1996,570906140763.65
Arab World,ARB,NY.GDP.MKTP.CD,1997,614595216835.673
Arab World,ARB,NY.GDP.MKTP.CD,1998,598783460087.878
Arab World,ARB,NY.GDP.MKTP.CD,1999,665404764120.193
Arab World,ARB,NY.GDP.MKTP.CD,2000,763400074351.443
Arab World,ARB,NY.GDP.MKTP.CD,2001,744564338442.53
Arab World,ARB,NY.GDP.MKTP.CD,2002,746768175363.066
Arab World,ARB,NY.GDP.MKTP.CD,2003,830076531568.175
Arab World,ARB,NY.GDP.MKTP.CD,2004,987304821542.152
Arab World,ARB,NY.GDP.MKTP.CD,2005,1210081941398.6
Arab World,ARB,NY.GDP.MKTP.CD,2006,1439461123430.75
Arab World,ARB,NY.GDP.MKTP.CD,2007,1674640786036.4
Arab World,ARB,NY.GDP.MKTP.CD,2008,2121063708751.66
Arab World,ARB,NY.GDP.MKTP.CD,2009,1832774180319.93
Arab World,ARB,NY.GDP.MKTP.CD,2010,2165961502751.72
Arab World,ARB,NY.GDP.MKTP.CD,2011,2576183850806.81
Arab World,ARB,NY.GDP.MKTP.CD,2012,2816787067316.22
Arab World,ARB,NY.GDP.MKTP.CD,2013,2887116130913.48
Arab World,ARB,NY.GDP.MKTP.CD,2014,2940745822078.8
Arab World,ARB,NY.GDP.MKTP.CD,2015,2584151265962.58
Arab World,ARB,NY.GDP.MKTP.CD,2016,2540369856563.15
Arab World,ARB,NY.GDP.MKTP.CD,2017,2615263227679.8
Arab World,ARB,NY.GDP.MKTP.CD,2018,2924906594129.03
Arab World,ARB,NY.GDP.MKTP.CD,2019,2969429771610.46
Arab World,ARB,NY.GDP.MKTP.CD,2020,2608795934173.51
Arab World,ARB,NY.GDP.MKTP.CD,2021,3090113052044.16
Arab World,ARB,NY.GDP.MKTP.CD,2022,3752344988903.0
Arab World,ARB,NY.GDP.MKTP.CD,2023,3617895070373.04
Arab World,ARB,NY.GDP.MKTP.CD,2024,3745043769553.0
Arab World,ARB,NY.GDP.MKTP.CD,2025,3797527236194.65
United Arab Emirates,ARE,NY.GDP.MKTP.CD,1970,685986701.316701
United Arab Emirates,ARE,NY.GDP.MKTP.CD,1971,939893599.634201
United Arab Emirates,ARE,NY.GDP.MKTP.CD,1972,1415086929.3006
United Arab Emirates,ARE,NY.GDP.MKTP.CD,1973,4231243615.86089
United Arab Emirates,ARE,NY.GDP.MKTP.CD,1974,11651505689.4244
United Arab Emirates,ARE,NY.GDP.MKTP.CD,1975,14720729969.1197
United Arab Emirates,ARE,NY.GDP.MKTP.CD,1976,19213212475.0768
United Arab Emirates,ARE,NY.GDP.MKTP.CD,1977,24871660291.7912
United Arab Emirates,ARE,NY.GDP.MKTP.CD,1978,23775718541.3171
United Arab Emirates,ARE,NY.GDP.MKTP.CD,1979,31225557021.8735
United Arab Emirates,ARE,NY.GDP.MKTP.CD,1980,43599134193.0959
United Arab Emirates,ARE,NY.GDP.MKTP.CD,1981,49333471894.9853
United Arab Emirates,ARE,NY.GDP.MKTP.CD,1982,46622715280.796
United Arab Emirates,ARE,NY.GDP.MKTP.CD,1983,42803373389.6704
United Arab Emirates,ARE,NY.GDP.MKTP.CD,1984,41807931452.8262
United Arab Emirates,ARE,NY.GDP.MKTP.CD,1985,40603631079.4051
United Arab Emirates,ARE,NY.GDP.MKTP.CD,1986,33943568480.9469
United Arab Emirates,ARE,NY.GDP.MKTP.CD,1987,36384802310.3887
United Arab Emirates,ARE,NY.GDP.MKTP.CD,1988,36275613876.8575
United Arab Emirates,ARE,NY.GDP.MKTP.CD,1989,41464966301.7919
United Arab Emirates,ARE,NY.GDP.MKTP.CD,1990,50701374187.331
United Arab Emirates,ARE,NY.GDP.MKTP.CD,1991,51552058250.3806
United Arab Emirates,ARE,NY.GDP.MKTP.CD,1992,54239188745.5001
United Arab Emirates,ARE,NY.GDP.MKTP.CD,1993,55625269485.1866
United Arab Emirates,ARE,NY.GDP.MKTP.CD,1994,59305111227.5034
United Arab Emirates,ARE,NY.GDP.MKTP.CD,1995,65743604965.7557
United Arab Emirates,ARE,NY.GDP.MKTP.CD,1996,73571217376.7336
United Arab Emirates,ARE,NY.GDP.MKTP.CD,1997,78838886862.1575
United Arab Emirates,ARE,NY.GDP.MKTP.CD,1998,75674384204.7668
United Arab Emirates,ARE,NY.GDP.MKTP.CD,1999,84445399334.7235
United Arab Emirates,ARE,NY.GDP.MKTP.CD,2000,104337463730.167
United Arab Emirates,ARE,NY.GDP.MKTP.CD,2001,103311631797.329
United Arab Emirates,ARE,NY.GDP.MKTP.CD,2002,109816091078.603
United Arab Emirates,ARE,NY.GDP.MKTP.CD,2003,124346476180.46
United Arab Emirates,ARE,NY.GDP.MKTP.CD,2004,147824249957.985
United Arab Emirates,ARE,NY.GDP.MKTP.CD,2005,180617467954.23
United Arab Emirates,ARE,NY.GDP.MKTP.CD,2006,222116532963.026
United Arab Emirates,ARE,NY.GDP.MKTP.CD,2007,257916148767.436
United Arab Emirates,ARE,NY.GDP.MKTP.CD,2008,315474615741.223
United Arab Emirates,ARE,NY.GDP.MKTP.CD,2009,253547358746.804
United Arab Emirates,ARE,NY.GDP.MKTP.CD,2010,307736348527.33
United Arab Emirates,ARE,NY.GDP.MKTP.CD,2011,368881033962.57
United Arab Emirates,ARE,NY.GDP.MKTP.CD,2012,392793559050.783
United Arab Emirates,ARE,NY.GDP.MKTP.CD,2013,409632574702.715
United Arab Emirates,ARE,NY.GDP.MKTP.CD,2014,424935834104.193
United Arab Emirates,ARE,NY.GDP.MKTP.CD,2015,381973135513.065
United Arab Emirates,ARE,NY.GDP.MKTP.CD,2016,381717208620.964
United Arab Emirates,ARE,NY.GDP.MKTP.CD,2017,403365056078.846
United Arab Emirates,ARE,NY.GDP.MKTP.CD,2018,440560003161.236
United Arab Emirates,ARE,NY.GDP.MKTP.CD,2019,433926218686.108
United Arab Emirates,ARE,NY.GDP.MKTP.CD,2020,357161776271.328
United Arab Emirates,ARE,NY.GDP.MKTP.CD,2021,422441282436.237
United Arab Emirates,ARE,NY.GDP.MKTP.CD,2022,511403404642.173
United Arab Emirates,ARE,NY.GDP.MKTP.CD,2023,522622268401.125
United Arab Emirates,ARE,NY.GDP.MKTP.CD,2024,552324919095.872
Argentina,ARG,NY.GDP.MKTP.CD,1960,15865474315.4056
Argentina,ARG,NY.GDP.MKTP.CD,1961,20132220374.9093
Argentina,ARG,NY.GDP.MKTP.CD,1962,18337691145.3688
Argentina,ARG,NY.GDP.MKTP.CD,1963,18272123664.4715
Argentina,ARG,NY.GDP.MKTP.CD,1964,25605249381.7597
Argentina,ARG,NY.GDP.MKTP.CD,1965,28344705966.6389
Argentina,ARG,NY.GDP.MKTP.CD,1966,28630474727.9023
Argentina,ARG,NY.GDP.MKTP.CD,1967,24256667553.2569
Argentina,ARG,NY.GDP.MKTP.CD,1968,26436857247.4982
Argentina,ARG,NY.GDP.MKTP.CD,1969,31256284543.6155
Argentina,ARG,NY.GDP.MKTP.CD,1970,31584210365.5447
Argentina,ARG,NY.GDP.MKTP.CD,1971,33293199095.4881
Argentina,ARG,NY.GDP.MKTP.CD,1972,34733000536.2862
Argentina,ARG,NY.GDP.MKTP.CD,1973,52544000116.9037
Argentina,ARG,NY.GDP.MKTP.CD,1974,72436777342.4554
Argentina,ARG,NY.GDP.MKTP.CD,1975,52438647921.9226
Argentina,ARG,NY.GDP.MKTP.CD,1976,51169499892.1722
Argentina,ARG,NY.GDP.MKTP.CD,1977,56781000101.0848
Argentina,ARG,NY.GDP.MKTP.CD,1978,89049453088.3282
Argentina,ARG,NY.GDP.MKTP.CD,1979,69252328951.6441
Argentina,ARG,NY.GDP.MKTP.CD,1980,76961923741.0701
Argentina,ARG,NY.GDP.MKTP.CD,1981,78676842366.5529
Argentina,ARG,NY.GDP.MKTP.CD,1982,84307486836.724
Argentina,ARG,NY.GDP.MKTP.CD,1983,103979106777.911
Argentina,ARG,NY.GDP.MKTP.CD,1984,116915052107.031
Argentina,ARG,NY.GDP.MKTP.CD,1985,88150891728.1064
Argentina,ARG,NY.GDP.MKTP.CD,1986,105872372613.857
Argentina,ARG,NY.GDP.MKTP.CD,1987,108810885301.253
Argentina,ARG,NY.GDP.MKTP.CD,1988,126890235049.092
Argentina,ARG,NY.GDP.MKTP.CD,1989,76629728760.123
Argentina,ARG,NY.GDP.MKTP.CD,1990,141352654305.163
Argentina,ARG,NY.GDP.MKTP.CD,1991,189719984268.485
Argentina,ARG,NY.GDP.MKTP.CD,1992,228778917308.17
Argentina,ARG,NY.GDP.MKTP.CD,1993,236741715015.015
Argentina,ARG,NY.GDP.MKTP.CD,1994,257440000000.0
Argentina,ARG,NY.GDP.MKTP.CD,1995,258031750000.0
Argentina,ARG,NY.GDP.MKTP.CD,1996,272149750000.0
Argentina,ARG,NY.GDP.MKTP.CD,1997,292859000000.0
Argentina,ARG,NY.GDP.MKTP.CD,1998,298948250000.0
Argentina,ARG,NY.GDP.MKTP.CD,1999,283523000000.0
Argentina,ARG,NY.GDP.MKTP.CD,2000,284203750000.0
Argentina,ARG,NY.GDP.MKTP.CD,2001,268696750000.0
Argentina,ARG,NY.GDP.MKTP.CD,2002,97724004251.8602
Argentina,ARG,NY.GDP.MKTP.CD,2003,127586973492.177
Argentina,ARG,NY.GDP.MKTP.CD,2004,164657930452.787
Argentina,ARG,NY.GDP.MKTP.CD,2005,198737095012.282
Argentina,ARG,NY.GDP.MKTP.CD,2006,232557260817.308
Argentina,ARG,NY.GDP.MKTP.CD,2007,287530508430.568
Argentina,ARG,NY.GDP.MKTP.CD,2008,361558037110.419
Argentina,ARG,NY.GDP.MKTP.CD,2009,332976484577.619
Argentina,ARG,NY.GDP.MKTP.CD,2010,423627422092.49
Argentina,ARG,NY.GDP.MKTP.CD,2011,530158122010.442
Argentina,ARG,NY.GDP.MKTP.CD,2012,545982375701.128
Argentina,ARG,NY.GDP.MKTP.CD,2013,552025140252.246
Argentina,ARG,NY.GDP.MKTP.CD,2014,526319673731.638
Argentina,ARG,NY.GDP.MKTP.CD,2015,594749285413.212
Argentina,ARG,NY.GDP.MKTP.CD,2016,557532320662.955
Argentina,ARG,NY.GDP.MKTP.CD,2017,643628393281.364
Argentina,ARG,NY.GDP.MKTP.CD,2018,524819892360.176
Argentina,ARG,NY.GDP.MKTP.CD,2019,447754683615.225
Argentina,ARG,NY.GDP.MKTP.CD,2020,385740508436.965
Argentina,ARG,NY.GDP.MKTP.CD,2021,486564085480.036
Argentina,ARG,NY.GDP.MKTP.CD,2022,633993756301.08
Argentina,ARG,NY.GDP.MKTP.CD,2023,649461687959.174
Argentina,ARG,NY.GDP.MKTP.CD,2024,638365455340.04
Argentina,ARG,NY.GDP.MKTP.CD,2025,683097891618.597
Armenia,ARM,NY.GDP.MKTP.CD,1990,2256863448.77086
Armenia,ARM,NY.GDP.MKTP.CD,1991,2069870129.87013
Armenia,ARM,NY.GDP.MKTP.CD,1992,1272835453.42634
Armenia,ARM,NY.GDP.MKTP.CD,1993,1201312829.27524
Armenia,ARM,NY.GDP.MKTP.CD,1994,1315158636.67553
Armenia,ARM,NY.GDP.MKTP.CD,1995,1468317435.20148
Armenia,ARM,NY.GDP.MKTP.CD,1996,1596968946.23708
Armenia,ARM,NY.GDP.MKTP.CD,1997,1639492444.76152
Armenia,ARM,NY.GDP.MKTP.CD,1998,1893726437.26462
Armenia,ARM,NY.GDP.MKTP.CD,1999,1845482173.02732
Armenia,ARM,NY.GDP.MKTP.CD,2000,1911563668.85006
Armenia,ARM,NY.GDP.MKTP.CD,2001,2118467913.37873
Armenia,ARM,NY.GDP.MKTP.CD,2002,2376335048.39976
Armenia,ARM,NY.GDP.MKTP.CD,2003,2807061008.69084
Armenia,ARM,NY.GDP.MKTP.CD,2004,3576615240.41616
Armenia,ARM,NY.GDP.MKTP.CD,2005,4900469511.10191
Armenia,ARM,NY.GDP.MKTP.CD,2006,6384452066.5146
Armenia,ARM,NY.GDP.MKTP.CD,2007,9206301269.79164
Armenia,ARM,NY.GDP.MKTP.CD,2008,11662040713.8753
Armenia,ARM,NY.GDP.MKTP.CD,2009,8647937081.2562
Armenia,ARM,NY.GDP.MKTP.CD,2010,9260285755.62424
Armenia,ARM,NY.GDP.MKTP.CD,2011,10142111824.5835
Armenia,ARM,NY.GDP.MKTP.CD,2012,10619320682.9474
Armenia,ARM,NY.GDP.MKTP.CD,2013,11121464437.0415
Armenia,ARM,NY.GDP.MKTP.CD,2014,11609513246.7958
Armenia,ARM,NY.GDP.MKTP.CD,2015,10553337518.414
Armenia,ARM,NY.GDP.MKTP.CD,2016,10546136235.5219
Armenia,ARM,NY.GDP.MKTP.CD,2017,11527458709.0158
Armenia,ARM,NY.GDP.MKTP.CD,2018,12457940694.7395
Armenia,ARM,NY.GDP.MKTP.CD,2019,13619290539.2116
Armenia,ARM,NY.GDP.MKTP.CD,2020,12641698583.2152
Armenia,ARM,NY.GDP.MKTP.CD,2021,13878908628.9378
Armenia,ARM,NY.GDP.MKTP.CD,2022,19513506553.1251
Armenia,ARM,NY.GDP.MKTP.CD,2023,24185982215.6543
Armenia,ARM,NY.GDP.MKTP.CD,2024,25955275380.0321
Armenia,ARM,NY.GDP.MKTP.CD,2025,29243452882.3545
American Samoa,ASM,NY.GDP.MKTP.CD,2002,512000000.0
American Samoa,ASM,NY.GDP.MKTP.CD,2003,524000000.0
American Samoa,ASM,NY.GDP.MKTP.CD,2004,509000000.0
American Samoa,ASM,NY.GDP.MKTP.CD,2005,500000000.0
American Samoa,ASM,NY.GDP.MKTP.CD,2006,493000000.0
American Samoa,ASM,NY.GDP.MKTP.CD,2007,518000000.0
American Samoa,ASM,NY.GDP.MKTP.CD,2008,560000000.0
American Samoa,ASM,NY.GDP.MKTP.CD,2009,675000000.0
American Samoa,ASM,NY.GDP.MKTP.CD,2010,573000000.0
American Samoa,ASM,NY.GDP.MKTP.CD,2011,570000000.0
American Samoa,ASM,NY.GDP.MKTP.CD,2012,640000000.0
American Samoa,ASM,NY.GDP.MKTP.CD,2013,638000000.0
American Samoa,ASM,NY.GDP.MKTP.CD,2014,643000000.0
American Samoa,ASM,NY.GDP.MKTP.CD,2015,673000000.0
American Samoa,ASM,NY.GDP.MKTP.CD,2016,671000000.0
American Samoa,ASM,NY.GDP.MKTP.CD,2017,612000000.0
American Samoa,ASM,NY.GDP.MKTP.CD,2018,639000000.0
American Samoa,ASM,NY.GDP.MKTP.CD,2019,647000000.0
American Samoa,ASM,NY.GDP.MKTP.CD,2020,721000000.0
American Samoa,ASM,NY.GDP.MKTP.CD,2021,750000000.0
American Samoa,ASM,NY.GDP.MKTP.CD,2022,871000000.0
Antigua and Barbuda,ATG,NY.GDP.MKTP.CD,1977,77507407.4074074
Antigua and Barbuda,ATG,NY.GDP.MKTP.CD,1978,88040740.7407407
Antigua and Barbuda,ATG,NY.GDP.MKTP.CD,1979,109596296.296296
Antigua and Barbuda,ATG,NY.GDP.MKTP.CD,1980,132451851.851852
Antigua and Barbuda,ATG,NY.GDP.MKTP.CD,1981,149388888.888889
Antigua and Barbuda,ATG,NY.GDP.MKTP.CD,1982,166444444.444444
Antigua and Barbuda,ATG,NY.GDP.MKTP.CD,1983,184866666.666667
Antigua and Barbuda,ATG,NY.GDP.MKTP.CD,1984,212214814.814815
Antigua and Barbuda,ATG,NY.GDP.MKTP.CD,1985,246370370.37037
Antigua and Barbuda,ATG,NY.GDP.MKTP.CD,1986,297562962.962963
Antigua and Barbuda,ATG,NY.GDP.MKTP.CD,1987,346866666.666667
Antigua and Barbuda,ATG,NY.GDP.MKTP.CD,1988,411396296.296296
Antigua and Barbuda,ATG,NY.GDP.MKTP.CD,1989,455174074.074074
Antigua and Barbuda,ATG,NY.GDP.MKTP.CD,1990,478718518.518519
Antigua and Barbuda,ATG,NY.GDP.MKTP.CD,1991,504337037.037037
Antigua and Barbuda,ATG,NY.GDP.MKTP.CD,1992,525133333.333333
Antigua and Barbuda,ATG,NY.GDP.MKTP.CD,1993,565662962.962963
Antigua and Barbuda,ATG,NY.GDP.MKTP.CD,1994,625081481.481481
Antigua and Barbuda,ATG,NY.GDP.MKTP.CD,1995,616051851.851852
Antigua and Barbuda,ATG,NY.GDP.MKTP.CD,1996,679140740.740741
Antigua and Barbuda,ATG,NY.GDP.MKTP.CD,1997,734422222.222222
Antigua and Barbuda,ATG,NY.GDP.MKTP.CD,1998,789788888.888889
Antigua and Barbuda,ATG,NY.GDP.MKTP.CD,1999,835544444.444444
Antigua and Barbuda,ATG,NY.GDP.MKTP.CD,2000,901003703.703704
Antigua and Barbuda,ATG,NY.GDP.MKTP.CD,2001,877774074.074074
Antigua and Barbuda,ATG,NY.GDP.MKTP.CD,2002,898092592.592592
Antigua and Barbuda,ATG,NY.GDP.MKTP.CD,2003,948100000.0
Antigua and Barbuda,ATG,NY.GDP.MKTP.CD,2004,1026329629.62963
Antigua and Barbuda,ATG,NY.GDP.MKTP.CD,2005,1143896296.2963
Antigua and Barbuda,ATG,NY.GDP.MKTP.CD,2006,1303674074.07407
Antigua and Barbuda,ATG,NY.GDP.MKTP.CD,2007,1487381481.48148
Antigua and Barbuda,ATG,NY.GDP.MKTP.CD,2008,1557640740.74074
Antigua and Barbuda,ATG,NY.GDP.MKTP.CD,2009,1386518518.51852
Antigua and Barbuda,ATG,NY.GDP.MKTP.CD,2010,1298348148.14815
Antigua and Barbuda,ATG,NY.GDP.MKTP.CD,2011,1287359259.25926
Antigua and Barbuda,ATG,NY.GDP.MKTP.CD,2012,1364729629.62963
Antigua and Barbuda,ATG,NY.GDP.MKTP.CD,2013,1325496296.2963
Antigua and Barbuda,ATG,NY.GDP.MKTP.CD,2014,1378707407.40741
Antigua and Barbuda,ATG,NY.GDP.MKTP.CD,2015,1437485185.18519
Antigua and Barbuda,ATG,NY.GDP.MKTP.CD,2016,1489603703.7037
Antigua and Barbuda,ATG,NY.GDP.MKTP.CD,2017,1534855555.55556
Antigua and Barbuda,ATG,NY.GDP.MKTP.CD,2018,1661529629.62963
Antigua and Barbuda,ATG,NY.GDP.MKTP.CD,2019,1726448148.14815
Antigua and Barbuda,ATG,NY.GDP.MKTP.CD,2020,1411637037.03704
Antigua and Barbuda,ATG,NY.GDP.MKTP.CD,2021,1602125925.92593
Antigua and Barbuda,ATG,NY.GDP.MKTP.CD,2022,1857114814.81481
Antigua and Barbuda,ATG,NY.GDP.MKTP.CD,2023,2054096296.2963
Antigua and Barbuda,ATG,NY.GDP.MKTP.CD,2024,2162366666.66667
Antigua and Barbuda,ATG,NY.GDP.MKTP.CD,2025,2338196296.2963
Australia,AUS,NY.GDP.MKTP.CD,1960,18635682981.7093
Australia,AUS,NY.GDP.MKTP.CD,1961,19713123154.0997
Australia,AUS,NY.GDP.MKTP.CD,1962,19953923192.6277
Australia,AUS,NY.GDP.MKTP.CD,1963,21573443451.751
Australia,AUS,NY.GDP.MKTP.CD,1964,23835843813.735
Australia,AUS,NY.GDP.MKTP.CD,1965,26014244162.2791
Australia,AUS,NY.GDP.MKTP.CD,1966,27349284375.8855
Australia,AUS,NY.GDP.MKTP.CD,1967,30487524878.004
Australia,AUS,NY.GDP.MKTP.CD,1968,32763365242.1384
Australia,AUS,NY.GDP.MKTP.CD,1969,36738245878.1193
Australia,AUS,NY.GDP.MKTP.CD,1970,41395206623.2331
Australia,AUS,NY.GDP.MKTP.CD,1971,45283847245.4156
Australia,AUS,NY.GDP.MKTP.CD,1972,52117990654.2056
Australia,AUS,NY.GDP.MKTP.CD,1973,63923126201.1531
Australia,AUS,NY.GDP.MKTP.CD,1974,89086219602.0634
Australia,AUS,NY.GDP.MKTP.CD,1975,97440939505.6671
Australia,AUS,NY.GDP.MKTP.CD,1976,105209354855.787
Australia,AUS,NY.GDP.MKTP.CD,1977,110504702913.512
Australia,AUS,NY.GDP.MKTP.CD,1978,118660813779.849
Australia,AUS,NY.GDP.MKTP.CD,1979,135093718050.665
Australia,AUS,NY.GDP.MKTP.CD,1980,150200557103.064
Australia,AUS,NY.GDP.MKTP.CD,1981,177151979565.773
Australia,AUS,NY.GDP.MKTP.CD,1982,194323071830.52
Australia,AUS,NY.GDP.MKTP.CD,1983,177523719680.081
Australia,AUS,NY.GDP.MKTP.CD,1984,193749932078.26
Australia,AUS,NY.GDP.MKTP.CD,1985,180861108959.102
Australia,AUS,NY.GDP.MKTP.CD,1986,182707050923.335
Australia,AUS,NY.GDP.MKTP.CD,1987,189726707252.515
Australia,AUS,NY.GDP.MKTP.CD,1988,236461079970.431
Australia,AUS,NY.GDP.MKTP.CD,1989,300264309002.14
Australia,AUS,NY.GDP.MKTP.CD,1990,311840666465.053
Australia,AUS,NY.GDP.MKTP.CD,1991,326416407860.792
Australia,AUS,NY.GDP.MKTP.CD,1992,325982966981.415
Australia,AUS,NY.GDP.MKTP.CD,1993,312568858909.5
Australia,AUS,NY.GDP.MKTP.CD,1994,323269456935.317
Australia,AUS,NY.GDP.MKTP.CD,1995,368725126225.126
Australia,AUS,NY.GDP.MKTP.CD,1996,401962517479.122
Australia,AUS,NY.GDP.MKTP.CD,1997,436321902767.408
Australia,AUS,NY.GDP.MKTP.CD,1998,400361527504.578
Australia,AUS,NY.GDP.MKTP.CD,1999,390347787943.351
Australia,AUS,NY.GDP.MKTP.CD,2000,416901962163.479
Australia,AUS,NY.GDP.MKTP.CD,2001,380360222861.197
Australia,AUS,NY.GDP.MKTP.CD,2002,396436967262.563
Australia,AUS,NY.GDP.MKTP.CD,2003,468517181129.878
Australia,AUS,NY.GDP.MKTP.CD,2004,615643050220.515
Australia,AUS,NY.GDP.MKTP.CD,2005,696811489612.816
Australia,AUS,NY.GDP.MKTP.CD,2006,749708370332.989
Australia,AUS,NY.GDP.MKTP.CD,2007,856603595823.192
Australia,AUS,NY.GDP.MKTP.CD,2008,1058448244063.77
Australia,AUS,NY.GDP.MKTP.CD,2009,931761689770.843
Australia,AUS,NY.GDP.MKTP.CD,2010,1152566632022.13
Australia,AUS,NY.GDP.MKTP.CD,2011,1402939868653.4
Australia,AUS,NY.GDP.MKTP.CD,2012,1552728401401.58
Australia,AUS,NY.GDP.MKTP.CD,2013,1583737461925.39
Australia,AUS,NY.GDP.MKTP.CD,2014,1474677007565.64
Australia,AUS,NY.GDP.MKTP.CD,2015,1356805839935.9
Australia,AUS,NY.GDP.MKTP.CD,2016,1211588128417.61
Australia,AUS,NY.GDP.MKTP.CD,2017,1330890554614.09
Australia,AUS,NY.GDP.MKTP.CD,2018,1433144978761.67
Australia,AUS,NY.GDP.MKTP.CD,2019,1398349602956.35
Australia,AUS,NY.GDP.MKTP.CD,2020,1333336461648.09
Australia,AUS,NY.GDP.MKTP.CD,2021,1560617493202.69
Australia,AUS,NY.GDP.MKTP.CD,2022,1695627535475.8
Australia,AUS,NY.GDP.MKTP.CD,2023,1734451264655.6
Australia,AUS,NY.GDP.MKTP.CD,2024,1757022451652.83
Australia,AUS,NY.GDP.MKTP.CD,2025,1798518933689.21
Austria,AUT,NY.GDP.MKTP.CD,1960,6624086313.14334
Austria,AUT,NY.GDP.MKTP.CD,1961,7346566037.83392
Austria,AUT,NY.GDP.MKTP.CD,1962,7793042529.15992
Austria,AUT,NY.GDP.MKTP.CD,1963,8414050621.01716
Austria,AUT,NY.GDP.MKTP.CD,1964,9213648655.97511
Austria,AUT,NY.GDP.MKTP.CD,1965,10041659445.118
Austria,AUT,NY.GDP.MKTP.CD,1966,10939526218.6393
Austria,AUT,NY.GDP.MKTP.CD,1967,11634569521.9273
Austria,AUT,NY.GDP.MKTP.CD,1968,12499863917.1003
Austria,AUT,NY.GDP.MKTP.CD,1969,13647475854.0287
Austria,AUT,NY.GDP.MKTP.CD,1970,15312791743.8476
Austria,AUT,NY.GDP.MKTP.CD,1971,17788536733.1204
Austria,AUT,NY.GDP.MKTP.CD,1972,21973207929.0434
Austria,AUT,NY.GDP.MKTP.CD,1973,29399860144.7748
Austria,AUT,NY.GDP.MKTP.CD,1974,35051468639.576
Austria,AUT,NY.GDP.MKTP.CD,1975,39902300703.1682
Austria,AUT,NY.GDP.MKTP.CD,1976,42791707448.0325
Austria,AUT,NY.GDP.MKTP.CD,1977,51343861460.328
Austria,AUT,NY.GDP.MKTP.CD,1978,61809208755.804
Austria,AUT,NY.GDP.MKTP.CD,1979,73647694287.1848
Austria,AUT,NY.GDP.MKTP.CD,1980,81737498404.5948
Austria,AUT,NY.GDP.MKTP.CD,1981,70755997062.3812
Austria,AUT,NY.GDP.MKTP.CD,1982,70996111962.5716
Austria,AUT,NY.GDP.MKTP.CD,1983,71838528420.4075
Austria,AUT,NY.GDP.MKTP.CD,1984,67719055773.3306
Austria,AUT,NY.GDP.MKTP.CD,1985,69114996009.577
Austria,AUT,NY.GDP.MKTP.CD,1986,98648254168.5444
Austria,AUT,NY.GDP.MKTP.CD,1987,123682091858.946
Austria,AUT,NY.GDP.MKTP.CD,1988,132817124707.456
Austria,AUT,NY.GDP.MKTP.CD,1989,132584448257.93
Austria,AUT,NY.GDP.MKTP.CD,1990,165811372382.912
Austria,AUT,NY.GDP.MKTP.CD,1991,173113449616.971
Austria,AUT,NY.GDP.MKTP.CD,1992,194314032056.098
Austria,AUT,NY.GDP.MKTP.CD,1993,189634029338.696
Austria,AUT,NY.GDP.MKTP.CD,1994,202738023129.743
Austria,AUT,NY.GDP.MKTP.CD,1995,240094169510.031
Austria,AUT,NY.GDP.MKTP.CD,1996,235952581232.129
Austria,AUT,NY.GDP.MKTP.CD,1997,211724812267.448
Austria,AUT,NY.GDP.MKTP.CD,1998,217068085815.918
Austria,AUT,NY.GDP.MKTP.CD,1999,216421809125.916
Austria,AUT,NY.GDP.MKTP.CD,2000,196181599831.287
Austria,AUT,NY.GDP.MKTP.CD,2001,196477206829.33
Austria,AUT,NY.GDP.MKTP.CD,2002,212837224022.813
Austria,AUT,NY.GDP.MKTP.CD,2003,260779834340.097
Austria,AUT,NY.GDP.MKTP.CD,2004,299210411454.823
Austria,AUT,NY.GDP.MKTP.CD,2005,313952317330.776
Austria,AUT,NY.GDP.MKTP.CD,2006,333905979332.481
Austria,AUT,NY.GDP.MKTP.CD,2007,386760177589.497
Austria,AUT,NY.GDP.MKTP.CD,2008,429234399096.173
Austria,AUT,NY.GDP.MKTP.CD,2009,399290118782.429
Austria,AUT,NY.GDP.MKTP.CD,2010,389827789217.634
Austria,AUT,NY.GDP.MKTP.CD,2011,428954737064.057
Austria,AUT,NY.GDP.MKTP.CD,2012,406750487603.59
Austria,AUT,NY.GDP.MKTP.CD,2013,426580502769.417
Austria,AUT,NY.GDP.MKTP.CD,2014,438556021078.034
Austria,AUT,NY.GDP.MKTP.CD,2015,379546097300.633
Austria,AUT,NY.GDP.MKTP.CD,2016,393687359770.273
Austria,AUT,NY.GDP.MKTP.CD,2017,414926138132.691
Austria,AUT,NY.GDP.MKTP.CD,2018,452582294972.775
Austria,AUT,NY.GDP.MKTP.CD,2019,442983642371.842
Austria,AUT,NY.GDP.MKTP.CD,2020,434397601557.696
Austria,AUT,NY.GDP.MKTP.CD,2021,480466363176.806
Austria,AUT,NY.GDP.MKTP.CD,2022,473221298968.216
Austria,AUT,NY.GDP.MKTP.CD,2023,516670509628.876
Austria,AUT,NY.GDP.MKTP.CD,2024,534790720466.822
Austria,AUT,NY.GDP.MKTP.CD,2025,579470021095.418
Azerbaijan,AZE,NY.GDP.MKTP.CD,1990,8884848484.84848
Azerbaijan,AZE,NY.GDP.MKTP.CD,1991,5344000000.0
Azerbaijan,AZE,NY.GDP.MKTP.CD,1992,444658671.586716
Azerbaijan,AZE,NY.GDP.MKTP.CD,1993,1570392598.14954
Azerbaijan,AZE,NY.GDP.MKTP.CD,1994,1193141110.35043
Azerbaijan,AZE,NY.GDP.MKTP.CD,1995,2417331192.9526
Azerbaijan,AZE,NY.GDP.MKTP.CD,1996,3176507376.31836
Azerbaijan,AZE,NY.GDP.MKTP.CD,1997,3962362387.47922
Azerbaijan,AZE,NY.GDP.MKTP.CD,1998,4446368570.6901
Azerbaijan,AZE,NY.GDP.MKTP.CD,1999,4581248566.50158
Azerbaijan,AZE,NY.GDP.MKTP.CD,2000,5272615722.96892
Azerbaijan,AZE,NY.GDP.MKTP.CD,2001,5707616203.72011
Azerbaijan,AZE,NY.GDP.MKTP.CD,2002,6236087738.28284
Azerbaijan,AZE,NY.GDP.MKTP.CD,2003,7276413079.11451
Azerbaijan,AZE,NY.GDP.MKTP.CD,2004,8680405740.94125
Azerbaijan,AZE,NY.GDP.MKTP.CD,2005,13245421880.834
Azerbaijan,AZE,NY.GDP.MKTP.CD,2006,20981929497.6188
Azerbaijan,AZE,NY.GDP.MKTP.CD,2007,33049419431.2244
Azerbaijan,AZE,NY.GDP.MKTP.CD,2008,48851293785.4483
Azerbaijan,AZE,NY.GDP.MKTP.CD,2009,44292427184.9492
Azerbaijan,AZE,NY.GDP.MKTP.CD,2010,52909294791.9262
Azerbaijan,AZE,NY.GDP.MKTP.CD,2011,65952796427.9473
Azerbaijan,AZE,NY.GDP.MKTP.CD,2012,69679944504.1972
Azerbaijan,AZE,NY.GDP.MKTP.CD,2013,74160560123.6902
Azerbaijan,AZE,NY.GDP.MKTP.CD,2014,75239785452.1022
Azerbaijan,AZE,NY.GDP.MKTP.CD,2015,53076235354.746
Azerbaijan,AZE,NY.GDP.MKTP.CD,2016,37866996882.9157
Azerbaijan,AZE,NY.GDP.MKTP.CD,2017,40866627351.9817
Azerbaijan,AZE,NY.GDP.MKTP.CD,2018,47112470051.7701
Azerbaijan,AZE,NY.GDP.MKTP.CD,2019,48174235294.1176
Azerbaijan,AZE,NY.GDP.MKTP.CD,2020,42693000000.0
Azerbaijan,AZE,NY.GDP.MKTP.CD,2021,54825411764.7059
Azerbaijan,AZE,NY.GDP.MKTP.CD,2022,78807470588.2353
Azerbaijan,AZE,NY.GDP.MKTP.CD,2023,72428470588.2353
Azerbaijan,AZE,NY.GDP.MKTP.CD,2024,74426000000.0
Azerbaijan,AZE,NY.GDP.MKTP.CD,2025,75937647058.8235
Burundi,BDI,NY.GDP.MKTP.CD,1960,195999990.0
Burundi,BDI,NY.GDP.MKTP.CD,1961,202999992.0
Burundi,BDI,NY.GDP.MKTP.CD,1962,213500006.0
Burundi,BDI,NY.GDP.MKTP.CD,1963,232749998.0
Burundi,BDI,NY.GDP.MKTP.CD,1964,260750008.0
Burundi,BDI,NY.GDP.MKTP.CD,1965,158994962.962963
Burundi,BDI,NY.GDP.MKTP.CD,1966,165444571.428571
Burundi,BDI,NY.GDP.MKTP.CD,1967,178297142.857143
Burundi,BDI,NY.GDP.MKTP.CD,1968,183200000.0
Burundi,BDI,NY.GDP.MKTP.CD,1969,190205714.285714
Burundi,BDI,NY.GDP.MKTP.CD,1970,242732571.428571
Burundi,BDI,NY.GDP.MKTP.CD,1971,252842285.714286
Burundi,BDI,NY.GDP.MKTP.CD,1972,246804571.428571
Burundi,BDI,NY.GDP.MKTP.CD,1973,304339523.902476
Burundi,BDI,NY.GDP.MKTP.CD,1974,345263492.063492
Burundi,BDI,NY.GDP.MKTP.CD,1975,420986666.666667
Burundi,BDI,NY.GDP.MKTP.CD,1976,448412753.623188
Burundi,BDI,NY.GDP.MKTP.CD,1977,547535555.555556
Burundi,BDI,NY.GDP.MKTP.CD,1978,610225555.555556
Burundi,BDI,NY.GDP.MKTP.CD,1979,782496666.666667
Burundi,BDI,NY.GDP.MKTP.CD,1980,919726666.666667
Burundi,BDI,NY.GDP.MKTP.CD,1981,969046666.666667
Burundi,BDI,NY.GDP.MKTP.CD,1982,1013222222.22222
Burundi,BDI,NY.GDP.MKTP.CD,1983,1082926304.46477
Burundi,BDI,NY.GDP.MKTP.CD,1984,987143931.166987
Burundi,BDI,NY.GDP.MKTP.CD,1985,1149979285.77347
Burundi,BDI,NY.GDP.MKTP.CD,1986,1201725497.06578
Burundi,BDI,NY.GDP.MKTP.CD,1987,1131466494.01101
Burundi,BDI,NY.GDP.MKTP.CD,1988,1082403219.48787
Burundi,BDI,NY.GDP.MKTP.CD,1989,1113924130.41149
Burundi,BDI,NY.GDP.MKTP.CD,1990,1132101252.51817
Burundi,BDI,NY.GDP.MKTP.CD,1991,1167398478.3459
Burundi,BDI,NY.GDP.MKTP.CD,1992,1083037670.60484
Burundi,BDI,NY.GDP.MKTP.CD,1993,938632612.026359
Burundi,BDI,NY.GDP.MKTP.CD,1994,925030590.153683
Burundi,BDI,NY.GDP.MKTP.CD,1995,1000428393.88528
Burundi,BDI,NY.GDP.MKTP.CD,1996,869033856.317093
Burundi,BDI,NY.GDP.MKTP.CD,1997,972896267.915425
Burundi,BDI,NY.GDP.MKTP.CD,1998,893770740.207416
Burundi,BDI,NY.GDP.MKTP.CD,1999,808077223.365746
Burundi,BDI,NY.GDP.MKTP.CD,2000,870486065.883137
Burundi,BDI,NY.GDP.MKTP.CD,2001,876794723.068586
Burundi,BDI,NY.GDP.MKTP.CD,2002,825394519.423728
Burundi,BDI,NY.GDP.MKTP.CD,2003,784654423.620476
Burundi,BDI,NY.GDP.MKTP.CD,2004,915257323.3961
Burundi,BDI,NY.GDP.MKTP.CD,2005,1117113079.73645
Burundi,BDI,NY.GDP.MKTP.CD,2006,1273375078.44844
Burundi,BDI,NY.GDP.MKTP.CD,2007,1356199387.42308
Burundi,BDI,NY.GDP.MKTP.CD,2008,1611835857.04588
Burundi,BDI,NY.GDP.MKTP.CD,2009,1775495032.424
Burundi,BDI,NY.GDP.MKTP.CD,2010,2032135192.01248
Burundi,BDI,NY.GDP.MKTP.CD,2011,2235812879.56709
Burundi,BDI,NY.GDP.MKTP.CD,2012,2327402362.81574
Burundi,BDI,NY.GDP.MKTP.CD,2013,2451624637.67157
Burundi,BDI,NY.GDP.MKTP.CD,2014,2705826648.21019
Burundi,BDI,NY.GDP.MKTP.CD,2015,2810532912.49975
Burundi,BDI,NY.GDP.MKTP.CD,2016,2618093125.14687
Burundi,BDI,NY.GDP.MKTP.CD,2017,2831362208.34039
Burundi,BDI,NY.GDP.MKTP.CD,2018,2913411408.44783
Burundi,BDI,NY.GDP.MKTP.CD,2019,2871555326.31029
Burundi,BDI,NY.GDP.MKTP.CD,2020,3188355943.63513
Burundi,BDI,NY.GDP.MKTP.CD,2021,3425127990.70519
Burundi,BDI,NY.GDP.MKTP.CD,2022,4020736756.64256
Burundi,BDI,NY.GDP.MKTP.CD,2023,3419558408.35408
Burundi,BDI,NY.GDP.MKTP.CD,2024,3037579858.38142
Burundi,BDI,NY.GDP.MKTP.CD,2025,3364713864.08488
Belgium,BEL,NY.GDP.MKTP.CD,1960,11810619368.3874
Belgium,BEL,NY.GDP.MKTP.CD,1961,12561701694.3319
Belgium,BEL,NY.GDP.MKTP.CD,1962,13436827166.5187
Belgium,BEL,NY.GDP.MKTP.CD,1963,14445805381.3872
Belgium,BEL,NY.GDP.MKTP.CD,1964,16168044450.2523
Belgium,BEL,NY.GDP.MKTP.CD,1965,17597783297.4583
Belgium,BEL,NY.GDP.MKTP.CD,1966,18894891312.2977
Belgium,BEL,NY.GDP.MKTP.CD,1967,20252508995.4745
Belgium,BEL,NY.GDP.MKTP.CD,1968,21654856965.4281
Belgium,BEL,NY.GDP.MKTP.CD,1969,24019653474.9959
Belgium,BEL,NY.GDP.MKTP.CD,1970,26706196046.7931
Belgium,BEL,NY.GDP.MKTP.CD,1971,29821661869.912
Belgium,BEL,NY.GDP.MKTP.CD,1972,37209418018.5134
Belgium,BEL,NY.GDP.MKTP.CD,1973,47743801490.3747
Belgium,BEL,NY.GDP.MKTP.CD,1974,56033077879.0389
Belgium,BEL,NY.GDP.MKTP.CD,1975,65678189097.2908
Belgium,BEL,NY.GDP.MKTP.CD,1976,71113882967.6071
Belgium,BEL,NY.GDP.MKTP.CD,1977,82839905458.6382
Belgium,BEL,NY.GDP.MKTP.CD,1978,101246526194.441
Belgium,BEL,NY.GDP.MKTP.CD,1979,116315456796.918
Belgium,BEL,NY.GDP.MKTP.CD,1980,126829314388.191
Belgium,BEL,NY.GDP.MKTP.CD,1981,104730018470.23
Belgium,BEL,NY.GDP.MKTP.CD,1982,92095926187.5331
Belgium,BEL,NY.GDP.MKTP.CD,1983,87184239053.2544
Belgium,BEL,NY.GDP.MKTP.CD,1984,83349530159.1734
Belgium,BEL,NY.GDP.MKTP.CD,1985,86268264148.3796
Belgium,BEL,NY.GDP.MKTP.CD,1986,120018787249.413
Belgium,BEL,NY.GDP.MKTP.CD,1987,149394404105.889
Belgium,BEL,NY.GDP.MKTP.CD,1988,162299103675.261
Belgium,BEL,NY.GDP.MKTP.CD,1989,164221056511.057
Belgium,BEL,NY.GDP.MKTP.CD,1990,205331747947.851
Belgium,BEL,NY.GDP.MKTP.CD,1991,210510999409.333
Belgium,BEL,NY.GDP.MKTP.CD,1992,234781652446.675
Belgium,BEL,NY.GDP.MKTP.CD,1993,224721795708.955
Belgium,BEL,NY.GDP.MKTP.CD,1994,244884129491.198
Belgium,BEL,NY.GDP.MKTP.CD,1995,288025588396.278
Belgium,BEL,NY.GDP.MKTP.CD,1996,279201433224.756
Belgium,BEL,NY.GDP.MKTP.CD,1997,252708051420.839
Belgium,BEL,NY.GDP.MKTP.CD,1998,258528339631.029
Belgium,BEL,NY.GDP.MKTP.CD,1999,258245733221.468
Belgium,BEL,NY.GDP.MKTP.CD,2000,236792460312.471
Belgium,BEL,NY.GDP.MKTP.CD,2001,236746141604.37
Belgium,BEL,NY.GDP.MKTP.CD,2002,258383599375.177
Belgium,BEL,NY.GDP.MKTP.CD,2003,318082528506.588
Belgium,BEL,NY.GDP.MKTP.CD,2004,369214712443.206
Belgium,BEL,NY.GDP.MKTP.CD,2005,385714762230.039
Belgium,BEL,NY.GDP.MKTP.CD,2006,408259840868.823
Belgium,BEL,NY.GDP.MKTP.CD,2007,470922156309.453
Belgium,BEL,NY.GDP.MKTP.CD,2008,517328087920.078
Belgium,BEL,NY.GDP.MKTP.CD,2009,485014525992.461
Belgium,BEL,NY.GDP.MKTP.CD,2010,481556503720.001
Belgium,BEL,NY.GDP.MKTP.CD,2011,527196649048.639
Belgium,BEL,NY.GDP.MKTP.CD,2012,498414364944.961
Belgium,BEL,NY.GDP.MKTP.CD,2013,524097026598.55
Belgium,BEL,NY.GDP.MKTP.CD,2014,537987419164.351
Belgium,BEL,NY.GDP.MKTP.CD,2015,461044767544.531
Belgium,BEL,NY.GDP.MKTP.CD,2016,474271566739.729
Belgium,BEL,NY.GDP.MKTP.CD,2017,500908767351.53
Belgium,BEL,NY.GDP.MKTP.CD,2018,542638913427.921
Belgium,BEL,NY.GDP.MKTP.CD,2019,536726344405.489
Belgium,BEL,NY.GDP.MKTP.CD,2020,529694473501.791
Belgium,BEL,NY.GDP.MKTP.CD,2021,598522422241.851
Belgium,BEL,NY.GDP.MKTP.CD,2022,591474463578.602
Belgium,BEL,NY.GDP.MKTP.CD,2023,650779364363.737
Belgium,BEL,NY.GDP.MKTP.CD,2024,670983130618.828
Belgium,BEL,NY.GDP.MKTP.CD,2025,725466462859.646
Benin,BEN,NY.GDP.MKTP.CD,1960,226195578.434497
Benin,BEN,NY.GDP.MKTP.CD,1961,235668220.508202
Benin,BEN,NY.GDP.MKTP.CD,1962,236434954.038578
Benin,BEN,NY.GDP.MKTP.CD,1963,253927697.25805
Benin,BEN,NY.GDP.MKTP.CD,1964,269819005.87814
Benin,BEN,NY.GDP.MKTP.CD,1965,289908680.426395
Benin,BEN,NY.GDP.MKTP.CD,1966,302925235.151997
Benin,BEN,NY.GDP.MKTP.CD,1967,306221953.104911
Benin,BEN,NY.GDP.MKTP.CD,1968,326323105.26476
Benin,BEN,NY.GDP.MKTP.CD,1969,330748244.539574
Benin,BEN,NY.GDP.MKTP.CD,1970,333627713.494438
Benin,BEN,NY.GDP.MKTP.CD,1971,335073027.54117
Benin,BEN,NY.GDP.MKTP.CD,1972,410331856.991218
Benin,BEN,NY.GDP.MKTP.CD,1973,504376074.185709
Benin,BEN,NY.GDP.MKTP.CD,1974,554654860.702577
Benin,BEN,NY.GDP.MKTP.CD,1975,676870140.341529
Benin,BEN,NY.GDP.MKTP.CD,1976,698408261.922237
Benin,BEN,NY.GDP.MKTP.CD,1977,750049778.84069
Benin,BEN,NY.GDP.MKTP.CD,1978,928843469.431727
Benin,BEN,NY.GDP.MKTP.CD,1979,1186231019.82044
Benin,BEN,NY.GDP.MKTP.CD,1980,1405251846.54048
Benin,BEN,NY.GDP.MKTP.CD,1981,1291120188.43104
Benin,BEN,NY.GDP.MKTP.CD,1982,1267778670.35902
Benin,BEN,NY.GDP.MKTP.CD,1983,1095348199.43911
Benin,BEN,NY.GDP.MKTP.CD,1984,1051134008.78979
Benin,BEN,NY.GDP.MKTP.CD,1985,1045712789.14884
Benin,BEN,NY.GDP.MKTP.CD,1986,1336102025.27763
Benin,BEN,NY.GDP.MKTP.CD,1987,1562412227.90058
Benin,BEN,NY.GDP.MKTP.CD,1988,1620246083.79478
Benin,BEN,NY.GDP.MKTP.CD,1989,1502294416.17129
Benin,BEN,NY.GDP.MKTP.CD,1990,1959965330.14765
Benin,BEN,NY.GDP.MKTP.CD,1991,1986437796.53053
Benin,BEN,NY.GDP.MKTP.CD,1992,1695315305.70308
Benin,BEN,NY.GDP.MKTP.CD,1993,2274558082.76135
Benin,BEN,NY.GDP.MKTP.CD,1994,1598075943.86774
Benin,BEN,NY.GDP.MKTP.CD,1995,2169627137.9207
Benin,BEN,NY.GDP.MKTP.CD,1996,2361116449.39308
Benin,BEN,NY.GDP.MKTP.CD,1997,2268301646.46707
Benin,BEN,NY.GDP.MKTP.CD,1998,2455092686.34712
Benin,BEN,NY.GDP.MKTP.CD,1999,3677393998.74486
Benin,BEN,NY.GDP.MKTP.CD,2000,3519991440.47913
Benin,BEN,NY.GDP.MKTP.CD,2001,3666222635.13875
Benin,BEN,NY.GDP.MKTP.CD,2002,4194342686.2178
Benin,BEN,NY.GDP.MKTP.CD,2003,5349258094.48239
Benin,BEN,NY.GDP.MKTP.CD,2004,6190270380.49856
Benin,BEN,NY.GDP.MKTP.CD,2005,6567654954.38903
Benin,BEN,NY.GDP.MKTP.CD,2006,7034111314.88812
Benin,BEN,NY.GDP.MKTP.CD,2007,8169048382.83875
Benin,BEN,NY.GDP.MKTP.CD,2008,9787734526.23965
Benin,BEN,NY.GDP.MKTP.CD,2009,9738626517.00319
Benin,BEN,NY.GDP.MKTP.CD,2010,9535345015.78355
Benin,BEN,NY.GDP.MKTP.CD,2011,10693321363.6574
Benin,BEN,NY.GDP.MKTP.CD,2012,11141358115.8991
Benin,BEN,NY.GDP.MKTP.CD,2013,12517845123.9315
Benin,BEN,NY.GDP.MKTP.CD,2014,13284527846.9081
Benin,BEN,NY.GDP.MKTP.CD,2015,11388160996.7738
Benin,BEN,NY.GDP.MKTP.CD,2016,11821065853.3838
Benin,BEN,NY.GDP.MKTP.CD,2017,12701655836.9467
Benin,BEN,NY.GDP.MKTP.CD,2018,14262408089.9261
Benin,BEN,NY.GDP.MKTP.CD,2019,14391686313.4641
Benin,BEN,NY.GDP.MKTP.CD,2020,15686741883.934
Benin,BEN,NY.GDP.MKTP.CD,2021,17687623530.3355
Benin,BEN,NY.GDP.MKTP.CD,2022,17425405090.862
Benin,BEN,NY.GDP.MKTP.CD,2023,19673291004.1444
Benin,BEN,NY.GDP.MKTP.CD,2024,21482643706.4249
Benin,BEN,NY.GDP.MKTP.CD,2025,24566420903.5337
Burkina Faso,BFA,NY.GDP.MKTP.CD,1960,330442815.821186
Burkina Faso,BFA,NY.GDP.MKTP.CD,1961,350247234.260712
Burkina Faso,BFA,NY.GDP.MKTP.CD,1962,379567099.249422
Burkina Faso,BFA,NY.GDP.MKTP.CD,1963,394040667.106335
Burkina Faso,BFA,NY.GDP.MKTP.CD,1964,410321644.964911
Burkina Faso,BFA,NY.GDP.MKTP.CD,1965,422916789.7483
Burkina Faso,BFA,NY.GDP.MKTP.CD,1966,433889766.239436
Burkina Faso,BFA,NY.GDP.MKTP.CD,1967,450753923.548048
Burkina Faso,BFA,NY.GDP.MKTP.CD,1968,460442689.376378
Burkina Faso,BFA,NY.GDP.MKTP.CD,1969,478298645.39382
Burkina Faso,BFA,NY.GDP.MKTP.CD,1970,458404268.761971
Burkina Faso,BFA,NY.GDP.MKTP.CD,1971,482411179.121178
Burkina Faso,BFA,NY.GDP.MKTP.CD,1972,578595521.990135
Burkina Faso,BFA,NY.GDP.MKTP.CD,1973,674773569.877548
Burkina Faso,BFA,NY.GDP.MKTP.CD,1974,751133430.449301
Burkina Faso,BFA,NY.GDP.MKTP.CD,1975,939972703.463021
Burkina Faso,BFA,NY.GDP.MKTP.CD,1976,976547188.054778
Burkina Faso,BFA,NY.GDP.MKTP.CD,1977,1131224878.18865
Burkina Faso,BFA,NY.GDP.MKTP.CD,1978,1475583644.93614
Burkina Faso,BFA,NY.GDP.MKTP.CD,1979,1748480620.52397
Burkina Faso,BFA,NY.GDP.MKTP.CD,1980,1928719888.20688
Burkina Faso,BFA,NY.GDP.MKTP.CD,1981,1775842333.57042
Burkina Faso,BFA,NY.GDP.MKTP.CD,1982,1754450096.23721
Burkina Faso,BFA,NY.GDP.MKTP.CD,1983,1600278605.25465
Burkina Faso,BFA,NY.GDP.MKTP.CD,1984,1459880132.14107
Burkina Faso,BFA,NY.GDP.MKTP.CD,1985,1552493196.28424
Burkina Faso,BFA,NY.GDP.MKTP.CD,1986,2036303357.68113
Burkina Faso,BFA,NY.GDP.MKTP.CD,1987,2369834949.73234
Burkina Faso,BFA,NY.GDP.MKTP.CD,1988,2616040478.99309
Burkina Faso,BFA,NY.GDP.MKTP.CD,1989,2615587733.97303
Burkina Faso,BFA,NY.GDP.MKTP.CD,1990,3101300778.56414
Burkina Faso,BFA,NY.GDP.MKTP.CD,1991,3135045584.08387
Burkina Faso,BFA,NY.GDP.MKTP.CD,1992,3356692505.18266
Burkina Faso,BFA,NY.GDP.MKTP.CD,1993,3199536465.23328
Burkina Faso,BFA,NY.GDP.MKTP.CD,1994,1895290637.09504
Burkina Faso,BFA,NY.GDP.MKTP.CD,1995,2379517975.28056
Burkina Faso,BFA,NY.GDP.MKTP.CD,1996,2586550595.41013
Burkina Faso,BFA,NY.GDP.MKTP.CD,1997,2447669101.95178
Burkina Faso,BFA,NY.GDP.MKTP.CD,1998,2804902367.14687
Burkina Faso,BFA,NY.GDP.MKTP.CD,1999,3389566712.66037
Burkina Faso,BFA,NY.GDP.MKTP.CD,2000,2968370087.59759
Burkina Faso,BFA,NY.GDP.MKTP.CD,2001,3190371080.94768
Burkina Faso,BFA,NY.GDP.MKTP.CD,2002,3622350062.96053
Burkina Faso,BFA,NY.GDP.MKTP.CD,2003,4740768142.67494
Burkina Faso,BFA,NY.GDP.MKTP.CD,2004,5451688537.60959
Burkina Faso,BFA,NY.GDP.MKTP.CD,2005,6146353173.34929
Burkina Faso,BFA,NY.GDP.MKTP.CD,2006,6547419820.38113
Burkina Faso,BFA,NY.GDP.MKTP.CD,2007,7625722836.76847
Burkina Faso,BFA,NY.GDP.MKTP.CD,2008,9451435490.11467
Burkina Faso,BFA,NY.GDP.MKTP.CD,2009,9450696873.34326
Burkina Faso,BFA,NY.GDP.MKTP.CD,2010,10109619740.6994
Burkina Faso,BFA,NY.GDP.MKTP.CD,2011,12080295977.5632
Burkina Faso,BFA,NY.GDP.MKTP.CD,2012,12561015156.5683
Burkina Faso,BFA,NY.GDP.MKTP.CD,2013,13444300485.8412
Burkina Faso,BFA,NY.GDP.MKTP.CD,2014,13943016076.7436
Burkina Faso,BFA,NY.GDP.MKTP.CD,2015,11832159315.6298
Burkina Faso,BFA,NY.GDP.MKTP.CD,2016,12833363045.3367
Burkina Faso,BFA,NY.GDP.MKTP.CD,2017,14106955615.3442
Burkina Faso,BFA,NY.GDP.MKTP.CD,2018,15890066221.2882
Burkina Faso,BFA,NY.GDP.MKTP.CD,2019,16032813503.3707
Burkina Faso,BFA,NY.GDP.MKTP.CD,2020,17725010532.5268
Burkina Faso,BFA,NY.GDP.MKTP.CD,2021,19697516284.3787
Burkina Faso,BFA,NY.GDP.MKTP.CD,2022,18622421394.6133
Burkina Faso,BFA,NY.GDP.MKTP.CD,2023,20106062971.6533
Burkina Faso,BFA,NY.GDP.MKTP.CD,2024,23136514855.7646
Burkina Faso,BFA,NY.GDP.MKTP.CD,2025,27627297461.3181
Bangladesh,BGD,NY.GDP.MKTP.CD,1960,4274894083.33333
Bangladesh,BGD,NY.GDP.MKTP.CD,1961,4817580375.0
Bangladesh,BGD,NY.GDP.MKTP.CD,1962,5081413541.66667
Bangladesh,BGD,NY.GDP.MKTP.CD,1963,5319458562.5
Bangladesh,BGD,NY.GDP.MKTP.CD,1964,5386054833.33333
Bangladesh,BGD,NY.GDP.MKTP.CD,1965,5906636791.66667
Bangladesh,BGD,NY.GDP.MKTP.CD,1966,6439687854.16667
Bangladesh,BGD,NY.GDP.MKTP.CD,1967,7253575687.5
Bangladesh,BGD,NY.GDP.MKTP.CD,1968,7483685770.83333
Bangladesh,BGD,NY.GDP.MKTP.CD,1969,8471006437.5
Bangladesh,BGD,NY.GDP.MKTP.CD,1970,8992722166.66667
Bangladesh,BGD,NY.GDP.MKTP.CD,1971,8751843187.5
Bangladesh,BGD,NY.GDP.MKTP.CD,1972,6288245866.66667
Bangladesh,BGD,NY.GDP.MKTP.CD,1973,8086725729.3407
Bangladesh,BGD,NY.GDP.MKTP.CD,1974,12512460519.7088
Bangladesh,BGD,NY.GDP.MKTP.CD,1975,19448348073.4565
Bangladesh,BGD,NY.GDP.MKTP.CD,1976,10117113333.3333
Bangladesh,BGD,NY.GDP.MKTP.CD,1977,9651149301.8746
Bangladesh,BGD,NY.GDP.MKTP.CD,1978,13281767142.8571
Bangladesh,BGD,NY.GDP.MKTP.CD,1979,15565480321.9448
Bangladesh,BGD,NY.GDP.MKTP.CD,1980,18138049095.6072
Bangladesh,BGD,NY.GDP.MKTP.CD,1981,20249694002.448
Bangladesh,BGD,NY.GDP.MKTP.CD,1982,18525399201.5968
Bangladesh,BGD,NY.GDP.MKTP.CD,1983,17609048821.5488
Bangladesh,BGD,NY.GDP.MKTP.CD,1984,18920840000.0
Bangladesh,BGD,NY.GDP.MKTP.CD,1985,22278423076.9231
Bangladesh,BGD,NY.GDP.MKTP.CD,1986,21774033333.3333
Bangladesh,BGD,NY.GDP.MKTP.CD,1987,24298032258.0645
Bangladesh,BGD,NY.GDP.MKTP.CD,1988,26579005558.3652
Bangladesh,BGD,NY.GDP.MKTP.CD,1989,28781715188.8919
Bangladesh,BGD,NY.GDP.MKTP.CD,1990,31598340778.2164
Bangladesh,BGD,NY.GDP.MKTP.CD,1991,30957483949.5798
Bangladesh,BGD,NY.GDP.MKTP.CD,1992,31708874594.1645
Bangladesh,BGD,NY.GDP.MKTP.CD,1993,33166519417.9894
Bangladesh,BGD,NY.GDP.MKTP.CD,1994,33768660882.793
Bangladesh,BGD,NY.GDP.MKTP.CD,1995,37939748768.6567
Bangladesh,BGD,NY.GDP.MKTP.CD,1996,46438484107.5795
Bangladesh,BGD,NY.GDP.MKTP.CD,1997,48244309133.4895
Bangladesh,BGD,NY.GDP.MKTP.CD,1998,49984559471.3656
Bangladesh,BGD,NY.GDP.MKTP.CD,1999,51270569883.5275
Bangladesh,BGD,NY.GDP.MKTP.CD,2000,53369787318.6245
Bangladesh,BGD,NY.GDP.MKTP.CD,2001,53991289844.3291
Bangladesh,BGD,NY.GDP.MKTP.CD,2002,54724081490.5102
Bangladesh,BGD,NY.GDP.MKTP.CD,2003,60158929188.2556
Bangladesh,BGD,NY.GDP.MKTP.CD,2004,65108544250.0425
Bangladesh,BGD,NY.GDP.MKTP.CD,2005,69476001239.419
Bangladesh,BGD,NY.GDP.MKTP.CD,2006,71795736172.1561
Bangladesh,BGD,NY.GDP.MKTP.CD,2007,79611644974.5571
Bangladesh,BGD,NY.GDP.MKTP.CD,2008,91636997370.9772
Bangladesh,BGD,NY.GDP.MKTP.CD,2009,102475158190.998
Bangladesh,BGD,NY.GDP.MKTP.CD,2010,115275540051.262
Bangladesh,BGD,NY.GDP.MKTP.CD,2011,128607482310.357
Bangladesh,BGD,NY.GDP.MKTP.CD,2012,133310747603.483
Bangladesh,BGD,NY.GDP.MKTP.CD,2013,149998957434.186
Bangladesh,BGD,NY.GDP.MKTP.CD,2014,172886611653.786
Bangladesh,BGD,NY.GDP.MKTP.CD,2015,195146608978.131
Bangladesh,BGD,NY.GDP.MKTP.CD,2016,265224515675.034
Bangladesh,BGD,NY.GDP.MKTP.CD,2017,293732446624.596
Bangladesh,BGD,NY.GDP.MKTP.CD,2018,321362752441.78
Bangladesh,BGD,NY.GDP.MKTP.CD,2019,351231654603.692
Bangladesh,BGD,NY.GDP.MKTP.CD,2020,373979442362.193
Bangladesh,BGD,NY.GDP.MKTP.CD,2021,416271647911.014
Bangladesh,BGD,NY.GDP.MKTP.CD,2022,460131689083.083
Bangladesh,BGD,NY.GDP.MKTP.CD,2023,437415333018.291
Bangladesh,BGD,NY.GDP.MKTP.CD,2024,450119432068.852
Bangladesh,BGD,NY.GDP.MKTP.CD,2025,456319229255.578
Bulgaria,BGR,NY.GDP.MKTP.CD,1980,20039544133.0458
Bulgaria,BGR,NY.GDP.MKTP.CD,1981,20055685480.8231
Bulgaria,BGR,NY.GDP.MKTP.CD,1982,19803624625.386
Bulgaria,BGR,NY.GDP.MKTP.CD,1983,16959180921.5167
Bulgaria,BGR,NY.GDP.MKTP.CD,1984,17410894970.7546
Bulgaria,BGR,NY.GDP.MKTP.CD,1985,17562270446.9511
Bulgaria,BGR,NY.GDP.MKTP.CD,1986,20261546635.2306
Bulgaria,BGR,NY.GDP.MKTP.CD,1987,28428718531.0281
Bulgaria,BGR,NY.GDP.MKTP.CD,1988,23003003707.7017
Bulgaria,BGR,NY.GDP.MKTP.CD,1989,21746286446.7922
Bulgaria,BGR,NY.GDP.MKTP.CD,1990,20726605648.7971
Bulgaria,BGR,NY.GDP.MKTP.CD,1991,7628764750.15655
Bulgaria,BGR,NY.GDP.MKTP.CD,1992,8602874120.17193
Bulgaria,BGR,NY.GDP.MKTP.CD,1993,10832041595.4026
Bulgaria,BGR,NY.GDP.MKTP.CD,1994,9709230161.35834
Bulgaria,BGR,NY.GDP.MKTP.CD,1995,18992388645.3609
Bulgaria,BGR,NY.GDP.MKTP.CD,1996,12295588923.8007
Bulgaria,BGR,NY.GDP.MKTP.CD,1997,11316706412.4362
Bulgaria,BGR,NY.GDP.MKTP.CD,1998,15031821788.158
Bulgaria,BGR,NY.GDP.MKTP.CD,1999,13637793853.9432
Bulgaria,BGR,NY.GDP.MKTP.CD,2000,13246669553.9701
Bulgaria,BGR,NY.GDP.MKTP.CD,2001,14184170318.951
Bulgaria,BGR,NY.GDP.MKTP.CD,2002,16403880782.9964
Bulgaria,BGR,NY.GDP.MKTP.CD,2003,21146038619.2612
Bulgaria,BGR,NY.GDP.MKTP.CD,2004,26159078743.1056
Bulgaria,BGR,NY.GDP.MKTP.CD,2005,29870182424.913
Bulgaria,BGR,NY.GDP.MKTP.CD,2006,34382295487.2238
Bulgaria,BGR,NY.GDP.MKTP.CD,2007,44433521724.8301
Bulgaria,BGR,NY.GDP.MKTP.CD,2008,54483464293.1671
Bulgaria,BGR,NY.GDP.MKTP.CD,2009,52026461289.6618
Bulgaria,BGR,NY.GDP.MKTP.CD,2010,50691645231.0083
Bulgaria,BGR,NY.GDP.MKTP.CD,2011,57684243980.4624
Bulgaria,BGR,NY.GDP.MKTP.CD,2012,54299825600.0647
Bulgaria,BGR,NY.GDP.MKTP.CD,2013,55822115861.1854
Bulgaria,BGR,NY.GDP.MKTP.CD,2014,57083817239.8145
Bulgaria,BGR,NY.GDP.MKTP.CD,2015,50768512172.9373
Bulgaria,BGR,NY.GDP.MKTP.CD,2016,53932152153.5457
Bulgaria,BGR,NY.GDP.MKTP.CD,2017,59170671046.4798
Bulgaria,BGR,NY.GDP.MKTP.CD,2018,66100606676.6544
Bulgaria,BGR,NY.GDP.MKTP.CD,2019,68511235459.4907
Bulgaria,BGR,NY.GDP.MKTP.CD,2020,70490478088.1395
Bulgaria,BGR,NY.GDP.MKTP.CD,2021,84378926047.3002
Bulgaria,BGR,NY.GDP.MKTP.CD,2022,90510784777.6397
Bulgaria,BGR,NY.GDP.MKTP.CD,2023,102204457334.822
Bulgaria,BGR,NY.GDP.MKTP.CD,2024,113349149166.793
Bulgaria,BGR,NY.GDP.MKTP.CD,2025,130777235529.606
Bahrain,BHR,NY.GDP.MKTP.CD,1970,391577364.077364
Bahrain,BHR,NY.GDP.MKTP.CD,1971,422181562.186708
Bahrain,BHR,NY.GDP.MKTP.CD,1972,534081183.680728
Bahrain,BHR,NY.GDP.MKTP.CD,1973,761132545.104221
Bahrain,BHR,NY.GDP.MKTP.CD,1974,1042176883.51827
Bahrain,BHR,NY.GDP.MKTP.CD,1975,1099107600.50569
Bahrain,BHR,NY.GDP.MKTP.CD,1976,1581709518.98261
Bahrain,BHR,NY.GDP.MKTP.CD,1977,1989060283.04271
Bahrain,BHR,NY.GDP.MKTP.CD,1978,2272042965.21126
Bahrain,BHR,NY.GDP.MKTP.CD,1979,2710160739.18742
Bahrain,BHR,NY.GDP.MKTP.CD,1980,3493834468.02865
Bahrain,BHR,NY.GDP.MKTP.CD,1981,3943109531.91489
Bahrain,BHR,NY.GDP.MKTP.CD,1982,4145421079.78723
Bahrain,BHR,NY.GDP.MKTP.CD,1983,4247030468.08511
Bahrain,BHR,NY.GDP.MKTP.CD,1984,4440874566.48936
Bahrain,BHR,NY.GDP.MKTP.CD,1985,4152376484.04255
Bahrain,BHR,NY.GDP.MKTP.CD,1986,3470746843.08511
Bahrain,BHR,NY.GDP.MKTP.CD,1987,3856922694.14894
Bahrain,BHR,NY.GDP.MKTP.CD,1988,4209834172.87234
Bahrain,BHR,NY.GDP.MKTP.CD,1989,4393093962.76596
Bahrain,BHR,NY.GDP.MKTP.CD,1990,4809511005.31915
Bahrain,BHR,NY.GDP.MKTP.CD,1991,5248911170.21277
Bahrain,BHR,NY.GDP.MKTP.CD,1992,5402232446.80851
Bahrain,BHR,NY.GDP.MKTP.CD,1993,5913001063.82979
Bahrain,BHR,NY.GDP.MKTP.CD,1994,6330627925.53191
Bahrain,BHR,NY.GDP.MKTP.CD,1995,6651180851.06383
Bahrain,BHR,NY.GDP.MKTP.CD,1996,6938166755.31915
Bahrain,BHR,NY.GDP.MKTP.CD,1997,7219407712.76596
Bahrain,BHR,NY.GDP.MKTP.CD,1998,7031309042.55319
Bahrain,BHR,NY.GDP.MKTP.CD,1999,7528469148.93617
Bahrain,BHR,NY.GDP.MKTP.CD,2000,9062898936.17021
Bahrain,BHR,NY.GDP.MKTP.CD,2001,8976196808.51064
Bahrain,BHR,NY.GDP.MKTP.CD,2002,9593510638.29787
Bahrain,BHR,NY.GDP.MKTP.CD,2003,11074813829.7872
Bahrain,BHR,NY.GDP.MKTP.CD,2004,13150159574.4681
Bahrain,BHR,NY.GDP.MKTP.CD,2005,15968723404.2553
Bahrain,BHR,NY.GDP.MKTP.CD,2006,18504760638.2979
Bahrain,BHR,NY.GDP.MKTP.CD,2007,21730000000.0
Bahrain,BHR,NY.GDP.MKTP.CD,2008,25710904255.3191
Bahrain,BHR,NY.GDP.MKTP.CD,2009,22938218085.1064
Bahrain,BHR,NY.GDP.MKTP.CD,2010,26805984042.5532
Bahrain,BHR,NY.GDP.MKTP.CD,2011,29914680851.0638
Bahrain,BHR,NY.GDP.MKTP.CD,2012,31963404255.3191
Bahrain,BHR,NY.GDP.MKTP.CD,2013,33823324468.0851
Bahrain,BHR,NY.GDP.MKTP.CD,2014,34772526595.7447
Bahrain,BHR,NY.GDP.MKTP.CD,2015,32523297872.3404
Bahrain,BHR,NY.GDP.MKTP.CD,2016,33884680851.0638
Bahrain,BHR,NY.GDP.MKTP.CD,2017,37204813829.7872
Bahrain,BHR,NY.GDP.MKTP.CD,2018,39567978723.4043
Bahrain,BHR,NY.GDP.MKTP.CD,2019,40446808510.6383
Bahrain,BHR,NY.GDP.MKTP.CD,2020,35837632978.7234
Bahrain,BHR,NY.GDP.MKTP.CD,2021,40840212765.9574
Bahrain,BHR,NY.GDP.MKTP.CD,2022,46458191489.3617
Bahrain,BHR,NY.GDP.MKTP.CD,2023,46192260638.2979
Bahrain,BHR,NY.GDP.MKTP.CD,2024,47210732712.766
Bahrain,BHR,NY.GDP.MKTP.CD,2025,48965725531.9149
"Bahamas, The",BHS,NY.GDP.MKTP.CD,1960,169736027.157764
"Bahamas, The",BHS,NY.GDP.MKTP.CD,1961,190022030.403525
"Bahamas, The",BHS,NY.GDP.MKTP.CD,1962,212170033.947205
"Bahamas, The",BHS,NY.GDP.MKTP.CD,1963,237650038.024006
"Bahamas, The",BHS,NY.GDP.MKTP.CD,1964,266560042.649607
"Bahamas, The",BHS,NY.GDP.MKTP.CD,1965,300272048.043528
"Bahamas, The",BHS,NY.GDP.MKTP.CD,1966,346800000.0
"Bahamas, The",BHS,NY.GDP.MKTP.CD,1967,398000000.0
"Bahamas, The",BHS,NY.GDP.MKTP.CD,1968,453800000.0
"Bahamas, The",BHS,NY.GDP.MKTP.CD,1969,538700000.0
"Bahamas, The",BHS,NY.GDP.MKTP.CD,1970,539500000.0
"Bahamas, The",BHS,NY.GDP.MKTP.CD,1971,573400000.0
"Bahamas, The",BHS,NY.GDP.MKTP.CD,1972,590900000.0
"Bahamas, The",BHS,NY.GDP.MKTP.CD,1973,670900000.0
"Bahamas, The",BHS,NY.GDP.MKTP.CD,1974,632400000.0
"Bahamas, The",BHS,NY.GDP.MKTP.CD,1975,596200000.0
"Bahamas, The",BHS,NY.GDP.MKTP.CD,1976,642100000.0
"Bahamas, The",BHS,NY.GDP.MKTP.CD,1977,713000000.0
"Bahamas, The",BHS,NY.GDP.MKTP.CD,1978,832400000.0
"Bahamas, The",BHS,NY.GDP.MKTP.CD,1979,1139800100.0
"Bahamas, The",BHS,NY.GDP.MKTP.CD,1980,1335300000.0
"Bahamas, The",BHS,NY.GDP.MKTP.CD,1981,1426500000.0
"Bahamas, The",BHS,NY.GDP.MKTP.CD,1982,1578300000.0
"Bahamas, The",BHS,NY.GDP.MKTP.CD,1983,1732800000.0
"Bahamas, The",BHS,NY.GDP.MKTP.CD,1984,2041100000.0
"Bahamas, The",BHS,NY.GDP.MKTP.CD,1985,2320699900.0
"Bahamas, The",BHS,NY.GDP.MKTP.CD,1986,2472500000.0
"Bahamas, The",BHS,NY.GDP.MKTP.CD,1987,2713999900.0
"Bahamas, The",BHS,NY.GDP.MKTP.CD,1988,2817900000.0
"Bahamas, The",BHS,NY.GDP.MKTP.CD,1989,3062000000.0
"Bahamas, The",BHS,NY.GDP.MKTP.CD,1990,3166000000.0
"Bahamas, The",BHS,NY.GDP.MKTP.CD,1991,3111160000.0
"Bahamas, The",BHS,NY.GDP.MKTP.CD,1992,3109000000.0
"Bahamas, The",BHS,NY.GDP.MKTP.CD,1993,3092000000.0
"Bahamas, The",BHS,NY.GDP.MKTP.CD,1994,3259000000.0
"Bahamas, The",BHS,NY.GDP.MKTP.CD,1995,3429000000.0
"Bahamas, The",BHS,NY.GDP.MKTP.CD,1996,3609000000.0
"Bahamas, The",BHS,NY.GDP.MKTP.CD,1997,6332360000.0
"Bahamas, The",BHS,NY.GDP.MKTP.CD,1998,6833220000.0
"Bahamas, The",BHS,NY.GDP.MKTP.CD,1999,7683870000.0
"Bahamas, The",BHS,NY.GDP.MKTP.CD,2000,8076470000.0
"Bahamas, The",BHS,NY.GDP.MKTP.CD,2001,8317830000.0
"Bahamas, The",BHS,NY.GDP.MKTP.CD,2002,8881160000.0
"Bahamas, The",BHS,NY.GDP.MKTP.CD,2003,8870090000.0
"Bahamas, The",BHS,NY.GDP.MKTP.CD,2004,9055290000.0
"Bahamas, The",BHS,NY.GDP.MKTP.CD,2005,9836200000.0
"Bahamas, The",BHS,NY.GDP.MKTP.CD,2006,10167250000.0
"Bahamas, The",BHS,NY.GDP.MKTP.CD,2007,10618340000.0
"Bahamas, The",BHS,NY.GDP.MKTP.CD,2008,10526000000.0
"Bahamas, The",BHS,NY.GDP.MKTP.CD,2009,9981960000.0
"Bahamas, The",BHS,NY.GDP.MKTP.CD,2010,10095760000.0
"Bahamas, The",BHS,NY.GDP.MKTP.CD,2011,10070450000.0
"Bahamas, The",BHS,NY.GDP.MKTP.CD,2012,10720400000.0
"Bahamas, The",BHS,NY.GDP.MKTP.CD,2013,10475300000.0
"Bahamas, The",BHS,NY.GDP.MKTP.CD,2014,11139100000.0
"Bahamas, The",BHS,NY.GDP.MKTP.CD,2015,11837600000.0
"Bahamas, The",BHS,NY.GDP.MKTP.CD,2016,11880900000.0
"Bahamas, The",BHS,NY.GDP.MKTP.CD,2017,12446900000.0
"Bahamas, The",BHS,NY.GDP.MKTP.CD,2018,12819200000.0
"Bahamas, The",BHS,NY.GDP.MKTP.CD,2019,13277000000.0
"Bahamas, The",BHS,NY.GDP.MKTP.CD,2020,10363200000.0
"Bahamas, The",BHS,NY.GDP.MKTP.CD,2021,12037000000.0
"Bahamas, The",BHS,NY.GDP.MKTP.CD,2022,13896800000.0
"Bahamas, The",BHS,NY.GDP.MKTP.CD,2023,15271300000.0
"Bahamas, The",BHS,NY.GDP.MKTP.CD,2024,15832800000.0
Bosnia and Herzegovina,BIH,NY.GDP.MKTP.CD,1990,7753478260.86957
Bosnia and Herzegovina,BIH,NY.GDP.MKTP.CD,1991,6122959183.67347
Bosnia and Herzegovina,BIH,NY.GDP.MKTP.CD,1992,4735044707.23969
Bosnia and Herzegovina,BIH,NY.GDP.MKTP.CD,1993,3630668949.83246
Bosnia and Herzegovina,BIH,NY.GDP.MKTP.CD,1994,1255802469.1358
Bosnia and Herzegovina,BIH,NY.GDP.MKTP.CD,1995,1866572953.73665
Bosnia and Herzegovina,BIH,NY.GDP.MKTP.CD,1996,2786045321.63743
Bosnia and Herzegovina,BIH,NY.GDP.MKTP.CD,1997,3671909673.04401
Bosnia and Herzegovina,BIH,NY.GDP.MKTP.CD,1998,4116774300.60671
Bosnia and Herzegovina,BIH,NY.GDP.MKTP.CD,1999,4686256363.04707
Bosnia and Herzegovina,BIH,NY.GDP.MKTP.CD,2000,5567772768.81188
Bosnia and Herzegovina,BIH,NY.GDP.MKTP.CD,2001,5800615374.76094
Bosnia and Herzegovina,BIH,NY.GDP.MKTP.CD,2002,6728220982.88398
Bosnia and Herzegovina,BIH,NY.GDP.MKTP.CD,2003,8498894359.38629
Bosnia and Herzegovina,BIH,NY.GDP.MKTP.CD,2004,10156541220.9704
Bosnia and Herzegovina,BIH,NY.GDP.MKTP.CD,2005,11222796336.5426
Bosnia and Herzegovina,BIH,NY.GDP.MKTP.CD,2006,12864841905.9543
Bosnia and Herzegovina,BIH,NY.GDP.MKTP.CD,2007,15778734264.3787
Bosnia and Herzegovina,BIH,NY.GDP.MKTP.CD,2008,19112796623.1175
Bosnia and Herzegovina,BIH,NY.GDP.MKTP.CD,2009,17613949091.2294
Bosnia and Herzegovina,BIH,NY.GDP.MKTP.CD,2010,17176315803.7298
Bosnia and Herzegovina,BIH,NY.GDP.MKTP.CD,2011,18644233537.1093
Bosnia and Herzegovina,BIH,NY.GDP.MKTP.CD,2012,17226735995.6905
Bosnia and Herzegovina,BIH,NY.GDP.MKTP.CD,2013,18179109209.3892
Bosnia and Herzegovina,BIH,NY.GDP.MKTP.CD,2014,18558734107.1478
Bosnia and Herzegovina,BIH,NY.GDP.MKTP.CD,2015,16404348361.0926
Bosnia and Herzegovina,BIH,NY.GDP.MKTP.CD,2016,17116926553.8513
Bosnia and Herzegovina,BIH,NY.GDP.MKTP.CD,2017,18326373135.6099
Bosnia and Herzegovina,BIH,NY.GDP.MKTP.CD,2018,20484058033.1144
Bosnia and Herzegovina,BIH,NY.GDP.MKTP.CD,2019,20482608984.3316
Bosnia and Herzegovina,BIH,NY.GDP.MKTP.CD,2020,20226038369.9191
Bosnia and Herzegovina,BIH,NY.GDP.MKTP.CD,2021,23672712121.2671
Bosnia and Herzegovina,BIH,NY.GDP.MKTP.CD,2022,24534663636.1778
Bosnia and Herzegovina,BIH,NY.GDP.MKTP.CD,2023,27592361498.4057
Bosnia and Herzegovina,BIH,NY.GDP.MKTP.CD,2024,29737363103.0492
Bosnia and Herzegovina,BIH,NY.GDP.MKTP.CD,2025,32599982936.3931
Belarus,BLR,NY.GDP.MKTP.CD,1990,17389558232.9317
Belarus,BLR,NY.GDP.MKTP.CD,1991,18404907975.4601
Belarus,BLR,NY.GDP.MKTP.CD,1992,16939790093.9054
Belarus,BLR,NY.GDP.MKTP.CD,1993,16275073526.9819
Belarus,BLR,NY.GDP.MKTP.CD,1994,14931435232.078
Belarus,BLR,NY.GDP.MKTP.CD,1995,13972683273.5692
Belarus,BLR,NY.GDP.MKTP.CD,1996,14500437519.8258
Belarus,BLR,NY.GDP.MKTP.CD,1997,14128408565.7064
Belarus,BLR,NY.GDP.MKTP.CD,1998,15222012660.4232
Belarus,BLR,NY.GDP.MKTP.CD,1999,12138486532.0203
Belarus,BLR,NY.GDP.MKTP.CD,2000,12736856827.9847
Belarus,BLR,NY.GDP.MKTP.CD,2001,12354820143.8849
Belarus,BLR,NY.GDP.MKTP.CD,2002,14594900944.7658
Belarus,BLR,NY.GDP.MKTP.CD,2003,17825444724.4878
Belarus,BLR,NY.GDP.MKTP.CD,2004,23141566292.9462
Belarus,BLR,NY.GDP.MKTP.CD,2005,30210091836.8294
Belarus,BLR,NY.GDP.MKTP.CD,2006,36961894281.3444
Belarus,BLR,NY.GDP.MKTP.CD,2007,45275711995.825
Belarus,BLR,NY.GDP.MKTP.CD,2008,60752106347.126
Belarus,BLR,NY.GDP.MKTP.CD,2009,50873167326.0414
Belarus,BLR,NY.GDP.MKTP.CD,2010,57231904542.8755
Belarus,BLR,NY.GDP.MKTP.CD,2011,61762382327.9319
Belarus,BLR,NY.GDP.MKTP.CD,2012,65685890438.8922
Belarus,BLR,NY.GDP.MKTP.CD,2013,75527558966.4473
Belarus,BLR,NY.GDP.MKTP.CD,2014,78813069120.9984
Belarus,BLR,NY.GDP.MKTP.CD,2015,56454769844.7632
Belarus,BLR,NY.GDP.MKTP.CD,2016,47723545321.259
Belarus,BLR,NY.GDP.MKTP.CD,2017,54725405751.1559
Belarus,BLR,NY.GDP.MKTP.CD,2018,60031026576.26
Belarus,BLR,NY.GDP.MKTP.CD,2019,64410170653.4569
Belarus,BLR,NY.GDP.MKTP.CD,2020,61371673344.7424
Belarus,BLR,NY.GDP.MKTP.CD,2021,69673747131.87
Belarus,BLR,NY.GDP.MKTP.CD,2022,73775179924.603
Belarus,BLR,NY.GDP.MKTP.CD,2023,72478760370.4258
Belarus,BLR,NY.GDP.MKTP.CD,2024,78591839299.7087
Belarus,BLR,NY.GDP.MKTP.CD,2025,93397215864.198
Belize,BLZ,NY.GDP.MKTP.CD,1960,28072478.0724781
Belize,BLZ,NY.GDP.MKTP.CD,1961,29964999.965
Belize,BLZ,NY.GDP.MKTP.CD,1962,31857591.8575919
Belize,BLZ,NY.GDP.MKTP.CD,1963,33750113.7501138
Belize,BLZ,NY.GDP.MKTP.CD,1964,36194586.1945862
Belize,BLZ,NY.GDP.MKTP.CD,1965,40110040.1100401
Belize,BLZ,NY.GDP.MKTP.CD,1966,44450044.4500445
Belize,BLZ,NY.GDP.MKTP.CD,1967,47431255.747674
Belize,BLZ,NY.GDP.MKTP.CD,1968,44999910.00018
Belize,BLZ,NY.GDP.MKTP.CD,1969,47399905.2001896
Belize,BLZ,NY.GDP.MKTP.CD,1970,53339893.3202134
Belize,BLZ,NY.GDP.MKTP.CD,1971,59074687.1961851
Belize,BLZ,NY.GDP.MKTP.CD,1972,65998069.3847631
Belize,BLZ,NY.GDP.MKTP.CD,1973,78214767.8301496
Belize,BLZ,NY.GDP.MKTP.CD,1974,103160450.445869
Belize,BLZ,NY.GDP.MKTP.CD,1975,118194026.251574
Belize,BLZ,NY.GDP.MKTP.CD,1976,97094227.2292471
Belize,BLZ,NY.GDP.MKTP.CD,1977,117650000.0
Belize,BLZ,NY.GDP.MKTP.CD,1978,136300000.0
Belize,BLZ,NY.GDP.MKTP.CD,1979,151800000.0
Belize,BLZ,NY.GDP.MKTP.CD,1980,257400000.0
Belize,BLZ,NY.GDP.MKTP.CD,1981,260750000.0
Belize,BLZ,NY.GDP.MKTP.CD,1982,248550000.0
Belize,BLZ,NY.GDP.MKTP.CD,1983,262150000.0
Belize,BLZ,NY.GDP.MKTP.CD,1984,290350000.0
Belize,BLZ,NY.GDP.MKTP.CD,1985,287300000.0
Belize,BLZ,NY.GDP.MKTP.CD,1986,311500000.0
Belize,BLZ,NY.GDP.MKTP.CD,1987,371100000.0
Belize,BLZ,NY.GDP.MKTP.CD,1988,421450000.0
Belize,BLZ,NY.GDP.MKTP.CD,1989,491100000.0
Belize,BLZ,NY.GDP.MKTP.CD,1990,546750912.28848
Belize,BLZ,NY.GDP.MKTP.CD,1991,596682100.0
Belize,BLZ,NY.GDP.MKTP.CD,1992,695741150.0
Belize,BLZ,NY.GDP.MKTP.CD,1993,752255150.0
Belize,BLZ,NY.GDP.MKTP.CD,1994,771838000.0
Belize,BLZ,NY.GDP.MKTP.CD,1995,818590250.0
Belize,BLZ,NY.GDP.MKTP.CD,1996,850339100.0
Belize,BLZ,NY.GDP.MKTP.CD,1997,872916050.0
Belize,BLZ,NY.GDP.MKTP.CD,1998,929047000.0
Belize,BLZ,NY.GDP.MKTP.CD,1999,999713050.0
Belize,BLZ,NY.GDP.MKTP.CD,2000,1138138100.0
Belize,BLZ,NY.GDP.MKTP.CD,2001,1172045150.0
Belize,BLZ,NY.GDP.MKTP.CD,2002,1243912050.0
Belize,BLZ,NY.GDP.MKTP.CD,2003,1308280250.0
Belize,BLZ,NY.GDP.MKTP.CD,2004,1400202000.0
Belize,BLZ,NY.GDP.MKTP.CD,2005,1474298400.0
Belize,BLZ,NY.GDP.MKTP.CD,2006,1590463100.0
Belize,BLZ,NY.GDP.MKTP.CD,2007,1706190450.0
Belize,BLZ,NY.GDP.MKTP.CD,2008,1738453600.0
Belize,BLZ,NY.GDP.MKTP.CD,2009,1688012750.0
Belize,BLZ,NY.GDP.MKTP.CD,2010,1748988400.0
Belize,BLZ,NY.GDP.MKTP.CD,2011,1831576700.0
Belize,BLZ,NY.GDP.MKTP.CD,2012,1917083500.0
Belize,BLZ,NY.GDP.MKTP.CD,2013,2035191450.0
Belize,BLZ,NY.GDP.MKTP.CD,2014,2138242200.0
Belize,BLZ,NY.GDP.MKTP.CD,2015,2193095150.0
Belize,BLZ,NY.GDP.MKTP.CD,2016,2239604950.0
Belize,BLZ,NY.GDP.MKTP.CD,2017,2266028250.0
Belize,BLZ,NY.GDP.MKTP.CD,2018,2285915050.0
Belize,BLZ,NY.GDP.MKTP.CD,2019,2381187850.0
Belize,BLZ,NY.GDP.MKTP.CD,2020,2047284600.0
Belize,BLZ,NY.GDP.MKTP.CD,2021,2428606250.0
Belize,BLZ,NY.GDP.MKTP.CD,2022,2846604350.0
Belize,BLZ,NY.GDP.MKTP.CD,2023,3052362650.0
Belize,BLZ,NY.GDP.MKTP.CD,2024,3203631800.0
Belize,BLZ,NY.GDP.MKTP.CD,2025,3326500000.0
Bermuda,BMU,NY.GDP.MKTP.CD,1960,72400000.0
Bermuda,BMU,NY.GDP.MKTP.CD,1961,76500000.0
Bermuda,BMU,NY.GDP.MKTP.CD,1962,80700000.0
Bermuda,BMU,NY.GDP.MKTP.CD,1963,82600000.0
Bermuda,BMU,NY.GDP.MKTP.CD,1964,92200000.0
Bermuda,BMU,NY.GDP.MKTP.CD,1965,98000000.0
Bermuda,BMU,NY.GDP.MKTP.CD,1966,115000000.0
Bermuda,BMU,NY.GDP.MKTP.CD,1967,134800000.0
Bermuda,BMU,NY.GDP.MKTP.CD,1968,150000000.0
Bermuda,BMU,NY.GDP.MKTP.CD,1969,164900000.0
Bermuda,BMU,NY.GDP.MKTP.CD,1970,186300000.0
Bermuda,BMU,NY.GDP.MKTP.CD,1971,211100000.0
Bermuda,BMU,NY.GDP.MKTP.CD,1972,235400000.0
Bermuda,BMU,NY.GDP.MKTP.CD,1973,269500000.0
Bermuda,BMU,NY.GDP.MKTP.CD,1974,312600000.0
Bermuda,BMU,NY.GDP.MKTP.CD,1975,345000000.0
Bermuda,BMU,NY.GDP.MKTP.CD,1976,386300000.0
Bermuda,BMU,NY.GDP.MKTP.CD,1977,447000000.0
Bermuda,BMU,NY.GDP.MKTP.CD,1978,475800000.0
Bermuda,BMU,NY.GDP.MKTP.CD,1979,517200000.0
Bermuda,BMU,NY.GDP.MKTP.CD,1980,613299968.0
Bermuda,BMU,NY.GDP.MKTP.CD,1981,739100032.0
Bermuda,BMU,NY.GDP.MKTP.CD,1982,785500032.0
Bermuda,BMU,NY.GDP.MKTP.CD,1983,889400000.0
Bermuda,BMU,NY.GDP.MKTP.CD,1984,985699968.0
Bermuda,BMU,NY.GDP.MKTP.CD,1985,1039500032.0
Bermuda,BMU,NY.GDP.MKTP.CD,1986,1173500032.0
Bermuda,BMU,NY.GDP.MKTP.CD,1987,1296499968.0
Bermuda,BMU,NY.GDP.MKTP.CD,1988,1415100032.0
Bermuda,BMU,NY.GDP.MKTP.CD,1989,1501500032.0
Bermuda,BMU,NY.GDP.MKTP.CD,1990,1592400000.0
Bermuda,BMU,NY.GDP.MKTP.CD,1991,1634900000.0
Bermuda,BMU,NY.GDP.MKTP.CD,1992,1679900000.0
Bermuda,BMU,NY.GDP.MKTP.CD,1993,1820359900.0
Bermuda,BMU,NY.GDP.MKTP.CD,1994,1867160100.0
Bermuda,BMU,NY.GDP.MKTP.CD,1995,2030750000.0
Bermuda,BMU,NY.GDP.MKTP.CD,1996,2695390000.0
Bermuda,BMU,NY.GDP.MKTP.CD,1997,2932827000.0
Bermuda,BMU,NY.GDP.MKTP.CD,1998,3130748000.0
Bermuda,BMU,NY.GDP.MKTP.CD,1999,3324433000.0
Bermuda,BMU,NY.GDP.MKTP.CD,2000,3480219000.0
Bermuda,BMU,NY.GDP.MKTP.CD,2001,3680483000.0
Bermuda,BMU,NY.GDP.MKTP.CD,2002,3937228000.0
Bermuda,BMU,NY.GDP.MKTP.CD,2003,4186525000.0
Bermuda,BMU,NY.GDP.MKTP.CD,2004,4484703000.0
Bermuda,BMU,NY.GDP.MKTP.CD,2005,4868136000.0
Bermuda,BMU,NY.GDP.MKTP.CD,2006,6144000000.0
Bermuda,BMU,NY.GDP.MKTP.CD,2007,6767000000.0
Bermuda,BMU,NY.GDP.MKTP.CD,2008,6980000000.0
Bermuda,BMU,NY.GDP.MKTP.CD,2009,6656000000.0
Bermuda,BMU,NY.GDP.MKTP.CD,2010,6634526000.0
Bermuda,BMU,NY.GDP.MKTP.CD,2011,6312691000.0
Bermuda,BMU,NY.GDP.MKTP.CD,2012,6378188000.0
Bermuda,BMU,NY.GDP.MKTP.CD,2013,6465756000.0
Bermuda,BMU,NY.GDP.MKTP.CD,2014,6413988000.0
Bermuda,BMU,NY.GDP.MKTP.CD,2015,6654541000.0
Bermuda,BMU,NY.GDP.MKTP.CD,2016,6899911000.0
Bermuda,BMU,NY.GDP.MKTP.CD,2017,7142316000.0
Bermuda,BMU,NY.GDP.MKTP.CD,2018,7225977000.0
Bermuda,BMU,NY.GDP.MKTP.CD,2019,7423465000.0
Bermuda,BMU,NY.GDP.MKTP.CD,2020,6887364000.0
Bermuda,BMU,NY.GDP.MKTP.CD,2021,7290037000.0
Bermuda,BMU,NY.GDP.MKTP.CD,2022,7767884000.0
Bermuda,BMU,NY.GDP.MKTP.CD,2023,8602360000.0
Bermuda,BMU,NY.GDP.MKTP.CD,2024,9194499000.0
Bolivia,BOL,NY.GDP.MKTP.CD,1960,377020202.020202
Bolivia,BOL,NY.GDP.MKTP.CD,1961,410101010.10101
Bolivia,BOL,NY.GDP.MKTP.CD,1962,448400673.400673
Bolivia,BOL,NY.GDP.MKTP.CD,1963,482828282.828283
Bolivia,BOL,NY.GDP.MKTP.CD,1964,544023569.023569
Bolivia,BOL,NY.GDP.MKTP.CD,1965,604377104.377104
Bolivia,BOL,NY.GDP.MKTP.CD,1966,669191919.191919
Bolivia,BOL,NY.GDP.MKTP.CD,1967,755808080.808081
Bolivia,BOL,NY.GDP.MKTP.CD,1968,857912457.912458
Bolivia,BOL,NY.GDP.MKTP.CD,1969,929629629.62963
Bolivia,BOL,NY.GDP.MKTP.CD,1970,1017003367.00337
Bolivia,BOL,NY.GDP.MKTP.CD,1971,1095622895.6229
Bolivia,BOL,NY.GDP.MKTP.CD,1972,1257615644.97932
Bolivia,BOL,NY.GDP.MKTP.CD,1973,1262968515.74213
Bolivia,BOL,NY.GDP.MKTP.CD,1974,2100249875.06247
Bolivia,BOL,NY.GDP.MKTP.CD,1975,2404697651.17441
Bolivia,BOL,NY.GDP.MKTP.CD,1976,2731984007.996
Bolivia,BOL,NY.GDP.MKTP.CD,1977,3227436281.85907
Bolivia,BOL,NY.GDP.MKTP.CD,1978,3758220889.55522
Bolivia,BOL,NY.GDP.MKTP.CD,1979,4421336382.94397
Bolivia,BOL,NY.GDP.MKTP.CD,1980,4537479608.48287
Bolivia,BOL,NY.GDP.MKTP.CD,1981,5891598694.9429
Bolivia,BOL,NY.GDP.MKTP.CD,1982,5594126368.90981
Bolivia,BOL,NY.GDP.MKTP.CD,1983,5422656823.38212
Bolivia,BOL,NY.GDP.MKTP.CD,1984,6169483225.35915
Bolivia,BOL,NY.GDP.MKTP.CD,1985,5377276554.93016
Bolivia,BOL,NY.GDP.MKTP.CD,1986,3959382833.13461
Bolivia,BOL,NY.GDP.MKTP.CD,1987,4347956337.93221
Bolivia,BOL,NY.GDP.MKTP.CD,1988,4597612362.2748
Bolivia,BOL,NY.GDP.MKTP.CD,1989,4715973437.43673
Bolivia,BOL,NY.GDP.MKTP.CD,1990,4867582597.51312
Bolivia,BOL,NY.GDP.MKTP.CD,1991,5343262457.10226
Bolivia,BOL,NY.GDP.MKTP.CD,1992,5643868748.68126
Bolivia,BOL,NY.GDP.MKTP.CD,1993,5734699488.84934
Bolivia,BOL,NY.GDP.MKTP.CD,1994,5981222858.82727
Bolivia,BOL,NY.GDP.MKTP.CD,1995,6715161732.22658
Bolivia,BOL,NY.GDP.MKTP.CD,1996,7396949126.35685
Bolivia,BOL,NY.GDP.MKTP.CD,1997,7925736821.45034
Bolivia,BOL,NY.GDP.MKTP.CD,1998,8497494652.12546
Bolivia,BOL,NY.GDP.MKTP.CD,1999,8285064434.56826
Bolivia,BOL,NY.GDP.MKTP.CD,2000,8397855484.76908
Bolivia,BOL,NY.GDP.MKTP.CD,2001,8141516928.39489
Bolivia,BOL,NY.GDP.MKTP.CD,2002,7905485146.44351
Bolivia,BOL,NY.GDP.MKTP.CD,2003,8082399639.54305
Bolivia,BOL,NY.GDP.MKTP.CD,2004,8773451751.5121
Bolivia,BOL,NY.GDP.MKTP.CD,2005,9549122905.32852
Bolivia,BOL,NY.GDP.MKTP.CD,2006,11451844902.2214
Bolivia,BOL,NY.GDP.MKTP.CD,2007,13120108008.3477
Bolivia,BOL,NY.GDP.MKTP.CD,2008,16674276285.8956
Bolivia,BOL,NY.GDP.MKTP.CD,2009,17339992193.7322
Bolivia,BOL,NY.GDP.MKTP.CD,2010,19649723722.1034
Bolivia,BOL,NY.GDP.MKTP.CD,2011,23963164696.592
Bolivia,BOL,NY.GDP.MKTP.CD,2012,27084497481.9103
Bolivia,BOL,NY.GDP.MKTP.CD,2013,30659338885.6729
Bolivia,BOL,NY.GDP.MKTP.CD,2014,32996188017.3661
Bolivia,BOL,NY.GDP.MKTP.CD,2015,33000198248.9146
Bolivia,BOL,NY.GDP.MKTP.CD,2016,33941126193.9219
Bolivia,BOL,NY.GDP.MKTP.CD,2017,45927439594.7902
Bolivia,BOL,NY.GDP.MKTP.CD,2018,48414038842.2576
Bolivia,BOL,NY.GDP.MKTP.CD,2019,49056643589.0014
Bolivia,BOL,NY.GDP.MKTP.CD,2020,42313784081.042
Bolivia,BOL,NY.GDP.MKTP.CD,2021,47877892402.3155
Bolivia,BOL,NY.GDP.MKTP.CD,2022,50959081953.6903
Bolivia,BOL,NY.GDP.MKTP.CD,2023,52340206946.4544
Bolivia,BOL,NY.GDP.MKTP.CD,2024,54881327452.9667
Bolivia,BOL,NY.GDP.MKTP.CD,2025,64768947525.3256
Brazil,BRA,NY.GDP.MKTP.CD,1960,17030465539.3906
Brazil,BRA,NY.GDP.MKTP.CD,1961,17275940449.3837
Brazil,BRA,NY.GDP.MKTP.CD,1962,19231747851.5332
Brazil,BRA,NY.GDP.MKTP.CD,1963,23287712878.2002
Brazil,BRA,NY.GDP.MKTP.CD,1964,20963733694.9749
Brazil,BRA,NY.GDP.MKTP.CD,1965,22465522884.0988
Brazil,BRA,NY.GDP.MKTP.CD,1966,28283323733.1114
Brazil,BRA,NY.GDP.MKTP.CD,1967,31086389194.961
Brazil,BRA,NY.GDP.MKTP.CD,1968,33930457425.2613
Brazil,BRA,NY.GDP.MKTP.CD,1969,37171640818.5863
Brazil,BRA,NY.GDP.MKTP.CD,1970,42327664793.6934
Brazil,BRA,NY.GDP.MKTP.CD,1971,48869830901.7878
Brazil,BRA,NY.GDP.MKTP.CD,1972,58434858374.8696
Brazil,BRA,NY.GDP.MKTP.CD,1973,83592275862.9982
Brazil,BRA,NY.GDP.MKTP.CD,1974,109794519727.538
Brazil,BRA,NY.GDP.MKTP.CD,1975,129203555238.827
Brazil,BRA,NY.GDP.MKTP.CD,1976,153168949208.207
Brazil,BRA,NY.GDP.MKTP.CD,1977,176344101401.941
Brazil,BRA,NY.GDP.MKTP.CD,1978,200278646123.581
Brazil,BRA,NY.GDP.MKTP.CD,1979,221338204480.222
Brazil,BRA,NY.GDP.MKTP.CD,1980,237393489892.637
Brazil,BRA,NY.GDP.MKTP.CD,1981,258015174748.648
Brazil,BRA,NY.GDP.MKTP.CD,1982,271314113768.417
Brazil,BRA,NY.GDP.MKTP.CD,1983,189656506321.431
Brazil,BRA,NY.GDP.MKTP.CD,1984,188339974086.58
Brazil,BRA,NY.GDP.MKTP.CD,1985,210879844638.877
Brazil,BRA,NY.GDP.MKTP.CD,1986,256480852471.129
Brazil,BRA,NY.GDP.MKTP.CD,1987,283056836893.838
Brazil,BRA,NY.GDP.MKTP.CD,1988,307881930752.268
Brazil,BRA,NY.GDP.MKTP.CD,1989,412990820287.42
Brazil,BRA,NY.GDP.MKTP.CD,1990,384959818181.817
Brazil,BRA,NY.GDP.MKTP.CD,1991,342534090909.091
Brazil,BRA,NY.GDP.MKTP.CD,1992,328191909882.232
Brazil,BRA,NY.GDP.MKTP.CD,1993,368292034380.96
Brazil,BRA,NY.GDP.MKTP.CD,1994,525369467295.737
Brazil,BRA,NY.GDP.MKTP.CD,1995,769333050986.905
Brazil,BRA,NY.GDP.MKTP.CD,1996,850426432991.742
Brazil,BRA,NY.GDP.MKTP.CD,1997,883206179730.462
Brazil,BRA,NY.GDP.MKTP.CD,1998,863710759256.435
Brazil,BRA,NY.GDP.MKTP.CD,1999,599642024319.531
Brazil,BRA,NY.GDP.MKTP.CD,2000,655448231983.527
Brazil,BRA,NY.GDP.MKTP.CD,2001,559983634798.981
Brazil,BRA,NY.GDP.MKTP.CD,2002,509795273806.715
Brazil,BRA,NY.GDP.MKTP.CD,2003,558233745651.874
Brazil,BRA,NY.GDP.MKTP.CD,2004,669289424806.307
Brazil,BRA,NY.GDP.MKTP.CD,2005,891633839894.183
Brazil,BRA,NY.GDP.MKTP.CD,2006,1107626541434.92
Brazil,BRA,NY.GDP.MKTP.CD,2007,1397114486368.67
Brazil,BRA,NY.GDP.MKTP.CD,2008,1695855083497.52
Brazil,BRA,NY.GDP.MKTP.CD,2009,1666996438581.43
Brazil,BRA,NY.GDP.MKTP.CD,2010,2208837745100.55
Brazil,BRA,NY.GDP.MKTP.CD,2011,2616156223917.69
Brazil,BRA,NY.GDP.MKTP.CD,2012,2465227802806.76
Brazil,BRA,NY.GDP.MKTP.CD,2013,2472819535557.21
Brazil,BRA,NY.GDP.MKTP.CD,2014,2456043727198.85
Brazil,BRA,NY.GDP.MKTP.CD,2015,1802212206814.5
Brazil,BRA,NY.GDP.MKTP.CD,2016,1795693482853.01
Brazil,BRA,NY.GDP.MKTP.CD,2017,2063514977365.65
Brazil,BRA,NY.GDP.MKTP.CD,2018,1916933898010.99
Brazil,BRA,NY.GDP.MKTP.CD,2019,1873288205059.69
Brazil,BRA,NY.GDP.MKTP.CD,2020,1476107231310.49
Brazil,BRA,NY.GDP.MKTP.CD,2021,1670647398904.9
Brazil,BRA,NY.GDP.MKTP.CD,2022,1951923942083.32
Brazil,BRA,NY.GDP.MKTP.CD,2023,2191131765684.63
Brazil,BRA,NY.GDP.MKTP.CD,2024,2185821610689.31
Brazil,BRA,NY.GDP.MKTP.CD,2025,2279920092492.13
Barbados,BRB,NY.GDP.MKTP.CD,1960,80021846.9453826
Barbados,BRB,NY.GDP.MKTP.CD,1961,85363759.3406016
Barbados,BRB,NY.GDP.MKTP.CD,1962,88782583.460208
Barbados,BRB,NY.GDP.MKTP.CD,1963,99893761.2655968
Barbados,BRB,NY.GDP.MKTP.CD,1964,99252731.4515047
Barbados,BRB,NY.GDP.MKTP.CD,1965,105021996.861675
Barbados,BRB,NY.GDP.MKTP.CD,1966,113195122.762193
Barbados,BRB,NY.GDP.MKTP.CD,1967,125554008.718721
Barbados,BRB,NY.GDP.MKTP.CD,1968,125733668.5
Barbados,BRB,NY.GDP.MKTP.CD,1969,141393142.0
Barbados,BRB,NY.GDP.MKTP.CD,1970,166210203.0
Barbados,BRB,NY.GDP.MKTP.CD,1971,186826503.031076
Barbados,BRB,NY.GDP.MKTP.CD,1972,213725216.665339
Barbados,BRB,NY.GDP.MKTP.CD,1973,260767827.621284
Barbados,BRB,NY.GDP.MKTP.CD,1974,311804629.873599
Barbados,BRB,NY.GDP.MKTP.CD,1975,402178605.019554
Barbados,BRB,NY.GDP.MKTP.CD,1976,435911268.58968
Barbados,BRB,NY.GDP.MKTP.CD,1977,495097667.929041
Barbados,BRB,NY.GDP.MKTP.CD,1978,552883707.055138
Barbados,BRB,NY.GDP.MKTP.CD,1979,670362452.145379
Barbados,BRB,NY.GDP.MKTP.CD,1980,1012280614.52792
Barbados,BRB,NY.GDP.MKTP.CD,1981,1114204743.20091
Barbados,BRB,NY.GDP.MKTP.CD,1982,1163923830.35847
Barbados,BRB,NY.GDP.MKTP.CD,1983,1236016506.73694
Barbados,BRB,NY.GDP.MKTP.CD,1984,1346890071.09829
Barbados,BRB,NY.GDP.MKTP.CD,1985,1409536120.91682
Barbados,BRB,NY.GDP.MKTP.CD,1986,1547755183.21484
Barbados,BRB,NY.GDP.MKTP.CD,1987,1704370307.76115
Barbados,BRB,NY.GDP.MKTP.CD,1988,1812757917.76463
Barbados,BRB,NY.GDP.MKTP.CD,1989,2006165166.80754
Barbados,BRB,NY.GDP.MKTP.CD,1990,2012131457.26644
Barbados,BRB,NY.GDP.MKTP.CD,1991,2020583702.08323
Barbados,BRB,NY.GDP.MKTP.CD,1992,1957000000.0
Barbados,BRB,NY.GDP.MKTP.CD,1993,2063342117.03873
Barbados,BRB,NY.GDP.MKTP.CD,1994,2151344901.30761
Barbados,BRB,NY.GDP.MKTP.CD,1995,2216974096.35559
Barbados,BRB,NY.GDP.MKTP.CD,1996,2363645403.47039
Barbados,BRB,NY.GDP.MKTP.CD,1997,2498384129.66738
Barbados,BRB,NY.GDP.MKTP.CD,1998,2817083478.34734
Barbados,BRB,NY.GDP.MKTP.CD,1999,2951822204.54432
Barbados,BRB,NY.GDP.MKTP.CD,2000,3059500000.0
Barbados,BRB,NY.GDP.MKTP.CD,2001,3054500000.0
Barbados,BRB,NY.GDP.MKTP.CD,2002,3106500000.0
Barbados,BRB,NY.GDP.MKTP.CD,2003,3209500000.0
Barbados,BRB,NY.GDP.MKTP.CD,2004,3444500000.0
Barbados,BRB,NY.GDP.MKTP.CD,2005,3819500000.0
Barbados,BRB,NY.GDP.MKTP.CD,2006,4217323400.0
Barbados,BRB,NY.GDP.MKTP.CD,2007,4675767950.0
Barbados,BRB,NY.GDP.MKTP.CD,2008,4790410400.0
Barbados,BRB,NY.GDP.MKTP.CD,2009,4466809600.0
Barbados,BRB,NY.GDP.MKTP.CD,2010,5428683250.0
Barbados,BRB,NY.GDP.MKTP.CD,2011,5563162050.0
Barbados,BRB,NY.GDP.MKTP.CD,2012,5486500500.0
Barbados,BRB,NY.GDP.MKTP.CD,2013,5660059700.0
Barbados,BRB,NY.GDP.MKTP.CD,2014,5684901000.0
Barbados,BRB,NY.GDP.MKTP.CD,2015,5699619150.0
Barbados,BRB,NY.GDP.MKTP.CD,2016,5679029450.0
Barbados,BRB,NY.GDP.MKTP.CD,2017,5847381600.0
Barbados,BRB,NY.GDP.MKTP.CD,2018,6001101550.0
Barbados,BRB,NY.GDP.MKTP.CD,2019,6166710800.0
Barbados,BRB,NY.GDP.MKTP.CD,2020,5403246950.0
Barbados,BRB,NY.GDP.MKTP.CD,2021,5948900600.0
Barbados,BRB,NY.GDP.MKTP.CD,2022,6886644900.0
Barbados,BRB,NY.GDP.MKTP.CD,2023,7223248150.0
Barbados,BRB,NY.GDP.MKTP.CD,2024,7597571450.0
Barbados,BRB,NY.GDP.MKTP.CD,2025,8016550000.0
Brunei Darussalam,BRN,NY.GDP.MKTP.CD,1965,114039500.591268
Brunei Darussalam,BRN,NY.GDP.MKTP.CD,1966,132757528.044374
Brunei Darussalam,BRN,NY.GDP.MKTP.CD,1967,139029537.243321
Brunei Darussalam,BRN,NY.GDP.MKTP.CD,1968,160818235.866746
Brunei Darussalam,BRN,NY.GDP.MKTP.CD,1969,161210236.44168
Brunei Darussalam,BRN,NY.GDP.MKTP.CD,1970,179078929.315763
Brunei Darussalam,BRN,NY.GDP.MKTP.CD,1971,197525767.791735
Brunei Darussalam,BRN,NY.GDP.MKTP.CD,1972,270822782.026674
Brunei Darussalam,BRN,NY.GDP.MKTP.CD,1973,433095526.686136
Brunei Darussalam,BRN,NY.GDP.MKTP.CD,1974,2319576214.21329
Brunei Darussalam,BRN,NY.GDP.MKTP.CD,1975,2496420257.54042
Brunei Darussalam,BRN,NY.GDP.MKTP.CD,1976,3054765590.29214
Brunei Darussalam,BRN,NY.GDP.MKTP.CD,1977,3681242528.32494
Brunei Darussalam,BRN,NY.GDP.MKTP.CD,1978,4100423673.58759
Brunei Darussalam,BRN,NY.GDP.MKTP.CD,1979,6044367628.28515
Brunei Darussalam,BRN,NY.GDP.MKTP.CD,1980,10795432293.6119
Brunei Darussalam,BRN,NY.GDP.MKTP.CD,1981,9367218664.31094
Brunei Darussalam,BRN,NY.GDP.MKTP.CD,1982,8932198185.72876
Brunei Darussalam,BRN,NY.GDP.MKTP.CD,1983,7927590750.39502
Brunei Darussalam,BRN,NY.GDP.MKTP.CD,1984,7632788075.1621
Brunei Darussalam,BRN,NY.GDP.MKTP.CD,1985,6967623884.42343
Brunei Darussalam,BRN,NY.GDP.MKTP.CD,1986,4190280002.67381
Brunei Darussalam,BRN,NY.GDP.MKTP.CD,1987,4918010080.03047
Brunei Darussalam,BRN,NY.GDP.MKTP.CD,1988,4535130304.71096
Brunei Darussalam,BRN,NY.GDP.MKTP.CD,1989,4983622880.99938
Brunei Darussalam,BRN,NY.GDP.MKTP.CD,1990,6039881086.68157
Brunei Darussalam,BRN,NY.GDP.MKTP.CD,1991,6284497293.85546
Brunei Darussalam,BRN,NY.GDP.MKTP.CD,1992,6327966435.17026
Brunei Darussalam,BRN,NY.GDP.MKTP.CD,1993,6203339912.15448
Brunei Darussalam,BRN,NY.GDP.MKTP.CD,1994,6467782517.72242
Brunei Darussalam,BRN,NY.GDP.MKTP.CD,1995,7700144069.1419
Brunei Darussalam,BRN,NY.GDP.MKTP.CD,1996,7663377306.04996
Brunei Darussalam,BRN,NY.GDP.MKTP.CD,1997,7793034376.20807
Brunei Darussalam,BRN,NY.GDP.MKTP.CD,1998,5550846019.54348
Brunei Darussalam,BRN,NY.GDP.MKTP.CD,1999,6309070377.5966
Brunei Darussalam,BRN,NY.GDP.MKTP.CD,2000,6570999087.56742
Brunei Darussalam,BRN,NY.GDP.MKTP.CD,2001,6096155767.38145
Brunei Darussalam,BRN,NY.GDP.MKTP.CD,2002,6333082875.56937
Brunei Darussalam,BRN,NY.GDP.MKTP.CD,2003,7167725261.92713
Brunei Darussalam,BRN,NY.GDP.MKTP.CD,2004,8619178773.51458
Brunei Darussalam,BRN,NY.GDP.MKTP.CD,2005,10547202620.5286
Brunei Darussalam,BRN,NY.GDP.MKTP.CD,2006,12644616418.691
Brunei Darussalam,BRN,NY.GDP.MKTP.CD,2007,13432029484.4012
Brunei Darussalam,BRN,NY.GDP.MKTP.CD,2008,15926456515.0049
Brunei Darussalam,BRN,NY.GDP.MKTP.CD,2009,11912904509.8582
Brunei Darussalam,BRN,NY.GDP.MKTP.CD,2010,13707121038.4383
Brunei Darussalam,BRN,NY.GDP.MKTP.CD,2011,18524791062.657
Brunei Darussalam,BRN,NY.GDP.MKTP.CD,2012,19048443340.7732
Brunei Darussalam,BRN,NY.GDP.MKTP.CD,2013,18094148098.6536
Brunei Darussalam,BRN,NY.GDP.MKTP.CD,2014,17097797386.0336
Brunei Darussalam,BRN,NY.GDP.MKTP.CD,2015,12930296870.1247
Brunei Darussalam,BRN,NY.GDP.MKTP.CD,2016,11400266044.6651
Brunei Darussalam,BRN,NY.GDP.MKTP.CD,2017,12128168045.1245
Brunei Darussalam,BRN,NY.GDP.MKTP.CD,2018,13566908391.0895
Brunei Darussalam,BRN,NY.GDP.MKTP.CD,2019,13469235364.7032
Brunei Darussalam,BRN,NY.GDP.MKTP.CD,2020,12005799653.9835
Brunei Darussalam,BRN,NY.GDP.MKTP.CD,2021,14006496617.4458
Brunei Darussalam,BRN,NY.GDP.MKTP.CD,2022,16681536466.7183
Brunei Darussalam,BRN,NY.GDP.MKTP.CD,2023,15095084656.1634
Brunei Darussalam,BRN,NY.GDP.MKTP.CD,2024,15340808592.48
Brunei Darussalam,BRN,NY.GDP.MKTP.CD,2025,15031980994.1121
Bhutan,BTN,NY.GDP.MKTP.CD,1970,61812113.0666667
Bhutan,BTN,NY.GDP.MKTP.CD,1971,66289450.3252986
Bhutan,BTN,NY.GDP.MKTP.CD,1972,70139866.8083136
Bhutan,BTN,NY.GDP.MKTP.CD,1973,78900289.3165483
Bhutan,BTN,NY.GDP.MKTP.CD,1974,92901784.4986973
Bhutan,BTN,NY.GDP.MKTP.CD,1975,86820762.4931172
Bhutan,BTN,NY.GDP.MKTP.CD,1976,88461262.7788474
Bhutan,BTN,NY.GDP.MKTP.CD,1977,97884433.8024868
Bhutan,BTN,NY.GDP.MKTP.CD,1978,94086227.6084972
Bhutan,BTN,NY.GDP.MKTP.CD,1979,105377995.200713
Bhutan,BTN,NY.GDP.MKTP.CD,1980,128669200.916451
Bhutan,BTN,NY.GDP.MKTP.CD,1981,139174178.090189
Bhutan,BTN,NY.GDP.MKTP.CD,1982,141439317.399271
Bhutan,BTN,NY.GDP.MKTP.CD,1983,156704289.913612
Bhutan,BTN,NY.GDP.MKTP.CD,1984,160423493.936194
Bhutan,BTN,NY.GDP.MKTP.CD,1985,163288815.361294
Bhutan,BTN,NY.GDP.MKTP.CD,1986,191218115.488485
Bhutan,BTN,NY.GDP.MKTP.CD,1987,242742766.346488
Bhutan,BTN,NY.GDP.MKTP.CD,1988,272298066.556045
Bhutan,BTN,NY.GDP.MKTP.CD,1989,264798626.174848
Bhutan,BTN,NY.GDP.MKTP.CD,1990,287765007.112863
Bhutan,BTN,NY.GDP.MKTP.CD,1991,240294286.015925
Bhutan,BTN,NY.GDP.MKTP.CD,1992,240233531.160464
Bhutan,BTN,NY.GDP.MKTP.CD,1993,225973692.8371
Bhutan,BTN,NY.GDP.MKTP.CD,1994,258954708.048533
Bhutan,BTN,NY.GDP.MKTP.CD,1995,290490983.815778
Bhutan,BTN,NY.GDP.MKTP.CD,1996,303408345.620078
Bhutan,BTN,NY.GDP.MKTP.CD,1997,352229076.707627
Bhutan,BTN,NY.GDP.MKTP.CD,1998,363458380.903342
Bhutan,BTN,NY.GDP.MKTP.CD,1999,399311199.50776
Bhutan,BTN,NY.GDP.MKTP.CD,2000,460733418.399276
Bhutan,BTN,NY.GDP.MKTP.CD,2001,496110225.710307
Bhutan,BTN,NY.GDP.MKTP.CD,2002,559345263.708309
Bhutan,BTN,NY.GDP.MKTP.CD,2003,651935430.314445
Bhutan,BTN,NY.GDP.MKTP.CD,2004,735348490.428435
Bhutan,BTN,NY.GDP.MKTP.CD,2005,860391000.221655
Bhutan,BTN,NY.GDP.MKTP.CD,2006,942879878.538879
Bhutan,BTN,NY.GDP.MKTP.CD,2007,1255767964.00491
Bhutan,BTN,NY.GDP.MKTP.CD,2008,1317517834.59916
Bhutan,BTN,NY.GDP.MKTP.CD,2009,1331343797.77308
Bhutan,BTN,NY.GDP.MKTP.CD,2010,1708880730.20989
Bhutan,BTN,NY.GDP.MKTP.CD,2011,1977728658.68259
Bhutan,BTN,NY.GDP.MKTP.CD,2012,1973387227.96519
Bhutan,BTN,NY.GDP.MKTP.CD,2013,1943696951.65411
Bhutan,BTN,NY.GDP.MKTP.CD,2014,2089079570.58285
Bhutan,BTN,NY.GDP.MKTP.CD,2015,2187815803.36833
Bhutan,BTN,NY.GDP.MKTP.CD,2016,2357504760.78592
Bhutan,BTN,NY.GDP.MKTP.CD,2017,2591358009.20276
Bhutan,BTN,NY.GDP.MKTP.CD,2018,2583335721.85904
Bhutan,BTN,NY.GDP.MKTP.CD,2019,2735683570.46155
Bhutan,BTN,NY.GDP.MKTP.CD,2020,2457604333.90927
Bhutan,BTN,NY.GDP.MKTP.CD,2021,2768802960.11204
Bhutan,BTN,NY.GDP.MKTP.CD,2022,2898227743.75576
Bhutan,BTN,NY.GDP.MKTP.CD,2023,3012896789.79753
Bhutan,BTN,NY.GDP.MKTP.CD,2024,3346603858.7495
Bhutan,BTN,NY.GDP.MKTP.CD,2025,3579320145.13077
Botswana,BWA,NY.GDP.MKTP.CD,1960,30411413.6552828
Botswana,BWA,NY.GDP.MKTP.CD,1961,32902612.8664855
Botswana,BWA,NY.GDP.MKTP.CD,1962,35644956.6430429
Botswana,BWA,NY.GDP.MKTP.CD,1963,38091842.8546863
Botswana,BWA,NY.GDP.MKTP.CD,1964,41616347.7906865
Botswana,BWA,NY.GDP.MKTP.CD,1965,45788696.3343915
Botswana,BWA,NY.GDP.MKTP.CD,1966,51465655.3921083
Botswana,BWA,NY.GDP.MKTP.CD,1967,58642354.089673
Botswana,BWA,NY.GDP.MKTP.CD,1968,66248441.4182466
Botswana,BWA,NY.GDP.MKTP.CD,1969,77361546.5067537
Botswana,BWA,NY.GDP.MKTP.CD,1970,96243233.6609837
Botswana,BWA,NY.GDP.MKTP.CD,1971,127448613.505061
Botswana,BWA,NY.GDP.MKTP.CD,1972,164460914.977201
Botswana,BWA,NY.GDP.MKTP.CD,1973,244124164.042218
Botswana,BWA,NY.GDP.MKTP.CD,1974,306044207.530203
Botswana,BWA,NY.GDP.MKTP.CD,1975,355168571.536751
Botswana,BWA,NY.GDP.MKTP.CD,1976,372025093.006273
Botswana,BWA,NY.GDP.MKTP.CD,1977,451624780.274597
Botswana,BWA,NY.GDP.MKTP.CD,1978,590407374.447116
Botswana,BWA,NY.GDP.MKTP.CD,1979,819870258.783053
Botswana,BWA,NY.GDP.MKTP.CD,1980,1060889703.75374
Botswana,BWA,NY.GDP.MKTP.CD,1981,1073812830.30052
Botswana,BWA,NY.GDP.MKTP.CD,1982,1014945695.71927
Botswana,BWA,NY.GDP.MKTP.CD,1983,1172230396.58099
Botswana,BWA,NY.GDP.MKTP.CD,1984,1240822167.43571
Botswana,BWA,NY.GDP.MKTP.CD,1985,1114783342.71539
Botswana,BWA,NY.GDP.MKTP.CD,1986,1392602163.53829
Botswana,BWA,NY.GDP.MKTP.CD,1987,1965226890.04557
Botswana,BWA,NY.GDP.MKTP.CD,1988,2644554158.72794
Botswana,BWA,NY.GDP.MKTP.CD,1989,3083822112.02023
Botswana,BWA,NY.GDP.MKTP.CD,1990,3790636324.44775
Botswana,BWA,NY.GDP.MKTP.CD,1991,3942876703.45184
Botswana,BWA,NY.GDP.MKTP.CD,1992,4146464586.61674
Botswana,BWA,NY.GDP.MKTP.CD,1993,4160129174.70569
Botswana,BWA,NY.GDP.MKTP.CD,1994,4259259604.15623
Botswana,BWA,NY.GDP.MKTP.CD,1995,4730599121.92704
Botswana,BWA,NY.GDP.MKTP.CD,1996,4847757217.75815
Botswana,BWA,NY.GDP.MKTP.CD,1997,5020265626.66489
Botswana,BWA,NY.GDP.MKTP.CD,1998,4790481509.17679
Botswana,BWA,NY.GDP.MKTP.CD,1999,5484263346.88105
Botswana,BWA,NY.GDP.MKTP.CD,2000,5788329609.15755
Botswana,BWA,NY.GDP.MKTP.CD,2001,5489608299.66445
Botswana,BWA,NY.GDP.MKTP.CD,2002,5438863982.88692
Botswana,BWA,NY.GDP.MKTP.CD,2003,7511582173.37724
Botswana,BWA,NY.GDP.MKTP.CD,2004,8957467706.5354
Botswana,BWA,NY.GDP.MKTP.CD,2005,9918907108.09702
Botswana,BWA,NY.GDP.MKTP.CD,2006,9919158482.41085
Botswana,BWA,NY.GDP.MKTP.CD,2007,10567270655.5027
Botswana,BWA,NY.GDP.MKTP.CD,2008,10730829116.4105
Botswana,BWA,NY.GDP.MKTP.CD,2009,10118459242.3183
Botswana,BWA,NY.GDP.MKTP.CD,2010,12637273429.1339
Botswana,BWA,NY.GDP.MKTP.CD,2011,15110643612.1729
Botswana,BWA,NY.GDP.MKTP.CD,2012,13907464500.1489
Botswana,BWA,NY.GDP.MKTP.CD,2013,14271738933.2042
Botswana,BWA,NY.GDP.MKTP.CD,2014,15470088500.7414
Botswana,BWA,NY.GDP.MKTP.CD,2015,13530748844.505
Botswana,BWA,NY.GDP.MKTP.CD,2016,15082637184.0496
Botswana,BWA,NY.GDP.MKTP.CD,2017,16105155856.7708
Botswana,BWA,NY.GDP.MKTP.CD,2018,17031943186.1353
Botswana,BWA,NY.GDP.MKTP.CD,2019,16725908148.5481
Botswana,BWA,NY.GDP.MKTP.CD,2020,14960251607.8135
Botswana,BWA,NY.GDP.MKTP.CD,2021,18750182236.2211
Botswana,BWA,NY.GDP.MKTP.CD,2022,20321150599.1523
Botswana,BWA,NY.GDP.MKTP.CD,2023,19413614554.6944
Botswana,BWA,NY.GDP.MKTP.CD,2024,19286251067.5078
Botswana,BWA,NY.GDP.MKTP.CD,2025,19928479839.4476
Central African Republic,CAF,NY.GDP.MKTP.CD,1960,112155598.492157
Central African Republic,CAF,NY.GDP.MKTP.CD,1961,123134583.463559
Central African Republic,CAF,NY.GDP.MKTP.CD,1962,124482773.83306
Central African Republic,CAF,NY.GDP.MKTP.CD,1963,129379123.76305
Central African Republic,CAF,NY.GDP.MKTP.CD,1964,142025078.735754
Central African Republic,CAF,NY.GDP.MKTP.CD,1965,150574795.409863
Central African Republic,CAF,NY.GDP.MKTP.CD,1966,157930018.091087
Central African Republic,CAF,NY.GDP.MKTP.CD,1967,163820513.562432
Central African Republic,CAF,NY.GDP.MKTP.CD,1968,191767441.604577
Central African Republic,CAF,NY.GDP.MKTP.CD,1969,188039210.130379
Central African Republic,CAF,NY.GDP.MKTP.CD,1970,189106529.207011
Central African Republic,CAF,NY.GDP.MKTP.CD,1971,201450799.82635
Central African Republic,CAF,NY.GDP.MKTP.CD,1972,230317883.36443
Central African Republic,CAF,NY.GDP.MKTP.CD,1973,271183082.043062
Central African Republic,CAF,NY.GDP.MKTP.CD,1974,281398705.570596
Central African Republic,CAF,NY.GDP.MKTP.CD,1975,378660016.265936
Central African Republic,CAF,NY.GDP.MKTP.CD,1976,451152461.31276
Central African Republic,CAF,NY.GDP.MKTP.CD,1977,507298147.526539
Central African Republic,CAF,NY.GDP.MKTP.CD,1978,610578631.992983
Central African Republic,CAF,NY.GDP.MKTP.CD,1979,700764747.756462
Central African Republic,CAF,NY.GDP.MKTP.CD,1980,797048198.534875
Central African Republic,CAF,NY.GDP.MKTP.CD,1981,694803622.898966
Central African Republic,CAF,NY.GDP.MKTP.CD,1982,748312390.756606
Central African Republic,CAF,NY.GDP.MKTP.CD,1983,658679332.681331
Central African Republic,CAF,NY.GDP.MKTP.CD,1984,637820670.299604
Central African Republic,CAF,NY.GDP.MKTP.CD,1985,864849836.286193
Central African Republic,CAF,NY.GDP.MKTP.CD,1986,1122265013.42004
Central African Republic,CAF,NY.GDP.MKTP.CD,1987,1200991977.80801
Central African Republic,CAF,NY.GDP.MKTP.CD,1988,1264899287.51261
Central African Republic,CAF,NY.GDP.MKTP.CD,1989,1233930280.91724
Central African Republic,CAF,NY.GDP.MKTP.CD,1990,1440711459.16967
Central African Republic,CAF,NY.GDP.MKTP.CD,1991,1377374986.58709
Central African Republic,CAF,NY.GDP.MKTP.CD,1992,1411917553.12436
Central African Republic,CAF,NY.GDP.MKTP.CD,1993,1278781261.55928
Central African Republic,CAF,NY.GDP.MKTP.CD,1994,851174356.781737
Central African Republic,CAF,NY.GDP.MKTP.CD,1995,1115389673.69197
Central African Republic,CAF,NY.GDP.MKTP.CD,1996,1007791127.09913
Central African Republic,CAF,NY.GDP.MKTP.CD,1997,937741513.015352
Central African Republic,CAF,NY.GDP.MKTP.CD,1998,967338389.650578
Central African Republic,CAF,NY.GDP.MKTP.CD,1999,999477510.686632
Central African Republic,CAF,NY.GDP.MKTP.CD,2000,916777282.691659
Central African Republic,CAF,NY.GDP.MKTP.CD,2001,932648604.751954
Central African Republic,CAF,NY.GDP.MKTP.CD,2002,996068144.884889
Central African Republic,CAF,NY.GDP.MKTP.CD,2003,1142315522.53864
Central African Republic,CAF,NY.GDP.MKTP.CD,2004,1272360517.32373
Central African Republic,CAF,NY.GDP.MKTP.CD,2005,1337894378.73743
Central African Republic,CAF,NY.GDP.MKTP.CD,2006,1461859762.33459
Central African Republic,CAF,NY.GDP.MKTP.CD,2007,1699811294.94935
Central African Republic,CAF,NY.GDP.MKTP.CD,2008,1993407888.49838
Central African Republic,CAF,NY.GDP.MKTP.CD,2009,2067381665.25454
Central African Republic,CAF,NY.GDP.MKTP.CD,2010,2142591540.40068
Central African Republic,CAF,NY.GDP.MKTP.CD,2011,2437982705.12093
Central African Republic,CAF,NY.GDP.MKTP.CD,2012,2510126512.22831
Central African Republic,CAF,NY.GDP.MKTP.CD,2013,1691544110.18543
Central African Republic,CAF,NY.GDP.MKTP.CD,2014,1894813389.40325
Central African Republic,CAF,NY.GDP.MKTP.CD,2015,1695825714.19282
Central African Republic,CAF,NY.GDP.MKTP.CD,2016,1825018144.65595
Central African Republic,CAF,NY.GDP.MKTP.CD,2017,2072349972.6818
Central African Republic,CAF,NY.GDP.MKTP.CD,2018,2220979146.11241
Central African Republic,CAF,NY.GDP.MKTP.CD,2019,2221301351.43918
Central African Republic,CAF,NY.GDP.MKTP.CD,2020,2326720900.38047
Central African Republic,CAF,NY.GDP.MKTP.CD,2021,2516498412.46384
Central African Republic,CAF,NY.GDP.MKTP.CD,2022,2382618615.01694
Central African Republic,CAF,NY.GDP.MKTP.CD,2023,2555492085.94725
Central African Republic,CAF,NY.GDP.MKTP.CD,2024,2751494281.06887
Central African Republic,CAF,NY.GDP.MKTP.CD,2025,3066109226.40165
Canada,CAN,NY.GDP.MKTP.CD,1960,40563768946.9503
Canada,CAN,NY.GDP.MKTP.CD,1961,41038192837.9035
Canada,CAN,NY.GDP.MKTP.CD,1962,42336211555.8268
Canada,CAN,NY.GDP.MKTP.CD,1963,45140337826.9869
Canada,CAN,NY.GDP.MKTP.CD,1964,49503663836.3665
Canada,CAN,NY.GDP.MKTP.CD,1965,54649410478.5226
Canada,CAN,NY.GDP.MKTP.CD,1966,61252415404.686
Canada,CAN,NY.GDP.MKTP.CD,1967,65856924423.9721
Canada,CAN,NY.GDP.MKTP.CD,1968,72048833006.1602
Canada,CAN,NY.GDP.MKTP.CD,1969,79405011124.8208
Canada,CAN,NY.GDP.MKTP.CD,1970,88192257632.3093
Canada,CAN,NY.GDP.MKTP.CD,1971,99606454743.5136
Canada,CAN,NY.GDP.MKTP.CD,1972,113463848873.624
Canada,CAN,NY.GDP.MKTP.CD,1973,131764343565.643
Canada,CAN,NY.GDP.MKTP.CD,1974,160949188139.059
Canada,CAN,NY.GDP.MKTP.CD,1975,174419757176.563
Canada,CAN,NY.GDP.MKTP.CD,1976,207271612576.065
Canada,CAN,NY.GDP.MKTP.CD,1977,212325176304.654
Canada,CAN,NY.GDP.MKTP.CD,1978,219369542386.254
Canada,CAN,NY.GDP.MKTP.CD,1979,243891124295.715
Canada,CAN,NY.GDP.MKTP.CD,1980,274776566028.053
Canada,CAN,NY.GDP.MKTP.CD,1981,307246642755.859
Canada,CAN,NY.GDP.MKTP.CD,1982,314647807408.608
Canada,CAN,NY.GDP.MKTP.CD,1983,341866277182.733
Canada,CAN,NY.GDP.MKTP.CD,1984,356718400123.543
Canada,CAN,NY.GDP.MKTP.CD,1985,366186012449.652
Canada,CAN,NY.GDP.MKTP.CD,1986,379006836991.724
Canada,CAN,NY.GDP.MKTP.CD,1987,433134238310.709
Canada,CAN,NY.GDP.MKTP.CD,1988,509380027626.554
Canada,CAN,NY.GDP.MKTP.CD,1989,567211993243.243
Canada,CAN,NY.GDP.MKTP.CD,1990,596075591360.987
Canada,CAN,NY.GDP.MKTP.CD,1991,612527712315.615
Canada,CAN,NY.GDP.MKTP.CD,1992,594387358318.855
Canada,CAN,NY.GDP.MKTP.CD,1993,579053561739.4
Canada,CAN,NY.GDP.MKTP.CD,1994,579944346807.264
Canada,CAN,NY.GDP.MKTP.CD,1995,605961090061.207
Canada,CAN,NY.GDP.MKTP.CD,1996,630607994132.747
Canada,CAN,NY.GDP.MKTP.CD,1997,654987722085.801
Canada,CAN,NY.GDP.MKTP.CD,1998,633999325918.436
Canada,CAN,NY.GDP.MKTP.CD,1999,678414215521.303
Canada,CAN,NY.GDP.MKTP.CD,2000,744773415931.587
Canada,CAN,NY.GDP.MKTP.CD,2001,738981792355.372
Canada,CAN,NY.GDP.MKTP.CD,2002,760650608551.583
Canada,CAN,NY.GDP.MKTP.CD,2003,895542074084.648
Canada,CAN,NY.GDP.MKTP.CD,2004,1026691006917.76
Canada,CAN,NY.GDP.MKTP.CD,2005,1173118501402.87
Canada,CAN,NY.GDP.MKTP.CD,2006,1319291255289.14
Canada,CAN,NY.GDP.MKTP.CD,2007,1468820407783.26
Canada,CAN,NY.GDP.MKTP.CD,2008,1552993439550.14
Canada,CAN,NY.GDP.MKTP.CD,2009,1374627766599.6
Canada,CAN,NY.GDP.MKTP.CD,2010,1617349192091.46
Canada,CAN,NY.GDP.MKTP.CD,2011,1793335727900.85
Canada,CAN,NY.GDP.MKTP.CD,2012,1828359477071.97
Canada,CAN,NY.GDP.MKTP.CD,2013,1846583831414.43
Canada,CAN,NY.GDP.MKTP.CD,2014,1805751688808.98
Canada,CAN,NY.GDP.MKTP.CD,2015,1556510380200.23
Canada,CAN,NY.GDP.MKTP.CD,2016,1527996250640.92
Canada,CAN,NY.GDP.MKTP.CD,2017,1649269496514.62
Canada,CAN,NY.GDP.MKTP.CD,2018,1725330736237.69
Canada,CAN,NY.GDP.MKTP.CD,2019,1743728952156.85
Canada,CAN,NY.GDP.MKTP.CD,2020,1655686966881.99
Canada,CAN,NY.GDP.MKTP.CD,2021,2022377950896.78
Canada,CAN,NY.GDP.MKTP.CD,2022,2200562785046.32
Canada,CAN,NY.GDP.MKTP.CD,2023,2196593836347.42
Canada,CAN,NY.GDP.MKTP.CD,2024,2270076189683.46
Canada,CAN,NY.GDP.MKTP.CD,2025,2319899772425.92
Central Europe and the Baltics,CEB,NY.GDP.MKTP.CD,1990,276777263070.302
Central Europe and the Baltics,CEB,NY.GDP.MKTP.CD,1991,244245640082.434
Central Europe and the Baltics,CEB,NY.GDP.MKTP.CD,1992,252364702967.012
Central Europe and the Baltics,CEB,NY.GDP.MKTP.CD,1993,267674623020.581
Central Europe and the Baltics,CEB,NY.GDP.MKTP.CD,1994,304448250407.602
Central Europe and the Baltics,CEB,NY.GDP.MKTP.CD,1995,388889205136.785
Central Europe and the Baltics,CEB,NY.GDP.MKTP.CD,1996,411186267612.59
Central Europe and the Baltics,CEB,NY.GDP.MKTP.CD,1997,405325268750.504
Central Europe and the Baltics,CEB,NY.GDP.MKTP.CD,1998,442779325890.267
Central Europe and the Baltics,CEB,NY.GDP.MKTP.CD,1999,426345402233.075
Central Europe and the Baltics,CEB,NY.GDP.MKTP.CD,2000,420823859911.381
Central Europe and the Baltics,CEB,NY.GDP.MKTP.CD,2001,460153265512.377
Central Europe and the Baltics,CEB,NY.GDP.MKTP.CD,2002,518049996936.665
Central Europe and the Baltics,CEB,NY.GDP.MKTP.CD,2003,621437270110.894
Central Europe and the Baltics,CEB,NY.GDP.MKTP.CD,2004,749236864681.291
Central Europe and the Baltics,CEB,NY.GDP.MKTP.CD,2005,871993037920.824
Central Europe and the Baltics,CEB,NY.GDP.MKTP.CD,2006,987675979323.667
Central Europe and the Baltics,CEB,NY.GDP.MKTP.CD,2007,1254691637899.0
Central Europe and the Baltics,CEB,NY.GDP.MKTP.CD,2008,1526123276964.15
Central Europe and the Baltics,CEB,NY.GDP.MKTP.CD,2009,1289261661160.8
Central Europe and the Baltics,CEB,NY.GDP.MKTP.CD,2010,1319446244881.88
Central Europe and the Baltics,CEB,NY.GDP.MKTP.CD,2011,1458158364344.55
Central Europe and the Baltics,CEB,NY.GDP.MKTP.CD,2012,1361901163411.55
Central Europe and the Baltics,CEB,NY.GDP.MKTP.CD,2013,1420225996416.23
Central Europe and the Baltics,CEB,NY.GDP.MKTP.CD,2014,1467454376587.2
Central Europe and the Baltics,CEB,NY.GDP.MKTP.CD,2015,1297144243677.59
Central Europe and the Baltics,CEB,NY.GDP.MKTP.CD,2016,1321564300745.06
Central Europe and the Baltics,CEB,NY.GDP.MKTP.CD,2017,1467504296996.79
Central Europe and the Baltics,CEB,NY.GDP.MKTP.CD,2018,1656387103225.12
Central Europe and the Baltics,CEB,NY.GDP.MKTP.CD,2019,1684322326510.05
Central Europe and the Baltics,CEB,NY.GDP.MKTP.CD,2020,1678297364952.0
Central Europe and the Baltics,CEB,NY.GDP.MKTP.CD,2021,1926387937049.61
Central Europe and the Baltics,CEB,NY.GDP.MKTP.CD,2022,1954028005289.23
Central Europe and the Baltics,CEB,NY.GDP.MKTP.CD,2023,2273564082260.43
Central Europe and the Baltics,CEB,NY.GDP.MKTP.CD,2024,2463134865871.42
Central Europe and the Baltics,CEB,NY.GDP.MKTP.CD,2025,2762562481345.2
Switzerland,CHE,NY.GDP.MKTP.CD,1960,10569129805.9937
Switzerland,CHE,NY.GDP.MKTP.CD,1961,11889851949.6661
Switzerland,CHE,NY.GDP.MKTP.CD,1962,13185384690.7481
Switzerland,CHE,NY.GDP.MKTP.CD,1963,14499109269.9708
Switzerland,CHE,NY.GDP.MKTP.CD,1964,16071715835.0474
Switzerland,CHE,NY.GDP.MKTP.CD,1965,17033079428.475
Switzerland,CHE,NY.GDP.MKTP.CD,1966,18290928226.8879
Switzerland,CHE,NY.GDP.MKTP.CD,1967,19689329510.274
Switzerland,CHE,NY.GDP.MKTP.CD,1968,21024203656.3496
Switzerland,CHE,NY.GDP.MKTP.CD,1969,22780211812.0824
Switzerland,CHE,NY.GDP.MKTP.CD,1970,25374750743.1969
Switzerland,CHE,NY.GDP.MKTP.CD,1971,30492832676.1654
Switzerland,CHE,NY.GDP.MKTP.CD,1972,37399508286.8588
Switzerland,CHE,NY.GDP.MKTP.CD,1973,50296651921.1325
Switzerland,CHE,NY.GDP.MKTP.CD,1974,57963469606.9547
Switzerland,CHE,NY.GDP.MKTP.CD,1975,66452559175.6092
Switzerland,CHE,NY.GDP.MKTP.CD,1976,69508364538.3261
Switzerland,CHE,NY.GDP.MKTP.CD,1977,74237819013.938
Switzerland,CHE,NY.GDP.MKTP.CD,1978,103821687919.463
Switzerland,CHE,NY.GDP.MKTP.CD,1979,116702524207.614
Switzerland,CHE,NY.GDP.MKTP.CD,1980,124404609416.96
Switzerland,CHE,NY.GDP.MKTP.CD,1981,113936168923.735
Switzerland,CHE,NY.GDP.MKTP.CD,1982,116776899472.984
Switzerland,CHE,NY.GDP.MKTP.CD,1983,116361728836.168
Switzerland,CHE,NY.GDP.MKTP.CD,1984,111104641869.175
Switzerland,CHE,NY.GDP.MKTP.CD,1985,112652623417.85
Switzerland,CHE,NY.GDP.MKTP.CD,1986,161487171048.974
Switzerland,CHE,NY.GDP.MKTP.CD,1987,202238567596.566
Switzerland,CHE,NY.GDP.MKTP.CD,1988,218788504066.152
Switzerland,CHE,NY.GDP.MKTP.CD,1989,211241694480.103
Switzerland,CHE,NY.GDP.MKTP.CD,1990,269768238554.564
Switzerland,CHE,NY.GDP.MKTP.CD,1991,272953645746.165
Switzerland,CHE,NY.GDP.MKTP.CD,1992,284139428246.338
Switzerland,CHE,NY.GDP.MKTP.CD,1993,276339744179.751
Switzerland,CHE,NY.GDP.MKTP.CD,1994,305916331797.909
Switzerland,CHE,NY.GDP.MKTP.CD,1995,358152520084.567
Switzerland,CHE,NY.GDP.MKTP.CD,1996,345373647249.191
Switzerland,CHE,NY.GDP.MKTP.CD,1997,298868250534.004
Switzerland,CHE,NY.GDP.MKTP.CD,1998,306907741067.733
Switzerland,CHE,NY.GDP.MKTP.CD,1999,301911268140.061
Switzerland,CHE,NY.GDP.MKTP.CD,2000,282327351965.893
Switzerland,CHE,NY.GDP.MKTP.CD,2001,290160142213.795
Switzerland,CHE,NY.GDP.MKTP.CD,2002,313930961760.554
Switzerland,CHE,NY.GDP.MKTP.CD,2003,366563952624.935
Switzerland,CHE,NY.GDP.MKTP.CD,2004,409012909529.554
Switzerland,CHE,NY.GDP.MKTP.CD,2005,424511048024.414
Switzerland,CHE,NY.GDP.MKTP.CD,2006,448364681767.427
Switzerland,CHE,NY.GDP.MKTP.CD,2007,498993845384.872
Switzerland,CHE,NY.GDP.MKTP.CD,2008,574703945157.419
Switzerland,CHE,NY.GDP.MKTP.CD,2009,563659557945.042
Switzerland,CHE,NY.GDP.MKTP.CD,2010,609999593541.9
Switzerland,CHE,NY.GDP.MKTP.CD,2011,727231637101.778
Switzerland,CHE,NY.GDP.MKTP.CD,2012,697882536676.898
Switzerland,CHE,NY.GDP.MKTP.CD,2013,718748402259.576
Switzerland,CHE,NY.GDP.MKTP.CD,2014,741168119616.628
Switzerland,CHE,NY.GDP.MKTP.CD,2015,706199008878.656
Switzerland,CHE,NY.GDP.MKTP.CD,2016,698607778794.566
Switzerland,CHE,NY.GDP.MKTP.CD,2017,706660443624.485
Switzerland,CHE,NY.GDP.MKTP.CD,2018,740766531453.991
Switzerland,CHE,NY.GDP.MKTP.CD,2019,736384764156.877
Switzerland,CHE,NY.GDP.MKTP.CD,2020,756096180222.082
Switzerland,CHE,NY.GDP.MKTP.CD,2021,840710023481.35
Switzerland,CHE,NY.GDP.MKTP.CD,2022,858479038993.75
Switzerland,CHE,NY.GDP.MKTP.CD,2023,928435275851.707
Switzerland,CHE,NY.GDP.MKTP.CD,2024,969919786394.884
Switzerland,CHE,NY.GDP.MKTP.CD,2025,1043529899250.92
Channel Islands,CHI,NY.GDP.MKTP.CD,1998,5945677376.61477
Channel Islands,CHI,NY.GDP.MKTP.CD,1999,6262740656.85164
Channel Islands,CHI,NY.GDP.MKTP.CD,2000,6439703434.71024
Channel Islands,CHI,NY.GDP.MKTP.CD,2001,6232906290.4851
Channel Islands,CHI,NY.GDP.MKTP.CD,2002,6663669064.7482
Channel Islands,CHI,NY.GDP.MKTP.CD,2003,7332244897.95918
Channel Islands,CHI,NY.GDP.MKTP.CD,2004,8553643354.08275
Channel Islands,CHI,NY.GDP.MKTP.CD,2005,8827272727.27273
Channel Islands,CHI,NY.GDP.MKTP.CD,2006,9676172953.08188
Channel Islands,CHI,NY.GDP.MKTP.CD,2007,11514605842.3369
Channel Islands,CHI,NY.GDP.MKTP.CD,2009,9100755725.19084
Channel Islands,CHI,NY.GDP.MKTP.CD,2010,8902359316.35606
Channel Islands,CHI,NY.GDP.MKTP.CD,2011,9648680025.8275
Channel Islands,CHI,NY.GDP.MKTP.CD,2012,9454638123.23572
Channel Islands,CHI,NY.GDP.MKTP.CD,2013,9594745810.67159
Channel Islands,CHI,NY.GDP.MKTP.CD,2014,10527973277.6068
Channel Islands,CHI,NY.GDP.MKTP.CD,2015,10109273770.329
Channel Islands,CHI,NY.GDP.MKTP.CD,2016,9168857222.32574
Channel Islands,CHI,NY.GDP.MKTP.CD,2017,9170044517.20264
Channel Islands,CHI,NY.GDP.MKTP.CD,2018,10026394043.6136
Channel Islands,CHI,NY.GDP.MKTP.CD,2019,10031864649.0819
Channel Islands,CHI,NY.GDP.MKTP.CD,2020,9439810769.23077
Channel Islands,CHI,NY.GDP.MKTP.CD,2021,11157540109.8939
Channel Islands,CHI,NY.GDP.MKTP.CD,2022,11308272505.183
Channel Islands,CHI,NY.GDP.MKTP.CD,2023,12507320838.3932
Chile,CHL,NY.GDP.MKTP.CD,1960,4211103676.74027
Chile,CHL,NY.GDP.MKTP.CD,1961,4948564550.91046
Chile,CHL,NY.GDP.MKTP.CD,1962,5765971144.47142
Chile,CHL,NY.GDP.MKTP.CD,1963,5702520146.03167
Chile,CHL,NY.GDP.MKTP.CD,1964,6065708668.32735
Chile,CHL,NY.GDP.MKTP.CD,1965,6183988944.34606
Chile,CHL,NY.GDP.MKTP.CD,1966,7256882086.19585
Chile,CHL,NY.GDP.MKTP.CD,1967,7145068067.64138
Chile,CHL,NY.GDP.MKTP.CD,1968,7286820526.02462
Chile,CHL,NY.GDP.MKTP.CD,1969,8456519044.38223
Chile,CHL,NY.GDP.MKTP.CD,1970,9261006540.15907
Chile,CHL,NY.GDP.MKTP.CD,1971,10999807567.1235
Chile,CHL,NY.GDP.MKTP.CD,1972,12057501634.979
Chile,CHL,NY.GDP.MKTP.CD,1973,17237336172.7878
Chile,CHL,NY.GDP.MKTP.CD,1974,16584311220.1384
Chile,CHL,NY.GDP.MKTP.CD,1975,7812161793.11971
Chile,CHL,NY.GDP.MKTP.CD,1976,10523479088.8075
Chile,CHL,NY.GDP.MKTP.CD,1977,14272711436.7475
Chile,CHL,NY.GDP.MKTP.CD,1978,16373093553.7155
Chile,CHL,NY.GDP.MKTP.CD,1979,22249574627.6911
Chile,CHL,NY.GDP.MKTP.CD,1980,29586676576.0951
Chile,CHL,NY.GDP.MKTP.CD,1981,35180322211.2903
Chile,CHL,NY.GDP.MKTP.CD,1982,19710229067.2864
Chile,CHL,NY.GDP.MKTP.CD,1983,20629678694.0684
Chile,CHL,NY.GDP.MKTP.CD,1984,19974595028.1582
Chile,CHL,NY.GDP.MKTP.CD,1985,17933557359.8036
Chile,CHL,NY.GDP.MKTP.CD,1986,19197818084.6757
Chile,CHL,NY.GDP.MKTP.CD,1987,22605488850.8981
Chile,CHL,NY.GDP.MKTP.CD,1988,26174858613.8456
Chile,CHL,NY.GDP.MKTP.CD,1989,30101767991.1135
Chile,CHL,NY.GDP.MKTP.CD,1990,33428580448.2715
Chile,CHL,NY.GDP.MKTP.CD,1991,38232330917.2011
Chile,CHL,NY.GDP.MKTP.CD,1992,46538895685.8088
Chile,CHL,NY.GDP.MKTP.CD,1993,49934943320.8828
Chile,CHL,NY.GDP.MKTP.CD,1994,57438273591.0521
Chile,CHL,NY.GDP.MKTP.CD,1995,73820425701.6603
Chile,CHL,NY.GDP.MKTP.CD,1996,78584098983.6374
Chile,CHL,NY.GDP.MKTP.CD,1997,85741415285.165
Chile,CHL,NY.GDP.MKTP.CD,1998,81990010704.0602
Chile,CHL,NY.GDP.MKTP.CD,1999,75578685735.5219
Chile,CHL,NY.GDP.MKTP.CD,2000,78339750721.364
Chile,CHL,NY.GDP.MKTP.CD,2001,71574739561.4329
Chile,CHL,NY.GDP.MKTP.CD,2002,70264045939.2773
Chile,CHL,NY.GDP.MKTP.CD,2003,76492579644.0605
Chile,CHL,NY.GDP.MKTP.CD,2004,99075985773.6682
Chile,CHL,NY.GDP.MKTP.CD,2005,122294145163.192
Chile,CHL,NY.GDP.MKTP.CD,2006,153843518170.864
Chile,CHL,NY.GDP.MKTP.CD,2007,172491076033.863
Chile,CHL,NY.GDP.MKTP.CD,2008,179894594475.405
Chile,CHL,NY.GDP.MKTP.CD,2009,171777900623.892
Chile,CHL,NY.GDP.MKTP.CD,2010,217051209238.534
Chile,CHL,NY.GDP.MKTP.CD,2011,251382573893.87
Chile,CHL,NY.GDP.MKTP.CD,2012,267024782486.855
Chile,CHL,NY.GDP.MKTP.CD,2013,277395018842.417
Chile,CHL,NY.GDP.MKTP.CD,2014,259560978224.359
Chile,CHL,NY.GDP.MKTP.CD,2015,242450355830.884
Chile,CHL,NY.GDP.MKTP.CD,2016,249344863928.438
Chile,CHL,NY.GDP.MKTP.CD,2017,276154259981.097
Chile,CHL,NY.GDP.MKTP.CD,2018,295857562991.709
Chile,CHL,NY.GDP.MKTP.CD,2019,278308438545.118
Chile,CHL,NY.GDP.MKTP.CD,2020,254103710483.324
Chile,CHL,NY.GDP.MKTP.CD,2021,315507493783.262
Chile,CHL,NY.GDP.MKTP.CD,2022,301099244104.003
Chile,CHL,NY.GDP.MKTP.CD,2023,335802745366.38
Chile,CHL,NY.GDP.MKTP.CD,2024,329260633698.726
Chile,CHL,NY.GDP.MKTP.CD,2025,357371159574.862
China,CHN,NY.GDP.MKTP.CD,1960,59846235024.7318
China,CHN,NY.GDP.MKTP.CD,1961,50162299349.7871
China,CHN,NY.GDP.MKTP.CD,1962,47310737754.2287
China,CHN,NY.GDP.MKTP.CD,1963,50812227918.5753
China,CHN,NY.GDP.MKTP.CD,1964,59821862703.4023
China,CHN,NY.GDP.MKTP.CD,1965,70565994356.1828
China,CHN,NY.GDP.MKTP.CD,1966,76854053259.209
China,CHN,NY.GDP.MKTP.CD,1967,73011350596.2485
China,CHN,NY.GDP.MKTP.CD,1968,70980323818.7853
China,CHN,NY.GDP.MKTP.CD,1969,79847786729.1898
China,CHN,NY.GDP.MKTP.CD,1970,92752930873.1912
China,CHN,NY.GDP.MKTP.CD,1971,99959013879.6308
China,CHN,NY.GDP.MKTP.CD,1972,113871930713.841
China,CHN,NY.GDP.MKTP.CD,1973,138764340892.0
China,CHN,NY.GDP.MKTP.CD,1974,144418433058.472
China,CHN,NY.GDP.MKTP.CD,1975,163687619735.857
China,CHN,NY.GDP.MKTP.CD,1976,154196810058.643
China,CHN,NY.GDP.MKTP.CD,1977,175226595859.778
China,CHN,NY.GDP.MKTP.CD,1978,149788617886.179
China,CHN,NY.GDP.MKTP.CD,1979,178573913043.478
China,CHN,NY.GDP.MKTP.CD,1980,191487500000.0
China,CHN,NY.GDP.MKTP.CD,1981,196218253968.254
China,CHN,NY.GDP.MKTP.CD,1982,205480916030.534
China,CHN,NY.GDP.MKTP.CD,1983,231130268199.234
China,CHN,NY.GDP.MKTP.CD,1984,260442857142.857
China,CHN,NY.GDP.MKTP.CD,1985,310064625850.34
China,CHN,NY.GDP.MKTP.CD,1986,301310144927.536
China,CHN,NY.GDP.MKTP.CD,1987,273455156950.673
China,CHN,NY.GDP.MKTP.CD,1988,312888888888.889
China,CHN,NY.GDP.MKTP.CD,1989,348380566801.619
China,CHN,NY.GDP.MKTP.CD,1990,361560229445.507
China,CHN,NY.GDP.MKTP.CD,1991,384510452961.672
China,CHN,NY.GDP.MKTP.CD,1992,428502354788.069
China,CHN,NY.GDP.MKTP.CD,1993,446557291212.148
China,CHN,NY.GDP.MKTP.CD,1994,566929539493.172
China,CHN,NY.GDP.MKTP.CD,1995,738190896227.55
China,CHN,NY.GDP.MKTP.CD,1996,868523936530.083
China,CHN,NY.GDP.MKTP.CD,1997,967753570434.667
China,CHN,NY.GDP.MKTP.CD,1998,1037134141760.35
China,CHN,NY.GDP.MKTP.CD,1999,1103843203575.64
China,CHN,NY.GDP.MKTP.CD,2000,1223754919971.05
China,CHN,NY.GDP.MKTP.CD,2001,1355036590251.52
China,CHN,NY.GDP.MKTP.CD,2002,1489821682050.54
China,CHN,NY.GDP.MKTP.CD,2003,1683903309843.85
China,CHN,NY.GDP.MKTP.CD,2004,1984196551300.44
China,CHN,NY.GDP.MKTP.CD,2005,2317551298052.05
China,CHN,NY.GDP.MKTP.CD,2006,2791498472804.33
China,CHN,NY.GDP.MKTP.CD,2007,3604055822571.63
China,CHN,NY.GDP.MKTP.CD,2008,4667346414521.95
China,CHN,NY.GDP.MKTP.CD,2009,5189577094997.58
China,CHN,NY.GDP.MKTP.CD,2010,6192564874453.29
China,CHN,NY.GDP.MKTP.CD,2011,7671757207851.29
China,CHN,NY.GDP.MKTP.CD,2012,8673664713189.24
China,CHN,NY.GDP.MKTP.CD,2013,9743124247267.24
China,CHN,NY.GDP.MKTP.CD,2014,10674533168257.4
China,CHN,NY.GDP.MKTP.CD,2015,11280814787468.9
China,CHN,NY.GDP.MKTP.CD,2016,11456024084962.0
China,CHN,NY.GDP.MKTP.CD,2017,12537559062282.9
China,CHN,NY.GDP.MKTP.CD,2018,14147765772963.8
China,CHN,NY.GDP.MKTP.CD,2019,14560167101283.4
China,CHN,NY.GDP.MKTP.CD,2020,14996414166715.1
China,CHN,NY.GDP.MKTP.CD,2021,18201698719564.0
China,CHN,NY.GDP.MKTP.CD,2022,18316765021690.2
China,CHN,NY.GDP.MKTP.CD,2023,18270356654533.2
China,CHN,NY.GDP.MKTP.CD,2024,18729668435848.0
China,CHN,NY.GDP.MKTP.CD,2025,19498039388042.6
Cote d'Ivoire,CIV,NY.GDP.MKTP.CD,1960,546203559.344361
Cote d'Ivoire,CIV,NY.GDP.MKTP.CD,1961,618245634.179831
Cote d'Ivoire,CIV,NY.GDP.MKTP.CD,1962,645284473.733691
Cote d'Ivoire,CIV,NY.GDP.MKTP.CD,1963,761047198.029653
Cote d'Ivoire,CIV,NY.GDP.MKTP.CD,1964,921063326.589918
Cote d'Ivoire,CIV,NY.GDP.MKTP.CD,1965,919771228.816095
Cote d'Ivoire,CIV,NY.GDP.MKTP.CD,1966,1024102880.05862
Cote d'Ivoire,CIV,NY.GDP.MKTP.CD,1967,1082922724.87189
Cote d'Ivoire,CIV,NY.GDP.MKTP.CD,1968,1281281276.72357
Cote d'Ivoire,CIV,NY.GDP.MKTP.CD,1969,1361360293.42665
Cote d'Ivoire,CIV,NY.GDP.MKTP.CD,1970,1455482795.40691
Cote d'Ivoire,CIV,NY.GDP.MKTP.CD,1971,1584128509.46873
Cote d'Ivoire,CIV,NY.GDP.MKTP.CD,1972,1849400401.64724
Cote d'Ivoire,CIV,NY.GDP.MKTP.CD,1973,2508421426.17572
Cote d'Ivoire,CIV,NY.GDP.MKTP.CD,1974,3070152309.21903
Cote d'Ivoire,CIV,NY.GDP.MKTP.CD,1975,3893839190.26806
Cote d'Ivoire,CIV,NY.GDP.MKTP.CD,1976,4662053824.83955
Cote d'Ivoire,CIV,NY.GDP.MKTP.CD,1977,6265068189.37782
Cote d'Ivoire,CIV,NY.GDP.MKTP.CD,1978,7900526298.31993
Cote d'Ivoire,CIV,NY.GDP.MKTP.CD,1979,9142933966.79465
Cote d'Ivoire,CIV,NY.GDP.MKTP.CD,1980,10175617609.0962
Cote d'Ivoire,CIV,NY.GDP.MKTP.CD,1981,8432589942.39434
Cote d'Ivoire,CIV,NY.GDP.MKTP.CD,1982,7567110848.92228
Cote d'Ivoire,CIV,NY.GDP.MKTP.CD,1983,6838184772.52063
Cote d'Ivoire,CIV,NY.GDP.MKTP.CD,1984,6841639246.8996
Cote d'Ivoire,CIV,NY.GDP.MKTP.CD,1985,6977650643.99488
Cote d'Ivoire,CIV,NY.GDP.MKTP.CD,1986,9158302099.57957
Cote d'Ivoire,CIV,NY.GDP.MKTP.CD,1987,10087654464.8168
Cote d'Ivoire,CIV,NY.GDP.MKTP.CD,1988,10255169805.7996
Cote d'Ivoire,CIV,NY.GDP.MKTP.CD,1989,9757410644.6679
Cote d'Ivoire,CIV,NY.GDP.MKTP.CD,1990,10795850582.779
Cote d'Ivoire,CIV,NY.GDP.MKTP.CD,1991,10492628580.7484
Cote d'Ivoire,CIV,NY.GDP.MKTP.CD,1992,11152971273.9383
Cote d'Ivoire,CIV,NY.GDP.MKTP.CD,1993,11045760288.1206
Cote d'Ivoire,CIV,NY.GDP.MKTP.CD,1994,8313557510.14757
Cote d'Ivoire,CIV,NY.GDP.MKTP.CD,1995,11000146266.5135
Cote d'Ivoire,CIV,NY.GDP.MKTP.CD,1996,18071152830.6101
Cote d'Ivoire,CIV,NY.GDP.MKTP.CD,1997,18047558037.7036
Cote d'Ivoire,CIV,NY.GDP.MKTP.CD,1998,19619654755.679
Cote d'Ivoire,CIV,NY.GDP.MKTP.CD,1999,18870992455.568
Cote d'Ivoire,CIV,NY.GDP.MKTP.CD,2000,16577533891.8785
Cote d'Ivoire,CIV,NY.GDP.MKTP.CD,2001,16810537043.8407
Cote d'Ivoire,CIV,NY.GDP.MKTP.CD,2002,18054383320.8474
Cote d'Ivoire,CIV,NY.GDP.MKTP.CD,2003,21251754340.4305
Cote d'Ivoire,CIV,NY.GDP.MKTP.CD,2004,23510575681.3686
Cote d'Ivoire,CIV,NY.GDP.MKTP.CD,2005,24036918703.1747
Cote d'Ivoire,CIV,NY.GDP.MKTP.CD,2006,25281413263.3712
Cote d'Ivoire,CIV,NY.GDP.MKTP.CD,2007,28760090953.3081
Cote d'Ivoire,CIV,NY.GDP.MKTP.CD,2008,34078240293.2559
Cote d'Ivoire,CIV,NY.GDP.MKTP.CD,2009,33886813250.2036
Cote d'Ivoire,CIV,NY.GDP.MKTP.CD,2010,34936307980.063
Cote d'Ivoire,CIV,NY.GDP.MKTP.CD,2011,36693710801.3976
Cote d'Ivoire,CIV,NY.GDP.MKTP.CD,2012,36302302877.2977
Cote d'Ivoire,CIV,NY.GDP.MKTP.CD,2013,42760235484.6093
Cote d'Ivoire,CIV,NY.GDP.MKTP.CD,2014,48843005613.7091
Cote d'Ivoire,CIV,NY.GDP.MKTP.CD,2015,45815005169.2651
Cote d'Ivoire,CIV,NY.GDP.MKTP.CD,2016,48407761036.8238
Cote d'Ivoire,CIV,NY.GDP.MKTP.CD,2017,52512343996.69
Cote d'Ivoire,CIV,NY.GDP.MKTP.CD,2018,58522477786.6889
Cote d'Ivoire,CIV,NY.GDP.MKTP.CD,2019,60382894697.3557
Cote d'Ivoire,CIV,NY.GDP.MKTP.CD,2020,63027852805.4204
Cote d'Ivoire,CIV,NY.GDP.MKTP.CD,2021,72794636653.7793
Cote d'Ivoire,CIV,NY.GDP.MKTP.CD,2022,70922824813.9102
Cote d'Ivoire,CIV,NY.GDP.MKTP.CD,2023,80780312569.1646
Cote d'Ivoire,CIV,NY.GDP.MKTP.CD,2024,87113179149.284
Cote d'Ivoire,CIV,NY.GDP.MKTP.CD,2025,99773555666.1988
Cameroon,CMR,NY.GDP.MKTP.CD,1960,614206068.497266
Cameroon,CMR,NY.GDP.MKTP.CD,1961,652777608.320492
Cameroon,CMR,NY.GDP.MKTP.CD,1962,694247864.3789
Cameroon,CMR,NY.GDP.MKTP.CD,1963,718320845.044338
Cameroon,CMR,NY.GDP.MKTP.CD,1964,776650176.904453
Cameroon,CMR,NY.GDP.MKTP.CD,1965,814083265.511426
Cameroon,CMR,NY.GDP.MKTP.CD,1966,851112534.552636
Cameroon,CMR,NY.GDP.MKTP.CD,1967,936175260.030919
Cameroon,CMR,NY.GDP.MKTP.CD,1968,1046191217.79942
Cameroon,CMR,NY.GDP.MKTP.CD,1969,1100551488.62689
Cameroon,CMR,NY.GDP.MKTP.CD,1970,1151216992.88095
Cameroon,CMR,NY.GDP.MKTP.CD,1971,1236941394.11447
Cameroon,CMR,NY.GDP.MKTP.CD,1972,1498251889.66287
Cameroon,CMR,NY.GDP.MKTP.CD,1973,1901393361.02282
Cameroon,CMR,NY.GDP.MKTP.CD,1974,2157415532.54796
Cameroon,CMR,NY.GDP.MKTP.CD,1975,2857037371.05886
Cameroon,CMR,NY.GDP.MKTP.CD,1976,2898090001.8562
Cameroon,CMR,NY.GDP.MKTP.CD,1977,3394664024.05503
Cameroon,CMR,NY.GDP.MKTP.CD,1978,4662852583.13256
Cameroon,CMR,NY.GDP.MKTP.CD,1979,5919002982.602
Cameroon,CMR,NY.GDP.MKTP.CD,1980,6674569046.6832
Cameroon,CMR,NY.GDP.MKTP.CD,1981,6610938616.6643
Cameroon,CMR,NY.GDP.MKTP.CD,1982,6611255963.83584
Cameroon,CMR,NY.GDP.MKTP.CD,1983,6870200009.90065
Cameroon,CMR,NY.GDP.MKTP.CD,1984,7311938026.36713
Cameroon,CMR,NY.GDP.MKTP.CD,1985,8544810497.9889
Cameroon,CMR,NY.GDP.MKTP.CD,1986,11857056199.0765
Cameroon,CMR,NY.GDP.MKTP.CD,1987,13049659981.1373
Cameroon,CMR,NY.GDP.MKTP.CD,1988,12236057362.4917
Cameroon,CMR,NY.GDP.MKTP.CD,1989,11012566195.0255
Cameroon,CMR,NY.GDP.MKTP.CD,1990,12314482627.8454
Cameroon,CMR,NY.GDP.MKTP.CD,1991,11840192296.3893
Cameroon,CMR,NY.GDP.MKTP.CD,1992,12071775335.0433
Cameroon,CMR,NY.GDP.MKTP.CD,1993,16181814712.5295
Cameroon,CMR,NY.GDP.MKTP.CD,1994,8902446252.18372
Cameroon,CMR,NY.GDP.MKTP.CD,1995,10864772470.9043
Cameroon,CMR,NY.GDP.MKTP.CD,1996,11093538846.4483
Cameroon,CMR,NY.GDP.MKTP.CD,1997,10789458432.6416
Cameroon,CMR,NY.GDP.MKTP.CD,1998,11298144990.4104
Cameroon,CMR,NY.GDP.MKTP.CD,1999,11565826464.8921
Cameroon,CMR,NY.GDP.MKTP.CD,2000,10566579294.9831
Cameroon,CMR,NY.GDP.MKTP.CD,2001,10953485349.1135
Cameroon,CMR,NY.GDP.MKTP.CD,2002,12417251350.4882
Cameroon,CMR,NY.GDP.MKTP.CD,2003,15970315034.9903
Cameroon,CMR,NY.GDP.MKTP.CD,2004,18826214135.6419
Cameroon,CMR,NY.GDP.MKTP.CD,2005,19509852206.9341
Cameroon,CMR,NY.GDP.MKTP.CD,2006,20910512974.933
Cameroon,CMR,NY.GDP.MKTP.CD,2007,23928250433.0378
Cameroon,CMR,NY.GDP.MKTP.CD,2008,27715142032.913
Cameroon,CMR,NY.GDP.MKTP.CD,2009,27932970317.129
Cameroon,CMR,NY.GDP.MKTP.CD,2010,27507501821.0296
Cameroon,CMR,NY.GDP.MKTP.CD,2011,30630910495.217
Cameroon,CMR,NY.GDP.MKTP.CD,2012,30155062329.2821
Cameroon,CMR,NY.GDP.MKTP.CD,2013,33728621180.3231
Cameroon,CMR,NY.GDP.MKTP.CD,2014,36386544706.0806
Cameroon,CMR,NY.GDP.MKTP.CD,2015,32210233020.4569
Cameroon,CMR,NY.GDP.MKTP.CD,2016,33814337044.3765
Cameroon,CMR,NY.GDP.MKTP.CD,2017,36098547033.1655
Cameroon,CMR,NY.GDP.MKTP.CD,2018,39955552189.795
Cameroon,CMR,NY.GDP.MKTP.CD,2019,39667757527.6578
Cameroon,CMR,NY.GDP.MKTP.CD,2020,40773241177.0505
Cameroon,CMR,NY.GDP.MKTP.CD,2021,45011937346.8384
Cameroon,CMR,NY.GDP.MKTP.CD,2022,44347206072.5513
Cameroon,CMR,NY.GDP.MKTP.CD,2023,48814501547.4313
Cameroon,CMR,NY.GDP.MKTP.CD,2024,53296694320.2057
Cameroon,CMR,NY.GDP.MKTP.CD,2025,58933453923.761
"Congo, Dem. Rep.",COD,NY.GDP.MKTP.CD,1960,3359404117.64706
"Congo, Dem. Rep.",COD,NY.GDP.MKTP.CD,1961,3086746857.14286
"Congo, Dem. Rep.",COD,NY.GDP.MKTP.CD,1962,3779841428.57143
"Congo, Dem. Rep.",COD,NY.GDP.MKTP.CD,1963,6213185742.57426
"Congo, Dem. Rep.",COD,NY.GDP.MKTP.CD,1964,2881545272.72727
"Congo, Dem. Rep.",COD,NY.GDP.MKTP.CD,1965,4043901818.18182
"Congo, Dem. Rep.",COD,NY.GDP.MKTP.CD,1966,4532660181.81818
"Congo, Dem. Rep.",COD,NY.GDP.MKTP.CD,1967,3384063371.75792
"Congo, Dem. Rep.",COD,NY.GDP.MKTP.CD,1968,3909780538.92216
"Congo, Dem. Rep.",COD,NY.GDP.MKTP.CD,1969,5032434970.05988
"Congo, Dem. Rep.",COD,NY.GDP.MKTP.CD,1970,4877684910.17964
"Congo, Dem. Rep.",COD,NY.GDP.MKTP.CD,1971,5594770359.28144
"Congo, Dem. Rep.",COD,NY.GDP.MKTP.CD,1972,6173712814.37126
"Congo, Dem. Rep.",COD,NY.GDP.MKTP.CD,1973,7870239461.07784
"Congo, Dem. Rep.",COD,NY.GDP.MKTP.CD,1974,9596960179.64072
"Congo, Dem. Rep.",COD,NY.GDP.MKTP.CD,1975,10237343173.6527
"Congo, Dem. Rep.",COD,NY.GDP.MKTP.CD,1976,9648583224.99212
"Congo, Dem. Rep.",COD,NY.GDP.MKTP.CD,1977,12344424763.5727
"Congo, Dem. Rep.",COD,NY.GDP.MKTP.CD,1978,15372608002.3923
"Congo, Dem. Rep.",COD,NY.GDP.MKTP.CD,1979,15068422236.3663
"Congo, Dem. Rep.",COD,NY.GDP.MKTP.CD,1980,14394927494.8647
"Congo, Dem. Rep.",COD,NY.GDP.MKTP.CD,1981,12537821038.2202
"Congo, Dem. Rep.",COD,NY.GDP.MKTP.CD,1982,13651667371.1676
"Congo, Dem. Rep.",COD,NY.GDP.MKTP.CD,1983,11006712650.4481
"Congo, Dem. Rep.",COD,NY.GDP.MKTP.CD,1984,7857729193.20343
"Congo, Dem. Rep.",COD,NY.GDP.MKTP.CD,1985,7195042616.0071
"Congo, Dem. Rep.",COD,NY.GDP.MKTP.CD,1986,8095367168.21769
"Congo, Dem. Rep.",COD,NY.GDP.MKTP.CD,1987,7661625472.57705
"Congo, Dem. Rep.",COD,NY.GDP.MKTP.CD,1988,8861299976.74158
"Congo, Dem. Rep.",COD,NY.GDP.MKTP.CD,1989,9021862775.18112
"Congo, Dem. Rep.",COD,NY.GDP.MKTP.CD,1990,9349764580.41173
"Congo, Dem. Rep.",COD,NY.GDP.MKTP.CD,1991,9625436872.51075
"Congo, Dem. Rep.",COD,NY.GDP.MKTP.CD,1992,8227343907.26679
"Congo, Dem. Rep.",COD,NY.GDP.MKTP.CD,1993,10706259936.7425
"Congo, Dem. Rep.",COD,NY.GDP.MKTP.CD,1994,5820382248.28202
"Congo, Dem. Rep.",COD,NY.GDP.MKTP.CD,1995,5643439376.10491
"Congo, Dem. Rep.",COD,NY.GDP.MKTP.CD,1996,5771456952.1908
"Congo, Dem. Rep.",COD,NY.GDP.MKTP.CD,1997,6090838693.27145
"Congo, Dem. Rep.",COD,NY.GDP.MKTP.CD,1998,6217805820.77104
"Congo, Dem. Rep.",COD,NY.GDP.MKTP.CD,1999,4711259427.27273
"Congo, Dem. Rep.",COD,NY.GDP.MKTP.CD,2000,19088046305.7971
"Congo, Dem. Rep.",COD,NY.GDP.MKTP.CD,2001,7438189100.33333
"Congo, Dem. Rep.",COD,NY.GDP.MKTP.CD,2002,8728038525.14034
"Congo, Dem. Rep.",COD,NY.GDP.MKTP.CD,2003,8937567059.87754
"Congo, Dem. Rep.",COD,NY.GDP.MKTP.CD,2004,10297483481.223
"Congo, Dem. Rep.",COD,NY.GDP.MKTP.CD,2005,12609728573.1032
"Congo, Dem. Rep.",COD,NY.GDP.MKTP.CD,2006,15484044534.5783
"Congo, Dem. Rep.",COD,NY.GDP.MKTP.CD,2007,18374807772.5429
"Congo, Dem. Rep.",COD,NY.GDP.MKTP.CD,2008,22723488723.3641
"Congo, Dem. Rep.",COD,NY.GDP.MKTP.CD,2009,18607259480.5447
"Congo, Dem. Rep.",COD,NY.GDP.MKTP.CD,2010,24161641931.0331
"Congo, Dem. Rep.",COD,NY.GDP.MKTP.CD,2011,26392379641.765
"Congo, Dem. Rep.",COD,NY.GDP.MKTP.CD,2012,30029369928.7318
"Congo, Dem. Rep.",COD,NY.GDP.MKTP.CD,2013,34891189160.3002
"Congo, Dem. Rep.",COD,NY.GDP.MKTP.CD,2014,38352980552.8665
"Congo, Dem. Rep.",COD,NY.GDP.MKTP.CD,2015,40179574490.3032
"Congo, Dem. Rep.",COD,NY.GDP.MKTP.CD,2016,38600224214.4728
"Congo, Dem. Rep.",COD,NY.GDP.MKTP.CD,2017,37537521565.5308
"Congo, Dem. Rep.",COD,NY.GDP.MKTP.CD,2018,46659954092.4862
"Congo, Dem. Rep.",COD,NY.GDP.MKTP.CD,2019,46845900350.0332
"Congo, Dem. Rep.",COD,NY.GDP.MKTP.CD,2020,46691989748.9186
"Congo, Dem. Rep.",COD,NY.GDP.MKTP.CD,2021,59067289573.5102
"Congo, Dem. Rep.",COD,NY.GDP.MKTP.CD,2022,70422346142.2023
"Congo, Dem. Rep.",COD,NY.GDP.MKTP.CD,2023,69843655425.2929
"Congo, Dem. Rep.",COD,NY.GDP.MKTP.CD,2024,75716176105.0704
"Congo, Dem. Rep.",COD,NY.GDP.MKTP.CD,2025,91030531316.9936
"Congo, Rep.",COG,NY.GDP.MKTP.CD,1960,131731862.783017
"Congo, Rep.",COG,NY.GDP.MKTP.CD,1961,151675738.926342
"Congo, Rep.",COG,NY.GDP.MKTP.CD,1962,166521239.650243
"Congo, Rep.",COG,NY.GDP.MKTP.CD,1963,172233430.657858
"Congo, Rep.",COG,NY.GDP.MKTP.CD,1964,185693724.905233
"Congo, Rep.",COG,NY.GDP.MKTP.CD,1965,198318064.028924
"Congo, Rep.",COG,NY.GDP.MKTP.CD,1966,220613581.972601
"Congo, Rep.",COG,NY.GDP.MKTP.CD,1967,237397428.13501
"Congo, Rep.",COG,NY.GDP.MKTP.CD,1968,251247457.765525
"Congo, Rep.",COG,NY.GDP.MKTP.CD,1969,265040036.417215
"Congo, Rep.",COG,NY.GDP.MKTP.CD,1970,274960699.885255
"Congo, Rep.",COG,NY.GDP.MKTP.CD,1971,322128018.955444
"Congo, Rep.",COG,NY.GDP.MKTP.CD,1972,410669263.651798
"Congo, Rep.",COG,NY.GDP.MKTP.CD,1973,541973362.610423
"Congo, Rep.",COG,NY.GDP.MKTP.CD,1974,585364634.473977
"Congo, Rep.",COG,NY.GDP.MKTP.CD,1975,767102680.239967
"Congo, Rep.",COG,NY.GDP.MKTP.CD,1976,754549601.391492
"Congo, Rep.",COG,NY.GDP.MKTP.CD,1977,765224029.286556
"Congo, Rep.",COG,NY.GDP.MKTP.CD,1978,878771772.202149
"Congo, Rep.",COG,NY.GDP.MKTP.CD,1979,1198749667.42923
"Congo, Rep.",COG,NY.GDP.MKTP.CD,1980,1705796852.89473
"Congo, Rep.",COG,NY.GDP.MKTP.CD,1981,1993512322.62391
"Congo, Rep.",COG,NY.GDP.MKTP.CD,1982,2160640564.56041
"Congo, Rep.",COG,NY.GDP.MKTP.CD,1983,2097274289.75066
"Congo, Rep.",COG,NY.GDP.MKTP.CD,1984,2193581365.34299
"Congo, Rep.",COG,NY.GDP.MKTP.CD,1985,2160872540.03175
"Congo, Rep.",COG,NY.GDP.MKTP.CD,1986,1849268212.30284
"Congo, Rep.",COG,NY.GDP.MKTP.CD,1987,2297753652.34929
"Congo, Rep.",COG,NY.GDP.MKTP.CD,1988,2212536311.99319
"Congo, Rep.",COG,NY.GDP.MKTP.CD,1989,2389593025.60339
"Congo, Rep.",COG,NY.GDP.MKTP.CD,1990,2798746050.11354
"Congo, Rep.",COG,NY.GDP.MKTP.CD,1991,2724853505.80336
"Congo, Rep.",COG,NY.GDP.MKTP.CD,1992,2933222703.0334
"Congo, Rep.",COG,NY.GDP.MKTP.CD,1993,2684323623.14372
"Congo, Rep.",COG,NY.GDP.MKTP.CD,1994,1769365437.78801
"Congo, Rep.",COG,NY.GDP.MKTP.CD,1995,2116003867.75536
"Congo, Rep.",COG,NY.GDP.MKTP.CD,1996,2540697539.05773
"Congo, Rep.",COG,NY.GDP.MKTP.CD,1997,2322719102.6909
"Congo, Rep.",COG,NY.GDP.MKTP.CD,1998,1949481379.21951
"Congo, Rep.",COG,NY.GDP.MKTP.CD,1999,2354772960.28296
"Congo, Rep.",COG,NY.GDP.MKTP.CD,2000,3227927697.57921
"Congo, Rep.",COG,NY.GDP.MKTP.CD,2001,2796704604.03812
"Congo, Rep.",COG,NY.GDP.MKTP.CD,2002,3034250923.97726
"Congo, Rep.",COG,NY.GDP.MKTP.CD,2003,3503723087.74483
"Congo, Rep.",COG,NY.GDP.MKTP.CD,2004,4656974940.12721
"Congo, Rep.",COG,NY.GDP.MKTP.CD,2005,6650001680.48544
"Congo, Rep.",COG,NY.GDP.MKTP.CD,2006,8072305029.06514
"Congo, Rep.",COG,NY.GDP.MKTP.CD,2007,8782703436.70188
"Congo, Rep.",COG,NY.GDP.MKTP.CD,2008,11649857673.4436
"Congo, Rep.",COG,NY.GDP.MKTP.CD,2009,9723299915.25312
"Congo, Rep.",COG,NY.GDP.MKTP.CD,2010,13148396211.5955
"Congo, Rep.",COG,NY.GDP.MKTP.CD,2011,15655383576.6515
"Congo, Rep.",COG,NY.GDP.MKTP.CD,2012,17692911296.3044
"Congo, Rep.",COG,NY.GDP.MKTP.CD,2013,17958720699.0868
"Congo, Rep.",COG,NY.GDP.MKTP.CD,2014,17919321078.0284
"Congo, Rep.",COG,NY.GDP.MKTP.CD,2015,12434793867.3568
"Congo, Rep.",COG,NY.GDP.MKTP.CD,2016,10931328150.8478
"Congo, Rep.",COG,NY.GDP.MKTP.CD,2017,11834473039.3645
"Congo, Rep.",COG,NY.GDP.MKTP.CD,2018,14773900288.5135
"Congo, Rep.",COG,NY.GDP.MKTP.CD,2019,13976637779.9763
"Congo, Rep.",COG,NY.GDP.MKTP.CD,2020,11468687464.0046
"Congo, Rep.",COG,NY.GDP.MKTP.CD,2021,14825690210.9157
"Congo, Rep.",COG,NY.GDP.MKTP.CD,2022,15817030154.6941
"Congo, Rep.",COG,NY.GDP.MKTP.CD,2023,15321055822.5167
"Congo, Rep.",COG,NY.GDP.MKTP.CD,2024,15719986076.6464
"Congo, Rep.",COG,NY.GDP.MKTP.CD,2025,16306633778.765
Colombia,COL,NY.GDP.MKTP.CD,1960,4031152976.63904
Colombia,COL,NY.GDP.MKTP.CD,1961,4540447761.19403
Colombia,COL,NY.GDP.MKTP.CD,1962,4955543963.36869
Colombia,COL,NY.GDP.MKTP.CD,1963,4836166666.66667
Colombia,COL,NY.GDP.MKTP.CD,1964,5973366666.66667
Colombia,COL,NY.GDP.MKTP.CD,1965,5760761904.7619
Colombia,COL,NY.GDP.MKTP.CD,1966,5428518518.51852
Colombia,COL,NY.GDP.MKTP.CD,1967,5825170438.48704
Colombia,COL,NY.GDP.MKTP.CD,1968,5960212869.12968
Colombia,COL,NY.GDP.MKTP.CD,1969,6450175213.74923
Colombia,COL,NY.GDP.MKTP.CD,1970,7198360460.19887
Colombia,COL,NY.GDP.MKTP.CD,1971,7820380970.53674
Colombia,COL,NY.GDP.MKTP.CD,1972,8671358732.68486
Colombia,COL,NY.GDP.MKTP.CD,1973,10315760000.3394
Colombia,COL,NY.GDP.MKTP.CD,1974,12370029583.6419
Colombia,COL,NY.GDP.MKTP.CD,1975,13098633901.8673
Colombia,COL,NY.GDP.MKTP.CD,1976,15341403660.4698
Colombia,COL,NY.GDP.MKTP.CD,1977,19470960619.1297
Colombia,COL,NY.GDP.MKTP.CD,1978,23263511958.0509
Colombia,COL,NY.GDP.MKTP.CD,1979,27940411250.2732
Colombia,COL,NY.GDP.MKTP.CD,1980,33400735644.0481
Colombia,COL,NY.GDP.MKTP.CD,1981,36388366869.0309
Colombia,COL,NY.GDP.MKTP.CD,1982,38968039721.748
Colombia,COL,NY.GDP.MKTP.CD,1983,38729822781.5997
Colombia,COL,NY.GDP.MKTP.CD,1984,38253120737.9671
Colombia,COL,NY.GDP.MKTP.CD,1985,34894411351.983
Colombia,COL,NY.GDP.MKTP.CD,1986,34942489683.9712
Colombia,COL,NY.GDP.MKTP.CD,1987,36373307085.0887
Colombia,COL,NY.GDP.MKTP.CD,1988,39212550050.4223
Colombia,COL,NY.GDP.MKTP.CD,1989,39540080200.3938
Colombia,COL,NY.GDP.MKTP.CD,1990,47844090709.9908
Colombia,COL,NY.GDP.MKTP.CD,1991,49175565911.0655
Colombia,COL,NY.GDP.MKTP.CD,1992,58418985443.3172
Colombia,COL,NY.GDP.MKTP.CD,1993,66446804802.5747
Colombia,COL,NY.GDP.MKTP.CD,1994,81703500846.0364
Colombia,COL,NY.GDP.MKTP.CD,1995,92507279383.0387
Colombia,COL,NY.GDP.MKTP.CD,1996,97160109277.8087
Colombia,COL,NY.GDP.MKTP.CD,1997,106659508271.255
Colombia,COL,NY.GDP.MKTP.CD,1998,98443739941.1664
Colombia,COL,NY.GDP.MKTP.CD,1999,86186158684.7685
Colombia,COL,NY.GDP.MKTP.CD,2000,99875074951.0278
Colombia,COL,NY.GDP.MKTP.CD,2001,98200641203.3892
Colombia,COL,NY.GDP.MKTP.CD,2002,97945812802.8882
Colombia,COL,NY.GDP.MKTP.CD,2003,94644969157.0987
Colombia,COL,NY.GDP.MKTP.CD,2004,117092416666.245
Colombia,COL,NY.GDP.MKTP.CD,2005,145600529605.803
Colombia,COL,NY.GDP.MKTP.CD,2006,161792958904.864
Colombia,COL,NY.GDP.MKTP.CD,2007,206229540926.312
Colombia,COL,NY.GDP.MKTP.CD,2008,242504150472.931
Colombia,COL,NY.GDP.MKTP.CD,2009,232468663109.595
Colombia,COL,NY.GDP.MKTP.CD,2010,286498534094.963
Colombia,COL,NY.GDP.MKTP.CD,2011,334966134804.887
Colombia,COL,NY.GDP.MKTP.CD,2012,370691143018.039
Colombia,COL,NY.GDP.MKTP.CD,2013,382093697077.685
Colombia,COL,NY.GDP.MKTP.CD,2014,381240864422.407
Colombia,COL,NY.GDP.MKTP.CD,2015,293492370193.166
Colombia,COL,NY.GDP.MKTP.CD,2016,282720100286.228
Colombia,COL,NY.GDP.MKTP.CD,2017,311866875156.879
Colombia,COL,NY.GDP.MKTP.CD,2018,334198218098.276
Colombia,COL,NY.GDP.MKTP.CD,2019,323031701192.84
Colombia,COL,NY.GDP.MKTP.CD,2020,270348342541.465
Colombia,COL,NY.GDP.MKTP.CD,2021,318524633225.395
Colombia,COL,NY.GDP.MKTP.CD,2022,345632492851.448
Colombia,COL,NY.GDP.MKTP.CD,2023,366901643683.302
Colombia,COL,NY.GDP.MKTP.CD,2024,420504033143.211
Colombia,COL,NY.GDP.MKTP.CD,2025,457410034202.523
Comoros,COM,NY.GDP.MKTP.CD,1980,243390495.918962
Comoros,COM,NY.GDP.MKTP.CD,1981,212958381.535437
Comoros,COM,NY.GDP.MKTP.CD,1982,202152461.76282
Comoros,COM,NY.GDP.MKTP.CD,1983,196193379.743828
Comoros,COM,NY.GDP.MKTP.CD,1984,189102734.154019
Comoros,COM,NY.GDP.MKTP.CD,1985,191944891.602832
Comoros,COM,NY.GDP.MKTP.CD,1986,258143902.889842
Comoros,COM,NY.GDP.MKTP.CD,1987,313292322.956214
Comoros,COM,NY.GDP.MKTP.CD,1988,336422522.407114
Comoros,COM,NY.GDP.MKTP.CD,1989,328665080.847046
Comoros,COM,NY.GDP.MKTP.CD,1990,401561021.549642
Comoros,COM,NY.GDP.MKTP.CD,1991,400592662.610246
Comoros,COM,NY.GDP.MKTP.CD,1992,436552922.121696
Comoros,COM,NY.GDP.MKTP.CD,1993,427750822.87347
Comoros,COM,NY.GDP.MKTP.CD,1994,314789556.044396
Comoros,COM,NY.GDP.MKTP.CD,1995,392774713.634182
Comoros,COM,NY.GDP.MKTP.CD,1996,392488148.725187
Comoros,COM,NY.GDP.MKTP.CD,1997,362816806.134452
Comoros,COM,NY.GDP.MKTP.CD,1998,363932160.233771
Comoros,COM,NY.GDP.MKTP.CD,1999,371921712.454518
Comoros,COM,NY.GDP.MKTP.CD,2000,339504306.290689
Comoros,COM,NY.GDP.MKTP.CD,2001,372746486.166796
Comoros,COM,NY.GDP.MKTP.CD,2002,427360070.324544
Comoros,COM,NY.GDP.MKTP.CD,2003,546830040.540273
Comoros,COM,NY.GDP.MKTP.CD,2004,622679660.37137
Comoros,COM,NY.GDP.MKTP.CD,2005,655375095.906176
Comoros,COM,NY.GDP.MKTP.CD,2006,688498641.512529
Comoros,COM,NY.GDP.MKTP.CD,2007,795673152.867077
Comoros,COM,NY.GDP.MKTP.CD,2008,915659107.965823
Comoros,COM,NY.GDP.MKTP.CD,2009,905341172.70583
Comoros,COM,NY.GDP.MKTP.CD,2010,907979446.419588
Comoros,COM,NY.GDP.MKTP.CD,2011,1023087475.68355
Comoros,COM,NY.GDP.MKTP.CD,2012,1015842906.66403
Comoros,COM,NY.GDP.MKTP.CD,2013,1116223107.03168
Comoros,COM,NY.GDP.MKTP.CD,2014,1149587562.06748
Comoros,COM,NY.GDP.MKTP.CD,2015,966029600.862227
Comoros,COM,NY.GDP.MKTP.CD,2016,1012835493.19325
Comoros,COM,NY.GDP.MKTP.CD,2017,1077439756.59451
Comoros,COM,NY.GDP.MKTP.CD,2018,1188797449.38584
Comoros,COM,NY.GDP.MKTP.CD,2019,1195019531.9011
Comoros,COM,NY.GDP.MKTP.CD,2020,1225039196.61091
Comoros,COM,NY.GDP.MKTP.CD,2021,1299039312.22277
Comoros,COM,NY.GDP.MKTP.CD,2022,1279542248.96288
Comoros,COM,NY.GDP.MKTP.CD,2023,1465977684.31307
Comoros,COM,NY.GDP.MKTP.CD,2024,1610082688.26617
Comoros,COM,NY.GDP.MKTP.CD,2025,1814920856.27026
Cabo Verde,CPV,NY.GDP.MKTP.CD,1980,142246815.345007
Cabo Verde,CPV,NY.GDP.MKTP.CD,1981,139468209.116206
Cabo Verde,CPV,NY.GDP.MKTP.CD,1982,140630678.983478
Cabo Verde,CPV,NY.GDP.MKTP.CD,1983,138476175.620363
Cabo Verde,CPV,NY.GDP.MKTP.CD,1984,132019038.591628
Cabo Verde,CPV,NY.GDP.MKTP.CD,1985,137728204.813735
Cabo Verde,CPV,NY.GDP.MKTP.CD,1986,190651167.559385
Cabo Verde,CPV,NY.GDP.MKTP.CD,1987,235253064.70982
Cabo Verde,CPV,NY.GDP.MKTP.CD,1988,264308140.285149
Cabo Verde,CPV,NY.GDP.MKTP.CD,1989,267448571.414611
Cabo Verde,CPV,NY.GDP.MKTP.CD,1990,306890962.649533
Cabo Verde,CPV,NY.GDP.MKTP.CD,1991,319827058.592875
Cabo Verde,CPV,NY.GDP.MKTP.CD,1992,357160985.327413
Cabo Verde,CPV,NY.GDP.MKTP.CD,1993,490417389.682569
Cabo Verde,CPV,NY.GDP.MKTP.CD,1994,406580652.330537
Cabo Verde,CPV,NY.GDP.MKTP.CD,1995,487148993.533109
Cabo Verde,CPV,NY.GDP.MKTP.CD,1996,501979269.843942
Cabo Verde,CPV,NY.GDP.MKTP.CD,1997,490608657.924976
Cabo Verde,CPV,NY.GDP.MKTP.CD,1998,521910560.524868
Cabo Verde,CPV,NY.GDP.MKTP.CD,1999,592416703.058878
Cabo Verde,CPV,NY.GDP.MKTP.CD,2000,539227277.626411
Cabo Verde,CPV,NY.GDP.MKTP.CD,2001,563090490.377368
Cabo Verde,CPV,NY.GDP.MKTP.CD,2002,620507387.466174
Cabo Verde,CPV,NY.GDP.MKTP.CD,2003,813260468.873834
Cabo Verde,CPV,NY.GDP.MKTP.CD,2004,924940011.836897
Cabo Verde,CPV,NY.GDP.MKTP.CD,2005,972241676.907662
Cabo Verde,CPV,NY.GDP.MKTP.CD,2006,1107571457.90614
Cabo Verde,CPV,NY.GDP.MKTP.CD,2007,1649621738.63689
Cabo Verde,CPV,NY.GDP.MKTP.CD,2008,1959620648.31578
Cabo Verde,CPV,NY.GDP.MKTP.CD,2009,1852334575.17521
Cabo Verde,CPV,NY.GDP.MKTP.CD,2010,1824751467.92957
Cabo Verde,CPV,NY.GDP.MKTP.CD,2011,2046817987.20109
Cabo Verde,CPV,NY.GDP.MKTP.CD,2012,1913081210.41411
Cabo Verde,CPV,NY.GDP.MKTP.CD,2013,2028910915.16446
Cabo Verde,CPV,NY.GDP.MKTP.CD,2014,2041930125.42979
Cabo Verde,CPV,NY.GDP.MKTP.CD,2015,1749857620.35329
Cabo Verde,CPV,NY.GDP.MKTP.CD,2016,1849789985.99572
Cabo Verde,CPV,NY.GDP.MKTP.CD,2017,1996741539.95088
Cabo Verde,CPV,NY.GDP.MKTP.CD,2018,2205099506.99994
Cabo Verde,CPV,NY.GDP.MKTP.CD,2019,2252177124.32402
Cabo Verde,CPV,NY.GDP.MKTP.CD,2020,1821565613.68613
Cabo Verde,CPV,NY.GDP.MKTP.CD,2021,2051842618.70539
Cabo Verde,CPV,NY.GDP.MKTP.CD,2022,2247003344.34242
Cabo Verde,CPV,NY.GDP.MKTP.CD,2023,2504525537.51069
Cabo Verde,CPV,NY.GDP.MKTP.CD,2024,2713721857.39153
Cabo Verde,CPV,NY.GDP.MKTP.CD,2025,3056630435.32463
Costa Rica,CRI,NY.GDP.MKTP.CD,1960,507513829.994855
Costa Rica,CRI,NY.GDP.MKTP.CD,1961,490325181.614275
Costa Rica,CRI,NY.GDP.MKTP.CD,1962,479180824.348506
Costa Rica,CRI,NY.GDP.MKTP.CD,1963,511902136.809973
Costa Rica,CRI,NY.GDP.MKTP.CD,1964,542578367.242598
Costa Rica,CRI,NY.GDP.MKTP.CD,1965,592981162.264151
Costa Rica,CRI,NY.GDP.MKTP.CD,1966,647305630.188679
Costa Rica,CRI,NY.GDP.MKTP.CD,1967,699456618.867925
Costa Rica,CRI,NY.GDP.MKTP.CD,1968,773841494.339623
Costa Rica,CRI,NY.GDP.MKTP.CD,1969,853630203.773585
Costa Rica,CRI,NY.GDP.MKTP.CD,1970,984830158.490566
Costa Rica,CRI,NY.GDP.MKTP.CD,1971,1077147537.52472
Costa Rica,CRI,NY.GDP.MKTP.CD,1972,1238251695.55388
Costa Rica,CRI,NY.GDP.MKTP.CD,1973,1528925846.25467
Costa Rica,CRI,NY.GDP.MKTP.CD,1974,1666544754.09836
Costa Rica,CRI,NY.GDP.MKTP.CD,1975,1960863465.5776
Costa Rica,CRI,NY.GDP.MKTP.CD,1976,2412555425.90432
Costa Rica,CRI,NY.GDP.MKTP.CD,1977,3072427012.83547
Costa Rica,CRI,NY.GDP.MKTP.CD,1978,3523208809.80163
Costa Rica,CRI,NY.GDP.MKTP.CD,1979,4035519323.22054
Costa Rica,CRI,NY.GDP.MKTP.CD,1980,4831447001.16686
Costa Rica,CRI,NY.GDP.MKTP.CD,1981,2623803095.78501
Costa Rica,CRI,NY.GDP.MKTP.CD,1982,2606623554.56582
Costa Rica,CRI,NY.GDP.MKTP.CD,1983,3146772630.77263
Costa Rica,CRI,NY.GDP.MKTP.CD,1984,3660477856.22977
Costa Rica,CRI,NY.GDP.MKTP.CD,1985,3919203960.39604
Costa Rica,CRI,NY.GDP.MKTP.CD,1986,4418983870.96774
Costa Rica,CRI,NY.GDP.MKTP.CD,1987,4532952047.15628
Costa Rica,CRI,NY.GDP.MKTP.CD,1988,4614629898.40348
Costa Rica,CRI,NY.GDP.MKTP.CD,1989,5251025767.47627
Costa Rica,CRI,NY.GDP.MKTP.CD,1990,5711687786.75989
Costa Rica,CRI,NY.GDP.MKTP.CD,1991,7215725634.72564
Costa Rica,CRI,NY.GDP.MKTP.CD,1992,8579754953.07612
Costa Rica,CRI,NY.GDP.MKTP.CD,1993,9564816062.90368
Costa Rica,CRI,NY.GDP.MKTP.CD,1994,10489903833.9065
Costa Rica,CRI,NY.GDP.MKTP.CD,1995,11578594332.7952
Costa Rica,CRI,NY.GDP.MKTP.CD,1996,11678424726.7825
Costa Rica,CRI,NY.GDP.MKTP.CD,1997,12614602321.5821
Costa Rica,CRI,NY.GDP.MKTP.CD,1998,13684255997.5116
Costa Rica,CRI,NY.GDP.MKTP.CD,1999,14254866283.9541
Costa Rica,CRI,NY.GDP.MKTP.CD,2000,15013629579.1557
Costa Rica,CRI,NY.GDP.MKTP.CD,2001,15976174476.2368
Costa Rica,CRI,NY.GDP.MKTP.CD,2002,16578820799.2885
Costa Rica,CRI,NY.GDP.MKTP.CD,2003,17271760397.3311
Costa Rica,CRI,NY.GDP.MKTP.CD,2004,18610594843.9248
Costa Rica,CRI,NY.GDP.MKTP.CD,2005,20040642420.6914
Costa Rica,CRI,NY.GDP.MKTP.CD,2006,22715540342.2983
Costa Rica,CRI,NY.GDP.MKTP.CD,2007,26884700687.8286
Costa Rica,CRI,NY.GDP.MKTP.CD,2008,30801745703.3018
Costa Rica,CRI,NY.GDP.MKTP.CD,2009,30745714234.4959
Costa Rica,CRI,NY.GDP.MKTP.CD,2010,37658616965.6866
Costa Rica,CRI,NY.GDP.MKTP.CD,2011,42762613784.989
Costa Rica,CRI,NY.GDP.MKTP.CD,2012,47231655492.7812
Costa Rica,CRI,NY.GDP.MKTP.CD,2013,50949668762.8328
Costa Rica,CRI,NY.GDP.MKTP.CD,2014,52016408816.1842
Costa Rica,CRI,NY.GDP.MKTP.CD,2015,56441920888.425
Costa Rica,CRI,NY.GDP.MKTP.CD,2016,58847019587.626
Costa Rica,CRI,NY.GDP.MKTP.CD,2017,60516044660.7496
Costa Rica,CRI,NY.GDP.MKTP.CD,2018,62567765946.2665
Costa Rica,CRI,NY.GDP.MKTP.CD,2019,64753504730.018
Costa Rica,CRI,NY.GDP.MKTP.CD,2020,62806591554.7345
Costa Rica,CRI,NY.GDP.MKTP.CD,2021,65588938787.0243
Costa Rica,CRI,NY.GDP.MKTP.CD,2022,71001226360.8008
Costa Rica,CRI,NY.GDP.MKTP.CD,2023,87512637055.7736
Costa Rica,CRI,NY.GDP.MKTP.CD,2024,96715644330.6612
Costa Rica,CRI,NY.GDP.MKTP.CD,2025,102904921157.478
Caribbean small states,CSS,NY.GDP.MKTP.CD,1960,1165303060.28689
Caribbean small states,CSS,NY.GDP.MKTP.CD,1961,1272022469.10602
Caribbean small states,CSS,NY.GDP.MKTP.CD,1962,1356047349.50434
Caribbean small states,CSS,NY.GDP.MKTP.CD,1963,1447988752.00055
Caribbean small states,CSS,NY.GDP.MKTP.CD,1964,1546223257.5277
Caribbean small states,CSS,NY.GDP.MKTP.CD,1965,1658476310.98942
Caribbean small states,CSS,NY.GDP.MKTP.CD,1966,1763304085.16679
Caribbean small states,CSS,NY.GDP.MKTP.CD,1967,1929997389.27725
Caribbean small states,CSS,NY.GDP.MKTP.CD,1968,1980508885.71067
Caribbean small states,CSS,NY.GDP.MKTP.CD,1969,2152507805.36929
Caribbean small states,CSS,NY.GDP.MKTP.CD,1970,2268330542.34162
Caribbean small states,CSS,NY.GDP.MKTP.CD,1971,2457968135.09375
Caribbean small states,CSS,NY.GDP.MKTP.CD,1972,2734457344.69049
Caribbean small states,CSS,NY.GDP.MKTP.CD,1973,3173389131.65134
Caribbean small states,CSS,NY.GDP.MKTP.CD,1974,4201310614.82803
Caribbean small states,CSS,NY.GDP.MKTP.CD,1975,4819825581.33935
Caribbean small states,CSS,NY.GDP.MKTP.CD,1976,4937767512.99323
Caribbean small states,CSS,NY.GDP.MKTP.CD,1977,5937525886.22228
Caribbean small states,CSS,NY.GDP.MKTP.CD,1978,6776416498.50876
Caribbean small states,CSS,NY.GDP.MKTP.CD,1979,8405785521.3914
Caribbean small states,CSS,NY.GDP.MKTP.CD,1980,10876340879.3427
Caribbean small states,CSS,NY.GDP.MKTP.CD,1981,11977463255.1586
Caribbean small states,CSS,NY.GDP.MKTP.CD,1982,13292712867.0251
Caribbean small states,CSS,NY.GDP.MKTP.CD,1983,13189051711.1814
Caribbean small states,CSS,NY.GDP.MKTP.CD,1984,13689070378.9541
Caribbean small states,CSS,NY.GDP.MKTP.CD,1985,13794627075.9123
Caribbean small states,CSS,NY.GDP.MKTP.CD,1986,11773697053.1201
Caribbean small states,CSS,NY.GDP.MKTP.CD,1987,12334469174.3296
Caribbean small states,CSS,NY.GDP.MKTP.CD,1988,12745727415.7592
Caribbean small states,CSS,NY.GDP.MKTP.CD,1989,12606272526.7095
Caribbean small states,CSS,NY.GDP.MKTP.CD,1990,13573367099.5127
Caribbean small states,CSS,NY.GDP.MKTP.CD,1991,13946896742.2113
Caribbean small states,CSS,NY.GDP.MKTP.CD,1992,14242986936.367
Caribbean small states,CSS,NY.GDP.MKTP.CD,1993,13815833341.5092
Caribbean small states,CSS,NY.GDP.MKTP.CD,1994,14793002834.8762
Caribbean small states,CSS,NY.GDP.MKTP.CD,1995,15732201525.3694
Caribbean small states,CSS,NY.GDP.MKTP.CD,1996,16941993239.8086
Caribbean small states,CSS,NY.GDP.MKTP.CD,1997,20074931520.308
Caribbean small states,CSS,NY.GDP.MKTP.CD,1998,21643804665.0628
Caribbean small states,CSS,NY.GDP.MKTP.CD,1999,23393912390.0523
Caribbean small states,CSS,NY.GDP.MKTP.CD,2000,25625542926.4456
Caribbean small states,CSS,NY.GDP.MKTP.CD,2001,26504661126.1591
Caribbean small states,CSS,NY.GDP.MKTP.CD,2002,27742046925.4435
Caribbean small states,CSS,NY.GDP.MKTP.CD,2003,30589389405.8968
Caribbean small states,CSS,NY.GDP.MKTP.CD,2004,33597817092.3498
Caribbean small states,CSS,NY.GDP.MKTP.CD,2005,38224293958.7281
Caribbean small states,CSS,NY.GDP.MKTP.CD,2006,44325879983.2222
Caribbean small states,CSS,NY.GDP.MKTP.CD,2007,49739222993.1148
Caribbean small states,CSS,NY.GDP.MKTP.CD,2008,57296315261.9305
Caribbean small states,CSS,NY.GDP.MKTP.CD,2009,47913515379.1154
Caribbean small states,CSS,NY.GDP.MKTP.CD,2010,52803409572.0273
Caribbean small states,CSS,NY.GDP.MKTP.CD,2011,56728212756.0989
Caribbean small states,CSS,NY.GDP.MKTP.CD,2012,60152214325.0841
Caribbean small states,CSS,NY.GDP.MKTP.CD,2013,62057809452.4886
Caribbean small states,CSS,NY.GDP.MKTP.CD,2014,64139344973.1037
Caribbean small states,CSS,NY.GDP.MKTP.CD,2015,62546622822.0285
Caribbean small states,CSS,NY.GDP.MKTP.CD,2016,58077597799.5106
Caribbean small states,CSS,NY.GDP.MKTP.CD,2017,59854333034.3488
Caribbean small states,CSS,NY.GDP.MKTP.CD,2018,61251232769.8672
Caribbean small states,CSS,NY.GDP.MKTP.CD,2019,62185048912.3359
Caribbean small states,CSS,NY.GDP.MKTP.CD,2020,53339533047.3726
Caribbean small states,CSS,NY.GDP.MKTP.CD,2021,62692425791.373
Caribbean small states,CSS,NY.GDP.MKTP.CD,2022,78475897832.9531
Caribbean small states,CSS,NY.GDP.MKTP.CD,2023,79594075306.6477
Caribbean small states,CSS,NY.GDP.MKTP.CD,2024,90434300483.4678
Caribbean small states,CSS,NY.GDP.MKTP.CD,2025,95141207521.3621
Cuba,CUB,NY.GDP.MKTP.CD,1970,5693005200.0
Cuba,CUB,NY.GDP.MKTP.CD,1971,6914658400.0
Cuba,CUB,NY.GDP.MKTP.CD,1972,8135150891.92025
Cuba,CUB,NY.GDP.MKTP.CD,1973,9987709650.18094
Cuba,CUB,NY.GDP.MKTP.CD,1974,11405957317.0732
Cuba,CUB,NY.GDP.MKTP.CD,1975,13027415243.9024
Cuba,CUB,NY.GDP.MKTP.CD,1976,13789579902.5579
Cuba,CUB,NY.GDP.MKTP.CD,1977,14206158674.6988
Cuba,CUB,NY.GDP.MKTP.CD,1978,17844705324.6753
Cuba,CUB,NY.GDP.MKTP.CD,1979,19584443287.6712
Cuba,CUB,NY.GDP.MKTP.CD,1980,19912889861.1111
Cuba,CUB,NY.GDP.MKTP.CD,1981,20150254096.3855
Cuba,CUB,NY.GDP.MKTP.CD,1982,20953510235.2941
Cuba,CUB,NY.GDP.MKTP.CD,1983,22204940512.2235
Cuba,CUB,NY.GDP.MKTP.CD,1984,24039383608.4235
Cuba,CUB,NY.GDP.MKTP.CD,1985,22920490774.102
Cuba,CUB,NY.GDP.MKTP.CD,1986,24226574634.0293
Cuba,CUB,NY.GDP.MKTP.CD,1987,25213935012.0819
Cuba,CUB,NY.GDP.MKTP.CD,1988,27458999472.2955
Cuba,CUB,NY.GDP.MKTP.CD,1989,27023468665.8977
Cuba,CUB,NY.GDP.MKTP.CD,1990,28645436569.1489
Cuba,CUB,NY.GDP.MKTP.CD,1991,24316556025.6585
Cuba,CUB,NY.GDP.MKTP.CD,1992,22085858243.2432
Cuba,CUB,NY.GDP.MKTP.CD,1993,22367254864.8649
Cuba,CUB,NY.GDP.MKTP.CD,1994,28448326756.7568
Cuba,CUB,NY.GDP.MKTP.CD,1995,30429803651.2192
Cuba,CUB,NY.GDP.MKTP.CD,1996,25017368700.0
Cuba,CUB,NY.GDP.MKTP.CD,1997,25365908100.0
Cuba,CUB,NY.GDP.MKTP.CD,1998,25736331200.0
Cuba,CUB,NY.GDP.MKTP.CD,1999,28364615200.0
Cuba,CUB,NY.GDP.MKTP.CD,2000,30565400000.0
Cuba,CUB,NY.GDP.MKTP.CD,2001,31682400000.0
Cuba,CUB,NY.GDP.MKTP.CD,2002,33590500000.0
Cuba,CUB,NY.GDP.MKTP.CD,2003,35901200000.0
Cuba,CUB,NY.GDP.MKTP.CD,2004,38203000000.0
Cuba,CUB,NY.GDP.MKTP.CD,2005,42643836100.0
Cuba,CUB,NY.GDP.MKTP.CD,2006,48835925925.9259
Cuba,CUB,NY.GDP.MKTP.CD,2007,54262870370.3704
Cuba,CUB,NY.GDP.MKTP.CD,2008,56302129629.6296
Cuba,CUB,NY.GDP.MKTP.CD,2009,57481481481.4815
Cuba,CUB,NY.GDP.MKTP.CD,2010,59562962962.963
Cuba,CUB,NY.GDP.MKTP.CD,2011,68990000000.0
Cuba,CUB,NY.GDP.MKTP.CD,2012,73141000000.0
Cuba,CUB,NY.GDP.MKTP.CD,2013,77148000000.0
Cuba,CUB,NY.GDP.MKTP.CD,2014,80656100000.0
Cuba,CUB,NY.GDP.MKTP.CD,2015,87132800000.0
Cuba,CUB,NY.GDP.MKTP.CD,2016,91370407900.0
Cuba,CUB,NY.GDP.MKTP.CD,2017,96850649700.0
Cuba,CUB,NY.GDP.MKTP.CD,2018,100050036100.0
Cuba,CUB,NY.GDP.MKTP.CD,2019,103427600000.0
Cuba,CUB,NY.GDP.MKTP.CD,2020,107352000000.0
Curacao,CUW,NY.GDP.MKTP.CD,2000,2120511229.05028
Curacao,CUW,NY.GDP.MKTP.CD,2001,2143450726.25698
Curacao,CUW,NY.GDP.MKTP.CD,2002,2160784692.73743
Curacao,CUW,NY.GDP.MKTP.CD,2003,2202117374.30168
Curacao,CUW,NY.GDP.MKTP.CD,2004,2237160502.7933
Curacao,CUW,NY.GDP.MKTP.CD,2005,2344637262.56983
Curacao,CUW,NY.GDP.MKTP.CD,2006,2457581731.84358
Curacao,CUW,NY.GDP.MKTP.CD,2007,2593831508.37989
Curacao,CUW,NY.GDP.MKTP.CD,2008,2833476145.2514
Curacao,CUW,NY.GDP.MKTP.CD,2009,2869153184.35754
Curacao,CUW,NY.GDP.MKTP.CD,2010,2951342793.29609
Curacao,CUW,NY.GDP.MKTP.CD,2011,2930092234.63687
Curacao,CUW,NY.GDP.MKTP.CD,2012,3012836256.98324
Curacao,CUW,NY.GDP.MKTP.CD,2013,3033568603.35196
Curacao,CUW,NY.GDP.MKTP.CD,2014,3059406983.24022
Curacao,CUW,NY.GDP.MKTP.CD,2015,3058779217.87709
Curacao,CUW,NY.GDP.MKTP.CD,2016,3024690167.59777
Curacao,CUW,NY.GDP.MKTP.CD,2017,3033433240.22346
Curacao,CUW,NY.GDP.MKTP.CD,2018,3046364804.46927
Curacao,CUW,NY.GDP.MKTP.CD,2019,3026124134.07821
Curacao,CUW,NY.GDP.MKTP.CD,2020,2534327597.76536
Curacao,CUW,NY.GDP.MKTP.CD,2021,2739594357.5419
Curacao,CUW,NY.GDP.MKTP.CD,2022,3075180837.98883
Curacao,CUW,NY.GDP.MKTP.CD,2023,3281419329.60894
Curacao,CUW,NY.GDP.MKTP.CD,2024,3561178212.2905
Cayman Islands,CYM,NY.GDP.MKTP.CD,2006,4200288241.15296
Cayman Islands,CYM,NY.GDP.MKTP.CD,2007,4466278065.11226
Cayman Islands,CYM,NY.GDP.MKTP.CD,2008,4585949023.79609
Cayman Islands,CYM,NY.GDP.MKTP.CD,2009,4281714566.85827
Cayman Islands,CYM,NY.GDP.MKTP.CD,2010,4156841107.36443
Cayman Islands,CYM,NY.GDP.MKTP.CD,2011,4186073104.29242
Cayman Islands,CYM,NY.GDP.MKTP.CD,2012,4291004524.0181
Cayman Islands,CYM,NY.GDP.MKTP.CD,2013,4405796023.18409
Cayman Islands,CYM,NY.GDP.MKTP.CD,2014,4562853611.41445
Cayman Islands,CYM,NY.GDP.MKTP.CD,2015,4708167232.66893
Cayman Islands,CYM,NY.GDP.MKTP.CD,2016,4909322237.28895
Cayman Islands,CYM,NY.GDP.MKTP.CD,2017,5166281305.12522
Cayman Islands,CYM,NY.GDP.MKTP.CD,2018,5530178440.71376
Cayman Islands,CYM,NY.GDP.MKTP.CD,2019,5941896607.58643
Cayman Islands,CYM,NY.GDP.MKTP.CD,2020,5655357984.24218
Cayman Islands,CYM,NY.GDP.MKTP.CD,2021,6060813808.15072
Cayman Islands,CYM,NY.GDP.MKTP.CD,2022,6653516041.43929
Cayman Islands,CYM,NY.GDP.MKTP.CD,2023,7308564549.28678
Cayman Islands,CYM,NY.GDP.MKTP.CD,2024,7765336505.34319
Cyprus,CYP,NY.GDP.MKTP.CD,1975,489912574.305146
Cyprus,CYP,NY.GDP.MKTP.CD,1976,576090073.715036
Cyprus,CYP,NY.GDP.MKTP.CD,1977,734876021.128049
Cyprus,CYP,NY.GDP.MKTP.CD,1978,964024364.43274
Cyprus,CYP,NY.GDP.MKTP.CD,1979,1288699776.05059
Cyprus,CYP,NY.GDP.MKTP.CD,1980,2154311276.94859
Cyprus,CYP,NY.GDP.MKTP.CD,1981,2087496373.77964
Cyprus,CYP,NY.GDP.MKTP.CD,1982,2159242416.76942
Cyprus,CYP,NY.GDP.MKTP.CD,1983,2160364071.19021
Cyprus,CYP,NY.GDP.MKTP.CD,1984,2278248953.14058
Cyprus,CYP,NY.GDP.MKTP.CD,1985,2430411900.19194
Cyprus,CYP,NY.GDP.MKTP.CD,1986,3090734463.27684
Cyprus,CYP,NY.GDP.MKTP.CD,1987,3704813885.50548
Cyprus,CYP,NY.GDP.MKTP.CD,1988,4278792597.23965
Cyprus,CYP,NY.GDP.MKTP.CD,1989,4563482603.5503
Cyprus,CYP,NY.GDP.MKTP.CD,1990,5591130217.66965
Cyprus,CYP,NY.GDP.MKTP.CD,1991,5770197348.48485
Cyprus,CYP,NY.GDP.MKTP.CD,1992,6912150456.32334
Cyprus,CYP,NY.GDP.MKTP.CD,1993,6590291048.29211
Cyprus,CYP,NY.GDP.MKTP.CD,1994,7425703928.57143
Cyprus,CYP,NY.GDP.MKTP.CD,1995,9933137128.07244
Cyprus,CYP,NY.GDP.MKTP.CD,1996,10011914680.0502
Cyprus,CYP,NY.GDP.MKTP.CD,1997,9547816419.61231
Cyprus,CYP,NY.GDP.MKTP.CD,1998,10248618778.2805
Cyprus,CYP,NY.GDP.MKTP.CD,1999,10497907227.616
Cyprus,CYP,NY.GDP.MKTP.CD,2000,9985847313.85485
Cyprus,CYP,NY.GDP.MKTP.CD,2001,10397898907.1038
Cyprus,CYP,NY.GDP.MKTP.CD,2002,11420228846.1538
Cyprus,CYP,NY.GDP.MKTP.CD,2003,14547329558.3239
Cyprus,CYP,NY.GDP.MKTP.CD,2004,17320551250.0
Cyprus,CYP,NY.GDP.MKTP.CD,2005,18433412510.8817
Cyprus,CYP,NY.GDP.MKTP.CD,2006,20072754986.8272
Cyprus,CYP,NY.GDP.MKTP.CD,2007,23968727073.6381
Cyprus,CYP,NY.GDP.MKTP.CD,2008,27958384913.4219
Cyprus,CYP,NY.GDP.MKTP.CD,2009,26048190775.3879
Cyprus,CYP,NY.GDP.MKTP.CD,2010,25799940416.0167
Cyprus,CYP,NY.GDP.MKTP.CD,2011,27641553201.0506
Cyprus,CYP,NY.GDP.MKTP.CD,2012,25047433099.5891
Cyprus,CYP,NY.GDP.MKTP.CD,2013,23959708956.2926
Cyprus,CYP,NY.GDP.MKTP.CD,2014,23225912183.4991
Cyprus,CYP,NY.GDP.MKTP.CD,2015,19909269064.8473
Cyprus,CYP,NY.GDP.MKTP.CD,2016,21046452117.3759
Cyprus,CYP,NY.GDP.MKTP.CD,2017,22946583375.5506
Cyprus,CYP,NY.GDP.MKTP.CD,2018,25754011492.2204
Cyprus,CYP,NY.GDP.MKTP.CD,2019,26196660680.1176
Cyprus,CYP,NY.GDP.MKTP.CD,2020,25555082266.6429
Cyprus,CYP,NY.GDP.MKTP.CD,2021,30372637513.1352
Cyprus,CYP,NY.GDP.MKTP.CD,2022,31218047043.8386
Cyprus,CYP,NY.GDP.MKTP.CD,2023,35075440602.5202
Cyprus,CYP,NY.GDP.MKTP.CD,2024,37634551820.7367
Cyprus,CYP,NY.GDP.MKTP.CD,2025,41225787247.3309
Czechia,CZE,NY.GDP.MKTP.CD,1990,41016881802.4843
Czechia,CZE,NY.GDP.MKTP.CD,1991,30071014282.3218
Czechia,CZE,NY.GDP.MKTP.CD,1992,35051065440.3962
Czechia,CZE,NY.GDP.MKTP.CD,1993,41155654032.1751
Czechia,CZE,NY.GDP.MKTP.CD,1994,48188478339.4129
Czechia,CZE,NY.GDP.MKTP.CD,1995,60572381311.2283
Czechia,CZE,NY.GDP.MKTP.CD,1996,67804105329.8557
Czechia,CZE,NY.GDP.MKTP.CD,1997,62539765163.1302
Czechia,CZE,NY.GDP.MKTP.CD,1998,67187217327.7326
Czechia,CZE,NY.GDP.MKTP.CD,1999,65586562604.8621
Czechia,CZE,NY.GDP.MKTP.CD,2000,62175642238.0847
Czechia,CZE,NY.GDP.MKTP.CD,2001,68135304463.9641
Czechia,CZE,NY.GDP.MKTP.CD,2002,82607869609.574
Czechia,CZE,NY.GDP.MKTP.CD,2003,100435924704.881
Czechia,CZE,NY.GDP.MKTP.CD,2004,120147899983.657
Czechia,CZE,NY.GDP.MKTP.CD,2005,137264185596.1
Czechia,CZE,NY.GDP.MKTP.CD,2006,156236258386.589
Czechia,CZE,NY.GDP.MKTP.CD,2007,190040702286.917
Czechia,CZE,NY.GDP.MKTP.CD,2008,236506264753.95
Czechia,CZE,NY.GDP.MKTP.CD,2009,206971882704.716
Czechia,CZE,NY.GDP.MKTP.CD,2010,211168667286.27
Czechia,CZE,NY.GDP.MKTP.CD,2011,231429378717.312
Czechia,CZE,NY.GDP.MKTP.CD,2012,210363223087.728
Czechia,CZE,NY.GDP.MKTP.CD,2013,213024360541.119
Czechia,CZE,NY.GDP.MKTP.CD,2014,210911285077.683
Czechia,CZE,NY.GDP.MKTP.CD,2015,189107698561.919
Czechia,CZE,NY.GDP.MKTP.CD,2016,198160659303.939
Czechia,CZE,NY.GDP.MKTP.CD,2017,221563575696.217
Czechia,CZE,NY.GDP.MKTP.CD,2018,251992360762.236
Czechia,CZE,NY.GDP.MKTP.CD,2019,256794209028.77
Czechia,CZE,NY.GDP.MKTP.CD,2020,251109660602.536
Czechia,CZE,NY.GDP.MKTP.CD,2021,290972714482.313
Czechia,CZE,NY.GDP.MKTP.CD,2022,301831228325.556
Czechia,CZE,NY.GDP.MKTP.CD,2023,345059295659.911
Czechia,CZE,NY.GDP.MKTP.CD,2024,347082562221.377
Czechia,CZE,NY.GDP.MKTP.CD,2025,391026962800.475
Germany,DEU,NY.GDP.MKTP.CD,1960,84619845881.2608
Germany,DEU,NY.GDP.MKTP.CD,1961,96558204043.1028
Germany,DEU,NY.GDP.MKTP.CD,1962,105895435234.343
Germany,DEU,NY.GDP.MKTP.CD,1963,112232503744.1
Germany,DEU,NY.GDP.MKTP.CD,1964,123330404665.086
Germany,DEU,NY.GDP.MKTP.CD,1965,134774688191.161
Germany,DEU,NY.GDP.MKTP.CD,1966,143304275683.979
Germany,DEU,NY.GDP.MKTP.CD,1967,145100667772.69
Germany,DEU,NY.GDP.MKTP.CD,1968,156527292653.157
Germany,DEU,NY.GDP.MKTP.CD,1969,177733486326.06
Germany,DEU,NY.GDP.MKTP.CD,1970,216629229947.096
Germany,DEU,NY.GDP.MKTP.CD,1971,250900942396.699
Germany,DEU,NY.GDP.MKTP.CD,1972,300899944795.436
Germany,DEU,NY.GDP.MKTP.CD,1973,399833571167.215
Germany,DEU,NY.GDP.MKTP.CD,1974,446934971657.471
Germany,DEU,NY.GDP.MKTP.CD,1975,492434094920.105
Germany,DEU,NY.GDP.MKTP.CD,1976,521658712132.981
Germany,DEU,NY.GDP.MKTP.CD,1977,602698323085.993
Germany,DEU,NY.GDP.MKTP.CD,1978,743182891918.208
Germany,DEU,NY.GDP.MKTP.CD,1979,884574218333.155
Germany,DEU,NY.GDP.MKTP.CD,1980,953772499462.019
Germany,DEU,NY.GDP.MKTP.CD,1981,803404797057.551
Germany,DEU,NY.GDP.MKTP.CD,1982,779421633755.138
Germany,DEU,NY.GDP.MKTP.CD,1983,773507930294.906
Germany,DEU,NY.GDP.MKTP.CD,1984,727767760978.627
Germany,DEU,NY.GDP.MKTP.CD,1985,735218723093.277
Germany,DEU,NY.GDP.MKTP.CD,1986,1050092624515.9
Germany,DEU,NY.GDP.MKTP.CD,1987,1302932318824.81
Germany,DEU,NY.GDP.MKTP.CD,1988,1406367016371.53
Germany,DEU,NY.GDP.MKTP.CD,1989,1404092925205.45
Germany,DEU,NY.GDP.MKTP.CD,1990,1778162195860.07
Germany,DEU,NY.GDP.MKTP.CD,1991,1875792575132.59
Germany,DEU,NY.GDP.MKTP.CD,1992,2141377582968.07
Germany,DEU,NY.GDP.MKTP.CD,1993,2078954217437.6
Germany,DEU,NY.GDP.MKTP.CD,1994,2215282632276.73
Germany,DEU,NY.GDP.MKTP.CD,1995,2593053091306.13
Germany,DEU,NY.GDP.MKTP.CD,1996,2506576553158.31
Germany,DEU,NY.GDP.MKTP.CD,1997,2218790886532.82
Germany,DEU,NY.GDP.MKTP.CD,1998,2247760364565.97
Germany,DEU,NY.GDP.MKTP.CD,1999,2213873468586.88
Germany,DEU,NY.GDP.MKTP.CD,2000,1966980701145.1
Germany,DEU,NY.GDP.MKTP.CD,2001,1966381496641.73
Germany,DEU,NY.GDP.MKTP.CD,2002,2102350798305.89
Germany,DEU,NY.GDP.MKTP.CD,2003,2534715518349.01
Germany,DEU,NY.GDP.MKTP.CD,2004,2852317768061.78
Germany,DEU,NY.GDP.MKTP.CD,2005,2893393187361.87
Germany,DEU,NY.GDP.MKTP.CD,2006,3046308753670.58
Germany,DEU,NY.GDP.MKTP.CD,2007,3484056680854.91
Germany,DEU,NY.GDP.MKTP.CD,2008,3808197720125.0
Germany,DEU,NY.GDP.MKTP.CD,2009,3478545516683.59
Germany,DEU,NY.GDP.MKTP.CD,2010,3467093769666.67
Germany,DEU,NY.GDP.MKTP.CD,2011,3823575803793.78
Germany,DEU,NY.GDP.MKTP.CD,2012,3596483233406.25
Germany,DEU,NY.GDP.MKTP.CD,2013,3807023797050.99
Germany,DEU,NY.GDP.MKTP.CD,2014,3964870735760.77
Germany,DEU,NY.GDP.MKTP.CD,2015,3425099578746.09
Germany,DEU,NY.GDP.MKTP.CD,2016,3536787895179.0
Germany,DEU,NY.GDP.MKTP.CD,2017,3765351626105.89
Germany,DEU,NY.GDP.MKTP.CD,2018,4055433215301.96
Germany,DEU,NY.GDP.MKTP.CD,2019,3959894794039.21
Germany,DEU,NY.GDP.MKTP.CD,2020,3941398957073.94
Germany,DEU,NY.GDP.MKTP.CD,2021,4355251953410.78
Germany,DEU,NY.GDP.MKTP.CD,2022,4201021706478.62
Germany,DEU,NY.GDP.MKTP.CD,2023,4562207532490.28
Germany,DEU,NY.GDP.MKTP.CD,2024,4685592577804.69
Germany,DEU,NY.GDP.MKTP.CD,2025,5050922925047.05
Djibouti,DJI,NY.GDP.MKTP.CD,1985,340989527.967995
Djibouti,DJI,NY.GDP.MKTP.CD,1987,373371738.286415
Djibouti,DJI,NY.GDP.MKTP.CD,1988,395794538.630775
Djibouti,DJI,NY.GDP.MKTP.CD,1989,409220087.102818
Djibouti,DJI,NY.GDP.MKTP.CD,1990,452328087.282876
Djibouti,DJI,NY.GDP.MKTP.CD,1991,462421998.525779
Djibouti,DJI,NY.GDP.MKTP.CD,1992,478058304.871118
Djibouti,DJI,NY.GDP.MKTP.CD,1993,466048469.22986
Djibouti,DJI,NY.GDP.MKTP.CD,1994,491689220.744875
Djibouti,DJI,NY.GDP.MKTP.CD,1995,497723960.589913
Djibouti,DJI,NY.GDP.MKTP.CD,1996,494004647.73437
Djibouti,DJI,NY.GDP.MKTP.CD,1997,502675542.001227
Djibouti,DJI,NY.GDP.MKTP.CD,1998,514267869.300758
Djibouti,DJI,NY.GDP.MKTP.CD,1999,536080148.097299
Djibouti,DJI,NY.GDP.MKTP.CD,2000,551230861.856505
Djibouti,DJI,NY.GDP.MKTP.CD,2001,572417440.820162
Djibouti,DJI,NY.GDP.MKTP.CD,2002,591122039.601398
Djibouti,DJI,NY.GDP.MKTP.CD,2003,622044665.515049
Djibouti,DJI,NY.GDP.MKTP.CD,2004,666072101.777505
Djibouti,DJI,NY.GDP.MKTP.CD,2005,708633194.726566
Djibouti,DJI,NY.GDP.MKTP.CD,2006,768873684.032838
Djibouti,DJI,NY.GDP.MKTP.CD,2007,847918929.107984
Djibouti,DJI,NY.GDP.MKTP.CD,2008,999105339.267729
Djibouti,DJI,NY.GDP.MKTP.CD,2009,1049110684.72493
Djibouti,DJI,NY.GDP.MKTP.CD,2010,1128611700.3618
Djibouti,DJI,NY.GDP.MKTP.CD,2011,1239144501.77525
Djibouti,DJI,NY.GDP.MKTP.CD,2012,1353632941.5207
Djibouti,DJI,NY.GDP.MKTP.CD,2013,2044440443.16654
Djibouti,DJI,NY.GDP.MKTP.CD,2014,2220637966.25047
Djibouti,DJI,NY.GDP.MKTP.CD,2015,2424391785.43897
Djibouti,DJI,NY.GDP.MKTP.CD,2016,2604955228.70117
Djibouti,DJI,NY.GDP.MKTP.CD,2017,2762581334.22612
Djibouti,DJI,NY.GDP.MKTP.CD,2018,2913464658.08768
Djibouti,DJI,NY.GDP.MKTP.CD,2019,3088851450.30694
Djibouti,DJI,NY.GDP.MKTP.CD,2020,3144136196.6228
Djibouti,DJI,NY.GDP.MKTP.CD,2021,3392796953.08939
Djibouti,DJI,NY.GDP.MKTP.CD,2022,3562814908.76149
Djibouti,DJI,NY.GDP.MKTP.CD,2023,3898447007.38798
Djibouti,DJI,NY.GDP.MKTP.CD,2024,4152145939.98458
Djibouti,DJI,NY.GDP.MKTP.CD,2025,4624533092.31886
Dominica,DMA,NY.GDP.MKTP.CD,1977,45872947.4074074
Dominica,DMA,NY.GDP.MKTP.CD,1978,57130215.5555556
Dominica,DMA,NY.GDP.MKTP.CD,1979,55017758.8888889
Dominica,DMA,NY.GDP.MKTP.CD,1980,72804653.3333333
Dominica,DMA,NY.GDP.MKTP.CD,1981,82107391.1111111
Dominica,DMA,NY.GDP.MKTP.CD,1982,89527576.6666667
Dominica,DMA,NY.GDP.MKTP.CD,1983,98665191.4814815
Dominica,DMA,NY.GDP.MKTP.CD,1984,109157070.740741
Dominica,DMA,NY.GDP.MKTP.CD,1985,119491932.962963
Dominica,DMA,NY.GDP.MKTP.CD,1986,135161958.518519
Dominica,DMA,NY.GDP.MKTP.CD,1987,151868754.444444
Dominica,DMA,NY.GDP.MKTP.CD,1988,171106184.074074
Dominica,DMA,NY.GDP.MKTP.CD,1989,185137242.962963
Dominica,DMA,NY.GDP.MKTP.CD,1990,201429629.62963
Dominica,DMA,NY.GDP.MKTP.CD,1991,219762962.962963
Dominica,DMA,NY.GDP.MKTP.CD,1992,234059259.259259
Dominica,DMA,NY.GDP.MKTP.CD,1993,245525925.925926
Dominica,DMA,NY.GDP.MKTP.CD,1994,264374074.074074
Dominica,DMA,NY.GDP.MKTP.CD,1995,274522222.222222
Dominica,DMA,NY.GDP.MKTP.CD,1996,292285185.185185
Dominica,DMA,NY.GDP.MKTP.CD,1997,302988888.888889
Dominica,DMA,NY.GDP.MKTP.CD,1998,322411111.111111
Dominica,DMA,NY.GDP.MKTP.CD,1999,331759259.259259
Dominica,DMA,NY.GDP.MKTP.CD,2000,333470370.37037
Dominica,DMA,NY.GDP.MKTP.CD,2001,377462962.962963
Dominica,DMA,NY.GDP.MKTP.CD,2002,375200000.0
Dominica,DMA,NY.GDP.MKTP.CD,2003,373318518.518519
Dominica,DMA,NY.GDP.MKTP.CD,2004,396711111.111111
Dominica,DMA,NY.GDP.MKTP.CD,2005,391455555.555556
Dominica,DMA,NY.GDP.MKTP.CD,2006,416674074.074074
Dominica,DMA,NY.GDP.MKTP.CD,2007,444685185.185185
Dominica,DMA,NY.GDP.MKTP.CD,2008,480003703.703704
Dominica,DMA,NY.GDP.MKTP.CD,2009,515618518.518519
Dominica,DMA,NY.GDP.MKTP.CD,2010,519859259.259259
Dominica,DMA,NY.GDP.MKTP.CD,2011,532081481.481481
Dominica,DMA,NY.GDP.MKTP.CD,2012,520355555.555556
Dominica,DMA,NY.GDP.MKTP.CD,2013,545325925.925926
Dominica,DMA,NY.GDP.MKTP.CD,2014,572255555.555555
Dominica,DMA,NY.GDP.MKTP.CD,2015,583177777.777778
Dominica,DMA,NY.GDP.MKTP.CD,2016,612711111.111111
Dominica,DMA,NY.GDP.MKTP.CD,2017,563355555.555555
Dominica,DMA,NY.GDP.MKTP.CD,2018,628244444.444444
Dominica,DMA,NY.GDP.MKTP.CD,2019,644259259.259259
Dominica,DMA,NY.GDP.MKTP.CD,2020,528944444.444444
Dominica,DMA,NY.GDP.MKTP.CD,2021,562911111.111111
Dominica,DMA,NY.GDP.MKTP.CD,2022,623062962.962963
Dominica,DMA,NY.GDP.MKTP.CD,2023,659311111.111111
Dominica,DMA,NY.GDP.MKTP.CD,2024,688881481.481481
Dominica,DMA,NY.GDP.MKTP.CD,2025,723859259.259259
Denmark,DNK,NY.GDP.MKTP.CD,1960,6361166544.50349
Denmark,DNK,NY.GDP.MKTP.CD,1961,7058361229.35415
Denmark,DNK,NY.GDP.MKTP.CD,1962,7953274741.29303
Denmark,DNK,NY.GDP.MKTP.CD,1963,8466044979.87996
Denmark,DNK,NY.GDP.MKTP.CD,1964,9677401337.17309
Denmark,DNK,NY.GDP.MKTP.CD,1965,10870670865.3211
Denmark,DNK,NY.GDP.MKTP.CD,1966,11931740293.0378
Denmark,DNK,NY.GDP.MKTP.CD,1967,13059064805.8774
Denmark,DNK,NY.GDP.MKTP.CD,1968,13505574133.3333
Denmark,DNK,NY.GDP.MKTP.CD,1969,15414902666.6667
Denmark,DNK,NY.GDP.MKTP.CD,1970,17075457733.3333
Denmark,DNK,NY.GDP.MKTP.CD,1971,19086192720.4664
Denmark,DNK,NY.GDP.MKTP.CD,1972,23230667549.2496
Denmark,DNK,NY.GDP.MKTP.CD,1973,30718181337.3006
Denmark,DNK,NY.GDP.MKTP.CD,1974,34125712480.9267
Denmark,DNK,NY.GDP.MKTP.CD,1975,40418967665.5877
Denmark,DNK,NY.GDP.MKTP.CD,1976,44503607444.1687
Denmark,DNK,NY.GDP.MKTP.CD,1977,49711709588.2196
Denmark,DNK,NY.GDP.MKTP.CD,1978,60320089217.713
Denmark,DNK,NY.GDP.MKTP.CD,1979,70393030602.547
Denmark,DNK,NY.GDP.MKTP.CD,1980,70811287815.6106
Denmark,DNK,NY.GDP.MKTP.CD,1981,61459941460.5385
Denmark,DNK,NY.GDP.MKTP.CD,1982,60084214872.0657
Denmark,DNK,NY.GDP.MKTP.CD,1983,60331158447.2389
Denmark,DNK,NY.GDP.MKTP.CD,1984,58868891334.9941
Denmark,DNK,NY.GDP.MKTP.CD,1985,62452421010.9094
Denmark,DNK,NY.GDP.MKTP.CD,1986,87748695216.9077
Denmark,DNK,NY.GDP.MKTP.CD,1987,109183446340.073
Denmark,DNK,NY.GDP.MKTP.CD,1988,115540189705.118
Denmark,DNK,NY.GDP.MKTP.CD,1989,112312200760.581
Denmark,DNK,NY.GDP.MKTP.CD,1990,138217740684.484
Denmark,DNK,NY.GDP.MKTP.CD,1991,139180507777.691
Denmark,DNK,NY.GDP.MKTP.CD,1992,152966494259.538
Denmark,DNK,NY.GDP.MKTP.CD,1993,143111306004.102
Denmark,DNK,NY.GDP.MKTP.CD,1994,156017919221.457
Denmark,DNK,NY.GDP.MKTP.CD,1995,184848481008.139
Denmark,DNK,NY.GDP.MKTP.CD,1996,187481157845.724
Denmark,DNK,NY.GDP.MKTP.CD,1997,173241365735.483
Denmark,DNK,NY.GDP.MKTP.CD,1998,176877077513.133
Denmark,DNK,NY.GDP.MKTP.CD,1999,177887720535.535
Denmark,DNK,NY.GDP.MKTP.CD,2000,164043817223.59
Denmark,DNK,NY.GDP.MKTP.CD,2001,164881594415.341
Denmark,DNK,NY.GDP.MKTP.CD,2002,178788209558.311
Denmark,DNK,NY.GDP.MKTP.CD,2003,218421193436.252
Denmark,DNK,NY.GDP.MKTP.CD,2004,251986155630.852
Denmark,DNK,NY.GDP.MKTP.CD,2005,265150087711.985
Denmark,DNK,NY.GDP.MKTP.CD,2006,283386151543.687
Denmark,DNK,NY.GDP.MKTP.CD,2007,320213157595.018
Denmark,DNK,NY.GDP.MKTP.CD,2008,354979471960.142
Denmark,DNK,NY.GDP.MKTP.CD,2009,322619152194.594
Denmark,DNK,NY.GDP.MKTP.CD,2010,322345594075.47
Denmark,DNK,NY.GDP.MKTP.CD,2011,344315595263.175
Denmark,DNK,NY.GDP.MKTP.CD,2012,326792574244.963
Denmark,DNK,NY.GDP.MKTP.CD,2013,344631016965.12
Denmark,DNK,NY.GDP.MKTP.CD,2014,352832602064.452
Denmark,DNK,NY.GDP.MKTP.CD,2015,301758922337.637
Denmark,DNK,NY.GDP.MKTP.CD,2016,312181849372.233
Denmark,DNK,NY.GDP.MKTP.CD,2017,331610593961.988
Denmark,DNK,NY.GDP.MKTP.CD,2018,355293374912.393
Denmark,DNK,NY.GDP.MKTP.CD,2019,345401473012.615
Denmark,DNK,NY.GDP.MKTP.CD,2020,355631021931.621
Denmark,DNK,NY.GDP.MKTP.CD,2021,406110162088.054
Denmark,DNK,NY.GDP.MKTP.CD,2022,400114306337.077
Denmark,DNK,NY.GDP.MKTP.CD,2023,404651706117.557
Denmark,DNK,NY.GDP.MKTP.CD,2024,424524722037.047
Denmark,DNK,NY.GDP.MKTP.CD,2025,462526660468.393
Dominican Republic,DOM,NY.GDP.MKTP.CD,1960,672399700.0
Dominican Republic,DOM,NY.GDP.MKTP.CD,1961,654100200.0
Dominican Republic,DOM,NY.GDP.MKTP.CD,1962,824100000.0
Dominican Republic,DOM,NY.GDP.MKTP.CD,1963,940799900.0
Dominican Republic,DOM,NY.GDP.MKTP.CD,1964,1025599900.0
Dominican Republic,DOM,NY.GDP.MKTP.CD,1965,888100000.0
Dominican Republic,DOM,NY.GDP.MKTP.CD,1966,983900000.0
Dominican Republic,DOM,NY.GDP.MKTP.CD,1967,1034800000.0
Dominican Republic,DOM,NY.GDP.MKTP.CD,1968,1079100000.0
Dominican Republic,DOM,NY.GDP.MKTP.CD,1969,1230500000.0
Dominican Republic,DOM,NY.GDP.MKTP.CD,1970,1485500000.0
Dominican Republic,DOM,NY.GDP.MKTP.CD,1971,1666500000.0
Dominican Republic,DOM,NY.GDP.MKTP.CD,1972,1987400000.0
Dominican Republic,DOM,NY.GDP.MKTP.CD,1973,2344800000.0
Dominican Republic,DOM,NY.GDP.MKTP.CD,1974,2925700000.0
Dominican Republic,DOM,NY.GDP.MKTP.CD,1975,3599200000.0
Dominican Republic,DOM,NY.GDP.MKTP.CD,1976,3951500000.0
Dominican Republic,DOM,NY.GDP.MKTP.CD,1977,4587100000.0
Dominican Republic,DOM,NY.GDP.MKTP.CD,1978,4734400000.0
Dominican Republic,DOM,NY.GDP.MKTP.CD,1979,5498800000.0
Dominican Republic,DOM,NY.GDP.MKTP.CD,1980,6761300000.0
Dominican Republic,DOM,NY.GDP.MKTP.CD,1981,7561300000.0
Dominican Republic,DOM,NY.GDP.MKTP.CD,1982,8267400000.0
Dominican Republic,DOM,NY.GDP.MKTP.CD,1983,9220600000.0
Dominican Republic,DOM,NY.GDP.MKTP.CD,1984,11594000000.0
Dominican Republic,DOM,NY.GDP.MKTP.CD,1985,5044579979.23285
Dominican Republic,DOM,NY.GDP.MKTP.CD,1986,6122128557.57243
Dominican Republic,DOM,NY.GDP.MKTP.CD,1987,5827050753.25937
Dominican Republic,DOM,NY.GDP.MKTP.CD,1988,5374299981.49698
Dominican Republic,DOM,NY.GDP.MKTP.CD,1989,6686593059.93691
Dominican Republic,DOM,NY.GDP.MKTP.CD,1990,7073675544.79021
Dominican Republic,DOM,NY.GDP.MKTP.CD,1991,9824483339.94518
Dominican Republic,DOM,NY.GDP.MKTP.CD,1992,11605382504.0
Dominican Republic,DOM,NY.GDP.MKTP.CD,1993,13081042400.0
Dominican Republic,DOM,NY.GDP.MKTP.CD,1994,14644734599.4778
Dominican Republic,DOM,NY.GDP.MKTP.CD,1995,16637370839.1608
Dominican Republic,DOM,NY.GDP.MKTP.CD,1996,18241622547.5908
Dominican Republic,DOM,NY.GDP.MKTP.CD,1997,20017450041.3075
Dominican Republic,DOM,NY.GDP.MKTP.CD,1998,21672215546.7642
Dominican Republic,DOM,NY.GDP.MKTP.CD,1999,22136579396.9218
Dominican Republic,DOM,NY.GDP.MKTP.CD,2000,24305780628.6677
Dominican Republic,DOM,NY.GDP.MKTP.CD,2001,25601823687.5742
Dominican Republic,DOM,NY.GDP.MKTP.CD,2002,27137440786.2562
Dominican Republic,DOM,NY.GDP.MKTP.CD,2003,21403167848.1444
Dominican Republic,DOM,NY.GDP.MKTP.CD,2004,22322387382.494
Dominican Republic,DOM,NY.GDP.MKTP.CD,2005,35777560683.9366
Dominican Republic,DOM,NY.GDP.MKTP.CD,2006,37879830084.2627
Dominican Republic,DOM,NY.GDP.MKTP.CD,2007,43965458508.5056
Dominican Republic,DOM,NY.GDP.MKTP.CD,2008,48091433554.186
Dominican Republic,DOM,NY.GDP.MKTP.CD,2009,48223781476.8909
Dominican Republic,DOM,NY.GDP.MKTP.CD,2010,53801053352.5005
Dominican Republic,DOM,NY.GDP.MKTP.CD,2011,57948261615.957
Dominican Republic,DOM,NY.GDP.MKTP.CD,2012,60561635555.6383
Dominican Republic,DOM,NY.GDP.MKTP.CD,2013,62555417414.582
Dominican Republic,DOM,NY.GDP.MKTP.CD,2014,67014329099.5549
Dominican Republic,DOM,NY.GDP.MKTP.CD,2015,70966782572.4386
Dominican Republic,DOM,NY.GDP.MKTP.CD,2016,75552902635.7075
Dominican Republic,DOM,NY.GDP.MKTP.CD,2017,79070274743.1658
Dominican Republic,DOM,NY.GDP.MKTP.CD,2018,84994732049.3461
Dominican Republic,DOM,NY.GDP.MKTP.CD,2019,89146130744.723
Dominican Republic,DOM,NY.GDP.MKTP.CD,2020,78546672406.8291
Dominican Republic,DOM,NY.GDP.MKTP.CD,2021,94850719516.7127
Dominican Republic,DOM,NY.GDP.MKTP.CD,2022,113478103598.499
Dominican Republic,DOM,NY.GDP.MKTP.CD,2023,120456239153.739
Dominican Republic,DOM,NY.GDP.MKTP.CD,2024,124282245638.568
Dominican Republic,DOM,NY.GDP.MKTP.CD,2025,127407463759.043
Algeria,DZA,NY.GDP.MKTP.CD,1960,2723615451.30098
Algeria,DZA,NY.GDP.MKTP.CD,1961,2434747055.94018
Algeria,DZA,NY.GDP.MKTP.CD,1962,2001444543.91885
Algeria,DZA,NY.GDP.MKTP.CD,1963,2702982017.63803
Algeria,DZA,NY.GDP.MKTP.CD,1964,2909316435.2874
Algeria,DZA,NY.GDP.MKTP.CD,1965,3136284306.85469
Algeria,DZA,NY.GDP.MKTP.CD,1966,3039859187.45164
Algeria,DZA,NY.GDP.MKTP.CD,1967,3370870376.29682
Algeria,DZA,NY.GDP.MKTP.CD,1968,3852147026.77302
Algeria,DZA,NY.GDP.MKTP.CD,1969,4257253264.08834
Algeria,DZA,NY.GDP.MKTP.CD,1970,4863526896.57407
Algeria,DZA,NY.GDP.MKTP.CD,1971,5077183093.88968
Algeria,DZA,NY.GDP.MKTP.CD,1972,6766743956.88889
Algeria,DZA,NY.GDP.MKTP.CD,1973,8707858912.12481
Algeria,DZA,NY.GDP.MKTP.CD,1974,13209871625.9044
Algeria,DZA,NY.GDP.MKTP.CD,1975,15557902754.033
Algeria,DZA,NY.GDP.MKTP.CD,1976,17728240932.3158
Algeria,DZA,NY.GDP.MKTP.CD,1977,20972113684.9558
Algeria,DZA,NY.GDP.MKTP.CD,1978,26364491313.4471
Algeria,DZA,NY.GDP.MKTP.CD,1979,33243706859.6596
Algeria,DZA,NY.GDP.MKTP.CD,1980,42345829079.2062
Algeria,DZA,NY.GDP.MKTP.CD,1981,44348590460.9288
Algeria,DZA,NY.GDP.MKTP.CD,1982,45207167470.3497
Algeria,DZA,NY.GDP.MKTP.CD,1983,48801369800.3675
Algeria,DZA,NY.GDP.MKTP.CD,1984,53698548293.0745
Algeria,DZA,NY.GDP.MKTP.CD,1985,57937868670.1937
Algeria,DZA,NY.GDP.MKTP.CD,1986,63692007897.3834
Algeria,DZA,NY.GDP.MKTP.CD,1987,66745818375.493
Algeria,DZA,NY.GDP.MKTP.CD,1988,59089396860.4342
Algeria,DZA,NY.GDP.MKTP.CD,1989,55634721572.7343
Algeria,DZA,NY.GDP.MKTP.CD,1990,62048507531.3357
Algeria,DZA,NY.GDP.MKTP.CD,1991,45715676428.2766
Algeria,DZA,NY.GDP.MKTP.CD,1992,48003133346.9957
Algeria,DZA,NY.GDP.MKTP.CD,1993,49945584452.6506
Algeria,DZA,NY.GDP.MKTP.CD,1994,42543176828.9237
Algeria,DZA,NY.GDP.MKTP.CD,1995,41764291671.7711
Algeria,DZA,NY.GDP.MKTP.CD,1996,46941554225.3581
Algeria,DZA,NY.GDP.MKTP.CD,1997,48177612042.1507
Algeria,DZA,NY.GDP.MKTP.CD,1998,48187781984.4881
Algeria,DZA,NY.GDP.MKTP.CD,1999,48640671734.9711
Algeria,DZA,NY.GDP.MKTP.CD,2000,54790398570.3282
Algeria,DZA,NY.GDP.MKTP.CD,2001,59413400923.6364
Algeria,DZA,NY.GDP.MKTP.CD,2002,61516103406.1688
Algeria,DZA,NY.GDP.MKTP.CD,2003,73482264190.9245
Algeria,DZA,NY.GDP.MKTP.CD,2004,91913680985.1708
Algeria,DZA,NY.GDP.MKTP.CD,2005,107046618669.707
Algeria,DZA,NY.GDP.MKTP.CD,2006,123084258693.01
Algeria,DZA,NY.GDP.MKTP.CD,2007,142482739809.849
Algeria,DZA,NY.GDP.MKTP.CD,2008,180383848331.135
Algeria,DZA,NY.GDP.MKTP.CD,2009,150317292079.359
Algeria,DZA,NY.GDP.MKTP.CD,2010,177785053939.531
Algeria,DZA,NY.GDP.MKTP.CD,2011,218331946925.304
Algeria,DZA,NY.GDP.MKTP.CD,2012,227143746075.934
Algeria,DZA,NY.GDP.MKTP.CD,2013,229701430292.157
Algeria,DZA,NY.GDP.MKTP.CD,2014,238942664192.59
Algeria,DZA,NY.GDP.MKTP.CD,2015,187493855609.345
Algeria,DZA,NY.GDP.MKTP.CD,2016,180763839522.151
Algeria,DZA,NY.GDP.MKTP.CD,2017,189880896903.073
Algeria,DZA,NY.GDP.MKTP.CD,2018,194554483655.528
Algeria,DZA,NY.GDP.MKTP.CD,2019,193459662090.677
Algeria,DZA,NY.GDP.MKTP.CD,2020,164873415325.201
Algeria,DZA,NY.GDP.MKTP.CD,2021,186231205262.082
Algeria,DZA,NY.GDP.MKTP.CD,2022,225581644702.568
Algeria,DZA,NY.GDP.MKTP.CD,2023,247923887214.655
Algeria,DZA,NY.GDP.MKTP.CD,2024,269322281664.773
Algeria,DZA,NY.GDP.MKTP.CD,2025,287031225987.736
East Asia & Pacific (excluding high income),EAP,NY.GDP.MKTP.CD,1960,80886065110.4852
East Asia & Pacific (excluding high income),EAP,NY.GDP.MKTP.CD,1961,71247395333.073
East Asia & Pacific (excluding high income),EAP,NY.GDP.MKTP.CD,1962,64989160572.5448
East Asia & Pacific (excluding high income),EAP,NY.GDP.MKTP.CD,1963,70288432260.5342
East Asia & Pacific (excluding high income),EAP,NY.GDP.MKTP.CD,1964,81184317665.9229
East Asia & Pacific (excluding high income),EAP,NY.GDP.MKTP.CD,1965,94594887799.9548
East Asia & Pacific (excluding high income),EAP,NY.GDP.MKTP.CD,1966,103483052014.092
East Asia & Pacific (excluding high income),EAP,NY.GDP.MKTP.CD,1967,100474855679.916
East Asia & Pacific (excluding high income),EAP,NY.GDP.MKTP.CD,1968,101580829248.914
East Asia & Pacific (excluding high income),EAP,NY.GDP.MKTP.CD,1969,114217981695.758
East Asia & Pacific (excluding high income),EAP,NY.GDP.MKTP.CD,1970,127182556289.611
East Asia & Pacific (excluding high income),EAP,NY.GDP.MKTP.CD,1971,136580265754.987
East Asia & Pacific (excluding high income),EAP,NY.GDP.MKTP.CD,1972,155518448869.276
East Asia & Pacific (excluding high income),EAP,NY.GDP.MKTP.CD,1973,195616567916.784
East Asia & Pacific (excluding high income),EAP,NY.GDP.MKTP.CD,1974,221665588687.632
East Asia & Pacific (excluding high income),EAP,NY.GDP.MKTP.CD,1975,248772601176.036
East Asia & Pacific (excluding high income),EAP,NY.GDP.MKTP.CD,1976,252942981187.157
East Asia & Pacific (excluding high income),EAP,NY.GDP.MKTP.CD,1977,291532735013.151
East Asia & Pacific (excluding high income),EAP,NY.GDP.MKTP.CD,1978,282919061354.682
East Asia & Pacific (excluding high income),EAP,NY.GDP.MKTP.CD,1979,327589016955.703
East Asia & Pacific (excluding high income),EAP,NY.GDP.MKTP.CD,1980,377947161288.534
East Asia & Pacific (excluding high income),EAP,NY.GDP.MKTP.CD,1981,403551450432.948
East Asia & Pacific (excluding high income),EAP,NY.GDP.MKTP.CD,1982,423850572150.819
East Asia & Pacific (excluding high income),EAP,NY.GDP.MKTP.CD,1983,443839881509.845
East Asia & Pacific (excluding high income),EAP,NY.GDP.MKTP.CD,1984,480915094642.189
East Asia & Pacific (excluding high income),EAP,NY.GDP.MKTP.CD,1985,526600751089.371
East Asia & Pacific (excluding high income),EAP,NY.GDP.MKTP.CD,1986,525182739596.105
East Asia & Pacific (excluding high income),EAP,NY.GDP.MKTP.CD,1987,519033465046.499
East Asia & Pacific (excluding high income),EAP,NY.GDP.MKTP.CD,1988,576126858481.928
East Asia & Pacific (excluding high income),EAP,NY.GDP.MKTP.CD,1989,622836056673.594
East Asia & Pacific (excluding high income),EAP,NY.GDP.MKTP.CD,1990,667410241508.278
East Asia & Pacific (excluding high income),EAP,NY.GDP.MKTP.CD,1991,724654932688.966
East Asia & Pacific (excluding high income),EAP,NY.GDP.MKTP.CD,1992,812994672964.462
East Asia & Pacific (excluding high income),EAP,NY.GDP.MKTP.CD,1993,892446273872.149
East Asia & Pacific (excluding high income),EAP,NY.GDP.MKTP.CD,1994,1074481772219.03
East Asia & Pacific (excluding high income),EAP,NY.GDP.MKTP.CD,1995,1325739943459.39
East Asia & Pacific (excluding high income),EAP,NY.GDP.MKTP.CD,1996,1523108085149.4
East Asia & Pacific (excluding high income),EAP,NY.GDP.MKTP.CD,1997,1576765689262.96
East Asia & Pacific (excluding high income),EAP,NY.GDP.MKTP.CD,1998,1441284604893.38
East Asia & Pacific (excluding high income),EAP,NY.GDP.MKTP.CD,1999,1587766769234.25
East Asia & Pacific (excluding high income),EAP,NY.GDP.MKTP.CD,2000,1748618348962.32
East Asia & Pacific (excluding high income),EAP,NY.GDP.MKTP.CD,2001,1862932027333.99
East Asia & Pacific (excluding high income),EAP,NY.GDP.MKTP.CD,2002,2063860728512.8
East Asia & Pacific (excluding high income),EAP,NY.GDP.MKTP.CD,2003,2337899791169.99
East Asia & Pacific (excluding high income),EAP,NY.GDP.MKTP.CD,2004,2712364424547.48
East Asia & Pacific (excluding high income),EAP,NY.GDP.MKTP.CD,2005,3140095880510.48
East Asia & Pacific (excluding high income),EAP,NY.GDP.MKTP.CD,2006,3783277937264.24
East Asia & Pacific (excluding high income),EAP,NY.GDP.MKTP.CD,2007,4787055911779.71
East Asia & Pacific (excluding high income),EAP,NY.GDP.MKTP.CD,2008,6062020651659.77
East Asia & Pacific (excluding high income),EAP,NY.GDP.MKTP.CD,2009,6581355241401.19
East Asia & Pacific (excluding high income),EAP,NY.GDP.MKTP.CD,2010,8008612939930.06
East Asia & Pacific (excluding high income),EAP,NY.GDP.MKTP.CD,2011,9774260422789.83
East Asia & Pacific (excluding high income),EAP,NY.GDP.MKTP.CD,2012,10905339110889.0
East Asia & Pacific (excluding high income),EAP,NY.GDP.MKTP.CD,2013,12047618706549.4
East Asia & Pacific (excluding high income),EAP,NY.GDP.MKTP.CD,2014,13004796624150.5
East Asia & Pacific (excluding high income),EAP,NY.GDP.MKTP.CD,2015,13549001701885.3
East Asia & Pacific (excluding high income),EAP,NY.GDP.MKTP.CD,2016,13844229287201.0
East Asia & Pacific (excluding high income),EAP,NY.GDP.MKTP.CD,2017,15115746338831.4
East Asia & Pacific (excluding high income),EAP,NY.GDP.MKTP.CD,2018,16902232225491.5
East Asia & Pacific (excluding high income),EAP,NY.GDP.MKTP.CD,2019,17503400404142.2
East Asia & Pacific (excluding high income),EAP,NY.GDP.MKTP.CD,2020,17805087162972.8
East Asia & Pacific (excluding high income),EAP,NY.GDP.MKTP.CD,2021,21231427856677.9
East Asia & Pacific (excluding high income),EAP,NY.GDP.MKTP.CD,2022,21564016559632.4
East Asia & Pacific (excluding high income),EAP,NY.GDP.MKTP.CD,2023,21645526054900.4
East Asia & Pacific (excluding high income),EAP,NY.GDP.MKTP.CD,2024,22248728139844.3
East Asia & Pacific (excluding high income),EAP,NY.GDP.MKTP.CD,2025,23247334500847.4
Early-demographic dividend,EAR,NY.GDP.MKTP.CD,1960,144719795637.653
Early-demographic dividend,EAR,NY.GDP.MKTP.CD,1961,157590921642.378
Early-demographic dividend,EAR,NY.GDP.MKTP.CD,1962,159434094510.767
Early-demographic dividend,EAR,NY.GDP.MKTP.CD,1963,175991850384.884
Early-demographic dividend,EAR,NY.GDP.MKTP.CD,1964,201819937881.147
Early-demographic dividend,EAR,NY.GDP.MKTP.CD,1965,218948881610.417
Early-demographic dividend,EAR,NY.GDP.MKTP.CD,1966,216874988054.339
Early-demographic dividend,EAR,NY.GDP.MKTP.CD,1967,228979570158.739
Early-demographic dividend,EAR,NY.GDP.MKTP.CD,1968,249632006937.28
Early-demographic dividend,EAR,NY.GDP.MKTP.CD,1969,278942194997.876
Early-demographic dividend,EAR,NY.GDP.MKTP.CD,1970,296897448737.123
Early-demographic dividend,EAR,NY.GDP.MKTP.CD,1971,319662223179.562
Early-demographic dividend,EAR,NY.GDP.MKTP.CD,1972,352703902764.195
Early-demographic dividend,EAR,NY.GDP.MKTP.CD,1973,451322676037.209
Early-demographic dividend,EAR,NY.GDP.MKTP.CD,1974,632667371728.021
Early-demographic dividend,EAR,NY.GDP.MKTP.CD,1975,677316256674.159
Early-demographic dividend,EAR,NY.GDP.MKTP.CD,1976,739989937616.362
Early-demographic dividend,EAR,NY.GDP.MKTP.CD,1977,827420497969.45
Early-demographic dividend,EAR,NY.GDP.MKTP.CD,1978,944714897497.551
Early-demographic dividend,EAR,NY.GDP.MKTP.CD,1979,1111822380172.63
Early-demographic dividend,EAR,NY.GDP.MKTP.CD,1980,1382486344412.13
Early-demographic dividend,EAR,NY.GDP.MKTP.CD,1981,1531893514764.8
Early-demographic dividend,EAR,NY.GDP.MKTP.CD,1982,1460522040539.09
Early-demographic dividend,EAR,NY.GDP.MKTP.CD,1983,1473986399727.79
Early-demographic dividend,EAR,NY.GDP.MKTP.CD,1984,1494693999686.45
Early-demographic dividend,EAR,NY.GDP.MKTP.CD,1985,1490465946638.07
Early-demographic dividend,EAR,NY.GDP.MKTP.CD,1986,1498012882153.23
Early-demographic dividend,EAR,NY.GDP.MKTP.CD,1987,1521885356881.62
Early-demographic dividend,EAR,NY.GDP.MKTP.CD,1988,1606542317977.04
Early-demographic dividend,EAR,NY.GDP.MKTP.CD,1989,1634222837827.41
Early-demographic dividend,EAR,NY.GDP.MKTP.CD,1990,1915395300809.75
Early-demographic dividend,EAR,NY.GDP.MKTP.CD,1991,2032060802129.33
Early-demographic dividend,EAR,NY.GDP.MKTP.CD,1992,2207917972523.96
Early-demographic dividend,EAR,NY.GDP.MKTP.CD,1993,2381903872502.73
Early-demographic dividend,EAR,NY.GDP.MKTP.CD,1994,2502051602237.2
Early-demographic dividend,EAR,NY.GDP.MKTP.CD,1995,2616760247005.8
Early-demographic dividend,EAR,NY.GDP.MKTP.CD,1996,2836276821587.56
Early-demographic dividend,EAR,NY.GDP.MKTP.CD,1997,3029896330909.83
Early-demographic dividend,EAR,NY.GDP.MKTP.CD,1998,2921202598159.09
Early-demographic dividend,EAR,NY.GDP.MKTP.CD,1999,3090767584477.85
Early-demographic dividend,EAR,NY.GDP.MKTP.CD,2000,3378193447814.03
Early-demographic dividend,EAR,NY.GDP.MKTP.CD,2001,3351551499259.02
Early-demographic dividend,EAR,NY.GDP.MKTP.CD,2002,3255788416655.75
Early-demographic dividend,EAR,NY.GDP.MKTP.CD,2003,3622383752487.14
Early-demographic dividend,EAR,NY.GDP.MKTP.CD,2004,4209610787468.93
Early-demographic dividend,EAR,NY.GDP.MKTP.CD,2005,4897661936723.59
Early-demographic dividend,EAR,NY.GDP.MKTP.CD,2006,5600150744578.7
Early-demographic dividend,EAR,NY.GDP.MKTP.CD,2007,6630769690203.11
Early-demographic dividend,EAR,NY.GDP.MKTP.CD,2008,7464456008410.04
Early-demographic dividend,EAR,NY.GDP.MKTP.CD,2009,7181684474649.47
Early-demographic dividend,EAR,NY.GDP.MKTP.CD,2010,8728192674219.64
Early-demographic dividend,EAR,NY.GDP.MKTP.CD,2011,9842609213387.36
Early-demographic dividend,EAR,NY.GDP.MKTP.CD,2012,10284904242407.0
Early-demographic dividend,EAR,NY.GDP.MKTP.CD,2013,10342396461018.3
Early-demographic dividend,EAR,NY.GDP.MKTP.CD,2014,10547017467024.3
Early-demographic dividend,EAR,NY.GDP.MKTP.CD,2015,10141599371579.2
Early-demographic dividend,EAR,NY.GDP.MKTP.CD,2016,10435095271533.5
Early-demographic dividend,EAR,NY.GDP.MKTP.CD,2017,11321429912094.9
Early-demographic dividend,EAR,NY.GDP.MKTP.CD,2018,11470147555427.1
Early-demographic dividend,EAR,NY.GDP.MKTP.CD,2019,11681340567084.1
Early-demographic dividend,EAR,NY.GDP.MKTP.CD,2020,10818113835119.8
Early-demographic dividend,EAR,NY.GDP.MKTP.CD,2021,12689608907980.0
Early-demographic dividend,EAR,NY.GDP.MKTP.CD,2022,13943279396110.6
Early-demographic dividend,EAR,NY.GDP.MKTP.CD,2023,14791485754640.0
Early-demographic dividend,EAR,NY.GDP.MKTP.CD,2024,15648921855175.6
Early-demographic dividend,EAR,NY.GDP.MKTP.CD,2025,16406032169247.4
East Asia & Pacific,EAS,NY.GDP.MKTP.CD,1960,158296420585.794
East Asia & Pacific,EAS,NY.GDP.MKTP.CD,1961,159741997377.877
East Asia & Pacific,EAS,NY.GDP.MKTP.CD,1962,163635039643.099
East Asia & Pacific,EAS,NY.GDP.MKTP.CD,1963,182666162813.465
East Asia & Pacific,EAS,NY.GDP.MKTP.CD,1964,209760290864.328
East Asia & Pacific,EAS,NY.GDP.MKTP.CD,1965,233479553214.308
East Asia & Pacific,EAS,NY.GDP.MKTP.CD,1966,261332128783.027
East Asia & Pacific,EAS,NY.GDP.MKTP.CD,1967,284213294173.736
East Asia & Pacific,EAS,NY.GDP.MKTP.CD,1968,314219806361.196
East Asia & Pacific,EAS,NY.GDP.MKTP.CD,1969,362399835992.436
East Asia & Pacific,EAS,NY.GDP.MKTP.CD,1970,417484579719.919
East Asia & Pacific,EAS,NY.GDP.MKTP.CD,1971,464027727165.348
East Asia & Pacific,EAS,NY.GDP.MKTP.CD,1972,577335031209.605
East Asia & Pacific,EAS,NY.GDP.MKTP.CD,1973,761298870250.087
East Asia & Pacific,EAS,NY.GDP.MKTP.CD,1974,878021252636.729
East Asia & Pacific,EAS,NY.GDP.MKTP.CD,1975,960826963671.602
East Asia & Pacific,EAS,NY.GDP.MKTP.CD,1976,1057205127539.79
East Asia & Pacific,EAS,NY.GDP.MKTP.CD,1977,1260370808740.16
East Asia & Pacific,EAS,NY.GDP.MKTP.CD,1978,1594313779407.05
East Asia & Pacific,EAS,NY.GDP.MKTP.CD,1979,1730669890496.92
East Asia & Pacific,EAS,NY.GDP.MKTP.CD,1980,1871494770533.76
East Asia & Pacific,EAS,NY.GDP.MKTP.CD,1981,2061492105750.74
East Asia & Pacific,EAS,NY.GDP.MKTP.CD,1982,2018221649482.94
East Asia & Pacific,EAS,NY.GDP.MKTP.CD,1983,2149034903267.78
East Asia & Pacific,EAS,NY.GDP.MKTP.CD,1984,2298766188393.25
East Asia & Pacific,EAS,NY.GDP.MKTP.CD,1985,2424870445070.7
East Asia & Pacific,EAS,NY.GDP.MKTP.CD,1986,3174176127549.03
East Asia & Pacific,EAS,NY.GDP.MKTP.CD,1987,3729058262723.41
East Asia & Pacific,EAS,NY.GDP.MKTP.CD,1988,4483574799155.79
East Asia & Pacific,EAS,NY.GDP.MKTP.CD,1989,4666580282373.62
East Asia & Pacific,EAS,NY.GDP.MKTP.CD,1990,4870448081100.07
East Asia & Pacific,EAS,NY.GDP.MKTP.CD,1991,5504103130127.46
East Asia & Pacific,EAS,NY.GDP.MKTP.CD,1992,6016741720049.82
East Asia & Pacific,EAS,NY.GDP.MKTP.CD,1993,6732486122257.93
East Asia & Pacific,EAS,NY.GDP.MKTP.CD,1994,7530779339791.84
East Asia & Pacific,EAS,NY.GDP.MKTP.CD,1995,8528716916020.78
East Asia & Pacific,EAS,NY.GDP.MKTP.CD,1996,8228628055250.14
East Asia & Pacific,EAS,NY.GDP.MKTP.CD,1997,7860107080825.3
East Asia & Pacific,EAS,NY.GDP.MKTP.CD,1998,7007987267442.95
East Asia & Pacific,EAS,NY.GDP.MKTP.CD,1999,7826875274857.83
East Asia & Pacific,EAS,NY.GDP.MKTP.CD,2000,8486535433030.27
East Asia & Pacific,EAS,NY.GDP.MKTP.CD,2001,7890593533286.75
East Asia & Pacific,EAS,NY.GDP.MKTP.CD,2002,8019320137887.65
East Asia & Pacific,EAS,NY.GDP.MKTP.CD,2003,8807340167908.37
East Asia & Pacific,EAS,NY.GDP.MKTP.CD,2004,9868085960844.77
East Asia & Pacific,EAS,NY.GDP.MKTP.CD,2005,10526916106059.6
East Asia & Pacific,EAS,NY.GDP.MKTP.CD,2006,11166176306011.2
East Asia & Pacific,EAS,NY.GDP.MKTP.CD,2007,12482468447983.2
East Asia & Pacific,EAS,NY.GDP.MKTP.CD,2008,14397041627177.2
East Asia & Pacific,EAS,NY.GDP.MKTP.CD,2009,14811619687570.6
East Asia & Pacific,EAS,NY.GDP.MKTP.CD,2010,17291859920837.7
East Asia & Pacific,EAS,NY.GDP.MKTP.CD,2011,20025003264159.5
East Asia & Pacific,EAS,NY.GDP.MKTP.CD,2012,21443742650233.5
East Asia & Pacific,EAS,NY.GDP.MKTP.CD,2013,21719346361874.9
East Asia & Pacific,EAS,NY.GDP.MKTP.CD,2014,22461065423931.7
East Asia & Pacific,EAS,NY.GDP.MKTP.CD,2015,22388696608294.0
East Asia & Pacific,EAS,NY.GDP.MKTP.CD,2016,23197528991928.0
East Asia & Pacific,EAS,NY.GDP.MKTP.CD,2017,24764692848732.2
East Asia & Pacific,EAS,NY.GDP.MKTP.CD,2018,26967805751611.4
East Asia & Pacific,EAS,NY.GDP.MKTP.CD,2019,27555988315218.6
East Asia & Pacific,EAS,NY.GDP.MKTP.CD,2020,27716337916114.1
East Asia & Pacific,EAS,NY.GDP.MKTP.CD,2021,31866900585287.8
East Asia & Pacific,EAS,NY.GDP.MKTP.CD,2022,31457553986143.5
East Asia & Pacific,EAS,NY.GDP.MKTP.CD,2023,31597454903562.8
East Asia & Pacific,EAS,NY.GDP.MKTP.CD,2024,32200466782431.1
East Asia & Pacific,EAS,NY.GDP.MKTP.CD,2025,33656980597208.2
Europe & Central Asia (excluding high income),ECA,NY.GDP.MKTP.CD,1987,235136779236.371
Europe & Central Asia (excluding high income),ECA,NY.GDP.MKTP.CD,1988,260718580043.155
Europe & Central Asia (excluding high income),ECA,NY.GDP.MKTP.CD,1989,296016947774.013
Europe & Central Asia (excluding high income),ECA,NY.GDP.MKTP.CD,1990,354162047861.415
Europe & Central Asia (excluding high income),ECA,NY.GDP.MKTP.CD,1991,341091427145.219
Europe & Central Asia (excluding high income),ECA,NY.GDP.MKTP.CD,1992,328456061561.192
Europe & Central Asia (excluding high income),ECA,NY.GDP.MKTP.CD,1993,339240955303.574
Europe & Central Asia (excluding high income),ECA,NY.GDP.MKTP.CD,1994,265720716949.43
Europe & Central Asia (excluding high income),ECA,NY.GDP.MKTP.CD,1995,373850853754.823
Europe & Central Asia (excluding high income),ECA,NY.GDP.MKTP.CD,1996,395418991591.802
Europe & Central Asia (excluding high income),ECA,NY.GDP.MKTP.CD,1997,420620916289.984
Europe & Central Asia (excluding high income),ECA,NY.GDP.MKTP.CD,1998,421392804209.247
Europe & Central Asia (excluding high income),ECA,NY.GDP.MKTP.CD,1999,384494001094.165
Europe & Central Asia (excluding high income),ECA,NY.GDP.MKTP.CD,2000,391265288460.481
Europe & Central Asia (excluding high income),ECA,NY.GDP.MKTP.CD,2001,335654261833.442
Europe & Central Asia (excluding high income),ECA,NY.GDP.MKTP.CD,2002,390539574547.918
Europe & Central Asia (excluding high income),ECA,NY.GDP.MKTP.CD,2003,498100392298.148
Europe & Central Asia (excluding high income),ECA,NY.GDP.MKTP.CD,2004,641354851059.115
Europe & Central Asia (excluding high income),ECA,NY.GDP.MKTP.CD,2005,798910158032.869
Europe & Central Asia (excluding high income),ECA,NY.GDP.MKTP.CD,2006,929653913665.92
Europe & Central Asia (excluding high income),ECA,NY.GDP.MKTP.CD,2007,1171564532812.61
Europe & Central Asia (excluding high income),ECA,NY.GDP.MKTP.CD,2008,1402469464526.39
Europe & Central Asia (excluding high income),ECA,NY.GDP.MKTP.CD,2009,1169850373591.65
Europe & Central Asia (excluding high income),ECA,NY.GDP.MKTP.CD,2010,1390857073642.43
Europe & Central Asia (excluding high income),ECA,NY.GDP.MKTP.CD,2011,1581470670923.71
Europe & Central Asia (excluding high income),ECA,NY.GDP.MKTP.CD,2012,1666784947849.0
Europe & Central Asia (excluding high income),ECA,NY.GDP.MKTP.CD,2013,1818186938934.41
Europe & Central Asia (excluding high income),ECA,NY.GDP.MKTP.CD,2014,1745687745481.27
Europe & Central Asia (excluding high income),ECA,NY.GDP.MKTP.CD,2015,1521842301869.27
Europe & Central Asia (excluding high income),ECA,NY.GDP.MKTP.CD,2016,1459048873589.79
Europe & Central Asia (excluding high income),ECA,NY.GDP.MKTP.CD,2017,1497595120805.31
Europe & Central Asia (excluding high income),ECA,NY.GDP.MKTP.CD,2018,1465381526737.36
Europe & Central Asia (excluding high income),ECA,NY.GDP.MKTP.CD,2019,1500446538705.77
Europe & Central Asia (excluding high income),ECA,NY.GDP.MKTP.CD,2020,1435629650684.1
Europe & Central Asia (excluding high income),ECA,NY.GDP.MKTP.CD,2021,1670530886782.34
Europe & Central Asia (excluding high income),ECA,NY.GDP.MKTP.CD,2022,1819829713206.56
Europe & Central Asia (excluding high income),ECA,NY.GDP.MKTP.CD,2023,2141252006536.72
Europe & Central Asia (excluding high income),ECA,NY.GDP.MKTP.CD,2024,2454291731125.3
Europe & Central Asia (excluding high income),ECA,NY.GDP.MKTP.CD,2025,2815874458069.5
Europe & Central Asia,ECS,NY.GDP.MKTP.CD,1960,427012867184.98
Europe & Central Asia,ECS,NY.GDP.MKTP.CD,1961,469910931287.839
Europe & Central Asia,ECS,NY.GDP.MKTP.CD,1962,513831394246.829
Europe & Central Asia,ECS,NY.GDP.MKTP.CD,1963,561840533010.213
Europe & Central Asia,ECS,NY.GDP.MKTP.CD,1964,620967198050.601
Europe & Central Asia,ECS,NY.GDP.MKTP.CD,1965,677158759486.558
Europe & Central Asia,ECS,NY.GDP.MKTP.CD,1966,732297506201.64
Europe & Central Asia,ECS,NY.GDP.MKTP.CD,1967,777959544340.295
Europe & Central Asia,ECS,NY.GDP.MKTP.CD,1968,819410564665.884
Europe & Central Asia,ECS,NY.GDP.MKTP.CD,1969,908714511697.08
Europe & Central Asia,ECS,NY.GDP.MKTP.CD,1970,1021640782647.78
Europe & Central Asia,ECS,NY.GDP.MKTP.CD,1971,1153027555074.93
Europe & Central Asia,ECS,NY.GDP.MKTP.CD,1972,1382497493276.59
Europe & Central Asia,ECS,NY.GDP.MKTP.CD,1973,1758690486416.66
Europe & Central Asia,ECS,NY.GDP.MKTP.CD,1974,1987558367680.67
Europe & Central Asia,ECS,NY.GDP.MKTP.CD,1975,2321569349630.87
Europe & Central Asia,ECS,NY.GDP.MKTP.CD,1976,2413508636524.91
Europe & Central Asia,ECS,NY.GDP.MKTP.CD,1977,2730344902930.24
Europe & Central Asia,ECS,NY.GDP.MKTP.CD,1978,3347402769269.21
Europe & Central Asia,ECS,NY.GDP.MKTP.CD,1979,4081215329294.55
Europe & Central Asia,ECS,NY.GDP.MKTP.CD,1980,4613183973236.76
Europe & Central Asia,ECS,NY.GDP.MKTP.CD,1981,4109346740273.79
Europe & Central Asia,ECS,NY.GDP.MKTP.CD,1982,3961154338754.85
Europe & Central Asia,ECS,NY.GDP.MKTP.CD,1983,3841689159894.35
Europe & Central Asia,ECS,NY.GDP.MKTP.CD,1984,3692480049545.32
Europe & Central Asia,ECS,NY.GDP.MKTP.CD,1985,3821268377073.22
Europe & Central Asia,ECS,NY.GDP.MKTP.CD,1986,5212131769252.59
Europe & Central Asia,ECS,NY.GDP.MKTP.CD,1987,6437822161188.42
Europe & Central Asia,ECS,NY.GDP.MKTP.CD,1988,7168510979472.64
Europe & Central Asia,ECS,NY.GDP.MKTP.CD,1989,7263606602350.32
Europe & Central Asia,ECS,NY.GDP.MKTP.CD,1990,8878726012343.54
Europe & Central Asia,ECS,NY.GDP.MKTP.CD,1991,9138089898100.33
Europe & Central Asia,ECS,NY.GDP.MKTP.CD,1992,9788468740273.42
Europe & Central Asia,ECS,NY.GDP.MKTP.CD,1993,8995636772541.42
Europe & Central Asia,ECS,NY.GDP.MKTP.CD,1994,9408153883833.36
Europe & Central Asia,ECS,NY.GDP.MKTP.CD,1995,10940729460750.2
Europe & Central Asia,ECS,NY.GDP.MKTP.CD,1996,11168606418195.9
Europe & Central Asia,ECS,NY.GDP.MKTP.CD,1997,10603796378822.8
Europe & Central Asia,ECS,NY.GDP.MKTP.CD,1998,10797712209603.4
Europe & Central Asia,ECS,NY.GDP.MKTP.CD,1999,10686389670550.3
Europe & Central Asia,ECS,NY.GDP.MKTP.CD,2000,10078047371487.0
Europe & Central Asia,ECS,NY.GDP.MKTP.CD,2001,10182615561468.2
Europe & Central Asia,ECS,NY.GDP.MKTP.CD,2002,11150184165050.7
Europe & Central Asia,ECS,NY.GDP.MKTP.CD,2003,13558532492379.2
Europe & Central Asia,ECS,NY.GDP.MKTP.CD,2004,15806093490340.9
Europe & Central Asia,ECS,NY.GDP.MKTP.CD,2005,16828963477327.4
Europe & Central Asia,ECS,NY.GDP.MKTP.CD,2006,18232780756499.3
Europe & Central Asia,ECS,NY.GDP.MKTP.CD,2007,21312176373245.5
Europe & Central Asia,ECS,NY.GDP.MKTP.CD,2008,23464214449944.0
Europe & Central Asia,ECS,NY.GDP.MKTP.CD,2009,20665617638433.4
Europe & Central Asia,ECS,NY.GDP.MKTP.CD,2010,21144686639874.4
Europe & Central Asia,ECS,NY.GDP.MKTP.CD,2011,23462080654159.3
Europe & Central Asia,ECS,NY.GDP.MKTP.CD,2012,22592146410958.5
Europe & Central Asia,ECS,NY.GDP.MKTP.CD,2013,23610195160751.0
Europe & Central Asia,ECS,NY.GDP.MKTP.CD,2014,23959718523184.4
Europe & Central Asia,ECS,NY.GDP.MKTP.CD,2015,20639397476661.5
Europe & Central Asia,ECS,NY.GDP.MKTP.CD,2016,20560352355734.8
Europe & Central Asia,ECS,NY.GDP.MKTP.CD,2017,21814876277943.7
Europe & Central Asia,ECS,NY.GDP.MKTP.CD,2018,23360537744962.4
Europe & Central Asia,ECS,NY.GDP.MKTP.CD,2019,23089828216899.5
Europe & Central Asia,ECS,NY.GDP.MKTP.CD,2020,22340802078287.1
Europe & Central Asia,ECS,NY.GDP.MKTP.CD,2021,25606138714522.2
Europe & Central Asia,ECS,NY.GDP.MKTP.CD,2022,25850174701132.2
Europe & Central Asia,ECS,NY.GDP.MKTP.CD,2023,27758730809930.4
Europe & Central Asia,ECS,NY.GDP.MKTP.CD,2024,29371366035247.0
Europe & Central Asia,ECS,NY.GDP.MKTP.CD,2025,32268612230366.9
Ecuador,ECU,NY.GDP.MKTP.CD,1960,2069464937.19791
Ecuador,ECU,NY.GDP.MKTP.CD,1961,1753850955.05808
Ecuador,ECU,NY.GDP.MKTP.CD,1962,1518207703.48997
Ecuador,ECU,NY.GDP.MKTP.CD,1963,1824343870.71407
Ecuador,ECU,NY.GDP.MKTP.CD,1964,2244146102.98333
Ecuador,ECU,NY.GDP.MKTP.CD,1965,2387047395.70254
Ecuador,ECU,NY.GDP.MKTP.CD,1966,2429308638.838
Ecuador,ECU,NY.GDP.MKTP.CD,1967,2553595172.08743
Ecuador,ECU,NY.GDP.MKTP.CD,1968,2582179864.15493
Ecuador,ECU,NY.GDP.MKTP.CD,1969,3112165727.38342
Ecuador,ECU,NY.GDP.MKTP.CD,1970,2862503139.00358
Ecuador,ECU,NY.GDP.MKTP.CD,1971,2754219271.03082
Ecuador,ECU,NY.GDP.MKTP.CD,1972,3185986087.33583
Ecuador,ECU,NY.GDP.MKTP.CD,1973,3891754150.23796
Ecuador,ECU,NY.GDP.MKTP.CD,1974,6599257044.12414
Ecuador,ECU,NY.GDP.MKTP.CD,1975,7731674472.07212
Ecuador,ECU,NY.GDP.MKTP.CD,1976,9091921030.17345
Ecuador,ECU,NY.GDP.MKTP.CD,1977,11026342618.1141
Ecuador,ECU,NY.GDP.MKTP.CD,1978,11922497876.4828
Ecuador,ECU,NY.GDP.MKTP.CD,1979,14175160902.0721
Ecuador,ECU,NY.GDP.MKTP.CD,1980,17881508242.4481
Ecuador,ECU,NY.GDP.MKTP.CD,1981,21810759353.7304
Ecuador,ECU,NY.GDP.MKTP.CD,1982,19929846396.4239
Ecuador,ECU,NY.GDP.MKTP.CD,1983,17152477036.5005
Ecuador,ECU,NY.GDP.MKTP.CD,1984,16912509091.855
Ecuador,ECU,NY.GDP.MKTP.CD,1985,17149088413.35
Ecuador,ECU,NY.GDP.MKTP.CD,1986,15314138472.3282
Ecuador,ECU,NY.GDP.MKTP.CD,1987,13945426859.4657
Ecuador,ECU,NY.GDP.MKTP.CD,1988,13051881851.4068
Ecuador,ECU,NY.GDP.MKTP.CD,1989,13890823704.5545
Ecuador,ECU,NY.GDP.MKTP.CD,1990,15239272611.5809
Ecuador,ECU,NY.GDP.MKTP.CD,1991,16988535267.6338
Ecuador,ECU,NY.GDP.MKTP.CD,1992,18094238119.0595
Ecuador,ECU,NY.GDP.MKTP.CD,1993,18938717358.6793
Ecuador,ECU,NY.GDP.MKTP.CD,1994,22708673336.6683
Ecuador,ECU,NY.GDP.MKTP.CD,1995,24432884442.2211
Ecuador,ECU,NY.GDP.MKTP.CD,1996,25226393196.5983
Ecuador,ECU,NY.GDP.MKTP.CD,1997,28162053026.5133
Ecuador,ECU,NY.GDP.MKTP.CD,1998,27981896948.4742
Ecuador,ECU,NY.GDP.MKTP.CD,1999,19645272636.3182
Ecuador,ECU,NY.GDP.MKTP.CD,2000,17539454727.3637
Ecuador,ECU,NY.GDP.MKTP.CD,2001,23127055000.0
Ecuador,ECU,NY.GDP.MKTP.CD,2002,27054197000.0
Ecuador,ECU,NY.GDP.MKTP.CD,2003,30965208000.0
Ecuador,ECU,NY.GDP.MKTP.CD,2004,35194947000.0
Ecuador,ECU,NY.GDP.MKTP.CD,2005,40278849000.0
Ecuador,ECU,NY.GDP.MKTP.CD,2006,45690762000.0
Ecuador,ECU,NY.GDP.MKTP.CD,2007,49848725000.0
Ecuador,ECU,NY.GDP.MKTP.CD,2008,61139438000.0
Ecuador,ECU,NY.GDP.MKTP.CD,2009,60094978000.0
Ecuador,ECU,NY.GDP.MKTP.CD,2010,68151329000.0
Ecuador,ECU,NY.GDP.MKTP.CD,2011,78986648000.0
Ecuador,ECU,NY.GDP.MKTP.CD,2012,87735048000.0
Ecuador,ECU,NY.GDP.MKTP.CD,2013,96570334000.0
Ecuador,ECU,NY.GDP.MKTP.CD,2014,102717794000.0
Ecuador,ECU,NY.GDP.MKTP.CD,2015,97209558000.0
Ecuador,ECU,NY.GDP.MKTP.CD,2016,97671433000.0
Ecuador,ECU,NY.GDP.MKTP.CD,2017,104467486000.0
Ecuador,ECU,NY.GDP.MKTP.CD,2018,107478961000.0
Ecuador,ECU,NY.GDP.MKTP.CD,2019,107595830000.0
Ecuador,ECU,NY.GDP.MKTP.CD,2020,95865473000.0
Ecuador,ECU,NY.GDP.MKTP.CD,2021,107179074000.0
Ecuador,ECU,NY.GDP.MKTP.CD,2022,116133121000.0
Ecuador,ECU,NY.GDP.MKTP.CD,2023,120792801000.0
Ecuador,ECU,NY.GDP.MKTP.CD,2024,123802374000.0
Ecuador,ECU,NY.GDP.MKTP.CD,2025,130320560400.0
"Egypt, Arab Rep.",EGY,NY.GDP.MKTP.CD,1960,4206270352.22633
"Egypt, Arab Rep.",EGY,NY.GDP.MKTP.CD,1961,4494575611.21289
"Egypt, Arab Rep.",EGY,NY.GDP.MKTP.CD,1962,4035462027.39753
"Egypt, Arab Rep.",EGY,NY.GDP.MKTP.CD,1963,4187146231.56839
"Egypt, Arab Rep.",EGY,NY.GDP.MKTP.CD,1964,4709245761.67881
"Egypt, Arab Rep.",EGY,NY.GDP.MKTP.CD,1965,4948667540.41066
"Egypt, Arab Rep.",EGY,NY.GDP.MKTP.CD,1966,5278005611.91453
"Egypt, Arab Rep.",EGY,NY.GDP.MKTP.CD,1967,5605484298.98275
"Egypt, Arab Rep.",EGY,NY.GDP.MKTP.CD,1968,5932242990.65421
"Egypt, Arab Rep.",EGY,NY.GDP.MKTP.CD,1969,6524455205.81114
"Egypt, Arab Rep.",EGY,NY.GDP.MKTP.CD,1970,8042200452.1477
"Egypt, Arab Rep.",EGY,NY.GDP.MKTP.CD,1971,8609283346.08518
"Egypt, Arab Rep.",EGY,NY.GDP.MKTP.CD,1972,9299638055.84281
"Egypt, Arab Rep.",EGY,NY.GDP.MKTP.CD,1973,10098534613.4411
"Egypt, Arab Rep.",EGY,NY.GDP.MKTP.CD,1974,9228963224.60004
"Egypt, Arab Rep.",EGY,NY.GDP.MKTP.CD,1975,11632178868.9171
"Egypt, Arab Rep.",EGY,NY.GDP.MKTP.CD,1976,13315988083.4161
"Egypt, Arab Rep.",EGY,NY.GDP.MKTP.CD,1977,14400806875.9867
"Egypt, Arab Rep.",EGY,NY.GDP.MKTP.CD,1978,14811704063.0685
"Egypt, Arab Rep.",EGY,NY.GDP.MKTP.CD,1979,18020571428.5714
"Egypt, Arab Rep.",EGY,NY.GDP.MKTP.CD,1980,21669908176.3889
"Egypt, Arab Rep.",EGY,NY.GDP.MKTP.CD,1981,22136081081.0811
"Egypt, Arab Rep.",EGY,NY.GDP.MKTP.CD,1982,27655172413.7931
"Egypt, Arab Rep.",EGY,NY.GDP.MKTP.CD,1983,30966239813.7369
"Egypt, Arab Rep.",EGY,NY.GDP.MKTP.CD,1984,33971188991.6147
"Egypt, Arab Rep.",EGY,NY.GDP.MKTP.CD,1985,39053502251.0732
"Egypt, Arab Rep.",EGY,NY.GDP.MKTP.CD,1986,41253507951.3564
"Egypt, Arab Rep.",EGY,NY.GDP.MKTP.CD,1987,40455616653.5742
"Egypt, Arab Rep.",EGY,NY.GDP.MKTP.CD,1988,34980124929.0176
"Egypt, Arab Rep.",EGY,NY.GDP.MKTP.CD,1989,39756299049.9793
"Egypt, Arab Rep.",EGY,NY.GDP.MKTP.CD,1990,42978914311.3504
"Egypt, Arab Rep.",EGY,NY.GDP.MKTP.CD,1991,37387836490.5284
"Egypt, Arab Rep.",EGY,NY.GDP.MKTP.CD,1992,41855986519.4235
"Egypt, Arab Rep.",EGY,NY.GDP.MKTP.CD,1993,46578631452.581
"Egypt, Arab Rep.",EGY,NY.GDP.MKTP.CD,1994,51897983392.6453
"Egypt, Arab Rep.",EGY,NY.GDP.MKTP.CD,1995,60159245060.4541
"Egypt, Arab Rep.",EGY,NY.GDP.MKTP.CD,1996,67629716981.1321
"Egypt, Arab Rep.",EGY,NY.GDP.MKTP.CD,1997,78436578171.0914
"Egypt, Arab Rep.",EGY,NY.GDP.MKTP.CD,1998,84828807556.0803
"Egypt, Arab Rep.",EGY,NY.GDP.MKTP.CD,1999,90710704806.8416
"Egypt, Arab Rep.",EGY,NY.GDP.MKTP.CD,2000,99838543960.0763
"Egypt, Arab Rep.",EGY,NY.GDP.MKTP.CD,2001,96684636118.5984
"Egypt, Arab Rep.",EGY,NY.GDP.MKTP.CD,2002,85146067415.7303
"Egypt, Arab Rep.",EGY,NY.GDP.MKTP.CD,2003,80288461538.4615
"Egypt, Arab Rep.",EGY,NY.GDP.MKTP.CD,2004,78782467532.4675
"Egypt, Arab Rep.",EGY,NY.GDP.MKTP.CD,2005,89660339660.3397
"Egypt, Arab Rep.",EGY,NY.GDP.MKTP.CD,2006,107426086956.522
"Egypt, Arab Rep.",EGY,NY.GDP.MKTP.CD,2007,130437828371.278
"Egypt, Arab Rep.",EGY,NY.GDP.MKTP.CD,2008,162818181818.182
"Egypt, Arab Rep.",EGY,NY.GDP.MKTP.CD,2009,189147005444.646
"Egypt, Arab Rep.",EGY,NY.GDP.MKTP.CD,2010,218983666061.706
"Egypt, Arab Rep.",EGY,NY.GDP.MKTP.CD,2011,235989672977.625
"Egypt, Arab Rep.",EGY,NY.GDP.MKTP.CD,2012,279116666666.667
"Egypt, Arab Rep.",EGY,NY.GDP.MKTP.CD,2013,288434108527.132
"Egypt, Arab Rep.",EGY,NY.GDP.MKTP.CD,2014,305595408895.265
"Egypt, Arab Rep.",EGY,NY.GDP.MKTP.CD,2015,329366576819.407
"Egypt, Arab Rep.",EGY,NY.GDP.MKTP.CD,2016,332441717791.411
"Egypt, Arab Rep.",EGY,NY.GDP.MKTP.CD,2017,248362771739.13
"Egypt, Arab Rep.",EGY,NY.GDP.MKTP.CD,2018,262588632526.73
"Egypt, Arab Rep.",EGY,NY.GDP.MKTP.CD,2019,318678815489.749
"Egypt, Arab Rep.",EGY,NY.GDP.MKTP.CD,2020,383817841547.099
"Egypt, Arab Rep.",EGY,NY.GDP.MKTP.CD,2021,424671765455.704
"Egypt, Arab Rep.",EGY,NY.GDP.MKTP.CD,2022,476747720364.742
"Egypt, Arab Rep.",EGY,NY.GDP.MKTP.CD,2023,395926071447.591
"Egypt, Arab Rep.",EGY,NY.GDP.MKTP.CD,2024,389059910593.1
"Egypt, Arab Rep.",EGY,NY.GDP.MKTP.CD,2025,365254630179.737
Euro area,EMU,NY.GDP.MKTP.CD,1960,253502941189.489
Euro area,EMU,NY.GDP.MKTP.CD,1961,282176307654.421
Euro area,EMU,NY.GDP.MKTP.CD,1962,312014889822.015
Euro area,EMU,NY.GDP.MKTP.CD,1963,343339367884.956
Euro area,EMU,NY.GDP.MKTP.CD,1964,380427631668.91
Euro area,EMU,NY.GDP.MKTP.CD,1965,415866726707.764
Euro area,EMU,NY.GDP.MKTP.CD,1966,449862539143.705
Euro area,EMU,NY.GDP.MKTP.CD,1967,477982513760.273
Euro area,EMU,NY.GDP.MKTP.CD,1968,513809275690.633
Euro area,EMU,NY.GDP.MKTP.CD,1969,574002667853.304
Euro area,EMU,NY.GDP.MKTP.CD,1970,650336369995.602
Euro area,EMU,NY.GDP.MKTP.CD,1971,737137989531.407
Euro area,EMU,NY.GDP.MKTP.CD,1972,890246121562.843
Euro area,EMU,NY.GDP.MKTP.CD,1973,1155521149331.86
Euro area,EMU,NY.GDP.MKTP.CD,1974,1310383749159.08
Euro area,EMU,NY.GDP.MKTP.CD,1975,1519064173720.62
Euro area,EMU,NY.GDP.MKTP.CD,1976,1584986620972.09
Euro area,EMU,NY.GDP.MKTP.CD,1977,1803531894862.57
Euro area,EMU,NY.GDP.MKTP.CD,1978,2208297375004.2
Euro area,EMU,NY.GDP.MKTP.CD,1979,2675304303845.26
Euro area,EMU,NY.GDP.MKTP.CD,1980,2995971275466.91
Euro area,EMU,NY.GDP.MKTP.CD,1981,2605797790070.84
Euro area,EMU,NY.GDP.MKTP.CD,1982,2522699760354.73
Euro area,EMU,NY.GDP.MKTP.CD,1983,2458897623863.07
Euro area,EMU,NY.GDP.MKTP.CD,1984,2360301430447.23
Euro area,EMU,NY.GDP.MKTP.CD,1985,2424375881543.55
Euro area,EMU,NY.GDP.MKTP.CD,1986,3400064928901.0
Euro area,EMU,NY.GDP.MKTP.CD,1987,4209104459051.05
Euro area,EMU,NY.GDP.MKTP.CD,1988,4621258135477.36
Euro area,EMU,NY.GDP.MKTP.CD,1989,4718253841956.65
Euro area,EMU,NY.GDP.MKTP.CD,1990,5930533130402.98
Euro area,EMU,NY.GDP.MKTP.CD,1991,6132817301223.23
Euro area,EMU,NY.GDP.MKTP.CD,1992,6756330192255.26
Euro area,EMU,NY.GDP.MKTP.CD,1993,6188568278738.88
Euro area,EMU,NY.GDP.MKTP.CD,1994,6536616886781.35
Euro area,EMU,NY.GDP.MKTP.CD,1995,7553162009471.07
Euro area,EMU,NY.GDP.MKTP.CD,1996,7635464160643.11
Euro area,EMU,NY.GDP.MKTP.CD,1997,6983168724241.48
Euro area,EMU,NY.GDP.MKTP.CD,1998,7182324521394.46
Euro area,EMU,NY.GDP.MKTP.CD,1999,7152815111745.68
Euro area,EMU,NY.GDP.MKTP.CD,2000,6533285976076.88
Euro area,EMU,NY.GDP.MKTP.CD,2001,6636734730022.05
Euro area,EMU,NY.GDP.MKTP.CD,2002,7247791094758.98
Euro area,EMU,NY.GDP.MKTP.CD,2003,8929519218443.93
Euro area,EMU,NY.GDP.MKTP.CD,2004,10242911187425.1
Euro area,EMU,NY.GDP.MKTP.CD,2005,10627971366602.0
Euro area,EMU,NY.GDP.MKTP.CD,2006,11309041991993.2
Euro area,EMU,NY.GDP.MKTP.CD,2007,13035176682196.7
Euro area,EMU,NY.GDP.MKTP.CD,2008,14346208350010.2
Euro area,EMU,NY.GDP.MKTP.CD,2009,13135138604358.3
Euro area,EMU,NY.GDP.MKTP.CD,2010,12835436183865.7
Euro area,EMU,NY.GDP.MKTP.CD,2011,13866247656132.3
Euro area,EMU,NY.GDP.MKTP.CD,2012,12839246579840.9
Euro area,EMU,NY.GDP.MKTP.CD,2013,13413105856914.7
Euro area,EMU,NY.GDP.MKTP.CD,2014,13739142693292.4
Euro area,EMU,NY.GDP.MKTP.CD,2015,11880603228444.5
Euro area,EMU,NY.GDP.MKTP.CD,2016,12177215800581.1
Euro area,EMU,NY.GDP.MKTP.CD,2017,12901130483442.4
Euro area,EMU,NY.GDP.MKTP.CD,2018,13937879176171.9
Euro area,EMU,NY.GDP.MKTP.CD,2019,13658286442179.9
Euro area,EMU,NY.GDP.MKTP.CD,2020,13338044901392.1
Euro area,EMU,NY.GDP.MKTP.CD,2021,15008955622791.4
Euro area,EMU,NY.GDP.MKTP.CD,2022,14578675912327.5
Euro area,EMU,NY.GDP.MKTP.CD,2023,15957338405375.8
Euro area,EMU,NY.GDP.MKTP.CD,2024,16601464538082.4
Euro area,EMU,NY.GDP.MKTP.CD,2025,18010000307247.0
Eritrea,ERI,NY.GDP.MKTP.CD,1992,477101651.648376
Eritrea,ERI,NY.GDP.MKTP.CD,1993,467872714.755603
Eritrea,ERI,NY.GDP.MKTP.CD,1994,531688311.688312
Eritrea,ERI,NY.GDP.MKTP.CD,1995,578015625.0
Eritrea,ERI,NY.GDP.MKTP.CD,1996,693535954.190067
Eritrea,ERI,NY.GDP.MKTP.CD,1997,686490090.140141
Eritrea,ERI,NY.GDP.MKTP.CD,1998,745523116.900052
Eritrea,ERI,NY.GDP.MKTP.CD,1999,688918537.115555
Eritrea,ERI,NY.GDP.MKTP.CD,2000,706370815.584416
Eritrea,ERI,NY.GDP.MKTP.CD,2001,752371688.743186
Eritrea,ERI,NY.GDP.MKTP.CD,2002,729321680.154324
Eritrea,ERI,NY.GDP.MKTP.CD,2003,870248267.550163
Eritrea,ERI,NY.GDP.MKTP.CD,2004,1109054005.43971
Eritrea,ERI,NY.GDP.MKTP.CD,2005,1098424685.66169
Eritrea,ERI,NY.GDP.MKTP.CD,2006,1211161879.6748
Eritrea,ERI,NY.GDP.MKTP.CD,2007,1317974491.05691
Eritrea,ERI,NY.GDP.MKTP.CD,2008,1380188800.0
Eritrea,ERI,NY.GDP.MKTP.CD,2009,1856695551.21951
Eritrea,ERI,NY.GDP.MKTP.CD,2010,1589515447.15447
Eritrea,ERI,NY.GDP.MKTP.CD,2011,2065001626.01626
Spain,ESP,NY.GDP.MKTP.CD,1960,12424514013.7604
Spain,ESP,NY.GDP.MKTP.CD,1961,14238126759.7335
Spain,ESP,NY.GDP.MKTP.CD,1962,16609632790.5843
Spain,ESP,NY.GDP.MKTP.CD,1963,19631714759.6491
Spain,ESP,NY.GDP.MKTP.CD,1964,21966876027.2517
Spain,ESP,NY.GDP.MKTP.CD,1965,25479619606.5284
Spain,ESP,NY.GDP.MKTP.CD,1966,29559436182.9186
Spain,ESP,NY.GDP.MKTP.CD,1967,32570905397.2885
Spain,ESP,NY.GDP.MKTP.CD,1968,32394326463.759
Spain,ESP,NY.GDP.MKTP.CD,1969,37090689287.8552
Spain,ESP,NY.GDP.MKTP.CD,1970,40963715236.5106
Spain,ESP,NY.GDP.MKTP.CD,1971,46586119760.479
Spain,ESP,NY.GDP.MKTP.CD,1972,59090176028.993
Spain,ESP,NY.GDP.MKTP.CD,1973,78583355225.5854
Spain,ESP,NY.GDP.MKTP.CD,1974,97204522642.0536
Spain,ESP,NY.GDP.MKTP.CD,1975,114695060869.565
Spain,ESP,NY.GDP.MKTP.CD,1976,118422534195.474
Spain,ESP,NY.GDP.MKTP.CD,1977,132354665936.473
Spain,ESP,NY.GDP.MKTP.CD,1978,160484969618.056
Spain,ESP,NY.GDP.MKTP.CD,1979,214448666336.143
Spain,ESP,NY.GDP.MKTP.CD,1980,232600556973.776
Spain,ESP,NY.GDP.MKTP.CD,1981,202663023968.283
Spain,ESP,NY.GDP.MKTP.CD,1982,195856752991.065
Spain,ESP,NY.GDP.MKTP.CD,1983,170829074245.94
Spain,ESP,NY.GDP.MKTP.CD,1984,171979977230.387
Spain,ESP,NY.GDP.MKTP.CD,1985,180664322896.282
Spain,ESP,NY.GDP.MKTP.CD,1986,251141555185.933
Spain,ESP,NY.GDP.MKTP.CD,1987,318520253335.13
Spain,ESP,NY.GDP.MKTP.CD,1988,375891716897.586
Spain,ESP,NY.GDP.MKTP.CD,1989,414460794096.978
Spain,ESP,NY.GDP.MKTP.CD,1990,536175326477.31
Spain,ESP,NY.GDP.MKTP.CD,1991,576753902321.857
Spain,ESP,NY.GDP.MKTP.CD,1992,630465353486.104
Spain,ESP,NY.GDP.MKTP.CD,1993,524700572623.872
Spain,ESP,NY.GDP.MKTP.CD,1994,530183651720.283
Spain,ESP,NY.GDP.MKTP.CD,1995,614170002668.802
Spain,ESP,NY.GDP.MKTP.CD,1996,642251412058.321
Spain,ESP,NY.GDP.MKTP.CD,1997,589739772727.273
Spain,ESP,NY.GDP.MKTP.CD,1998,618731484575.12
Spain,ESP,NY.GDP.MKTP.CD,1999,634394904386.874
Spain,ESP,NY.GDP.MKTP.CD,2000,598102854756.08
Spain,ESP,NY.GDP.MKTP.CD,2001,627798682378.741
Spain,ESP,NY.GDP.MKTP.CD,2002,708938227243.923
Spain,ESP,NY.GDP.MKTP.CD,2003,907963217057.645
Spain,ESP,NY.GDP.MKTP.CD,2004,1069829382514.67
Spain,ESP,NY.GDP.MKTP.CD,2005,1154667551775.88
Spain,ESP,NY.GDP.MKTP.CD,2006,1261846683275.29
Spain,ESP,NY.GDP.MKTP.CD,2007,1476746276854.51
Spain,ESP,NY.GDP.MKTP.CD,2008,1636115447612.5
Spain,ESP,NY.GDP.MKTP.CD,2009,1496587590847.66
Spain,ESP,NY.GDP.MKTP.CD,2010,1427989078916.67
Spain,ESP,NY.GDP.MKTP.CD,2011,1487568659241.25
Spain,ESP,NY.GDP.MKTP.CD,2012,1330994811670.31
Spain,ESP,NY.GDP.MKTP.CD,2013,1362186923157.65
Spain,ESP,NY.GDP.MKTP.CD,2014,1380244561361.96
Spain,ESP,NY.GDP.MKTP.CD,2015,1206164777553.12
Spain,ESP,NY.GDP.MKTP.CD,2016,1243015667917.12
Spain,ESP,NY.GDP.MKTP.CD,2017,1321754088818.83
Spain,ESP,NY.GDP.MKTP.CD,2018,1431642809327.06
Spain,ESP,NY.GDP.MKTP.CD,2019,1403496387686.27
Spain,ESP,NY.GDP.MKTP.CD,2020,1289783836971.21
Spain,ESP,NY.GDP.MKTP.CD,2021,1461244901852.69
Spain,ESP,NY.GDP.MKTP.CD,2022,1448850658406.62
Spain,ESP,NY.GDP.MKTP.CD,2023,1619481980719.64
Spain,ESP,NY.GDP.MKTP.CD,2024,1725671652742.19
Spain,ESP,NY.GDP.MKTP.CD,2025,1906453309985.88
Estonia,EST,NY.GDP.MKTP.CD,1993,4013091682.2914
Estonia,EST,NY.GDP.MKTP.CD,1994,4123011419.74174
Estonia,EST,NY.GDP.MKTP.CD,1995,4502970889.06373
Estonia,EST,NY.GDP.MKTP.CD,1996,4786018988.16491
Estonia,EST,NY.GDP.MKTP.CD,1997,5154420649.23354
Estonia,EST,NY.GDP.MKTP.CD,1998,5674080542.88575
Estonia,EST,NY.GDP.MKTP.CD,1999,5756912265.75809
Estonia,EST,NY.GDP.MKTP.CD,2000,5686579747.53524
Estonia,EST,NY.GDP.MKTP.CD,2001,6250218422.70164
Estonia,EST,NY.GDP.MKTP.CD,2002,7370119619.4782
Estonia,EST,NY.GDP.MKTP.CD,2003,9876595528.45528
Estonia,EST,NY.GDP.MKTP.CD,2004,12148595031.0559
Estonia,EST,NY.GDP.MKTP.CD,2005,14109491356.7964
Estonia,EST,NY.GDP.MKTP.CD,2006,17025671810.3124
Estonia,EST,NY.GDP.MKTP.CD,2007,22450264166.4385
Estonia,EST,NY.GDP.MKTP.CD,2008,24342935403.5447
Estonia,EST,NY.GDP.MKTP.CD,2009,19633984440.1223
Estonia,EST,NY.GDP.MKTP.CD,2010,19524355419.038
Estonia,EST,NY.GDP.MKTP.CD,2011,23303915794.7569
Estonia,EST,NY.GDP.MKTP.CD,2012,23237406116.3988
Estonia,EST,NY.GDP.MKTP.CD,2013,25451032780.7573
Estonia,EST,NY.GDP.MKTP.CD,2014,27055689003.0038
Estonia,EST,NY.GDP.MKTP.CD,2015,23311847750.9394
Estonia,EST,NY.GDP.MKTP.CD,2016,24561027787.7896
Estonia,EST,NY.GDP.MKTP.CD,2017,27469461919.1189
Estonia,EST,NY.GDP.MKTP.CD,2018,31222632740.7247
Estonia,EST,NY.GDP.MKTP.CD,2019,31873748770.0313
Estonia,EST,NY.GDP.MKTP.CD,2020,31820771493.8974
Estonia,EST,NY.GDP.MKTP.CD,2021,37201101170.5847
Estonia,EST,NY.GDP.MKTP.CD,2022,38226641740.29
Estonia,EST,NY.GDP.MKTP.CD,2023,41470344395.1086
Estonia,EST,NY.GDP.MKTP.CD,2024,43130419829.35
Estonia,EST,NY.GDP.MKTP.CD,2025,47030833798.5866
Ethiopia,ETH,NY.GDP.MKTP.CD,1960,1610511693.84215
Ethiopia,ETH,NY.GDP.MKTP.CD,1961,1680859514.1016
Ethiopia,ETH,NY.GDP.MKTP.CD,1962,1747566307.0997
Ethiopia,ETH,NY.GDP.MKTP.CD,1963,1825058827.83853
Ethiopia,ETH,NY.GDP.MKTP.CD,1964,1984129185.6
Ethiopia,ETH,NY.GDP.MKTP.CD,1965,2159998591.2
Ethiopia,ETH,NY.GDP.MKTP.CD,1966,2324466416.0
Ethiopia,ETH,NY.GDP.MKTP.CD,1967,2461762002.8
Ethiopia,ETH,NY.GDP.MKTP.CD,1968,2619948864.8
Ethiopia,ETH,NY.GDP.MKTP.CD,1969,2768987372.0
Ethiopia,ETH,NY.GDP.MKTP.CD,1970,3045354454.8
Ethiopia,ETH,NY.GDP.MKTP.CD,1971,3224280834.97092
Ethiopia,ETH,NY.GDP.MKTP.CD,1972,3520252938.26087
Ethiopia,ETH,NY.GDP.MKTP.CD,1973,4070570549.8642
Ethiopia,ETH,NY.GDP.MKTP.CD,1974,4577209966.18358
Ethiopia,ETH,NY.GDP.MKTP.CD,1975,4577047854.10628
Ethiopia,ETH,NY.GDP.MKTP.CD,1976,4943806093.23672
Ethiopia,ETH,NY.GDP.MKTP.CD,1977,5651840584.54106
Ethiopia,ETH,NY.GDP.MKTP.CD,1978,6014961434.78261
Ethiopia,ETH,NY.GDP.MKTP.CD,1979,6586048398.06763
Ethiopia,ETH,NY.GDP.MKTP.CD,1980,7012585454.10628
Ethiopia,ETH,NY.GDP.MKTP.CD,1981,7507663566.66667
Ethiopia,ETH,NY.GDP.MKTP.CD,1982,7899988840.57971
Ethiopia,ETH,NY.GDP.MKTP.CD,1983,8781664427.05314
Ethiopia,ETH,NY.GDP.MKTP.CD,1984,8298309580.67633
Ethiopia,ETH,NY.GDP.MKTP.CD,1985,9717392686.95652
Ethiopia,ETH,NY.GDP.MKTP.CD,1986,10094328898.0676
Ethiopia,ETH,NY.GDP.MKTP.CD,1987,10790001557.971
Ethiopia,ETH,NY.GDP.MKTP.CD,1988,11181119717.8744
Ethiopia,ETH,NY.GDP.MKTP.CD,1989,11762932007.2464
Ethiopia,ETH,NY.GDP.MKTP.CD,1990,12478943895.1691
Ethiopia,ETH,NY.GDP.MKTP.CD,1991,13799799323.6715
Ethiopia,ETH,NY.GDP.MKTP.CD,1992,10754799036.5745
Ethiopia,ETH,NY.GDP.MKTP.CD,1993,9051043870.12197
Ethiopia,ETH,NY.GDP.MKTP.CD,1994,7100806753.92942
Ethiopia,ETH,NY.GDP.MKTP.CD,1995,7855205206.93405
Ethiopia,ETH,NY.GDP.MKTP.CD,1996,8761215548.48614
Ethiopia,ETH,NY.GDP.MKTP.CD,1997,8803539988.33248
Ethiopia,ETH,NY.GDP.MKTP.CD,1998,8013274131.69715
Ethiopia,ETH,NY.GDP.MKTP.CD,1999,7892973531.80045
Ethiopia,ETH,NY.GDP.MKTP.CD,2000,8242349617.8638
Ethiopia,ETH,NY.GDP.MKTP.CD,2001,8231326016.47494
Ethiopia,ETH,NY.GDP.MKTP.CD,2002,7850809498.16803
Ethiopia,ETH,NY.GDP.MKTP.CD,2003,8623691300.04079
Ethiopia,ETH,NY.GDP.MKTP.CD,2004,10131187261.4421
Ethiopia,ETH,NY.GDP.MKTP.CD,2005,12401139453.9738
Ethiopia,ETH,NY.GDP.MKTP.CD,2006,15280861834.6024
Ethiopia,ETH,NY.GDP.MKTP.CD,2007,19707616772.7996
Ethiopia,ETH,NY.GDP.MKTP.CD,2008,27066912635.2228
Ethiopia,ETH,NY.GDP.MKTP.CD,2009,32437389116.038
Ethiopia,ETH,NY.GDP.MKTP.CD,2010,29933790334.3418
Ethiopia,ETH,NY.GDP.MKTP.CD,2011,31952763089.33
Ethiopia,ETH,NY.GDP.MKTP.CD,2012,43310721414.0829
Ethiopia,ETH,NY.GDP.MKTP.CD,2013,47648276605.0123
Ethiopia,ETH,NY.GDP.MKTP.CD,2014,55612228233.5179
Ethiopia,ETH,NY.GDP.MKTP.CD,2015,62103418181.8182
Ethiopia,ETH,NY.GDP.MKTP.CD,2016,68475871209.607
Ethiopia,ETH,NY.GDP.MKTP.CD,2017,76366081766.6667
Ethiopia,ETH,NY.GDP.MKTP.CD,2018,83337901071.9697
Ethiopia,ETH,NY.GDP.MKTP.CD,2019,91834517113.6386
Ethiopia,ETH,NY.GDP.MKTP.CD,2020,98676811061.9985
Ethiopia,ETH,NY.GDP.MKTP.CD,2021,109070960370.972
Ethiopia,ETH,NY.GDP.MKTP.CD,2022,123140304665.399
Ethiopia,ETH,NY.GDP.MKTP.CD,2023,135874093203.18
Ethiopia,ETH,NY.GDP.MKTP.CD,2024,149740297952.375
Ethiopia,ETH,NY.GDP.MKTP.CD,2025,126358758448.356
European Union,EUU,NY.GDP.MKTP.CD,1960,285352082350.638
European Union,EUU,NY.GDP.MKTP.CD,1961,317180166580.278
European Union,EUU,NY.GDP.MKTP.CD,1962,350488733659.737
European Union,EUU,NY.GDP.MKTP.CD,1963,385017342398.389
European Union,EUU,NY.GDP.MKTP.CD,1964,427074637457.763
European Union,EUU,NY.GDP.MKTP.CD,1965,467340971796.324
European Union,EUU,NY.GDP.MKTP.CD,1966,505884660005.592
European Union,EUU,NY.GDP.MKTP.CD,1967,538565381543.373
European Union,EUU,NY.GDP.MKTP.CD,1968,577943413517.359
European Union,EUU,NY.GDP.MKTP.CD,1969,644943176852.634
European Union,EUU,NY.GDP.MKTP.CD,1970,729448866507.282
European Union,EUU,NY.GDP.MKTP.CD,1971,824576913808.925
European Union,EUU,NY.GDP.MKTP.CD,1972,994506318098.609
European Union,EUU,NY.GDP.MKTP.CD,1973,1286664466276.8
European Union,EUU,NY.GDP.MKTP.CD,1974,1456588132159.46
European Union,EUU,NY.GDP.MKTP.CD,1975,1695883390617.53
European Union,EUU,NY.GDP.MKTP.CD,1976,1776294732761.4
European Union,EUU,NY.GDP.MKTP.CD,1977,2012435309648.92
European Union,EUU,NY.GDP.MKTP.CD,1978,2450951586250.89
European Union,EUU,NY.GDP.MKTP.CD,1979,2962167536360.9
European Union,EUU,NY.GDP.MKTP.CD,1980,3313726302275.61
European Union,EUU,NY.GDP.MKTP.CD,1981,2892093759009.4
European Union,EUU,NY.GDP.MKTP.CD,1982,2790132325363.01
European Union,EUU,NY.GDP.MKTP.CD,1983,2713009177266.64
European Union,EUU,NY.GDP.MKTP.CD,1984,2614138743953.14
European Union,EUU,NY.GDP.MKTP.CD,1985,2688873056487.41
European Union,EUU,NY.GDP.MKTP.CD,1986,3755682223993.79
European Union,EUU,NY.GDP.MKTP.CD,1987,4642924954619.25
European Union,EUU,NY.GDP.MKTP.CD,1988,5097809505881.36
European Union,EUU,NY.GDP.MKTP.CD,1989,5205969934446.26
European Union,EUU,NY.GDP.MKTP.CD,1990,6509962315038.71
European Union,EUU,NY.GDP.MKTP.CD,1991,6725128658501.09
European Union,EUU,NY.GDP.MKTP.CD,1992,7386533474604.1
European Union,EUU,NY.GDP.MKTP.CD,1993,6748064931035.35
European Union,EUU,NY.GDP.MKTP.CD,1994,7153669602083.88
European Union,EUU,NY.GDP.MKTP.CD,1995,8292479629104.28
European Union,EUU,NY.GDP.MKTP.CD,1996,8427282888819.22
European Union,EUU,NY.GDP.MKTP.CD,1997,7730067215825.26
European Union,EUU,NY.GDP.MKTP.CD,1998,7963038897258.0
European Union,EUU,NY.GDP.MKTP.CD,1999,7926425566614.07
European Union,EUU,NY.GDP.MKTP.CD,2000,7279892216791.94
European Union,EUU,NY.GDP.MKTP.CD,2001,7398267811404.69
European Union,EUU,NY.GDP.MKTP.CD,2002,8089955515956.84
European Union,EUU,NY.GDP.MKTP.CD,2003,9944006859363.36
European Union,EUU,NY.GDP.MKTP.CD,2004,11434848361291.9
European Union,EUU,NY.GDP.MKTP.CD,2005,11940626626680.2
European Union,EUU,NY.GDP.MKTP.CD,2006,12754718274523.8
European Union,EUU,NY.GDP.MKTP.CD,2007,14779905573599.5
European Union,EUU,NY.GDP.MKTP.CD,2008,16360464416206.0
European Union,EUU,NY.GDP.MKTP.CD,2009,14844850799682.2
European Union,EUU,NY.GDP.MKTP.CD,2010,14641776061063.4
European Union,EUU,NY.GDP.MKTP.CD,2011,15874716537128.7
European Union,EUU,NY.GDP.MKTP.CD,2012,14731878294328.4
European Union,EUU,NY.GDP.MKTP.CD,2013,15398511081475.3
European Union,EUU,NY.GDP.MKTP.CD,2014,15763599531004.8
European Union,EUU,NY.GDP.MKTP.CD,2015,13656255577702.6
European Union,EUU,NY.GDP.MKTP.CD,2016,13988150566298.6
European Union,EUU,NY.GDP.MKTP.CD,2017,14871316217995.7
European Union,EUU,NY.GDP.MKTP.CD,2018,16092407006604.4
European Union,EUU,NY.GDP.MKTP.CD,2019,15809077129406.2
European Union,EUU,NY.GDP.MKTP.CD,2020,15504058553907.7
European Union,EUU,NY.GDP.MKTP.CD,2021,17495257191725.6
European Union,EUU,NY.GDP.MKTP.CD,2022,17023620598906.4
European Union,EUU,NY.GDP.MKTP.CD,2023,18659279022583.3
European Union,EUU,NY.GDP.MKTP.CD,2024,19501078750999.4
European Union,EUU,NY.GDP.MKTP.CD,2025,21243212570163.3
Finland,FIN,NY.GDP.MKTP.CD,1960,5279481824.12983
Finland,FIN,NY.GDP.MKTP.CD,1961,5984433774.41601
Finland,FIN,NY.GDP.MKTP.CD,1962,6407796042.70357
Finland,FIN,NY.GDP.MKTP.CD,1963,6958916548.12933
Finland,FIN,NY.GDP.MKTP.CD,1964,7848987792.54261
Finland,FIN,NY.GDP.MKTP.CD,1965,8680393838.88018
Finland,FIN,NY.GDP.MKTP.CD,1966,9306142171.60056
Finland,FIN,NY.GDP.MKTP.CD,1967,9468272357.09549
Finland,FIN,NY.GDP.MKTP.CD,1968,8916565040.54632
Finland,FIN,NY.GDP.MKTP.CD,1969,10177524838.9004
Finland,FIN,NY.GDP.MKTP.CD,1970,11358529161.9479
Finland,FIN,NY.GDP.MKTP.CD,1971,12528522307.4737
Finland,FIN,NY.GDP.MKTP.CD,1972,14744499569.8308
Finland,FIN,NY.GDP.MKTP.CD,1973,19474098335.1486
Finland,FIN,NY.GDP.MKTP.CD,1974,24851036710.2568
Finland,FIN,NY.GDP.MKTP.CD,1975,29475251333.4411
Finland,FIN,NY.GDP.MKTP.CD,1976,31852352669.6415
Finland,FIN,NY.GDP.MKTP.CD,1977,33502784417.884
Finland,FIN,NY.GDP.MKTP.CD,1978,36259392057.7617
Finland,FIN,NY.GDP.MKTP.CD,1979,44469218439.9328
Finland,FIN,NY.GDP.MKTP.CD,1980,53649984061.205
Finland,FIN,NY.GDP.MKTP.CD,1981,52440066133.9212
Finland,FIN,NY.GDP.MKTP.CD,1982,52784013815.2214
Finland,FIN,NY.GDP.MKTP.CD,1983,50956447480.7857
Finland,FIN,NY.GDP.MKTP.CD,1984,52870993272.6553
Finland,FIN,NY.GDP.MKTP.CD,1985,55856676899.4628
Finland,FIN,NY.GDP.MKTP.CD,1986,73511611541.1682
Finland,FIN,NY.GDP.MKTP.CD,1987,91564993913.1611
Finland,FIN,NY.GDP.MKTP.CD,1988,109039090262.971
Finland,FIN,NY.GDP.MKTP.CD,1989,118991270611.057
Finland,FIN,NY.GDP.MKTP.CD,1990,141446120354.533
Finland,FIN,NY.GDP.MKTP.CD,1991,127794441993.824
Finland,FIN,NY.GDP.MKTP.CD,1992,112537828510.751
Finland,FIN,NY.GDP.MKTP.CD,1993,89112105756.2194
Finland,FIN,NY.GDP.MKTP.CD,1994,103182697780.307
Finland,FIN,NY.GDP.MKTP.CD,1995,134060457516.34
Finland,FIN,NY.GDP.MKTP.CD,1996,131991975148.848
Finland,FIN,NY.GDP.MKTP.CD,1997,126862902302.142
Finland,FIN,NY.GDP.MKTP.CD,1998,133990876724.522
Finland,FIN,NY.GDP.MKTP.CD,1999,135234241918.147
Finland,FIN,NY.GDP.MKTP.CD,2000,125967821110.589
Finland,FIN,NY.GDP.MKTP.CD,2001,129519672868.898
Finland,FIN,NY.GDP.MKTP.CD,2002,140360963811.765
Finland,FIN,NY.GDP.MKTP.CD,2003,171612867735.686
Finland,FIN,NY.GDP.MKTP.CD,2004,197458297639.769
Finland,FIN,NY.GDP.MKTP.CD,2005,204859368790.661
Finland,FIN,NY.GDP.MKTP.CD,2006,217044068234.117
Finland,FIN,NY.GDP.MKTP.CD,2007,256360251537.648
Finland,FIN,NY.GDP.MKTP.CD,2008,285698662071.094
Finland,FIN,NY.GDP.MKTP.CD,2009,253480783439.453
Finland,FIN,NY.GDP.MKTP.CD,2010,249429613683.334
Finland,FIN,NY.GDP.MKTP.CD,2011,275126915515.565
Finland,FIN,NY.GDP.MKTP.CD,2012,257443384492.969
Finland,FIN,NY.GDP.MKTP.CD,2013,270268036626.275
Finland,FIN,NY.GDP.MKTP.CD,2014,273478528954.901
Finland,FIN,NY.GDP.MKTP.CD,2015,233210733506.25
Finland,FIN,NY.GDP.MKTP.CD,2016,238777818792.608
Finland,FIN,NY.GDP.MKTP.CD,2017,253846138440.0
Finland,FIN,NY.GDP.MKTP.CD,2018,273869255596.078
Finland,FIN,NY.GDP.MKTP.CD,2019,267014821129.411
Finland,FIN,NY.GDP.MKTP.CD,2020,270000311606.226
Finland,FIN,NY.GDP.MKTP.CD,2021,294223210496.119
Finland,FIN,NY.GDP.MKTP.CD,2022,280253099309.34
Finland,FIN,NY.GDP.MKTP.CD,2023,295191741637.26
Finland,FIN,NY.GDP.MKTP.CD,2024,298729432711.719
Finland,FIN,NY.GDP.MKTP.CD,2025,317039368819.607
Fiji,FJI,NY.GDP.MKTP.CD,1960,112328422.113084
Fiji,FJI,NY.GDP.MKTP.CD,1961,116987784.913739
Fiji,FJI,NY.GDP.MKTP.CD,1962,122906434.957814
Fiji,FJI,NY.GDP.MKTP.CD,1963,129454728.623599
Fiji,FJI,NY.GDP.MKTP.CD,1964,140032741.468329
Fiji,FJI,NY.GDP.MKTP.CD,1965,147084750.031482
Fiji,FJI,NY.GDP.MKTP.CD,1966,150603925.515853
Fiji,FJI,NY.GDP.MKTP.CD,1967,162625885.863484
Fiji,FJI,NY.GDP.MKTP.CD,1968,166952937.135005
Fiji,FJI,NY.GDP.MKTP.CD,1969,182182067.703568
Fiji,FJI,NY.GDP.MKTP.CD,1970,219878482.173564
Fiji,FJI,NY.GDP.MKTP.CD,1971,247749327.721267
Fiji,FJI,NY.GDP.MKTP.CD,1972,316656648.698957
Fiji,FJI,NY.GDP.MKTP.CD,1973,425950487.519894
Fiji,FJI,NY.GDP.MKTP.CD,1974,558587097.382833
Fiji,FJI,NY.GDP.MKTP.CD,1975,684282434.361095
Fiji,FJI,NY.GDP.MKTP.CD,1976,694540806.380644
Fiji,FJI,NY.GDP.MKTP.CD,1977,719501765.783049
Fiji,FJI,NY.GDP.MKTP.CD,1978,829267889.429373
Fiji,FJI,NY.GDP.MKTP.CD,1979,1019691460.17376
Fiji,FJI,NY.GDP.MKTP.CD,1980,1202618816.20852
Fiji,FJI,NY.GDP.MKTP.CD,1981,1235626770.50924
Fiji,FJI,NY.GDP.MKTP.CD,1982,1194059943.22478
Fiji,FJI,NY.GDP.MKTP.CD,1983,1123085190.06509
Fiji,FJI,NY.GDP.MKTP.CD,1984,1178000677.99929
Fiji,FJI,NY.GDP.MKTP.CD,1985,1141168943.97661
Fiji,FJI,NY.GDP.MKTP.CD,1986,1290267339.65006
Fiji,FJI,NY.GDP.MKTP.CD,1987,1177947965.12142
Fiji,FJI,NY.GDP.MKTP.CD,1988,1110009522.75743
Fiji,FJI,NY.GDP.MKTP.CD,1989,1182660265.76635
Fiji,FJI,NY.GDP.MKTP.CD,1990,1337017559.49728
Fiji,FJI,NY.GDP.MKTP.CD,1991,1383883249.591
Fiji,FJI,NY.GDP.MKTP.CD,1992,1532411039.05479
Fiji,FJI,NY.GDP.MKTP.CD,1993,1636101246.9394
Fiji,FJI,NY.GDP.MKTP.CD,1994,1825732092.54674
Fiji,FJI,NY.GDP.MKTP.CD,1995,1970301486.20561
Fiji,FJI,NY.GDP.MKTP.CD,1996,2128696643.62574
Fiji,FJI,NY.GDP.MKTP.CD,1997,2090221137.02876
Fiji,FJI,NY.GDP.MKTP.CD,1998,1653146716.58235
Fiji,FJI,NY.GDP.MKTP.CD,1999,1936459986.03795
Fiji,FJI,NY.GDP.MKTP.CD,2000,1678219507.89829
Fiji,FJI,NY.GDP.MKTP.CD,2001,1652462023.46215
Fiji,FJI,NY.GDP.MKTP.CD,2002,1833279985.36741
Fiji,FJI,NY.GDP.MKTP.CD,2003,2300492465.32276
Fiji,FJI,NY.GDP.MKTP.CD,2004,2708078476.63012
Fiji,FJI,NY.GDP.MKTP.CD,2005,2980403844.72096
Fiji,FJI,NY.GDP.MKTP.CD,2006,3076305452.86506
Fiji,FJI,NY.GDP.MKTP.CD,2007,3378314599.76402
Fiji,FJI,NY.GDP.MKTP.CD,2008,3523185919.55826
Fiji,FJI,NY.GDP.MKTP.CD,2009,2870624635.68032
Fiji,FJI,NY.GDP.MKTP.CD,2010,3140166712.79624
Fiji,FJI,NY.GDP.MKTP.CD,2011,3779411899.37483
Fiji,FJI,NY.GDP.MKTP.CD,2012,3972028104.47328
Fiji,FJI,NY.GDP.MKTP.CD,2013,4189967998.51424
Fiji,FJI,NY.GDP.MKTP.CD,2014,4857104768.86844
Fiji,FJI,NY.GDP.MKTP.CD,2015,4682479893.97558
Fiji,FJI,NY.GDP.MKTP.CD,2016,4930213644.36653
Fiji,FJI,NY.GDP.MKTP.CD,2017,5353469174.47838
Fiji,FJI,NY.GDP.MKTP.CD,2018,5581425327.44397
Fiji,FJI,NY.GDP.MKTP.CD,2019,5344907153.46698
Fiji,FJI,NY.GDP.MKTP.CD,2020,4227719873.3865
Fiji,FJI,NY.GDP.MKTP.CD,2021,4158873156.17978
Fiji,FJI,NY.GDP.MKTP.CD,2022,4977861885.60316
Fiji,FJI,NY.GDP.MKTP.CD,2023,5476673518.13788
Fiji,FJI,NY.GDP.MKTP.CD,2024,5968125909.27126
Fiji,FJI,NY.GDP.MKTP.CD,2025,6198013062.06553
France,FRA,NY.GDP.MKTP.CD,1960,61959085885.3427
France,FRA,NY.GDP.MKTP.CD,1961,67158050215.0488
France,FRA,NY.GDP.MKTP.CD,1962,75196980365.0325
France,FRA,NY.GDP.MKTP.CD,1963,84227606649.8725
France,FRA,NY.GDP.MKTP.CD,1964,93424179943.3453
France,FRA,NY.GDP.MKTP.CD,1965,100927668584.29
France,FRA,NY.GDP.MKTP.CD,1966,109306730313.216
France,FRA,NY.GDP.MKTP.CD,1967,118088635380.954
France,FRA,NY.GDP.MKTP.CD,1968,128710572572.436
France,FRA,NY.GDP.MKTP.CD,1969,140660914840.59
France,FRA,NY.GDP.MKTP.CD,1970,147312861698.358
France,FRA,NY.GDP.MKTP.CD,1971,164694210962.472
France,FRA,NY.GDP.MKTP.CD,1972,201738881664.499
France,FRA,NY.GDP.MKTP.CD,1973,261970536240.424
France,FRA,NY.GDP.MKTP.CD,1974,282739225313.693
France,FRA,NY.GDP.MKTP.CD,1975,357324307786.446
France,FRA,NY.GDP.MKTP.CD,1976,368363152144.223
France,FRA,NY.GDP.MKTP.CD,1977,406401711687.617
France,FRA,NY.GDP.MKTP.CD,1978,501724418604.651
France,FRA,NY.GDP.MKTP.CD,1979,608218624730.188
France,FRA,NY.GDP.MKTP.CD,1980,694529183483.39
France,FRA,NY.GDP.MKTP.CD,1981,609184791792.396
France,FRA,NY.GDP.MKTP.CD,1982,578152310609.841
France,FRA,NY.GDP.MKTP.CD,1983,553356312935.709
France,FRA,NY.GDP.MKTP.CD,1984,525033325827.516
France,FRA,NY.GDP.MKTP.CD,1985,547220981165.134
France,FRA,NY.GDP.MKTP.CD,1986,764946585850.933
France,FRA,NY.GDP.MKTP.CD,1987,926320855614.973
France,FRA,NY.GDP.MKTP.CD,1988,1010827662151.75
France,FRA,NY.GDP.MKTP.CD,1989,1016742237302.08
France,FRA,NY.GDP.MKTP.CD,1990,1257649439826.53
France,FRA,NY.GDP.MKTP.CD,1991,1258961748633.88
France,FRA,NY.GDP.MKTP.CD,1992,1389663073110.28
France,FRA,NY.GDP.MKTP.CD,1993,1314383368079.69
France,FRA,NY.GDP.MKTP.CD,1994,1385822778827.98
France,FRA,NY.GDP.MKTP.CD,1995,1595219345511.89
France,FRA,NY.GDP.MKTP.CD,1996,1598889216566.23
France,FRA,NY.GDP.MKTP.CD,1997,1449392222971.45
France,FRA,NY.GDP.MKTP.CD,1998,1496906382032.47
France,FRA,NY.GDP.MKTP.CD,1999,1486915879701.93
France,FRA,NY.GDP.MKTP.CD,2000,1360959069477.49
France,FRA,NY.GDP.MKTP.CD,2001,1370376677298.86
France,FRA,NY.GDP.MKTP.CD,2002,1492427756382.43
France,FRA,NY.GDP.MKTP.CD,2003,1835095983049.09
France,FRA,NY.GDP.MKTP.CD,2004,2109792297237.03
France,FRA,NY.GDP.MKTP.CD,2005,2192146403028.17
France,FRA,NY.GDP.MKTP.CD,2006,2317861544690.82
France,FRA,NY.GDP.MKTP.CD,2007,2655816911866.56
France,FRA,NY.GDP.MKTP.CD,2008,2926802941585.86
France,FRA,NY.GDP.MKTP.CD,2009,2700075882518.98
France,FRA,NY.GDP.MKTP.CD,2010,2646230027988.34
France,FRA,NY.GDP.MKTP.CD,2011,2870408553990.28
France,FRA,NY.GDP.MKTP.CD,2012,2683007095787.23
France,FRA,NY.GDP.MKTP.CD,2013,2816077607875.26
France,FRA,NY.GDP.MKTP.CD,2014,2861236112552.42
France,FRA,NY.GDP.MKTP.CD,2015,2442483452642.5
France,FRA,NY.GDP.MKTP.CD,2016,2470407619777.13
France,FRA,NY.GDP.MKTP.CD,2017,2588868323334.71
France,FRA,NY.GDP.MKTP.CD,2018,2781576320884.39
France,FRA,NY.GDP.MKTP.CD,2019,2722793515171.76
France,FRA,NY.GDP.MKTP.CD,2020,2647926055110.05
France,FRA,NY.GDP.MKTP.CD,2021,2966433692008.09
France,FRA,NY.GDP.MKTP.CD,2022,2794788137066.94
France,FRA,NY.GDP.MKTP.CD,2023,3056250648138.29
France,FRA,NY.GDP.MKTP.CD,2024,3160442622465.08
France,FRA,NY.GDP.MKTP.CD,2025,3366315927447.33
Faroe Islands,FRO,NY.GDP.MKTP.CD,1965,57954522.4217259
Faroe Islands,FRO,NY.GDP.MKTP.CD,1966,64397131.0846457
Faroe Islands,FRO,NY.GDP.MKTP.CD,1967,66225403.5588069
Faroe Islands,FRO,NY.GDP.MKTP.CD,1968,65186666.6666667
Faroe Islands,FRO,NY.GDP.MKTP.CD,1969,70106666.6666667
Faroe Islands,FRO,NY.GDP.MKTP.CD,1970,84933333.3333333
Faroe Islands,FRO,NY.GDP.MKTP.CD,1971,99219082.8537991
Faroe Islands,FRO,NY.GDP.MKTP.CD,1972,119335897.815202
Faroe Islands,FRO,NY.GDP.MKTP.CD,1973,161236465.823622
Faroe Islands,FRO,NY.GDP.MKTP.CD,1974,196771070.895339
Faroe Islands,FRO,NY.GDP.MKTP.CD,1975,227404436.013679
Faroe Islands,FRO,NY.GDP.MKTP.CD,1976,270470345.449357
Faroe Islands,FRO,NY.GDP.MKTP.CD,1977,347798304.635267
Faroe Islands,FRO,NY.GDP.MKTP.CD,1978,397833034.884512
Faroe Islands,FRO,NY.GDP.MKTP.CD,1979,448568492.658561
Faroe Islands,FRO,NY.GDP.MKTP.CD,1980,493014300.005217
Faroe Islands,FRO,NY.GDP.MKTP.CD,1981,456244919.010912
Faroe Islands,FRO,NY.GDP.MKTP.CD,1982,444047495.320099
Faroe Islands,FRO,NY.GDP.MKTP.CD,1983,486605127.702681
Faroe Islands,FRO,NY.GDP.MKTP.CD,1984,426008864.692169
Faroe Islands,FRO,NY.GDP.MKTP.CD,1985,459307281.195335
Faroe Islands,FRO,NY.GDP.MKTP.CD,1986,688914288.878298
Faroe Islands,FRO,NY.GDP.MKTP.CD,1987,886508622.334316
Faroe Islands,FRO,NY.GDP.MKTP.CD,1988,968576956.930265
Faroe Islands,FRO,NY.GDP.MKTP.CD,1989,871935350.384909
Faroe Islands,FRO,NY.GDP.MKTP.CD,1990,960805408.949872
Faroe Islands,FRO,NY.GDP.MKTP.CD,1991,909253214.82608
Faroe Islands,FRO,NY.GDP.MKTP.CD,1992,912670413.325883
Faroe Islands,FRO,NY.GDP.MKTP.CD,1993,760957189.757646
Faroe Islands,FRO,NY.GDP.MKTP.CD,1994,758739178.612171
Faroe Islands,FRO,NY.GDP.MKTP.CD,1995,901404709.830684
Faroe Islands,FRO,NY.GDP.MKTP.CD,1996,989536914.659081
Faroe Islands,FRO,NY.GDP.MKTP.CD,1997,933763083.395627
Faroe Islands,FRO,NY.GDP.MKTP.CD,1998,1104744235.30111
Faroe Islands,FRO,NY.GDP.MKTP.CD,1999,1127684827.35686
Faroe Islands,FRO,NY.GDP.MKTP.CD,2000,1067109530.64798
Faroe Islands,FRO,NY.GDP.MKTP.CD,2001,1160268212.07291
Faroe Islands,FRO,NY.GDP.MKTP.CD,2002,1275093689.27107
Faroe Islands,FRO,NY.GDP.MKTP.CD,2003,1501941580.88903
Faroe Islands,FRO,NY.GDP.MKTP.CD,2004,1724770770.83393
Faroe Islands,FRO,NY.GDP.MKTP.CD,2005,1759739599.22694
Faroe Islands,FRO,NY.GDP.MKTP.CD,2006,2017680834.89917
Faroe Islands,FRO,NY.GDP.MKTP.CD,2007,2339015313.29513
Faroe Islands,FRO,NY.GDP.MKTP.CD,2008,2489873249.62815
Faroe Islands,FRO,NY.GDP.MKTP.CD,2009,2296065170.05552
Faroe Islands,FRO,NY.GDP.MKTP.CD,2010,2331796784.36009
Faroe Islands,FRO,NY.GDP.MKTP.CD,2011,2505740669.27039
Faroe Islands,FRO,NY.GDP.MKTP.CD,2012,2427200388.91831
Faroe Islands,FRO,NY.GDP.MKTP.CD,2013,2690110520.92548
Faroe Islands,FRO,NY.GDP.MKTP.CD,2014,2914012679.27277
Faroe Islands,FRO,NY.GDP.MKTP.CD,2015,2573905971.05459
Faroe Islands,FRO,NY.GDP.MKTP.CD,2016,2813278868.78208
Faroe Islands,FRO,NY.GDP.MKTP.CD,2017,2980057377.87967
Faroe Islands,FRO,NY.GDP.MKTP.CD,2018,3188600927.46688
Faroe Islands,FRO,NY.GDP.MKTP.CD,2019,3266432734.22819
Faroe Islands,FRO,NY.GDP.MKTP.CD,2020,3271813311.5831
Faroe Islands,FRO,NY.GDP.MKTP.CD,2021,3699551717.10561
Faroe Islands,FRO,NY.GDP.MKTP.CD,2022,3615241800.50058
Faroe Islands,FRO,NY.GDP.MKTP.CD,2023,3943131022.2291
Faroe Islands,FRO,NY.GDP.MKTP.CD,2024,4052937169.76536
"Micronesia, Fed. Sts.",FSM,NY.GDP.MKTP.CD,1970,19885926.0
"Micronesia, Fed. Sts.",FSM,NY.GDP.MKTP.CD,1971,21783158.0
"Micronesia, Fed. Sts.",FSM,NY.GDP.MKTP.CD,1972,25100928.0
"Micronesia, Fed. Sts.",FSM,NY.GDP.MKTP.CD,1973,34821467.0
"Micronesia, Fed. Sts.",FSM,NY.GDP.MKTP.CD,1974,46095175.0
"Micronesia, Fed. Sts.",FSM,NY.GDP.MKTP.CD,1975,46119184.0
"Micronesia, Fed. Sts.",FSM,NY.GDP.MKTP.CD,1976,46813193.0
"Micronesia, Fed. Sts.",FSM,NY.GDP.MKTP.CD,1977,47305560.0
"Micronesia, Fed. Sts.",FSM,NY.GDP.MKTP.CD,1978,53656834.0
"Micronesia, Fed. Sts.",FSM,NY.GDP.MKTP.CD,1979,60270778.0
"Micronesia, Fed. Sts.",FSM,NY.GDP.MKTP.CD,1980,64186644.0
"Micronesia, Fed. Sts.",FSM,NY.GDP.MKTP.CD,1981,76472529.0
"Micronesia, Fed. Sts.",FSM,NY.GDP.MKTP.CD,1982,80055706.0
"Micronesia, Fed. Sts.",FSM,NY.GDP.MKTP.CD,1983,84110353.0
"Micronesia, Fed. Sts.",FSM,NY.GDP.MKTP.CD,1984,84676118.0
"Micronesia, Fed. Sts.",FSM,NY.GDP.MKTP.CD,1985,101931941.0
"Micronesia, Fed. Sts.",FSM,NY.GDP.MKTP.CD,1986,112210000.0
"Micronesia, Fed. Sts.",FSM,NY.GDP.MKTP.CD,1987,116700000.0
"Micronesia, Fed. Sts.",FSM,NY.GDP.MKTP.CD,1988,124700000.0
"Micronesia, Fed. Sts.",FSM,NY.GDP.MKTP.CD,1989,135200000.0
"Micronesia, Fed. Sts.",FSM,NY.GDP.MKTP.CD,1990,147200000.0
"Micronesia, Fed. Sts.",FSM,NY.GDP.MKTP.CD,1991,166200000.0
"Micronesia, Fed. Sts.",FSM,NY.GDP.MKTP.CD,1992,178100000.0
"Micronesia, Fed. Sts.",FSM,NY.GDP.MKTP.CD,1993,198400000.0
"Micronesia, Fed. Sts.",FSM,NY.GDP.MKTP.CD,1994,202500000.0
"Micronesia, Fed. Sts.",FSM,NY.GDP.MKTP.CD,1995,219930000.0
"Micronesia, Fed. Sts.",FSM,NY.GDP.MKTP.CD,1996,216546000.0
"Micronesia, Fed. Sts.",FSM,NY.GDP.MKTP.CD,1997,204397200.0
"Micronesia, Fed. Sts.",FSM,NY.GDP.MKTP.CD,1998,216520600.0
"Micronesia, Fed. Sts.",FSM,NY.GDP.MKTP.CD,1999,217198900.0
"Micronesia, Fed. Sts.",FSM,NY.GDP.MKTP.CD,2000,229616800.0
"Micronesia, Fed. Sts.",FSM,NY.GDP.MKTP.CD,2001,236387700.0
"Micronesia, Fed. Sts.",FSM,NY.GDP.MKTP.CD,2002,237654300.0
"Micronesia, Fed. Sts.",FSM,NY.GDP.MKTP.CD,2003,240949900.0
"Micronesia, Fed. Sts.",FSM,NY.GDP.MKTP.CD,2004,235538100.0
"Micronesia, Fed. Sts.",FSM,NY.GDP.MKTP.CD,2005,247000000.0
"Micronesia, Fed. Sts.",FSM,NY.GDP.MKTP.CD,2006,250000000.0
"Micronesia, Fed. Sts.",FSM,NY.GDP.MKTP.CD,2007,253000000.0
"Micronesia, Fed. Sts.",FSM,NY.GDP.MKTP.CD,2008,261000000.0
"Micronesia, Fed. Sts.",FSM,NY.GDP.MKTP.CD,2009,277000000.0
"Micronesia, Fed. Sts.",FSM,NY.GDP.MKTP.CD,2010,292000000.0
"Micronesia, Fed. Sts.",FSM,NY.GDP.MKTP.CD,2011,308000000.0
"Micronesia, Fed. Sts.",FSM,NY.GDP.MKTP.CD,2012,324000000.0
"Micronesia, Fed. Sts.",FSM,NY.GDP.MKTP.CD,2013,314000000.0
"Micronesia, Fed. Sts.",FSM,NY.GDP.MKTP.CD,2014,316000000.0
"Micronesia, Fed. Sts.",FSM,NY.GDP.MKTP.CD,2015,312000000.0
"Micronesia, Fed. Sts.",FSM,NY.GDP.MKTP.CD,2016,327000000.0
"Micronesia, Fed. Sts.",FSM,NY.GDP.MKTP.CD,2017,361000000.0
"Micronesia, Fed. Sts.",FSM,NY.GDP.MKTP.CD,2018,394000000.0
"Micronesia, Fed. Sts.",FSM,NY.GDP.MKTP.CD,2019,395000000.0
"Micronesia, Fed. Sts.",FSM,NY.GDP.MKTP.CD,2020,372902700.0
"Micronesia, Fed. Sts.",FSM,NY.GDP.MKTP.CD,2021,391601900.0
"Micronesia, Fed. Sts.",FSM,NY.GDP.MKTP.CD,2022,415232900.0
"Micronesia, Fed. Sts.",FSM,NY.GDP.MKTP.CD,2023,442975600.0
"Micronesia, Fed. Sts.",FSM,NY.GDP.MKTP.CD,2024,481121300.0
"Micronesia, Fed. Sts.",FSM,NY.GDP.MKTP.CD,2025,501797600.0
Gabon,GAB,NY.GDP.MKTP.CD,1960,141468977.799846
Gabon,GAB,NY.GDP.MKTP.CD,1961,167637907.122782
Gabon,GAB,NY.GDP.MKTP.CD,1962,182796536.266025
Gabon,GAB,NY.GDP.MKTP.CD,1963,154480244.055222
Gabon,GAB,NY.GDP.MKTP.CD,1964,215679855.342091
Gabon,GAB,NY.GDP.MKTP.CD,1965,226474285.779063
Gabon,GAB,NY.GDP.MKTP.CD,1966,245849781.273234
Gabon,GAB,NY.GDP.MKTP.CD,1967,271543680.048895
Gabon,GAB,NY.GDP.MKTP.CD,1968,294468564.245272
Gabon,GAB,NY.GDP.MKTP.CD,1969,318124701.478771
Gabon,GAB,NY.GDP.MKTP.CD,1970,323802475.512425
Gabon,GAB,NY.GDP.MKTP.CD,1971,381687072.622379
Gabon,GAB,NY.GDP.MKTP.CD,1972,430508358.514204
Gabon,GAB,NY.GDP.MKTP.CD,1973,722780701.295854
Gabon,GAB,NY.GDP.MKTP.CD,1974,1544216001.66059
Gabon,GAB,NY.GDP.MKTP.CD,1975,2157592940.04234
Gabon,GAB,NY.GDP.MKTP.CD,1976,3009409974.26856
Gabon,GAB,NY.GDP.MKTP.CD,1977,2809349069.22118
Gabon,GAB,NY.GDP.MKTP.CD,1978,2389479271.66616
Gabon,GAB,NY.GDP.MKTP.CD,1979,3030251120.09759
Gabon,GAB,NY.GDP.MKTP.CD,1980,4279637942.25144
Gabon,GAB,NY.GDP.MKTP.CD,1981,3862269120.53497
Gabon,GAB,NY.GDP.MKTP.CD,1982,3618007841.13503
Gabon,GAB,NY.GDP.MKTP.CD,1983,3391275731.53751
Gabon,GAB,NY.GDP.MKTP.CD,1984,3561451560.50783
Gabon,GAB,NY.GDP.MKTP.CD,1985,3339914757.22872
Gabon,GAB,NY.GDP.MKTP.CD,1986,3403638189.20049
Gabon,GAB,NY.GDP.MKTP.CD,1987,3281797043.04996
Gabon,GAB,NY.GDP.MKTP.CD,1988,3834503376.02992
Gabon,GAB,NY.GDP.MKTP.CD,1989,4186411463.85975
Gabon,GAB,NY.GDP.MKTP.CD,1990,5952293764.84777
Gabon,GAB,NY.GDP.MKTP.CD,1991,5402919784.57004
Gabon,GAB,NY.GDP.MKTP.CD,1992,5592390827.39854
Gabon,GAB,NY.GDP.MKTP.CD,1993,4378645081.01769
Gabon,GAB,NY.GDP.MKTP.CD,1994,4190819344.22255
Gabon,GAB,NY.GDP.MKTP.CD,1995,4958845648.04778
Gabon,GAB,NY.GDP.MKTP.CD,1996,5694040002.89863
Gabon,GAB,NY.GDP.MKTP.CD,1997,5326817114.53586
Gabon,GAB,NY.GDP.MKTP.CD,1998,4483417309.83011
Gabon,GAB,NY.GDP.MKTP.CD,1999,4662992036.2073
Gabon,GAB,NY.GDP.MKTP.CD,2000,5080483628.53013
Gabon,GAB,NY.GDP.MKTP.CD,2001,5023265413.2623
Gabon,GAB,NY.GDP.MKTP.CD,2002,5335451099.88223
Gabon,GAB,NY.GDP.MKTP.CD,2003,6511903365.47554
Gabon,GAB,NY.GDP.MKTP.CD,2004,7770219008.21293
Gabon,GAB,NY.GDP.MKTP.CD,2005,9582783990.85345
Gabon,GAB,NY.GDP.MKTP.CD,2006,10327598306.4575
Gabon,GAB,NY.GDP.MKTP.CD,2007,12455409587.3371
Gabon,GAB,NY.GDP.MKTP.CD,2008,15571348344.3379
Gabon,GAB,NY.GDP.MKTP.CD,2009,12113699068.2517
Gabon,GAB,NY.GDP.MKTP.CD,2010,14372593020.2885
Gabon,GAB,NY.GDP.MKTP.CD,2011,18210307743.5816
Gabon,GAB,NY.GDP.MKTP.CD,2012,17170464016.0593
Gabon,GAB,NY.GDP.MKTP.CD,2013,17595744798.3398
Gabon,GAB,NY.GDP.MKTP.CD,2014,18203966895.8433
Gabon,GAB,NY.GDP.MKTP.CD,2015,14383107762.6952
Gabon,GAB,NY.GDP.MKTP.CD,2016,14023890265.3665
Gabon,GAB,NY.GDP.MKTP.CD,2017,14929487485.1623
Gabon,GAB,NY.GDP.MKTP.CD,2018,16867326401.9626
Gabon,GAB,NY.GDP.MKTP.CD,2019,16874405465.391
Gabon,GAB,NY.GDP.MKTP.CD,2020,15342236163.9943
Gabon,GAB,NY.GDP.MKTP.CD,2021,19444935097.2333
Gabon,GAB,NY.GDP.MKTP.CD,2022,20440655695.229
Gabon,GAB,NY.GDP.MKTP.CD,2023,19388372070.9778
Gabon,GAB,NY.GDP.MKTP.CD,2024,20895684425.6752
Gabon,GAB,NY.GDP.MKTP.CD,2025,21427119323.2764
United Kingdom,GBR,NY.GDP.MKTP.CD,1960,73233967692.1028
United Kingdom,GBR,NY.GDP.MKTP.CD,1961,77741965703.3544
United Kingdom,GBR,NY.GDP.MKTP.CD,1962,81247564156.8246
United Kingdom,GBR,NY.GDP.MKTP.CD,1963,86561961812.3249
United Kingdom,GBR,NY.GDP.MKTP.CD,1964,94407558351.1616
United Kingdom,GBR,NY.GDP.MKTP.CD,1965,101824755078.991
United Kingdom,GBR,NY.GDP.MKTP.CD,1966,108572752102.045
United Kingdom,GBR,NY.GDP.MKTP.CD,1967,113116888210.787
United Kingdom,GBR,NY.GDP.MKTP.CD,1968,107759910067.889
United Kingdom,GBR,NY.GDP.MKTP.CD,1969,116464702803.218
United Kingdom,GBR,NY.GDP.MKTP.CD,1970,130671946244.3
United Kingdom,GBR,NY.GDP.MKTP.CD,1971,148113896325.14
United Kingdom,GBR,NY.GDP.MKTP.CD,1972,169965034965.035
United Kingdom,GBR,NY.GDP.MKTP.CD,1973,192537971582.558
United Kingdom,GBR,NY.GDP.MKTP.CD,1974,206131369798.971
United Kingdom,GBR,NY.GDP.MKTP.CD,1975,241756637168.142
United Kingdom,GBR,NY.GDP.MKTP.CD,1976,232614555256.065
United Kingdom,GBR,NY.GDP.MKTP.CD,1977,263066457352.172
United Kingdom,GBR,NY.GDP.MKTP.CD,1978,335883029721.956
United Kingdom,GBR,NY.GDP.MKTP.CD,1979,438994070309.191
United Kingdom,GBR,NY.GDP.MKTP.CD,1980,564947710899.373
United Kingdom,GBR,NY.GDP.MKTP.CD,1981,540765675241.158
United Kingdom,GBR,NY.GDP.MKTP.CD,1982,515048916841.37
United Kingdom,GBR,NY.GDP.MKTP.CD,1983,489618008185.539
United Kingdom,GBR,NY.GDP.MKTP.CD,1984,461487097632.349
United Kingdom,GBR,NY.GDP.MKTP.CD,1985,489285164271.047
United Kingdom,GBR,NY.GDP.MKTP.CD,1986,601452653180.885
United Kingdom,GBR,NY.GDP.MKTP.CD,1987,745162608269.325
United Kingdom,GBR,NY.GDP.MKTP.CD,1988,910122732123.799
United Kingdom,GBR,NY.GDP.MKTP.CD,1989,926884816753.927
United Kingdom,GBR,NY.GDP.MKTP.CD,1990,1093169389204.55
United Kingdom,GBR,NY.GDP.MKTP.CD,1991,1142797178130.51
United Kingdom,GBR,NY.GDP.MKTP.CD,1992,1179659529659.53
United Kingdom,GBR,NY.GDP.MKTP.CD,1993,1061388722255.55
United Kingdom,GBR,NY.GDP.MKTP.CD,1994,1140489745944.29
United Kingdom,GBR,NY.GDP.MKTP.CD,1995,1349094208616.06
United Kingdom,GBR,NY.GDP.MKTP.CD,1996,1425287051482.06
United Kingdom,GBR,NY.GDP.MKTP.CD,1997,1569317288801.57
United Kingdom,GBR,NY.GDP.MKTP.CD,1998,1660821464060.95
United Kingdom,GBR,NY.GDP.MKTP.CD,1999,1693458987218.9
United Kingdom,GBR,NY.GDP.MKTP.CD,2000,1671597821152.97
United Kingdom,GBR,NY.GDP.MKTP.CD,2001,1656171009068.66
United Kingdom,GBR,NY.GDP.MKTP.CD,2002,1790536570743.41
United Kingdom,GBR,NY.GDP.MKTP.CD,2003,2061227755102.04
United Kingdom,GBR,NY.GDP.MKTP.CD,2004,2429774807762.72
United Kingdom,GBR,NY.GDP.MKTP.CD,2005,2551361818181.82
United Kingdom,GBR,NY.GDP.MKTP.CD,2006,2719558417663.29
United Kingdom,GBR,NY.GDP.MKTP.CD,2007,3104699879951.98
United Kingdom,GBR,NY.GDP.MKTP.CD,2008,2945251838235.29
United Kingdom,GBR,NY.GDP.MKTP.CD,2009,2429358155475.93
United Kingdom,GBR,NY.GDP.MKTP.CD,2010,2496740681057.14
United Kingdom,GBR,NY.GDP.MKTP.CD,2011,2675590034128.66
United Kingdom,GBR,NY.GDP.MKTP.CD,2012,2719715961539.83
United Kingdom,GBR,NY.GDP.MKTP.CD,2013,2796908333283.39
United Kingdom,GBR,NY.GDP.MKTP.CD,2014,3085362169410.29
United Kingdom,GBR,NY.GDP.MKTP.CD,2015,2945579890258.46
United Kingdom,GBR,NY.GDP.MKTP.CD,2016,2706807606538.73
United Kingdom,GBR,NY.GDP.MKTP.CD,2017,2699118387873.1
United Kingdom,GBR,NY.GDP.MKTP.CD,2018,2897028009916.05
United Kingdom,GBR,NY.GDP.MKTP.CD,2019,2875710080015.3
United Kingdom,GBR,NY.GDP.MKTP.CD,2020,2724001478304.59
United Kingdom,GBR,NY.GDP.MKTP.CD,2021,3194559188925.93
United Kingdom,GBR,NY.GDP.MKTP.CD,2022,3181244350465.41
United Kingdom,GBR,NY.GDP.MKTP.CD,2023,3420796653789.08
United Kingdom,GBR,NY.GDP.MKTP.CD,2024,3695539513534.15
United Kingdom,GBR,NY.GDP.MKTP.CD,2025,4002587541846.01
Georgia,GEO,NY.GDP.MKTP.CD,1987,7321981333.6772
Georgia,GEO,NY.GDP.MKTP.CD,1988,8833588173.40023
Georgia,GEO,NY.GDP.MKTP.CD,1989,8902632715.25406
Georgia,GEO,NY.GDP.MKTP.CD,1990,7735927263.59261
Georgia,GEO,NY.GDP.MKTP.CD,1991,6324503311.25828
Georgia,GEO,NY.GDP.MKTP.CD,1992,3690328963.64086
Georgia,GEO,NY.GDP.MKTP.CD,1993,2701181331.30816
Georgia,GEO,NY.GDP.MKTP.CD,1994,2513867645.13316
Georgia,GEO,NY.GDP.MKTP.CD,1995,2693732611.81599
Georgia,GEO,NY.GDP.MKTP.CD,1996,3094936177.1918
Georgia,GEO,NY.GDP.MKTP.CD,1997,3510520231.21387
Georgia,GEO,NY.GDP.MKTP.CD,1998,3613497316.55319
Georgia,GEO,NY.GDP.MKTP.CD,1999,2800025882.71672
Georgia,GEO,NY.GDP.MKTP.CD,2000,3057475335.18846
Georgia,GEO,NY.GDP.MKTP.CD,2001,3219462262.0075
Georgia,GEO,NY.GDP.MKTP.CD,2002,3395766677.67315
Georgia,GEO,NY.GDP.MKTP.CD,2003,3991377904.13162
Georgia,GEO,NY.GDP.MKTP.CD,2004,5125365191.98664
Georgia,GEO,NY.GDP.MKTP.CD,2005,6410912049.87105
Georgia,GEO,NY.GDP.MKTP.CD,2006,7745250733.95067
Georgia,GEO,NY.GDP.MKTP.CD,2007,10172931088.5655
Georgia,GEO,NY.GDP.MKTP.CD,2008,12795145130.9103
Georgia,GEO,NY.GDP.MKTP.CD,2009,10766920065.8251
Georgia,GEO,NY.GDP.MKTP.CD,2010,12426907967.1578
Georgia,GEO,NY.GDP.MKTP.CD,2011,15475290469.2869
Georgia,GEO,NY.GDP.MKTP.CD,2012,16894392033.2256
Georgia,GEO,NY.GDP.MKTP.CD,2013,17517660143.6859
Georgia,GEO,NY.GDP.MKTP.CD,2014,17966015109.3043
Georgia,GEO,NY.GDP.MKTP.CD,2015,15223796148.8396
Georgia,GEO,NY.GDP.MKTP.CD,2016,15444548901.9637
Georgia,GEO,NY.GDP.MKTP.CD,2017,16473125375.0684
Georgia,GEO,NY.GDP.MKTP.CD,2018,17902544880.6471
Georgia,GEO,NY.GDP.MKTP.CD,2019,17638337116.9126
Georgia,GEO,NY.GDP.MKTP.CD,2020,16010869215.68
Georgia,GEO,NY.GDP.MKTP.CD,2021,18853115588.8106
Georgia,GEO,NY.GDP.MKTP.CD,2022,24984568959.605
Georgia,GEO,NY.GDP.MKTP.CD,2023,30777833600.6515
Georgia,GEO,NY.GDP.MKTP.CD,2024,34189423333.141
Georgia,GEO,NY.GDP.MKTP.CD,2025,38143612855.1367
Ghana,GHA,NY.GDP.MKTP.CD,1960,1217230094.97205
Ghana,GHA,NY.GDP.MKTP.CD,1961,1302674324.88378
Ghana,GHA,NY.GDP.MKTP.CD,1962,1382515654.47343
Ghana,GHA,NY.GDP.MKTP.CD,1963,1540797588.57221
Ghana,GHA,NY.GDP.MKTP.CD,1964,1731296199.52296
Ghana,GHA,NY.GDP.MKTP.CD,1965,2053462968.0426
Ghana,GHA,NY.GDP.MKTP.CD,1966,2126300672.22965
Ghana,GHA,NY.GDP.MKTP.CD,1967,1747187644.9031
Ghana,GHA,NY.GDP.MKTP.CD,1968,1666909517.65205
Ghana,GHA,NY.GDP.MKTP.CD,1969,1962050555.7775
Ghana,GHA,NY.GDP.MKTP.CD,1970,2215028588.45646
Ghana,GHA,NY.GDP.MKTP.CD,1971,2417108577.52739
Ghana,GHA,NY.GDP.MKTP.CD,1972,2112293279.98507
Ghana,GHA,NY.GDP.MKTP.CD,1973,3006766758.43977
Ghana,GHA,NY.GDP.MKTP.CD,1974,2894409937.8882
Ghana,GHA,NY.GDP.MKTP.CD,1975,2810106382.97872
Ghana,GHA,NY.GDP.MKTP.CD,1976,2765254237.28814
Ghana,GHA,NY.GDP.MKTP.CD,1977,3189428571.42857
Ghana,GHA,NY.GDP.MKTP.CD,1978,3662478184.99127
Ghana,GHA,NY.GDP.MKTP.CD,1979,4020227920.22792
Ghana,GHA,NY.GDP.MKTP.CD,1980,4445228215.76763
Ghana,GHA,NY.GDP.MKTP.CD,1981,4222441860.46512
Ghana,GHA,NY.GDP.MKTP.CD,1982,4035994397.7591
Ghana,GHA,NY.GDP.MKTP.CD,1983,4057275132.27513
Ghana,GHA,NY.GDP.MKTP.CD,1984,4412279843.44423
Ghana,GHA,NY.GDP.MKTP.CD,1985,4504306722.68908
Ghana,GHA,NY.GDP.MKTP.CD,1986,5735677433.82683
Ghana,GHA,NY.GDP.MKTP.CD,1987,5074829931.97279
Ghana,GHA,NY.GDP.MKTP.CD,1988,5197765031.64557
Ghana,GHA,NY.GDP.MKTP.CD,1989,5251858439.874
Ghana,GHA,NY.GDP.MKTP.CD,1990,5889106573.46088
Ghana,GHA,NY.GDP.MKTP.CD,1991,6603185267.79643
Ghana,GHA,NY.GDP.MKTP.CD,1992,6416103925.83267
Ghana,GHA,NY.GDP.MKTP.CD,1993,5968922939.37198
Ghana,GHA,NY.GDP.MKTP.CD,1994,5446383726.77047
Ghana,GHA,NY.GDP.MKTP.CD,1995,6464382807.67884
Ghana,GHA,NY.GDP.MKTP.CD,1996,6932991739.37767
Ghana,GHA,NY.GDP.MKTP.CD,1997,6891443192.24985
Ghana,GHA,NY.GDP.MKTP.CD,1998,7482069162.42008
Ghana,GHA,NY.GDP.MKTP.CD,1999,7718109982.26093
Ghana,GHA,NY.GDP.MKTP.CD,2000,4982850662.20851
Ghana,GHA,NY.GDP.MKTP.CD,2001,5314872854.4405
Ghana,GHA,NY.GDP.MKTP.CD,2002,6166197847.85031
Ghana,GHA,NY.GDP.MKTP.CD,2003,7632723555.66221
Ghana,GHA,NY.GDP.MKTP.CD,2004,8881417906.71432
Ghana,GHA,NY.GDP.MKTP.CD,2005,10744568381.4456
Ghana,GHA,NY.GDP.MKTP.CD,2006,20885037596.6963
Ghana,GHA,NY.GDP.MKTP.CD,2007,24827339138.4906
Ghana,GHA,NY.GDP.MKTP.CD,2008,28679383241.0729
Ghana,GHA,NY.GDP.MKTP.CD,2009,26048720005.5233
Ghana,GHA,NY.GDP.MKTP.CD,2010,32197655566.5347
Ghana,GHA,NY.GDP.MKTP.CD,2011,39336668080.559
Ghana,GHA,NY.GDP.MKTP.CD,2012,41271701060.954
Ghana,GHA,NY.GDP.MKTP.CD,2013,62845721959.827
Ghana,GHA,NY.GDP.MKTP.CD,2014,54678533805.9064
Ghana,GHA,NY.GDP.MKTP.CD,2015,49436806230.4839
Ghana,GHA,NY.GDP.MKTP.CD,2016,56144179397.8516
Ghana,GHA,NY.GDP.MKTP.CD,2017,60385409434.8567
Ghana,GHA,NY.GDP.MKTP.CD,2018,67259353965.6087
Ghana,GHA,NY.GDP.MKTP.CD,2019,68352629246.1555
Ghana,GHA,NY.GDP.MKTP.CD,2020,70008243859.8666
Ghana,GHA,NY.GDP.MKTP.CD,2021,79514204730.3979
Ghana,GHA,NY.GDP.MKTP.CD,2022,73919003212.1998
Ghana,GHA,NY.GDP.MKTP.CD,2023,80547146875.9526
Ghana,GHA,NY.GDP.MKTP.CD,2024,83288585604.0268
Ghana,GHA,NY.GDP.MKTP.CD,2025,114209905278.717
Guinea,GIN,NY.GDP.MKTP.CD,1970,3220224607.81851
Guinea,GIN,NY.GDP.MKTP.CD,1971,3594302908.06164
Guinea,GIN,NY.GDP.MKTP.CD,1972,4203069035.01427
Guinea,GIN,NY.GDP.MKTP.CD,1973,5152080387.55572
Guinea,GIN,NY.GDP.MKTP.CD,1974,5691417541.33871
Guinea,GIN,NY.GDP.MKTP.CD,1975,6102769605.43001
Guinea,GIN,NY.GDP.MKTP.CD,1976,6762781870.6211
Guinea,GIN,NY.GDP.MKTP.CD,1977,6914381290.57116
Guinea,GIN,NY.GDP.MKTP.CD,1978,8087305999.0597
Guinea,GIN,NY.GDP.MKTP.CD,1979,8877094497.44971
Guinea,GIN,NY.GDP.MKTP.CD,1980,9746524915.08071
Guinea,GIN,NY.GDP.MKTP.CD,1981,9646440666.52864
Guinea,GIN,NY.GDP.MKTP.CD,1982,11926032493.4301
Guinea,GIN,NY.GDP.MKTP.CD,1983,15129893722.3449
Guinea,GIN,NY.GDP.MKTP.CD,1984,18421497251.1767
Guinea,GIN,NY.GDP.MKTP.CD,1985,22787644565.9059
Guinea,GIN,NY.GDP.MKTP.CD,1986,2909130355.238
Guinea,GIN,NY.GDP.MKTP.CD,1987,2976714019.06852
Guinea,GIN,NY.GDP.MKTP.CD,1988,3476480303.12273
Guinea,GIN,NY.GDP.MKTP.CD,1989,3546079262.94987
Guinea,GIN,NY.GDP.MKTP.CD,1990,3888320665.52218
Guinea,GIN,NY.GDP.MKTP.CD,1991,4396178694.1535
Guinea,GIN,NY.GDP.MKTP.CD,1992,4789220416.70641
Guinea,GIN,NY.GDP.MKTP.CD,1993,4781166116.51789
Guinea,GIN,NY.GDP.MKTP.CD,1994,4932800406.92974
Guinea,GIN,NY.GDP.MKTP.CD,1995,5385704166.43341
Guinea,GIN,NY.GDP.MKTP.CD,1996,5641243099.76661
Guinea,GIN,NY.GDP.MKTP.CD,1997,5516916163.0949
Guinea,GIN,NY.GDP.MKTP.CD,1998,5232118046.3713
Guinea,GIN,NY.GDP.MKTP.CD,1999,5046806782.54761
Guinea,GIN,NY.GDP.MKTP.CD,2000,4367458866.71537
Guinea,GIN,NY.GDP.MKTP.CD,2001,4125527603.22908
Guinea,GIN,NY.GDP.MKTP.CD,2002,4301608752.51396
Guinea,GIN,NY.GDP.MKTP.CD,2003,5025167975.26363
Guinea,GIN,NY.GDP.MKTP.CD,2004,5300767960.51572
Guinea,GIN,NY.GDP.MKTP.CD,2005,4282468636.90501
Guinea,GIN,NY.GDP.MKTP.CD,2006,4220019845.26341
Guinea,GIN,NY.GDP.MKTP.CD,2007,6281918226.34408
Guinea,GIN,NY.GDP.MKTP.CD,2008,6964179983.17212
Guinea,GIN,NY.GDP.MKTP.CD,2009,6716905339.73136
Guinea,GIN,NY.GDP.MKTP.CD,2010,6853467145.53089
Guinea,GIN,NY.GDP.MKTP.CD,2011,6785137203.33153
Guinea,GIN,NY.GDP.MKTP.CD,2012,7638044556.84656
Guinea,GIN,NY.GDP.MKTP.CD,2013,8376613539.28278
Guinea,GIN,NY.GDP.MKTP.CD,2014,8778473372.82124
Guinea,GIN,NY.GDP.MKTP.CD,2015,8794201742.84609
Guinea,GIN,NY.GDP.MKTP.CD,2016,8595955222.49719
Guinea,GIN,NY.GDP.MKTP.CD,2017,10324668271.1362
Guinea,GIN,NY.GDP.MKTP.CD,2018,11857030366.7891
Guinea,GIN,NY.GDP.MKTP.CD,2019,13442861496.4454
Guinea,GIN,NY.GDP.MKTP.CD,2020,14088693742.9464
Guinea,GIN,NY.GDP.MKTP.CD,2021,17069115737.8259
Guinea,GIN,NY.GDP.MKTP.CD,2022,19910452541.9219
Guinea,GIN,NY.GDP.MKTP.CD,2023,22407615556.0571
Guinea,GIN,NY.GDP.MKTP.CD,2024,25008678293.4073
Guinea,GIN,NY.GDP.MKTP.CD,2025,28346024753.2924
"Gambia, The",GMB,NY.GDP.MKTP.CD,1966,44212081.3502297
"Gambia, The",GMB,NY.GDP.MKTP.CD,1967,46695006.9579374
"Gambia, The",GMB,NY.GDP.MKTP.CD,1968,41160065.8561054
"Gambia, The",GMB,NY.GDP.MKTP.CD,1969,45168072.2689156
"Gambia, The",GMB,NY.GDP.MKTP.CD,1970,52296083.6737339
"Gambia, The",GMB,NY.GDP.MKTP.CD,1971,55728663.222684
"Gambia, The",GMB,NY.GDP.MKTP.CD,1972,59160569.4804413
"Gambia, The",GMB,NY.GDP.MKTP.CD,1973,75187749.0961317
"Gambia, The",GMB,NY.GDP.MKTP.CD,1974,95796021.6888272
"Gambia, The",GMB,NY.GDP.MKTP.CD,1975,115179719.077633
"Gambia, The",GMB,NY.GDP.MKTP.CD,1976,112190829.470457
"Gambia, The",GMB,NY.GDP.MKTP.CD,1977,138093099.09774
"Gambia, The",GMB,NY.GDP.MKTP.CD,1978,171833086.019624
"Gambia, The",GMB,NY.GDP.MKTP.CD,1979,207112627.726094
"Gambia, The",GMB,NY.GDP.MKTP.CD,1980,241083090.303623
"Gambia, The",GMB,NY.GDP.MKTP.CD,1981,218767743.459101
"Gambia, The",GMB,NY.GDP.MKTP.CD,1982,216050552.301584
"Gambia, The",GMB,NY.GDP.MKTP.CD,1983,213448584.936945
"Gambia, The",GMB,NY.GDP.MKTP.CD,1984,177340880.086204
"Gambia, The",GMB,NY.GDP.MKTP.CD,1985,225726358.890914
"Gambia, The",GMB,NY.GDP.MKTP.CD,1986,185646986.824927
"Gambia, The",GMB,NY.GDP.MKTP.CD,1987,220626484.224811
"Gambia, The",GMB,NY.GDP.MKTP.CD,1988,266672211.934161
"Gambia, The",GMB,NY.GDP.MKTP.CD,1989,284120329.401023
"Gambia, The",GMB,NY.GDP.MKTP.CD,1990,317083695.477797
"Gambia, The",GMB,NY.GDP.MKTP.CD,1991,690311080.515018
"Gambia, The",GMB,NY.GDP.MKTP.CD,1992,714254256.122189
"Gambia, The",GMB,NY.GDP.MKTP.CD,1993,755040974.087322
"Gambia, The",GMB,NY.GDP.MKTP.CD,1994,746493951.900959
"Gambia, The",GMB,NY.GDP.MKTP.CD,1995,785999864.840299
"Gambia, The",GMB,NY.GDP.MKTP.CD,1996,848239446.21576
"Gambia, The",GMB,NY.GDP.MKTP.CD,1997,803633342.473706
"Gambia, The",GMB,NY.GDP.MKTP.CD,1998,840285264.631545
"Gambia, The",GMB,NY.GDP.MKTP.CD,1999,814724032.065735
"Gambia, The",GMB,NY.GDP.MKTP.CD,2000,782913871.80966
"Gambia, The",GMB,NY.GDP.MKTP.CD,2001,687410645.063943
"Gambia, The",GMB,NY.GDP.MKTP.CD,2002,578235309.327198
"Gambia, The",GMB,NY.GDP.MKTP.CD,2003,487038685.045496
"Gambia, The",GMB,NY.GDP.MKTP.CD,2004,961900651.423441
"Gambia, The",GMB,NY.GDP.MKTP.CD,2005,1027701067.55688
"Gambia, The",GMB,NY.GDP.MKTP.CD,2006,1054112487.74083
"Gambia, The",GMB,NY.GDP.MKTP.CD,2007,1279703047.0221
"Gambia, The",GMB,NY.GDP.MKTP.CD,2008,1561766955.73024
"Gambia, The",GMB,NY.GDP.MKTP.CD,2009,1450142508.57808
"Gambia, The",GMB,NY.GDP.MKTP.CD,2010,1543294926.87301
"Gambia, The",GMB,NY.GDP.MKTP.CD,2011,1409693596.93594
"Gambia, The",GMB,NY.GDP.MKTP.CD,2012,1415004738.26621
"Gambia, The",GMB,NY.GDP.MKTP.CD,2013,1375609453.43746
"Gambia, The",GMB,NY.GDP.MKTP.CD,2014,1229461721.40861
"Gambia, The",GMB,NY.GDP.MKTP.CD,2015,1378176608.93204
"Gambia, The",GMB,NY.GDP.MKTP.CD,2016,1484578885.97132
"Gambia, The",GMB,NY.GDP.MKTP.CD,2017,1504909462.69521
"Gambia, The",GMB,NY.GDP.MKTP.CD,2018,1670671327.81651
"Gambia, The",GMB,NY.GDP.MKTP.CD,2019,1813609692.49994
"Gambia, The",GMB,NY.GDP.MKTP.CD,2020,1812170891.19069
"Gambia, The",GMB,NY.GDP.MKTP.CD,2021,2014158842.14596
"Gambia, The",GMB,NY.GDP.MKTP.CD,2022,2204734527.88096
"Gambia, The",GMB,NY.GDP.MKTP.CD,2023,2382262185.38179
"Gambia, The",GMB,NY.GDP.MKTP.CD,2024,2404888737.54853
"Gambia, The",GMB,NY.GDP.MKTP.CD,2025,2593673987.53306
Guinea-Bissau,GNB,NY.GDP.MKTP.CD,1970,204670550.76064
Guinea-Bissau,GNB,NY.GDP.MKTP.CD,1971,204167296.856603
Guinea-Bissau,GNB,NY.GDP.MKTP.CD,1972,227986203.29754
Guinea-Bissau,GNB,NY.GDP.MKTP.CD,1973,232331281.355932
Guinea-Bissau,GNB,NY.GDP.MKTP.CD,1974,256769730.263158
Guinea-Bissau,GNB,NY.GDP.MKTP.CD,1975,283311996.82299
Guinea-Bissau,GNB,NY.GDP.MKTP.CD,1976,292152321.493146
Guinea-Bissau,GNB,NY.GDP.MKTP.CD,1977,298871674.860041
Guinea-Bissau,GNB,NY.GDP.MKTP.CD,1978,318876550.432277
Guinea-Bissau,GNB,NY.GDP.MKTP.CD,1979,308143183.311819
Guinea-Bissau,GNB,NY.GDP.MKTP.CD,1980,287648258.258297
Guinea-Bissau,GNB,NY.GDP.MKTP.CD,1981,402230865.151515
Guinea-Bissau,GNB,NY.GDP.MKTP.CD,1982,430284021.883771
Guinea-Bissau,GNB,NY.GDP.MKTP.CD,1983,425225176.812165
Guinea-Bissau,GNB,NY.GDP.MKTP.CD,1984,359980490.728569
Guinea-Bissau,GNB,NY.GDP.MKTP.CD,1985,373959151.148591
Guinea-Bissau,GNB,NY.GDP.MKTP.CD,1986,338524232.567315
Guinea-Bissau,GNB,NY.GDP.MKTP.CD,1987,451893374.95907
Guinea-Bissau,GNB,NY.GDP.MKTP.CD,1988,427514321.528126
Guinea-Bissau,GNB,NY.GDP.MKTP.CD,1989,554072302.828333
Guinea-Bissau,GNB,NY.GDP.MKTP.CD,1990,634187269.235013
Guinea-Bissau,GNB,NY.GDP.MKTP.CD,1991,668470890.785147
Guinea-Bissau,GNB,NY.GDP.MKTP.CD,1992,588309271.28603
Guinea-Bissau,GNB,NY.GDP.MKTP.CD,1993,615779518.807114
Guinea-Bissau,GNB,NY.GDP.MKTP.CD,1994,612502084.797565
Guinea-Bissau,GNB,NY.GDP.MKTP.CD,1995,660195402.013602
Guinea-Bissau,GNB,NY.GDP.MKTP.CD,1996,702965147.568054
Guinea-Bissau,GNB,NY.GDP.MKTP.CD,1997,698107222.422492
Guinea-Bissau,GNB,NY.GDP.MKTP.CD,1998,591034143.426384
Guinea-Bissau,GNB,NY.GDP.MKTP.CD,1999,579365780.135134
Guinea-Bissau,GNB,NY.GDP.MKTP.CD,2000,391345597.488269
Guinea-Bissau,GNB,NY.GDP.MKTP.CD,2001,412610871.509121
Guinea-Bissau,GNB,NY.GDP.MKTP.CD,2002,466773711.235579
Guinea-Bissau,GNB,NY.GDP.MKTP.CD,2003,553614800.145707
Guinea-Bissau,GNB,NY.GDP.MKTP.CD,2004,582169841.298304
Guinea-Bissau,GNB,NY.GDP.MKTP.CD,2005,639776040.688424
Guinea-Bissau,GNB,NY.GDP.MKTP.CD,2006,634781901.251494
Guinea-Bissau,GNB,NY.GDP.MKTP.CD,2007,753162998.015113
Guinea-Bissau,GNB,NY.GDP.MKTP.CD,2008,952667544.037289
Guinea-Bissau,GNB,NY.GDP.MKTP.CD,2009,890167833.369849
Guinea-Bissau,GNB,NY.GDP.MKTP.CD,2010,940112538.936436
Guinea-Bissau,GNB,NY.GDP.MKTP.CD,2011,1157074319.19388
Guinea-Bissau,GNB,NY.GDP.MKTP.CD,2012,1049412177.11413
Guinea-Bissau,GNB,NY.GDP.MKTP.CD,2013,1109682824.13594
Guinea-Bissau,GNB,NY.GDP.MKTP.CD,2014,1135250721.0374
Guinea-Bissau,GNB,NY.GDP.MKTP.CD,2015,1152384166.79638
Guinea-Bissau,GNB,NY.GDP.MKTP.CD,2016,1245074264.10396
Guinea-Bissau,GNB,NY.GDP.MKTP.CD,2017,1469978606.12143
Guinea-Bissau,GNB,NY.GDP.MKTP.CD,2018,1554133593.91699
Guinea-Bissau,GNB,NY.GDP.MKTP.CD,2019,1596214680.12925
Guinea-Bissau,GNB,NY.GDP.MKTP.CD,2020,1705062169.81422
Guinea-Bissau,GNB,NY.GDP.MKTP.CD,2021,1907611288.23036
Guinea-Bissau,GNB,NY.GDP.MKTP.CD,2022,1856239954.81555
Guinea-Bissau,GNB,NY.GDP.MKTP.CD,2023,2076748678.11987
Guinea-Bissau,GNB,NY.GDP.MKTP.CD,2024,2197777209.94218
Guinea-Bissau,GNB,NY.GDP.MKTP.CD,2025,2527930272.92988
Equatorial Guinea,GNQ,NY.GDP.MKTP.CD,1962,37253333.3333333
Equatorial Guinea,GNQ,NY.GDP.MKTP.CD,1963,44266666.6666667
Equatorial Guinea,GNQ,NY.GDP.MKTP.CD,1964,51915000.0
Equatorial Guinea,GNQ,NY.GDP.MKTP.CD,1965,64748333.3333333
Equatorial Guinea,GNQ,NY.GDP.MKTP.CD,1966,69110000.0
Equatorial Guinea,GNQ,NY.GDP.MKTP.CD,1967,72317446.9327193
Equatorial Guinea,GNQ,NY.GDP.MKTP.CD,1968,67514285.7142857
Equatorial Guinea,GNQ,NY.GDP.MKTP.CD,1969,67225714.2857143
Equatorial Guinea,GNQ,NY.GDP.MKTP.CD,1970,66331428.5714286
Equatorial Guinea,GNQ,NY.GDP.MKTP.CD,1971,64946954.756798
Equatorial Guinea,GNQ,NY.GDP.MKTP.CD,1972,65429198.238708
Equatorial Guinea,GNQ,NY.GDP.MKTP.CD,1973,81203226.9138345
Equatorial Guinea,GNQ,NY.GDP.MKTP.CD,1974,94159862.7073691
Equatorial Guinea,GNQ,NY.GDP.MKTP.CD,1975,104295643.388437
Equatorial Guinea,GNQ,NY.GDP.MKTP.CD,1976,103653049.93797
Equatorial Guinea,GNQ,NY.GDP.MKTP.CD,1977,103987520.075827
Equatorial Guinea,GNQ,NY.GDP.MKTP.CD,1980,50642880.7737503
Equatorial Guinea,GNQ,NY.GDP.MKTP.CD,1981,36731422.8456914
Equatorial Guinea,GNQ,NY.GDP.MKTP.CD,1982,44294647.733479
Equatorial Guinea,GNQ,NY.GDP.MKTP.CD,1983,44442456.94764
Equatorial Guinea,GNQ,NY.GDP.MKTP.CD,1984,50320914.4065688
Equatorial Guinea,GNQ,NY.GDP.MKTP.CD,1985,62118569.9654481
Equatorial Guinea,GNQ,NY.GDP.MKTP.CD,1986,76407395.8727542
Equatorial Guinea,GNQ,NY.GDP.MKTP.CD,1987,93345859.52973
Equatorial Guinea,GNQ,NY.GDP.MKTP.CD,1988,100534656.881732
Equatorial Guinea,GNQ,NY.GDP.MKTP.CD,1989,88265974.861049
Equatorial Guinea,GNQ,NY.GDP.MKTP.CD,1990,112119411.489965
Equatorial Guinea,GNQ,NY.GDP.MKTP.CD,1991,110906028.536862
Equatorial Guinea,GNQ,NY.GDP.MKTP.CD,1992,134707183.84662
Equatorial Guinea,GNQ,NY.GDP.MKTP.CD,1993,136047906.245408
Equatorial Guinea,GNQ,NY.GDP.MKTP.CD,1994,100807002.540195
Equatorial Guinea,GNQ,NY.GDP.MKTP.CD,1995,141853360.867855
Equatorial Guinea,GNQ,NY.GDP.MKTP.CD,1996,232463022.802961
Equatorial Guinea,GNQ,NY.GDP.MKTP.CD,1997,442337870.69437
Equatorial Guinea,GNQ,NY.GDP.MKTP.CD,1998,370687634.425712
Equatorial Guinea,GNQ,NY.GDP.MKTP.CD,1999,621117885.668503
Equatorial Guinea,GNQ,NY.GDP.MKTP.CD,2000,1045998496.43872
Equatorial Guinea,GNQ,NY.GDP.MKTP.CD,2001,1461139022.02954
Equatorial Guinea,GNQ,NY.GDP.MKTP.CD,2002,1806742742.27311
Equatorial Guinea,GNQ,NY.GDP.MKTP.CD,2003,2484745935.09329
Equatorial Guinea,GNQ,NY.GDP.MKTP.CD,2004,4410764338.66733
Equatorial Guinea,GNQ,NY.GDP.MKTP.CD,2005,8217369092.65224
Equatorial Guinea,GNQ,NY.GDP.MKTP.CD,2006,10086528698.8604
Equatorial Guinea,GNQ,NY.GDP.MKTP.CD,2007,13071718758.7373
Equatorial Guinea,GNQ,NY.GDP.MKTP.CD,2008,19749893536.3204
Equatorial Guinea,GNQ,NY.GDP.MKTP.CD,2009,15027795173.2187
Equatorial Guinea,GNQ,NY.GDP.MKTP.CD,2010,16314443436.2903
Equatorial Guinea,GNQ,NY.GDP.MKTP.CD,2011,21357343668.9447
Equatorial Guinea,GNQ,NY.GDP.MKTP.CD,2012,22388344143.9131
Equatorial Guinea,GNQ,NY.GDP.MKTP.CD,2013,21948834283.7856
Equatorial Guinea,GNQ,NY.GDP.MKTP.CD,2014,21765453081.9826
Equatorial Guinea,GNQ,NY.GDP.MKTP.CD,2015,13185496881.0174
Equatorial Guinea,GNQ,NY.GDP.MKTP.CD,2016,11240808847.8878
Equatorial Guinea,GNQ,NY.GDP.MKTP.CD,2017,12200913878.9827
Equatorial Guinea,GNQ,NY.GDP.MKTP.CD,2018,13097012133.6159
Equatorial Guinea,GNQ,NY.GDP.MKTP.CD,2019,11364133549.7478
Equatorial Guinea,GNQ,NY.GDP.MKTP.CD,2020,9893816007.7398
Equatorial Guinea,GNQ,NY.GDP.MKTP.CD,2021,12215878032.7166
Equatorial Guinea,GNQ,NY.GDP.MKTP.CD,2022,13687643435.6249
Equatorial Guinea,GNQ,NY.GDP.MKTP.CD,2023,12541814272.8021
Equatorial Guinea,GNQ,NY.GDP.MKTP.CD,2024,13254388261.1258
Equatorial Guinea,GNQ,NY.GDP.MKTP.CD,2025,12823210425.9217
Greece,GRC,NY.GDP.MKTP.CD,1960,4274890306.82895
Greece,GRC,NY.GDP.MKTP.CD,1961,4892397431.33292
Greece,GRC,NY.GDP.MKTP.CD,1962,5140542929.42067
Greece,GRC,NY.GDP.MKTP.CD,1963,5813285626.64404
Greece,GRC,NY.GDP.MKTP.CD,1964,6576906345.11518
Greece,GRC,NY.GDP.MKTP.CD,1965,7582209670.27425
Greece,GRC,NY.GDP.MKTP.CD,1966,8472021466.86847
Greece,GRC,NY.GDP.MKTP.CD,1967,9146592855.683
Greece,GRC,NY.GDP.MKTP.CD,1968,9950331205.83108
Greece,GRC,NY.GDP.MKTP.CD,1969,11454106327.0756
Greece,GRC,NY.GDP.MKTP.CD,1970,12957113636.3636
Greece,GRC,NY.GDP.MKTP.CD,1971,14388806818.1818
Greece,GRC,NY.GDP.MKTP.CD,1972,16650659090.9091
Greece,GRC,NY.GDP.MKTP.CD,1973,22037019562.7158
Greece,GRC,NY.GDP.MKTP.CD,1974,24998715909.0909
Greece,GRC,NY.GDP.MKTP.CD,1975,28129128586.61
Greece,GRC,NY.GDP.MKTP.CD,1976,30719552238.806
Greece,GRC,NY.GDP.MKTP.CD,1977,35673080481.0361
Greece,GRC,NY.GDP.MKTP.CD,1978,43654480519.4805
Greece,GRC,NY.GDP.MKTP.CD,1979,53724121435.1426
Greece,GRC,NY.GDP.MKTP.CD,1980,56039256594.7242
Greece,GRC,NY.GDP.MKTP.CD,1981,51618456334.5633
Greece,GRC,NY.GDP.MKTP.CD,1982,53858346938.7755
Greece,GRC,NY.GDP.MKTP.CD,1983,48741397058.8235
Greece,GRC,NY.GDP.MKTP.CD,1984,47352146311.971
Greece,GRC,NY.GDP.MKTP.CD,1985,47155741426.1041
Greece,GRC,NY.GDP.MKTP.CD,1986,55595445472.2493
Greece,GRC,NY.GDP.MKTP.CD,1987,64739630095.6215
Greece,GRC,NY.GDP.MKTP.CD,1988,75200610136.9205
Greece,GRC,NY.GDP.MKTP.CD,1989,78067933277.3815
Greece,GRC,NY.GDP.MKTP.CD,1990,96529587274.2906
Greece,GRC,NY.GDP.MKTP.CD,1991,103680863712.844
Greece,GRC,NY.GDP.MKTP.CD,1992,114608178405.434
Greece,GRC,NY.GDP.MKTP.CD,1993,107295704518.43
Greece,GRC,NY.GDP.MKTP.CD,1994,114980063202.247
Greece,GRC,NY.GDP.MKTP.CD,1995,134974613913.811
Greece,GRC,NY.GDP.MKTP.CD,1996,142502984144.96
Greece,GRC,NY.GDP.MKTP.CD,1997,138766067640.085
Greece,GRC,NY.GDP.MKTP.CD,1998,139612812175.718
Greece,GRC,NY.GDP.MKTP.CD,1999,137131371955.307
Greece,GRC,NY.GDP.MKTP.CD,2000,125760166224.805
Greece,GRC,NY.GDP.MKTP.CD,2001,132050474720.03
Greece,GRC,NY.GDP.MKTP.CD,2002,150253800085.865
Greece,GRC,NY.GDP.MKTP.CD,2003,196930509813.384
Greece,GRC,NY.GDP.MKTP.CD,2004,234979615898.225
Greece,GRC,NY.GDP.MKTP.CD,2005,242315668619.405
Greece,GRC,NY.GDP.MKTP.CD,2006,269073415333.676
Greece,GRC,NY.GDP.MKTP.CD,2007,314226996944.108
Greece,GRC,NY.GDP.MKTP.CD,2008,351121399546.485
Greece,GRC,NY.GDP.MKTP.CD,2009,326829054686.306
Greece,GRC,NY.GDP.MKTP.CD,2010,296417644404.034
Greece,GRC,NY.GDP.MKTP.CD,2011,283228079776.041
Greece,GRC,NY.GDP.MKTP.CD,2012,238841140018.233
Greece,GRC,NY.GDP.MKTP.CD,2013,236556279640.705
Greece,GRC,NY.GDP.MKTP.CD,2014,233911581521.062
Greece,GRC,NY.GDP.MKTP.CD,2015,194567373678.099
Greece,GRC,NY.GDP.MKTP.CD,2016,193097239005.87
Greece,GRC,NY.GDP.MKTP.CD,2017,200381103984.298
Greece,GRC,NY.GDP.MKTP.CD,2018,213298873494.394
Greece,GRC,NY.GDP.MKTP.CD,2019,207305649887.019
Greece,GRC,NY.GDP.MKTP.CD,2020,191362985554.861
Greece,GRC,NY.GDP.MKTP.CD,2021,218303801895.326
Greece,GRC,NY.GDP.MKTP.CD,2022,217990189600.69
Greece,GRC,NY.GDP.MKTP.CD,2023,242946187738.269
Greece,GRC,NY.GDP.MKTP.CD,2024,256238371778.118
Greece,GRC,NY.GDP.MKTP.CD,2025,280635521324.441
Grenada,GRD,NY.GDP.MKTP.CD,1977,71494495.1851852
Grenada,GRD,NY.GDP.MKTP.CD,1978,88322386.2962963
Grenada,GRD,NY.GDP.MKTP.CD,1979,102244362.222222
Grenada,GRD,NY.GDP.MKTP.CD,1980,110900457.037037
Grenada,GRD,NY.GDP.MKTP.CD,1981,115651918.888889
Grenada,GRD,NY.GDP.MKTP.CD,1982,125435590.0
Grenada,GRD,NY.GDP.MKTP.CD,1983,131803552.222222
Grenada,GRD,NY.GDP.MKTP.CD,1984,145533310.740741
Grenada,GRD,NY.GDP.MKTP.CD,1985,167728455.185185
Grenada,GRD,NY.GDP.MKTP.CD,1986,187589522.592593
Grenada,GRD,NY.GDP.MKTP.CD,1987,215009569.62963
Grenada,GRD,NY.GDP.MKTP.CD,1988,236357523.703704
Grenada,GRD,NY.GDP.MKTP.CD,1989,267327642.222222
Grenada,GRD,NY.GDP.MKTP.CD,1990,278098762.962963
Grenada,GRD,NY.GDP.MKTP.CD,1991,300757888.888889
Grenada,GRD,NY.GDP.MKTP.CD,1992,310160444.444444
Grenada,GRD,NY.GDP.MKTP.CD,1993,309812185.185185
Grenada,GRD,NY.GDP.MKTP.CD,1994,325111814.814815
Grenada,GRD,NY.GDP.MKTP.CD,1995,342172518.518519
Grenada,GRD,NY.GDP.MKTP.CD,1996,366911444.444444
Grenada,GRD,NY.GDP.MKTP.CD,1997,392190592.592593
Grenada,GRD,NY.GDP.MKTP.CD,1998,445903592.592593
Grenada,GRD,NY.GDP.MKTP.CD,1999,482009370.37037
Grenada,GRD,NY.GDP.MKTP.CD,2000,520044370.37037
Grenada,GRD,NY.GDP.MKTP.CD,2001,520444185.185185
Grenada,GRD,NY.GDP.MKTP.CD,2002,540336925.925926
Grenada,GRD,NY.GDP.MKTP.CD,2003,591018407.407407
Grenada,GRD,NY.GDP.MKTP.CD,2004,599118592.592593
Grenada,GRD,NY.GDP.MKTP.CD,2005,695555555.555555
Grenada,GRD,NY.GDP.MKTP.CD,2006,698700666.666667
Grenada,GRD,NY.GDP.MKTP.CD,2007,758683592.592593
Grenada,GRD,NY.GDP.MKTP.CD,2008,825976037.037037
Grenada,GRD,NY.GDP.MKTP.CD,2009,771275555.555555
Grenada,GRD,NY.GDP.MKTP.CD,2010,771014814.814815
Grenada,GRD,NY.GDP.MKTP.CD,2011,778655555.555555
Grenada,GRD,NY.GDP.MKTP.CD,2012,799881481.481481
Grenada,GRD,NY.GDP.MKTP.CD,2013,842618518.518518
Grenada,GRD,NY.GDP.MKTP.CD,2014,911496296.296296
Grenada,GRD,NY.GDP.MKTP.CD,2015,997007407.407407
Grenada,GRD,NY.GDP.MKTP.CD,2016,1061640740.74074
Grenada,GRD,NY.GDP.MKTP.CD,2017,1125685185.18519
Grenada,GRD,NY.GDP.MKTP.CD,2018,1166514814.81481
Grenada,GRD,NY.GDP.MKTP.CD,2019,1213485185.18519
Grenada,GRD,NY.GDP.MKTP.CD,2020,1043411111.11111
Grenada,GRD,NY.GDP.MKTP.CD,2021,1122222222.22222
Grenada,GRD,NY.GDP.MKTP.CD,2022,1224007407.40741
Grenada,GRD,NY.GDP.MKTP.CD,2023,1336418518.51852
Grenada,GRD,NY.GDP.MKTP.CD,2024,1351270370.37037
Grenada,GRD,NY.GDP.MKTP.CD,2025,1420173228.56948
Greenland,GRL,NY.GDP.MKTP.CD,1970,69520026.6666667
Greenland,GRL,NY.GDP.MKTP.CD,1971,88466738.2497268
Greenland,GRL,NY.GDP.MKTP.CD,1972,106101297.801272
Greenland,GRL,NY.GDP.MKTP.CD,1973,140153748.243656
Greenland,GRL,NY.GDP.MKTP.CD,1974,169918948.629182
Greenland,GRL,NY.GDP.MKTP.CD,1975,211190630.329609
Greenland,GRL,NY.GDP.MKTP.CD,1976,240779417.7857
Greenland,GRL,NY.GDP.MKTP.CD,1977,282269749.160113
Greenland,GRL,NY.GDP.MKTP.CD,1978,355987433.41569
Greenland,GRL,NY.GDP.MKTP.CD,1979,420645821.540488
Greenland,GRL,NY.GDP.MKTP.CD,1980,476051740.773769
Greenland,GRL,NY.GDP.MKTP.CD,1981,435748993.418421
Greenland,GRL,NY.GDP.MKTP.CD,1982,402403041.029269
Greenland,GRL,NY.GDP.MKTP.CD,1983,416184071.019417
Greenland,GRL,NY.GDP.MKTP.CD,1984,379371901.490374
Greenland,GRL,NY.GDP.MKTP.CD,1985,412876382.829174
Greenland,GRL,NY.GDP.MKTP.CD,1986,603016292.686978
Greenland,GRL,NY.GDP.MKTP.CD,1987,787390408.953269
Greenland,GRL,NY.GDP.MKTP.CD,1988,898607670.624413
Greenland,GRL,NY.GDP.MKTP.CD,1989,929799902.191124
Greenland,GRL,NY.GDP.MKTP.CD,1990,1018977280.32928
Greenland,GRL,NY.GDP.MKTP.CD,1991,1016500069.25708
Greenland,GRL,NY.GDP.MKTP.CD,1992,1037916162.54976
Greenland,GRL,NY.GDP.MKTP.CD,1993,927214151.76793
Greenland,GRL,NY.GDP.MKTP.CD,1994,1005887539.32049
Greenland,GRL,NY.GDP.MKTP.CD,1995,1208953287.06598
Greenland,GRL,NY.GDP.MKTP.CD,1996,1197515569.08202
Greenland,GRL,NY.GDP.MKTP.CD,1997,1072154433.84538
Greenland,GRL,NY.GDP.MKTP.CD,1998,1149858069.75766
Greenland,GRL,NY.GDP.MKTP.CD,1999,1131555107.04907
Greenland,GRL,NY.GDP.MKTP.CD,2000,1068025016.00862
Greenland,GRL,NY.GDP.MKTP.CD,2001,1086170703.9816
Greenland,GRL,NY.GDP.MKTP.CD,2002,1169136716.03557
Greenland,GRL,NY.GDP.MKTP.CD,2003,1558759823.08169
Greenland,GRL,NY.GDP.MKTP.CD,2004,1822499769.23938
Greenland,GRL,NY.GDP.MKTP.CD,2005,1849802648.36391
Greenland,GRL,NY.GDP.MKTP.CD,2006,2013106929.50031
Greenland,GRL,NY.GDP.MKTP.CD,2007,2249811295.6608
Greenland,GRL,NY.GDP.MKTP.CD,2008,2499092314.41875
Greenland,GRL,NY.GDP.MKTP.CD,2009,2529963903.22685
Greenland,GRL,NY.GDP.MKTP.CD,2010,2503167187.49305
Greenland,GRL,NY.GDP.MKTP.CD,2011,2684461375.46585
Greenland,GRL,NY.GDP.MKTP.CD,2012,2609678486.36749
Greenland,GRL,NY.GDP.MKTP.CD,2013,2684946990.12448
Greenland,GRL,NY.GDP.MKTP.CD,2014,2842065708.35962
Greenland,GRL,NY.GDP.MKTP.CD,2015,2499113022.81675
Greenland,GRL,NY.GDP.MKTP.CD,2016,2707139544.46695
Greenland,GRL,NY.GDP.MKTP.CD,2017,2851613679.03433
Greenland,GRL,NY.GDP.MKTP.CD,2018,3055782146.15957
Greenland,GRL,NY.GDP.MKTP.CD,2019,2997309971.87623
Greenland,GRL,NY.GDP.MKTP.CD,2020,3089625554.40473
Greenland,GRL,NY.GDP.MKTP.CD,2021,3293578467.57327
Greenland,GRL,NY.GDP.MKTP.CD,2022,3152334771.77992
Greenland,GRL,NY.GDP.MKTP.CD,2023,3326543974.39193
Guatemala,GTM,NY.GDP.MKTP.CD,1960,1043599900.0
Guatemala,GTM,NY.GDP.MKTP.CD,1961,1076699900.0
Guatemala,GTM,NY.GDP.MKTP.CD,1962,1143600000.0
Guatemala,GTM,NY.GDP.MKTP.CD,1963,1262800000.0
Guatemala,GTM,NY.GDP.MKTP.CD,1964,1299099900.0
Guatemala,GTM,NY.GDP.MKTP.CD,1965,1331399900.0
Guatemala,GTM,NY.GDP.MKTP.CD,1966,1390700000.0
Guatemala,GTM,NY.GDP.MKTP.CD,1967,1453500000.0
Guatemala,GTM,NY.GDP.MKTP.CD,1968,1610500000.0
Guatemala,GTM,NY.GDP.MKTP.CD,1969,1715399900.0
Guatemala,GTM,NY.GDP.MKTP.CD,1970,1904000000.0
Guatemala,GTM,NY.GDP.MKTP.CD,1971,1984800000.0
Guatemala,GTM,NY.GDP.MKTP.CD,1972,2101300000.0
Guatemala,GTM,NY.GDP.MKTP.CD,1973,2569200100.0
Guatemala,GTM,NY.GDP.MKTP.CD,1974,3161499900.0
Guatemala,GTM,NY.GDP.MKTP.CD,1975,3645900000.0
Guatemala,GTM,NY.GDP.MKTP.CD,1976,4365300200.0
Guatemala,GTM,NY.GDP.MKTP.CD,1977,5480500200.0
Guatemala,GTM,NY.GDP.MKTP.CD,1978,6070600200.0
Guatemala,GTM,NY.GDP.MKTP.CD,1979,6902600200.0
Guatemala,GTM,NY.GDP.MKTP.CD,1980,7878700000.0
Guatemala,GTM,NY.GDP.MKTP.CD,1981,8607500300.0
Guatemala,GTM,NY.GDP.MKTP.CD,1982,8716999700.0
Guatemala,GTM,NY.GDP.MKTP.CD,1983,9050000400.0
Guatemala,GTM,NY.GDP.MKTP.CD,1984,9470000100.0
Guatemala,GTM,NY.GDP.MKTP.CD,1985,9721652086.95652
Guatemala,GTM,NY.GDP.MKTP.CD,1986,7231963515.98174
Guatemala,GTM,NY.GDP.MKTP.CD,1987,7084399840.0
Guatemala,GTM,NY.GDP.MKTP.CD,1988,7841602824.42748
Guatemala,GTM,NY.GDP.MKTP.CD,1989,8410724360.79545
Guatemala,GTM,NY.GDP.MKTP.CD,1990,7650196845.21546
Guatemala,GTM,NY.GDP.MKTP.CD,1991,9406135143.41165
Guatemala,GTM,NY.GDP.MKTP.CD,1992,10440781587.5435
Guatemala,GTM,NY.GDP.MKTP.CD,1993,11400017301.4587
Guatemala,GTM,NY.GDP.MKTP.CD,1994,12983233310.7467
Guatemala,GTM,NY.GDP.MKTP.CD,1995,14655404433.2771
Guatemala,GTM,NY.GDP.MKTP.CD,1996,15674835615.3139
Guatemala,GTM,NY.GDP.MKTP.CD,1997,17790026221.6139
Guatemala,GTM,NY.GDP.MKTP.CD,1998,19395491992.9939
Guatemala,GTM,NY.GDP.MKTP.CD,1999,18318412251.3642
Guatemala,GTM,NY.GDP.MKTP.CD,2000,19288929030.0508
Guatemala,GTM,NY.GDP.MKTP.CD,2001,18405220247.4412
Guatemala,GTM,NY.GDP.MKTP.CD,2002,20444205991.025
Guatemala,GTM,NY.GDP.MKTP.CD,2003,21576351798.9145
Guatemala,GTM,NY.GDP.MKTP.CD,2004,23577298094.6571
Guatemala,GTM,NY.GDP.MKTP.CD,2005,26783389293.922
Guatemala,GTM,NY.GDP.MKTP.CD,2006,29744246827.1839
Guatemala,GTM,NY.GDP.MKTP.CD,2007,33567850824.1039
Guatemala,GTM,NY.GDP.MKTP.CD,2008,38503720224.3166
Guatemala,GTM,NY.GDP.MKTP.CD,2009,37126148264.6383
Guatemala,GTM,NY.GDP.MKTP.CD,2010,40676578423.4871
Guatemala,GTM,NY.GDP.MKTP.CD,2011,46876006272.2387
Guatemala,GTM,NY.GDP.MKTP.CD,2012,49593929487.1263
Guatemala,GTM,NY.GDP.MKTP.CD,2013,52996420177.4409
Guatemala,GTM,NY.GDP.MKTP.CD,2014,57852159007.6243
Guatemala,GTM,NY.GDP.MKTP.CD,2015,62186066547.6566
Guatemala,GTM,NY.GDP.MKTP.CD,2016,66053408205.8838
Guatemala,GTM,NY.GDP.MKTP.CD,2017,71653780740.4226
Guatemala,GTM,NY.GDP.MKTP.CD,2018,73328356007.6152
Guatemala,GTM,NY.GDP.MKTP.CD,2019,77172331693.4093
Guatemala,GTM,NY.GDP.MKTP.CD,2020,77719468248.3666
Guatemala,GTM,NY.GDP.MKTP.CD,2021,86455522272.7383
Guatemala,GTM,NY.GDP.MKTP.CD,2022,95609727055.5754
Guatemala,GTM,NY.GDP.MKTP.CD,2023,104298081428.769
Guatemala,GTM,NY.GDP.MKTP.CD,2024,113215575150.885
Guatemala,GTM,NY.GDP.MKTP.CD,2025,123306008821.471
Guam,GUM,NY.GDP.MKTP.CD,2002,3394000000.0
Guam,GUM,NY.GDP.MKTP.CD,2003,3569000000.0
Guam,GUM,NY.GDP.MKTP.CD,2004,3869000000.0
Guam,GUM,NY.GDP.MKTP.CD,2005,4213000000.0
Guam,GUM,NY.GDP.MKTP.CD,2006,4238000000.0
Guam,GUM,NY.GDP.MKTP.CD,2007,4397000000.0
Guam,GUM,NY.GDP.MKTP.CD,2008,4658000000.0
Guam,GUM,NY.GDP.MKTP.CD,2009,4828000000.0
Guam,GUM,NY.GDP.MKTP.CD,2010,4949000000.0
Guam,GUM,NY.GDP.MKTP.CD,2011,4984000000.0
Guam,GUM,NY.GDP.MKTP.CD,2012,5265000000.0
Guam,GUM,NY.GDP.MKTP.CD,2013,5399000000.0
Guam,GUM,NY.GDP.MKTP.CD,2014,5610000000.0
Guam,GUM,NY.GDP.MKTP.CD,2015,5799000000.0
Guam,GUM,NY.GDP.MKTP.CD,2016,5901000000.0
Guam,GUM,NY.GDP.MKTP.CD,2017,6013000000.0
Guam,GUM,NY.GDP.MKTP.CD,2018,6051000000.0
Guam,GUM,NY.GDP.MKTP.CD,2019,6355000000.0
Guam,GUM,NY.GDP.MKTP.CD,2020,5916000000.0
Guam,GUM,NY.GDP.MKTP.CD,2021,6234000000.0
Guam,GUM,NY.GDP.MKTP.CD,2022,6910000000.0
Guyana,GUY,NY.GDP.MKTP.CD,1960,170216241.126064
Guyana,GUY,NY.GDP.MKTP.CD,1961,185849535.376162
Guyana,GUY,NY.GDP.MKTP.CD,1962,194949512.626218
Guyana,GUY,NY.GDP.MKTP.CD,1963,175757893.938598
Guyana,GUY,NY.GDP.MKTP.CD,1964,194774513.063717
Guyana,GUY,NY.GDP.MKTP.CD,1965,213235294.117647
Guyana,GUY,NY.GDP.MKTP.CD,1966,228705882.352941
Guyana,GUY,NY.GDP.MKTP.CD,1967,250176470.588235
Guyana,GUY,NY.GDP.MKTP.CD,1968,229750000.0
Guyana,GUY,NY.GDP.MKTP.CD,1969,249300000.0
Guyana,GUY,NY.GDP.MKTP.CD,1970,267800000.0
Guyana,GUY,NY.GDP.MKTP.CD,1971,282050000.0
Guyana,GUY,NY.GDP.MKTP.CD,1972,285380952.380952
Guyana,GUY,NY.GDP.MKTP.CD,1973,307047619.047619
Guyana,GUY,NY.GDP.MKTP.CD,1974,433954545.454545
Guyana,GUY,NY.GDP.MKTP.CD,1975,494791666.666667
Guyana,GUY,NY.GDP.MKTP.CD,1976,454440000.0
Guyana,GUY,NY.GDP.MKTP.CD,1977,449880000.0
Guyana,GUY,NY.GDP.MKTP.CD,1978,507080000.0
Guyana,GUY,NY.GDP.MKTP.CD,1979,530440000.0
Guyana,GUY,NY.GDP.MKTP.CD,1980,603200000.0
Guyana,GUY,NY.GDP.MKTP.CD,1981,570357107.142857
Guyana,GUY,NY.GDP.MKTP.CD,1982,482000000.0
Guyana,GUY,NY.GDP.MKTP.CD,1983,489333333.333333
Guyana,GUY,NY.GDP.MKTP.CD,1984,437631605.263158
Guyana,GUY,NY.GDP.MKTP.CD,1985,453488372.093023
Guyana,GUY,NY.GDP.MKTP.CD,1986,504651139.534884
Guyana,GUY,NY.GDP.MKTP.CD,1987,354591846.938775
Guyana,GUY,NY.GDP.MKTP.CD,1988,413799990.0
Guyana,GUY,NY.GDP.MKTP.CD,1989,379779389.705882
Guyana,GUY,NY.GDP.MKTP.CD,1990,396582263.291139
Guyana,GUY,NY.GDP.MKTP.CD,1991,348533094.812165
Guyana,GUY,NY.GDP.MKTP.CD,1992,373573141.486811
Guyana,GUY,NY.GDP.MKTP.CD,1993,454101382.488479
Guyana,GUY,NY.GDP.MKTP.CD,1994,545278380.33261
Guyana,GUY,NY.GDP.MKTP.CD,1995,621626785.915493
Guyana,GUY,NY.GDP.MKTP.CD,1996,705406001.424501
Guyana,GUY,NY.GDP.MKTP.CD,1997,749138009.56454
Guyana,GUY,NY.GDP.MKTP.CD,1998,717530683.169567
Guyana,GUY,NY.GDP.MKTP.CD,1999,694754988.258295
Guyana,GUY,NY.GDP.MKTP.CD,2000,712667896.727512
Guyana,GUY,NY.GDP.MKTP.CD,2001,712167450.162898
Guyana,GUY,NY.GDP.MKTP.CD,2002,726131434.715338
Guyana,GUY,NY.GDP.MKTP.CD,2003,743063950.317749
Guyana,GUY,NY.GDP.MKTP.CD,2004,787814379.183843
Guyana,GUY,NY.GDP.MKTP.CD,2005,824880550.343965
Guyana,GUY,NY.GDP.MKTP.CD,2006,2379817990.6918
Guyana,GUY,NY.GDP.MKTP.CD,2007,2730971595.39574
Guyana,GUY,NY.GDP.MKTP.CD,2008,3025187433.33637
Guyana,GUY,NY.GDP.MKTP.CD,2009,3165663152.73351
Guyana,GUY,NY.GDP.MKTP.CD,2010,3432912516.92427
Guyana,GUY,NY.GDP.MKTP.CD,2011,3691384317.52178
Guyana,GUY,NY.GDP.MKTP.CD,2012,4063088535.76331
Guyana,GUY,NY.GDP.MKTP.CD,2013,4167800928.83553
Guyana,GUY,NY.GDP.MKTP.CD,2014,4127660151.8087
Guyana,GUY,NY.GDP.MKTP.CD,2015,4279840193.7046
Guyana,GUY,NY.GDP.MKTP.CD,2016,4482697336.56174
Guyana,GUY,NY.GDP.MKTP.CD,2017,4748174334.14044
Guyana,GUY,NY.GDP.MKTP.CD,2018,4787636997.85343
Guyana,GUY,NY.GDP.MKTP.CD,2019,5173760191.84652
Guyana,GUY,NY.GDP.MKTP.CD,2020,5471256594.72422
Guyana,GUY,NY.GDP.MKTP.CD,2021,8041362110.31175
Guyana,GUY,NY.GDP.MKTP.CD,2022,14718388489.2086
Guyana,GUY,NY.GDP.MKTP.CD,2023,16918503597.1223
Guyana,GUY,NY.GDP.MKTP.CD,2024,24662714628.2974
Guyana,GUY,NY.GDP.MKTP.CD,2025,27097477218.2254
"Hong Kong SAR, China",HKG,NY.GDP.MKTP.CD,1960,1320796651.69457
"Hong Kong SAR, China",HKG,NY.GDP.MKTP.CD,1961,1383681651.13776
"Hong Kong SAR, China",HKG,NY.GDP.MKTP.CD,1962,1612346412.26475
"Hong Kong SAR, China",HKG,NY.GDP.MKTP.CD,1963,1935298266.45384
"Hong Kong SAR, China",HKG,NY.GDP.MKTP.CD,1964,2206466461.26434
"Hong Kong SAR, China",HKG,NY.GDP.MKTP.CD,1965,2435078534.03141
"Hong Kong SAR, China",HKG,NY.GDP.MKTP.CD,1966,2489845016.64894
"Hong Kong SAR, China",HKG,NY.GDP.MKTP.CD,1967,2692474989.12571
"Hong Kong SAR, China",HKG,NY.GDP.MKTP.CD,1968,2716964388.42418
"Hong Kong SAR, China",HKG,NY.GDP.MKTP.CD,1969,3189740055.13982
"Hong Kong SAR, China",HKG,NY.GDP.MKTP.CD,1970,3800766535.62088
"Hong Kong SAR, China",HKG,NY.GDP.MKTP.CD,1971,4476001946.01486
"Hong Kong SAR, China",HKG,NY.GDP.MKTP.CD,1972,5710090213.15035
"Hong Kong SAR, China",HKG,NY.GDP.MKTP.CD,1973,8030117555.62033
"Hong Kong SAR, China",HKG,NY.GDP.MKTP.CD,1974,9388695366.84578
"Hong Kong SAR, China",HKG,NY.GDP.MKTP.CD,1975,10048089558.0636
"Hong Kong SAR, China",HKG,NY.GDP.MKTP.CD,1976,12876366008.8077
"Hong Kong SAR, China",HKG,NY.GDP.MKTP.CD,1977,15719433719.4337
"Hong Kong SAR, China",HKG,NY.GDP.MKTP.CD,1978,18315136409.1427
"Hong Kong SAR, China",HKG,NY.GDP.MKTP.CD,1979,22526184533.17
"Hong Kong SAR, China",HKG,NY.GDP.MKTP.CD,1980,28861857810.6515
"Hong Kong SAR, China",HKG,NY.GDP.MKTP.CD,1981,31055226088.6943
"Hong Kong SAR, China",HKG,NY.GDP.MKTP.CD,1982,32291215843.6433
"Hong Kong SAR, China",HKG,NY.GDP.MKTP.CD,1983,29907227184.179
"Hong Kong SAR, China",HKG,NY.GDP.MKTP.CD,1984,33511383985.6741
"Hong Kong SAR, China",HKG,NY.GDP.MKTP.CD,1985,35699772165.7093
"Hong Kong SAR, China",HKG,NY.GDP.MKTP.CD,1986,41075396884.8952
"Hong Kong SAR, China",HKG,NY.GDP.MKTP.CD,1987,50622896162.6006
"Hong Kong SAR, China",HKG,NY.GDP.MKTP.CD,1988,59707404560.5944
"Hong Kong SAR, China",HKG,NY.GDP.MKTP.CD,1989,68790219177.9733
"Hong Kong SAR, China",HKG,NY.GDP.MKTP.CD,1990,76928784620.8158
"Hong Kong SAR, China",HKG,NY.GDP.MKTP.CD,1991,88959997899.9293
"Hong Kong SAR, China",HKG,NY.GDP.MKTP.CD,1992,104272507639.282
"Hong Kong SAR, China",HKG,NY.GDP.MKTP.CD,1993,120354212475.0
"Hong Kong SAR, China",HKG,NY.GDP.MKTP.CD,1994,135811771026.33
"Hong Kong SAR, China",HKG,NY.GDP.MKTP.CD,1995,144652295363.667
"Hong Kong SAR, China",HKG,NY.GDP.MKTP.CD,1996,159718183550.734
"Hong Kong SAR, China",HKG,NY.GDP.MKTP.CD,1997,177353174849.714
"Hong Kong SAR, China",HKG,NY.GDP.MKTP.CD,1998,168885443660.072
"Hong Kong SAR, China",HKG,NY.GDP.MKTP.CD,1999,165768095391.557
"Hong Kong SAR, China",HKG,NY.GDP.MKTP.CD,2000,171668891194.349
"Hong Kong SAR, China",HKG,NY.GDP.MKTP.CD,2001,169404327616.605
"Hong Kong SAR, China",HKG,NY.GDP.MKTP.CD,2002,166348866131.028
"Hong Kong SAR, China",HKG,NY.GDP.MKTP.CD,2003,161385558801.811
"Hong Kong SAR, China",HKG,NY.GDP.MKTP.CD,2004,169099768875.193
"Hong Kong SAR, China",HKG,NY.GDP.MKTP.CD,2005,181569311742.213
"Hong Kong SAR, China",HKG,NY.GDP.MKTP.CD,2006,193535442896.365
"Hong Kong SAR, China",HKG,NY.GDP.MKTP.CD,2007,211596944503.8
"Hong Kong SAR, China",HKG,NY.GDP.MKTP.CD,2008,219278749139.734
"Hong Kong SAR, China",HKG,NY.GDP.MKTP.CD,2009,214047795659.045
"Hong Kong SAR, China",HKG,NY.GDP.MKTP.CD,2010,228638668727.291
"Hong Kong SAR, China",HKG,NY.GDP.MKTP.CD,2011,248513617677.287
"Hong Kong SAR, China",HKG,NY.GDP.MKTP.CD,2012,262628865879.697
"Hong Kong SAR, China",HKG,NY.GDP.MKTP.CD,2013,275696879834.966
"Hong Kong SAR, China",HKG,NY.GDP.MKTP.CD,2014,291459995978.893
"Hong Kong SAR, China",HKG,NY.GDP.MKTP.CD,2015,309385622601.348
"Hong Kong SAR, China",HKG,NY.GDP.MKTP.CD,2016,320860317562.562
"Hong Kong SAR, China",HKG,NY.GDP.MKTP.CD,2017,341273289534.466
"Hong Kong SAR, China",HKG,NY.GDP.MKTP.CD,2018,361731070995.726
"Hong Kong SAR, China",HKG,NY.GDP.MKTP.CD,2019,363074545072.389
"Hong Kong SAR, China",HKG,NY.GDP.MKTP.CD,2020,344943149590.058
"Hong Kong SAR, China",HKG,NY.GDP.MKTP.CD,2021,368954169748.818
"Hong Kong SAR, China",HKG,NY.GDP.MKTP.CD,2022,358673532516.529
"Hong Kong SAR, China",HKG,NY.GDP.MKTP.CD,2023,380762296025.216
"Hong Kong SAR, China",HKG,NY.GDP.MKTP.CD,2024,408368682415.423
"Hong Kong SAR, China",HKG,NY.GDP.MKTP.CD,2025,427310315921.993
Honduras,HND,NY.GDP.MKTP.CD,1960,475650000.0
Honduras,HND,NY.GDP.MKTP.CD,1961,503300000.0
Honduras,HND,NY.GDP.MKTP.CD,1962,532450000.0
Honduras,HND,NY.GDP.MKTP.CD,1963,553500000.0
Honduras,HND,NY.GDP.MKTP.CD,1964,591100000.0
Honduras,HND,NY.GDP.MKTP.CD,1965,651050000.0
Honduras,HND,NY.GDP.MKTP.CD,1966,692150000.0
Honduras,HND,NY.GDP.MKTP.CD,1967,750950000.0
Honduras,HND,NY.GDP.MKTP.CD,1968,815450000.0
Honduras,HND,NY.GDP.MKTP.CD,1969,844400000.0
Honduras,HND,NY.GDP.MKTP.CD,1970,904400000.0
Honduras,HND,NY.GDP.MKTP.CD,1971,958450000.0
Honduras,HND,NY.GDP.MKTP.CD,1972,1030645362.09587
Honduras,HND,NY.GDP.MKTP.CD,1973,1128299435.85028
Honduras,HND,NY.GDP.MKTP.CD,1974,1243000000.0
Honduras,HND,NY.GDP.MKTP.CD,1975,1330050000.0
Honduras,HND,NY.GDP.MKTP.CD,1976,1589300000.0
Honduras,HND,NY.GDP.MKTP.CD,1977,1900700000.0
Honduras,HND,NY.GDP.MKTP.CD,1978,2393650000.0
Honduras,HND,NY.GDP.MKTP.CD,1979,2778900000.0
Honduras,HND,NY.GDP.MKTP.CD,1980,3184400000.0
Honduras,HND,NY.GDP.MKTP.CD,1981,3501800000.0
Honduras,HND,NY.GDP.MKTP.CD,1982,3619500000.0
Honduras,HND,NY.GDP.MKTP.CD,1983,3840550000.0
Honduras,HND,NY.GDP.MKTP.CD,1984,4029900000.0
Honduras,HND,NY.GDP.MKTP.CD,1985,4328300000.0
Honduras,HND,NY.GDP.MKTP.CD,1986,4706100000.0
Honduras,HND,NY.GDP.MKTP.CD,1987,5024800000.0
Honduras,HND,NY.GDP.MKTP.CD,1988,4892660944.20601
Honduras,HND,NY.GDP.MKTP.CD,1989,4375896551.72414
Honduras,HND,NY.GDP.MKTP.CD,1990,3734460116.73152
Honduras,HND,NY.GDP.MKTP.CD,1991,3699381195.10223
Honduras,HND,NY.GDP.MKTP.CD,1992,4122846905.18198
Honduras,HND,NY.GDP.MKTP.CD,1993,4190773622.25871
Honduras,HND,NY.GDP.MKTP.CD,1994,4105686899.43868
Honduras,HND,NY.GDP.MKTP.CD,1995,4672346193.95203
Honduras,HND,NY.GDP.MKTP.CD,1996,4798834459.45946
Honduras,HND,NY.GDP.MKTP.CD,1997,5569178707.22433
Honduras,HND,NY.GDP.MKTP.CD,1998,6163707533.23486
Honduras,HND,NY.GDP.MKTP.CD,1999,6394090592.33449
Honduras,HND,NY.GDP.MKTP.CD,2000,7186638029.05875
Honduras,HND,NY.GDP.MKTP.CD,2001,7651162302.3456
Honduras,HND,NY.GDP.MKTP.CD,2002,7858255412.86038
Honduras,HND,NY.GDP.MKTP.CD,2003,8230391346.67228
Honduras,HND,NY.GDP.MKTP.CD,2004,8869299234.3377
Honduras,HND,NY.GDP.MKTP.CD,2005,9757012696.56212
Honduras,HND,NY.GDP.MKTP.CD,2006,10917477066.1429
Honduras,HND,NY.GDP.MKTP.CD,2007,12361257680.5627
Honduras,HND,NY.GDP.MKTP.CD,2008,13881731875.7466
Honduras,HND,NY.GDP.MKTP.CD,2009,14587496229.1811
Honduras,HND,NY.GDP.MKTP.CD,2010,15839344591.9842
Honduras,HND,NY.GDP.MKTP.CD,2011,17710275685.4074
Honduras,HND,NY.GDP.MKTP.CD,2012,18528554397.5695
Honduras,HND,NY.GDP.MKTP.CD,2013,18499729214.904
Honduras,HND,NY.GDP.MKTP.CD,2014,19756533971.8698
Honduras,HND,NY.GDP.MKTP.CD,2015,20979791685.416
Honduras,HND,NY.GDP.MKTP.CD,2016,21717604952.1835
Honduras,HND,NY.GDP.MKTP.CD,2017,23136247990.5977
Honduras,HND,NY.GDP.MKTP.CD,2018,24067750760.499
Honduras,HND,NY.GDP.MKTP.CD,2019,24882225741.8119
Honduras,HND,NY.GDP.MKTP.CD,2020,23352232483.755
Honduras,HND,NY.GDP.MKTP.CD,2021,28144331506.6149
Honduras,HND,NY.GDP.MKTP.CD,2022,31426041806.7985
Honduras,HND,NY.GDP.MKTP.CD,2023,34355805527.9795
Honduras,HND,NY.GDP.MKTP.CD,2024,36980171442.0603
Honduras,HND,NY.GDP.MKTP.CD,2025,39601409103.3005
Heavily indebted poor countries (HIPC),HPC,NY.GDP.MKTP.CD,1960,21923722127.7439
Heavily indebted poor countries (HIPC),HPC,NY.GDP.MKTP.CD,1961,22627709232.3985
Heavily indebted poor countries (HIPC),HPC,NY.GDP.MKTP.CD,1962,24599541748.7051
Heavily indebted poor countries (HIPC),HPC,NY.GDP.MKTP.CD,1963,28893534515.8898
Heavily indebted poor countries (HIPC),HPC,NY.GDP.MKTP.CD,1964,26878565172.4856
Heavily indebted poor countries (HIPC),HPC,NY.GDP.MKTP.CD,1965,30407034659.8254
Heavily indebted poor countries (HIPC),HPC,NY.GDP.MKTP.CD,1966,32971073893.3373
Heavily indebted poor countries (HIPC),HPC,NY.GDP.MKTP.CD,1967,32488675063.8744
Heavily indebted poor countries (HIPC),HPC,NY.GDP.MKTP.CD,1968,34994461970.3202
Heavily indebted poor countries (HIPC),HPC,NY.GDP.MKTP.CD,1969,38503260469.2079
Heavily indebted poor countries (HIPC),HPC,NY.GDP.MKTP.CD,1970,37181536760.1335
Heavily indebted poor countries (HIPC),HPC,NY.GDP.MKTP.CD,1971,40099504488.5206
Heavily indebted poor countries (HIPC),HPC,NY.GDP.MKTP.CD,1972,44564788726.1793
Heavily indebted poor countries (HIPC),HPC,NY.GDP.MKTP.CD,1973,54553562932.0634
Heavily indebted poor countries (HIPC),HPC,NY.GDP.MKTP.CD,1974,64257354956.936
Heavily indebted poor countries (HIPC),HPC,NY.GDP.MKTP.CD,1975,72350863415.6136
Heavily indebted poor countries (HIPC),HPC,NY.GDP.MKTP.CD,1976,77585497906.3195
Heavily indebted poor countries (HIPC),HPC,NY.GDP.MKTP.CD,1977,89885368489.0048
Heavily indebted poor countries (HIPC),HPC,NY.GDP.MKTP.CD,1978,104622112017.94
Heavily indebted poor countries (HIPC),HPC,NY.GDP.MKTP.CD,1979,114929806433.148
Heavily indebted poor countries (HIPC),HPC,NY.GDP.MKTP.CD,1980,127259629230.0
Heavily indebted poor countries (HIPC),HPC,NY.GDP.MKTP.CD,1981,127910339912.981
Heavily indebted poor countries (HIPC),HPC,NY.GDP.MKTP.CD,1982,129278372851.571
Heavily indebted poor countries (HIPC),HPC,NY.GDP.MKTP.CD,1983,128221978068.565
Heavily indebted poor countries (HIPC),HPC,NY.GDP.MKTP.CD,1984,130635964994.758
Heavily indebted poor countries (HIPC),HPC,NY.GDP.MKTP.CD,1985,137196640367.662
Heavily indebted poor countries (HIPC),HPC,NY.GDP.MKTP.CD,1986,126219299823.057
Heavily indebted poor countries (HIPC),HPC,NY.GDP.MKTP.CD,1987,134509036368.938
Heavily indebted poor countries (HIPC),HPC,NY.GDP.MKTP.CD,1988,141558264239.402
Heavily indebted poor countries (HIPC),HPC,NY.GDP.MKTP.CD,1989,144132297739.617
Heavily indebted poor countries (HIPC),HPC,NY.GDP.MKTP.CD,1990,165447183504.841
Heavily indebted poor countries (HIPC),HPC,NY.GDP.MKTP.CD,1991,180013449210.399
Heavily indebted poor countries (HIPC),HPC,NY.GDP.MKTP.CD,1992,136844691209.976
Heavily indebted poor countries (HIPC),HPC,NY.GDP.MKTP.CD,1993,142051421908.561
Heavily indebted poor countries (HIPC),HPC,NY.GDP.MKTP.CD,1994,121518574647.308
Heavily indebted poor countries (HIPC),HPC,NY.GDP.MKTP.CD,1995,141395905527.759
Heavily indebted poor countries (HIPC),HPC,NY.GDP.MKTP.CD,1996,154688747451.139
Heavily indebted poor countries (HIPC),HPC,NY.GDP.MKTP.CD,1997,161933433655.407
Heavily indebted poor countries (HIPC),HPC,NY.GDP.MKTP.CD,1998,167620980707.493
Heavily indebted poor countries (HIPC),HPC,NY.GDP.MKTP.CD,1999,168431404824.133
Heavily indebted poor countries (HIPC),HPC,NY.GDP.MKTP.CD,2000,181929508086.652
Heavily indebted poor countries (HIPC),HPC,NY.GDP.MKTP.CD,2001,175879852361.494
Heavily indebted poor countries (HIPC),HPC,NY.GDP.MKTP.CD,2002,190891346466.397
Heavily indebted poor countries (HIPC),HPC,NY.GDP.MKTP.CD,2003,216610034974.426
Heavily indebted poor countries (HIPC),HPC,NY.GDP.MKTP.CD,2004,249571115303.131
Heavily indebted poor countries (HIPC),HPC,NY.GDP.MKTP.CD,2005,288591119560.553
Heavily indebted poor countries (HIPC),HPC,NY.GDP.MKTP.CD,2006,338947673939.485
Heavily indebted poor countries (HIPC),HPC,NY.GDP.MKTP.CD,2007,404319749775.223
Heavily indebted poor countries (HIPC),HPC,NY.GDP.MKTP.CD,2008,481564738213.917
Heavily indebted poor countries (HIPC),HPC,NY.GDP.MKTP.CD,2009,475142721102.049
Heavily indebted poor countries (HIPC),HPC,NY.GDP.MKTP.CD,2010,518681650290.886
Heavily indebted poor countries (HIPC),HPC,NY.GDP.MKTP.CD,2011,573435618293.002
Heavily indebted poor countries (HIPC),HPC,NY.GDP.MKTP.CD,2012,595060811936.517
Heavily indebted poor countries (HIPC),HPC,NY.GDP.MKTP.CD,2013,667216081741.819
Heavily indebted poor countries (HIPC),HPC,NY.GDP.MKTP.CD,2014,705379811037.148
Heavily indebted poor countries (HIPC),HPC,NY.GDP.MKTP.CD,2015,674525283733.803
Heavily indebted poor countries (HIPC),HPC,NY.GDP.MKTP.CD,2016,677053478623.394
Heavily indebted poor countries (HIPC),HPC,NY.GDP.MKTP.CD,2017,735134788678.557
Heavily indebted poor countries (HIPC),HPC,NY.GDP.MKTP.CD,2018,790361943446.387
Heavily indebted poor countries (HIPC),HPC,NY.GDP.MKTP.CD,2019,811080887285.088
Heavily indebted poor countries (HIPC),HPC,NY.GDP.MKTP.CD,2020,816212465074.075
Heavily indebted poor countries (HIPC),HPC,NY.GDP.MKTP.CD,2021,924437668151.095
Heavily indebted poor countries (HIPC),HPC,NY.GDP.MKTP.CD,2022,1002950189402.75
Heavily indebted poor countries (HIPC),HPC,NY.GDP.MKTP.CD,2023,1060851525652.8
Heavily indebted poor countries (HIPC),HPC,NY.GDP.MKTP.CD,2024,1147966586426.9
Heavily indebted poor countries (HIPC),HPC,NY.GDP.MKTP.CD,2025,1285481386975.21
Croatia,HRV,NY.GDP.MKTP.CD,1990,25650213279.6781
Croatia,HRV,NY.GDP.MKTP.CD,1991,18760386774.7973
Croatia,HRV,NY.GDP.MKTP.CD,1992,10621169290.9986
Croatia,HRV,NY.GDP.MKTP.CD,1993,11259647874.4986
Croatia,HRV,NY.GDP.MKTP.CD,1994,15062911616.8222
Croatia,HRV,NY.GDP.MKTP.CD,1995,22772224146.1503
Croatia,HRV,NY.GDP.MKTP.CD,1996,24151469716.5173
Croatia,HRV,NY.GDP.MKTP.CD,1997,24175272571.5846
Croatia,HRV,NY.GDP.MKTP.CD,1998,25889813449.4579
Croatia,HRV,NY.GDP.MKTP.CD,1999,23776940769.2095
Croatia,HRV,NY.GDP.MKTP.CD,2000,22134069750.2586
Croatia,HRV,NY.GDP.MKTP.CD,2001,23067071477.8294
Croatia,HRV,NY.GDP.MKTP.CD,2002,26757633353.1909
Croatia,HRV,NY.GDP.MKTP.CD,2003,35244797328.5582
Croatia,HRV,NY.GDP.MKTP.CD,2004,41836096243.0481
Croatia,HRV,NY.GDP.MKTP.CD,2005,45012776905.5255
Croatia,HRV,NY.GDP.MKTP.CD,2006,49583643047.994
Croatia,HRV,NY.GDP.MKTP.CD,2007,59290547254.1358
Croatia,HRV,NY.GDP.MKTP.CD,2008,68473103476.6775
Croatia,HRV,NY.GDP.MKTP.CD,2009,62315450610.8524
Croatia,HRV,NY.GDP.MKTP.CD,2010,58975127200.9948
Croatia,HRV,NY.GDP.MKTP.CD,2011,62889150894.151
Croatia,HRV,NY.GDP.MKTP.CD,2012,57547495859.7306
Croatia,HRV,NY.GDP.MKTP.CD,2013,59846869998.8711
Croatia,HRV,NY.GDP.MKTP.CD,2014,59607109597.2123
Croatia,HRV,NY.GDP.MKTP.CD,2015,50999271058.5849
Croatia,HRV,NY.GDP.MKTP.CD,2016,52650804052.1394
Croatia,HRV,NY.GDP.MKTP.CD,2017,56182225079.1072
Croatia,HRV,NY.GDP.MKTP.CD,2018,61668280700.0968
Croatia,HRV,NY.GDP.MKTP.CD,2019,61467261345.012
Croatia,HRV,NY.GDP.MKTP.CD,2020,57959824238.1808
Croatia,HRV,NY.GDP.MKTP.CD,2021,69002262504.9821
Croatia,HRV,NY.GDP.MKTP.CD,2022,71196460236.6301
Croatia,HRV,NY.GDP.MKTP.CD,2023,85621337533.3348
Croatia,HRV,NY.GDP.MKTP.CD,2024,92981894167.9687
Croatia,HRV,NY.GDP.MKTP.CD,2025,105060182186.274
Haiti,HTI,NY.GDP.MKTP.CD,1960,273187200.0
Haiti,HTI,NY.GDP.MKTP.CD,1961,271066000.0
Haiti,HTI,NY.GDP.MKTP.CD,1962,281896800.0
Haiti,HTI,NY.GDP.MKTP.CD,1963,294883400.0
Haiti,HTI,NY.GDP.MKTP.CD,1964,325281200.0
Haiti,HTI,NY.GDP.MKTP.CD,1965,353251800.0
Haiti,HTI,NY.GDP.MKTP.CD,1966,368948600.0
Haiti,HTI,NY.GDP.MKTP.CD,1967,369124200.0
Haiti,HTI,NY.GDP.MKTP.CD,1968,367968800.0
Haiti,HTI,NY.GDP.MKTP.CD,1969,391820400.0
Haiti,HTI,NY.GDP.MKTP.CD,1970,331200000.0
Haiti,HTI,NY.GDP.MKTP.CD,1971,362800000.0
Haiti,HTI,NY.GDP.MKTP.CD,1972,371998958.402916
Haiti,HTI,NY.GDP.MKTP.CD,1973,466798973.042259
Haiti,HTI,NY.GDP.MKTP.CD,1974,565399321.520814
Haiti,HTI,NY.GDP.MKTP.CD,1975,681400000.0
Haiti,HTI,NY.GDP.MKTP.CD,1976,879000000.0
Haiti,HTI,NY.GDP.MKTP.CD,1977,947000000.0
Haiti,HTI,NY.GDP.MKTP.CD,1978,974200000.0
Haiti,HTI,NY.GDP.MKTP.CD,1979,1080600000.0
Haiti,HTI,NY.GDP.MKTP.CD,1980,1383800000.0
Haiti,HTI,NY.GDP.MKTP.CD,1981,1479400000.0
Haiti,HTI,NY.GDP.MKTP.CD,1982,1474200000.0
Haiti,HTI,NY.GDP.MKTP.CD,1983,1623600000.0
Haiti,HTI,NY.GDP.MKTP.CD,1984,1816200000.0
Haiti,HTI,NY.GDP.MKTP.CD,1985,2009400000.0
Haiti,HTI,NY.GDP.MKTP.CD,1986,2318000000.0
Haiti,HTI,NY.GDP.MKTP.CD,1987,2047200000.0
Haiti,HTI,NY.GDP.MKTP.CD,1988,2613926800.0
Haiti,HTI,NY.GDP.MKTP.CD,1989,2736243800.0
Haiti,HTI,NY.GDP.MKTP.CD,1990,3096289800.0
Haiti,HTI,NY.GDP.MKTP.CD,1991,3473562627.79423
Haiti,HTI,NY.GDP.MKTP.CD,1992,2257129791.61575
Haiti,HTI,NY.GDP.MKTP.CD,1993,1878253767.31305
Haiti,HTI,NY.GDP.MKTP.CD,1994,2167569046.11837
Haiti,HTI,NY.GDP.MKTP.CD,1995,2813313278.81082
Haiti,HTI,NY.GDP.MKTP.CD,1996,2907517603.76719
Haiti,HTI,NY.GDP.MKTP.CD,1997,3338949151.59927
Haiti,HTI,NY.GDP.MKTP.CD,1998,3723903723.63772
Haiti,HTI,NY.GDP.MKTP.CD,1999,4153725883.84082
Haiti,HTI,NY.GDP.MKTP.CD,2000,6813566098.8675
Haiti,HTI,NY.GDP.MKTP.CD,2001,6331970324.31022
Haiti,HTI,NY.GDP.MKTP.CD,2002,6205847213.6351
Haiti,HTI,NY.GDP.MKTP.CD,2003,5071947798.27263
Haiti,HTI,NY.GDP.MKTP.CD,2004,6087360684.2969
Haiti,HTI,NY.GDP.MKTP.CD,2005,7030149730.33692
Haiti,HTI,NY.GDP.MKTP.CD,2006,7638739122.67242
Haiti,HTI,NY.GDP.MKTP.CD,2007,9228637767.69009
Haiti,HTI,NY.GDP.MKTP.CD,2008,10432962634.8748
Haiti,HTI,NY.GDP.MKTP.CD,2009,11597002834.7786
Haiti,HTI,NY.GDP.MKTP.CD,2010,11859312725.1448
Haiti,HTI,NY.GDP.MKTP.CD,2011,13008746038.8867
Haiti,HTI,NY.GDP.MKTP.CD,2012,13708925477.1304
Haiti,HTI,NY.GDP.MKTP.CD,2013,14902488604.2421
Haiti,HTI,NY.GDP.MKTP.CD,2014,15146883497.6331
Haiti,HTI,NY.GDP.MKTP.CD,2015,14849629308.6025
Haiti,HTI,NY.GDP.MKTP.CD,2016,14069277526.2278
Haiti,HTI,NY.GDP.MKTP.CD,2017,15093357161.1498
Haiti,HTI,NY.GDP.MKTP.CD,2018,16403864617.8458
Haiti,HTI,NY.GDP.MKTP.CD,2019,15016090929.5125
Haiti,HTI,NY.GDP.MKTP.CD,2020,14508222518.3018
Haiti,HTI,NY.GDP.MKTP.CD,2021,20754978152.2134
Haiti,HTI,NY.GDP.MKTP.CD,2022,20113007125.93
Haiti,HTI,NY.GDP.MKTP.CD,2023,19572288894.1581
Haiti,HTI,NY.GDP.MKTP.CD,2024,24255657481.2502
Haiti,HTI,NY.GDP.MKTP.CD,2025,32077278409.2339
Hungary,HUN,NY.GDP.MKTP.CD,1968,4886222554.66355
Hungary,HUN,NY.GDP.MKTP.CD,1969,5429812386.53195
Hungary,HUN,NY.GDP.MKTP.CD,1970,5780929202.60333
Hungary,HUN,NY.GDP.MKTP.CD,1971,6291568220.79393
Hungary,HUN,NY.GDP.MKTP.CD,1972,7379313742.13684
Hungary,HUN,NY.GDP.MKTP.CD,1973,9138292402.1882
Hungary,HUN,NY.GDP.MKTP.CD,1974,10016338178.9993
Hungary,HUN,NY.GDP.MKTP.CD,1975,11420392514.6172
Hungary,HUN,NY.GDP.MKTP.CD,1976,13235612078.8396
Hungary,HUN,NY.GDP.MKTP.CD,1977,14783674054.829
Hungary,HUN,NY.GDP.MKTP.CD,1978,17286744153.707
Hungary,HUN,NY.GDP.MKTP.CD,1979,19959731324.801
Hungary,HUN,NY.GDP.MKTP.CD,1980,23116977148.0216
Hungary,HUN,NY.GDP.MKTP.CD,1981,23705883891.9445
Hungary,HUN,NY.GDP.MKTP.CD,1982,24141667188.0517
Hungary,HUN,NY.GDP.MKTP.CD,1983,21910365258.2514
Hungary,HUN,NY.GDP.MKTP.CD,1984,21242726264.4854
Hungary,HUN,NY.GDP.MKTP.CD,1985,21510643750.177
Hungary,HUN,NY.GDP.MKTP.CD,1986,24778163812.0131
Hungary,HUN,NY.GDP.MKTP.CD,1987,27232016527.4237
Hungary,HUN,NY.GDP.MKTP.CD,1988,29799838597.4079
Hungary,HUN,NY.GDP.MKTP.CD,1989,30422508937.567
Hungary,HUN,NY.GDP.MKTP.CD,1990,34478360678.756
Hungary,HUN,NY.GDP.MKTP.CD,1991,34867307352.646
Hungary,HUN,NY.GDP.MKTP.CD,1992,38857339124.9084
Hungary,HUN,NY.GDP.MKTP.CD,1993,40256233360.3817
Hungary,HUN,NY.GDP.MKTP.CD,1994,43307949890.4603
Hungary,HUN,NY.GDP.MKTP.CD,1995,46577614588.9926
Hungary,HUN,NY.GDP.MKTP.CD,1996,46833767123.6915
Hungary,HUN,NY.GDP.MKTP.CD,1997,47398564799.2496
Hungary,HUN,NY.GDP.MKTP.CD,1998,48784412623.5939
Hungary,HUN,NY.GDP.MKTP.CD,1999,49160204397.4635
Hungary,HUN,NY.GDP.MKTP.CD,2000,47275954428.9586
Hungary,HUN,NY.GDP.MKTP.CD,2001,53800068065.7969
Hungary,HUN,NY.GDP.MKTP.CD,2002,67636468625.0428
Hungary,HUN,NY.GDP.MKTP.CD,2003,85190469121.074
Hungary,HUN,NY.GDP.MKTP.CD,2004,104015363080.271
Hungary,HUN,NY.GDP.MKTP.CD,2005,113098237570.929
Hungary,HUN,NY.GDP.MKTP.CD,2006,115604111412.139
Hungary,HUN,NY.GDP.MKTP.CD,2007,140123326896.329
Hungary,HUN,NY.GDP.MKTP.CD,2008,158228265915.534
Hungary,HUN,NY.GDP.MKTP.CD,2009,130807441076.16
Hungary,HUN,NY.GDP.MKTP.CD,2010,131898737241.166
Hungary,HUN,NY.GDP.MKTP.CD,2011,141712804953.868
Hungary,HUN,NY.GDP.MKTP.CD,2012,128470269689.958
Hungary,HUN,NY.GDP.MKTP.CD,2013,135646053778.582
Hungary,HUN,NY.GDP.MKTP.CD,2014,141128696412.321
Hungary,HUN,NY.GDP.MKTP.CD,2015,125244126623.289
Hungary,HUN,NY.GDP.MKTP.CD,2016,128983560865.293
Hungary,HUN,NY.GDP.MKTP.CD,2017,143335098991.862
Hungary,HUN,NY.GDP.MKTP.CD,2018,161184691013.835
Hungary,HUN,NY.GDP.MKTP.CD,2019,164936682033.992
Hungary,HUN,NY.GDP.MKTP.CD,2020,158468487754.196
Hungary,HUN,NY.GDP.MKTP.CD,2021,183282685440.486
Hungary,HUN,NY.GDP.MKTP.CD,2022,177002580544.155
Hungary,HUN,NY.GDP.MKTP.CD,2023,213029511028.874
Hungary,HUN,NY.GDP.MKTP.CD,2024,222848211034.367
Hungary,HUN,NY.GDP.MKTP.CD,2025,246490213513.054
IBRD only,IBD,NY.GDP.MKTP.CD,1960,306304722939.437
IBRD only,IBD,NY.GDP.MKTP.CD,1961,310052850535.408
IBRD only,IBD,NY.GDP.MKTP.CD,1962,313956213596.002
IBRD only,IBD,NY.GDP.MKTP.CD,1963,346415250192.464
IBRD only,IBD,NY.GDP.MKTP.CD,1964,392620041417.879
IBRD only,IBD,NY.GDP.MKTP.CD,1965,430370427231.15
IBRD only,IBD,NY.GDP.MKTP.CD,1966,444684785569.126
IBRD only,IBD,NY.GDP.MKTP.CD,1967,457288930071.809
IBRD only,IBD,NY.GDP.MKTP.CD,1968,484552506626.248
IBRD only,IBD,NY.GDP.MKTP.CD,1969,540952851961.208
IBRD only,IBD,NY.GDP.MKTP.CD,1970,588978514249.282
IBRD only,IBD,NY.GDP.MKTP.CD,1971,642086005523.1
IBRD only,IBD,NY.GDP.MKTP.CD,1972,723840759638.609
IBRD only,IBD,NY.GDP.MKTP.CD,1973,938531974147.836
IBRD only,IBD,NY.GDP.MKTP.CD,1974,1187636244186.88
IBRD only,IBD,NY.GDP.MKTP.CD,1975,1282489483612.03
IBRD only,IBD,NY.GDP.MKTP.CD,1976,1392135244289.28
IBRD only,IBD,NY.GDP.MKTP.CD,1977,1577598498252.45
IBRD only,IBD,NY.GDP.MKTP.CD,1978,1744163042026.43
IBRD only,IBD,NY.GDP.MKTP.CD,1979,2037690891547.37
IBRD only,IBD,NY.GDP.MKTP.CD,1980,2419257806557.85
IBRD only,IBD,NY.GDP.MKTP.CD,1981,2598909261860.41
IBRD only,IBD,NY.GDP.MKTP.CD,1982,2561222808854.54
IBRD only,IBD,NY.GDP.MKTP.CD,1983,2529883145200.97
IBRD only,IBD,NY.GDP.MKTP.CD,1984,2618831842082.71
IBRD only,IBD,NY.GDP.MKTP.CD,1985,2720503602842.67
IBRD only,IBD,NY.GDP.MKTP.CD,1986,2823956798256.48
IBRD only,IBD,NY.GDP.MKTP.CD,1987,2910397889423.94
IBRD only,IBD,NY.GDP.MKTP.CD,1988,3111420783529.12
IBRD only,IBD,NY.GDP.MKTP.CD,1989,3241136016134.9
IBRD only,IBD,NY.GDP.MKTP.CD,1990,3640234641965.91
IBRD only,IBD,NY.GDP.MKTP.CD,1991,3533522589116.7
IBRD only,IBD,NY.GDP.MKTP.CD,1992,3691704784868.32
IBRD only,IBD,NY.GDP.MKTP.CD,1993,3930669158918.0
IBRD only,IBD,NY.GDP.MKTP.CD,1994,4336867507416.28
IBRD only,IBD,NY.GDP.MKTP.CD,1995,4987839099170.13
IBRD only,IBD,NY.GDP.MKTP.CD,1996,5443875017792.29
IBRD only,IBD,NY.GDP.MKTP.CD,1997,5775060591518.17
IBRD only,IBD,NY.GDP.MKTP.CD,1998,5550058379297.93
IBRD only,IBD,NY.GDP.MKTP.CD,1999,5408484188258.02
IBRD only,IBD,NY.GDP.MKTP.CD,2000,5886134978692.93
IBRD only,IBD,NY.GDP.MKTP.CD,2001,5971611141415.03
IBRD only,IBD,NY.GDP.MKTP.CD,2002,6065785974350.62
IBRD only,IBD,NY.GDP.MKTP.CD,2003,6814154037538.79
IBRD only,IBD,NY.GDP.MKTP.CD,2004,8117393631129.81
IBRD only,IBD,NY.GDP.MKTP.CD,2005,9694742216243.09
IBRD only,IBD,NY.GDP.MKTP.CD,2006,11501211498155.5
IBRD only,IBD,NY.GDP.MKTP.CD,2007,14287517909878.2
IBRD only,IBD,NY.GDP.MKTP.CD,2008,17147397340377.1
IBRD only,IBD,NY.GDP.MKTP.CD,2009,16646670816085.3
IBRD only,IBD,NY.GDP.MKTP.CD,2010,20239797714297.1
IBRD only,IBD,NY.GDP.MKTP.CD,2011,23955878375012.0
IBRD only,IBD,NY.GDP.MKTP.CD,2012,25461967052262.8
IBRD only,IBD,NY.GDP.MKTP.CD,2013,26787319485055.1
IBRD only,IBD,NY.GDP.MKTP.CD,2014,27552867783541.2
IBRD only,IBD,NY.GDP.MKTP.CD,2015,25941217987927.1
IBRD only,IBD,NY.GDP.MKTP.CD,2016,26134891989406.5
IBRD only,IBD,NY.GDP.MKTP.CD,2017,28849480049390.9
IBRD only,IBD,NY.GDP.MKTP.CD,2018,30727224343894.0
IBRD only,IBD,NY.GDP.MKTP.CD,2019,31370912490347.0
IBRD only,IBD,NY.GDP.MKTP.CD,2020,30194051534423.9
IBRD only,IBD,NY.GDP.MKTP.CD,2021,35868904968937.8
IBRD only,IBD,NY.GDP.MKTP.CD,2022,37847494888632.6
IBRD only,IBD,NY.GDP.MKTP.CD,2023,39083500948084.9
IBRD only,IBD,NY.GDP.MKTP.CD,2024,40766443406773.0
IBRD only,IBD,NY.GDP.MKTP.CD,2025,43056359078690.0
IDA & IBRD total,IBT,NY.GDP.MKTP.CD,1960,351754430252.401
IDA & IBRD total,IBT,NY.GDP.MKTP.CD,1961,358300186957.071
IDA & IBRD total,IBT,NY.GDP.MKTP.CD,1962,366181207724.376
IDA & IBRD total,IBT,NY.GDP.MKTP.CD,1963,404157666724.099
IDA & IBRD total,IBT,NY.GDP.MKTP.CD,1964,448895528917.136
IDA & IBRD total,IBT,NY.GDP.MKTP.CD,1965,493543017386.648
IDA & IBRD total,IBT,NY.GDP.MKTP.CD,1966,513227988232.829
IDA & IBRD total,IBT,NY.GDP.MKTP.CD,1967,526682918890.873
IDA & IBRD total,IBT,NY.GDP.MKTP.CD,1968,558093115256.061
IDA & IBRD total,IBT,NY.GDP.MKTP.CD,1969,623551643235.089
IDA & IBRD total,IBT,NY.GDP.MKTP.CD,1970,680979776832.02
IDA & IBRD total,IBT,NY.GDP.MKTP.CD,1971,734205427705.055
IDA & IBRD total,IBT,NY.GDP.MKTP.CD,1972,821565082710.107
IDA & IBRD total,IBT,NY.GDP.MKTP.CD,1973,1049935396288.49
IDA & IBRD total,IBT,NY.GDP.MKTP.CD,1974,1334762482695.53
IDA & IBRD total,IBT,NY.GDP.MKTP.CD,1975,1458113701572.21
IDA & IBRD total,IBT,NY.GDP.MKTP.CD,1976,1574511998681.33
IDA & IBRD total,IBT,NY.GDP.MKTP.CD,1977,1774860004685.71
IDA & IBRD total,IBT,NY.GDP.MKTP.CD,1978,1968064883199.45
IDA & IBRD total,IBT,NY.GDP.MKTP.CD,1979,2293335388487.92
IDA & IBRD total,IBT,NY.GDP.MKTP.CD,1980,2724387559403.33
IDA & IBRD total,IBT,NY.GDP.MKTP.CD,1981,3048812529733.88
IDA & IBRD total,IBT,NY.GDP.MKTP.CD,1982,2988181611536.12
IDA & IBRD total,IBT,NY.GDP.MKTP.CD,1983,2891970085371.55
IDA & IBRD total,IBT,NY.GDP.MKTP.CD,1984,2954270911962.44
IDA & IBRD total,IBT,NY.GDP.MKTP.CD,1985,3066272038051.2
IDA & IBRD total,IBT,NY.GDP.MKTP.CD,1986,3129949353029.27
IDA & IBRD total,IBT,NY.GDP.MKTP.CD,1987,3226916564939.05
IDA & IBRD total,IBT,NY.GDP.MKTP.CD,1988,3444369182795.25
IDA & IBRD total,IBT,NY.GDP.MKTP.CD,1989,3575934231280.55
IDA & IBRD total,IBT,NY.GDP.MKTP.CD,1990,4017916711579.41
IDA & IBRD total,IBT,NY.GDP.MKTP.CD,1991,3940510265551.67
IDA & IBRD total,IBT,NY.GDP.MKTP.CD,1992,4055233877768.44
IDA & IBRD total,IBT,NY.GDP.MKTP.CD,1993,4312831087602.11
IDA & IBRD total,IBT,NY.GDP.MKTP.CD,1994,4732712405129.87
IDA & IBRD total,IBT,NY.GDP.MKTP.CD,1995,5468656850572.46
IDA & IBRD total,IBT,NY.GDP.MKTP.CD,1996,5998032496242.65
IDA & IBRD total,IBT,NY.GDP.MKTP.CD,1997,6355351844568.47
IDA & IBRD total,IBT,NY.GDP.MKTP.CD,1998,6153797551256.08
IDA & IBRD total,IBT,NY.GDP.MKTP.CD,1999,5860980124816.42
IDA & IBRD total,IBT,NY.GDP.MKTP.CD,2000,6405161916663.93
IDA & IBRD total,IBT,NY.GDP.MKTP.CD,2001,6484663039122.95
IDA & IBRD total,IBT,NY.GDP.MKTP.CD,2002,6618955701161.44
IDA & IBRD total,IBT,NY.GDP.MKTP.CD,2003,7438051094244.74
IDA & IBRD total,IBT,NY.GDP.MKTP.CD,2004,8846953925341.98
IDA & IBRD total,IBT,NY.GDP.MKTP.CD,2005,10543941001743.8
IDA & IBRD total,IBT,NY.GDP.MKTP.CD,2006,12515788445511.7
IDA & IBRD total,IBT,NY.GDP.MKTP.CD,2007,15478350774972.5
IDA & IBRD total,IBT,NY.GDP.MKTP.CD,2008,18566849399860.0
IDA & IBRD total,IBT,NY.GDP.MKTP.CD,2009,18030309686510.0
IDA & IBRD total,IBT,NY.GDP.MKTP.CD,2010,21843599755374.1
IDA & IBRD total,IBT,NY.GDP.MKTP.CD,2011,25767419601408.7
IDA & IBRD total,IBT,NY.GDP.MKTP.CD,2012,27373456462077.4
IDA & IBRD total,IBT,NY.GDP.MKTP.CD,2013,28868139569390.0
IDA & IBRD total,IBT,NY.GDP.MKTP.CD,2014,29793136753560.6
IDA & IBRD total,IBT,NY.GDP.MKTP.CD,2015,28118750119954.2
IDA & IBRD total,IBT,NY.GDP.MKTP.CD,2016,28299821225498.5
IDA & IBRD total,IBT,NY.GDP.MKTP.CD,2017,31121226985041.1
IDA & IBRD total,IBT,NY.GDP.MKTP.CD,2018,33140778408492.4
IDA & IBRD total,IBT,NY.GDP.MKTP.CD,2019,34074782748271.7
IDA & IBRD total,IBT,NY.GDP.MKTP.CD,2020,32817339931222.2
IDA & IBRD total,IBT,NY.GDP.MKTP.CD,2021,38735463663158.6
IDA & IBRD total,IBT,NY.GDP.MKTP.CD,2022,40927482641799.6
IDA & IBRD total,IBT,NY.GDP.MKTP.CD,2023,42011330091982.8
IDA & IBRD total,IBT,NY.GDP.MKTP.CD,2024,43660232631553.3
IDA & IBRD total,IBT,NY.GDP.MKTP.CD,2025,46251403468584.1
IDA total,IDA,NY.GDP.MKTP.CD,1960,43419734938.4544
IDA total,IDA,NY.GDP.MKTP.CD,1961,45878530509.2347
IDA total,IDA,NY.GDP.MKTP.CD,1962,49353751370.1949
IDA total,IDA,NY.GDP.MKTP.CD,1963,54557787298.003
IDA total,IDA,NY.GDP.MKTP.CD,1964,53950689375.4673
IDA total,IDA,NY.GDP.MKTP.CD,1965,60416031372.6341
IDA total,IDA,NY.GDP.MKTP.CD,1966,65248717901.6151
IDA total,IDA,NY.GDP.MKTP.CD,1967,66155828664.5236
IDA total,IDA,NY.GDP.MKTP.CD,1968,70108190934.7913
IDA total,IDA,NY.GDP.MKTP.CD,1969,78702977100.9138
IDA total,IDA,NY.GDP.MKTP.CD,1970,87494989288.8421
IDA total,IDA,NY.GDP.MKTP.CD,1971,88540987535.2175
IDA total,IDA,NY.GDP.MKTP.CD,1972,94692292369.1336
IDA total,IDA,NY.GDP.MKTP.CD,1973,109976361930.723
IDA total,IDA,NY.GDP.MKTP.CD,1974,144313490012.37
IDA total,IDA,NY.GDP.MKTP.CD,1975,169846706826.696
IDA total,IDA,NY.GDP.MKTP.CD,1976,177488300866.76
IDA total,IDA,NY.GDP.MKTP.CD,1977,193297216955.027
IDA total,IDA,NY.GDP.MKTP.CD,1978,218542936613.953
IDA total,IDA,NY.GDP.MKTP.CD,1979,250380761744.26
IDA total,IDA,NY.GDP.MKTP.CD,1980,298608621613.063
IDA total,IDA,NY.GDP.MKTP.CD,1981,423184762394.701
IDA total,IDA,NY.GDP.MKTP.CD,1982,403278511207.823
IDA total,IDA,NY.GDP.MKTP.CD,1983,348325357088.798
IDA total,IDA,NY.GDP.MKTP.CD,1984,327550557712.912
IDA total,IDA,NY.GDP.MKTP.CD,1985,338020255834.818
IDA total,IDA,NY.GDP.MKTP.CD,1986,306452302637.379
IDA total,IDA,NY.GDP.MKTP.CD,1987,316806182845.327
IDA total,IDA,NY.GDP.MKTP.CD,1988,334046886703.883
IDA total,IDA,NY.GDP.MKTP.CD,1989,335577420976.103
IDA total,IDA,NY.GDP.MKTP.CD,1990,378607545881.088
IDA total,IDA,NY.GDP.MKTP.CD,1991,408942216794.755
IDA total,IDA,NY.GDP.MKTP.CD,1992,364506102250.433
IDA total,IDA,NY.GDP.MKTP.CD,1993,383123667526.839
IDA total,IDA,NY.GDP.MKTP.CD,1994,396492340121.484
IDA total,IDA,NY.GDP.MKTP.CD,1995,481971986420.762
IDA total,IDA,NY.GDP.MKTP.CD,1996,555986446838.934
IDA total,IDA,NY.GDP.MKTP.CD,1997,582084646127.729
IDA total,IDA,NY.GDP.MKTP.CD,1998,606361225726.967
IDA total,IDA,NY.GDP.MKTP.CD,1999,452400909421.395
IDA total,IDA,NY.GDP.MKTP.CD,2000,519441856818.288
IDA total,IDA,NY.GDP.MKTP.CD,2001,513296405076.011
IDA total,IDA,NY.GDP.MKTP.CD,2002,553836284400.809
IDA total,IDA,NY.GDP.MKTP.CD,2003,624678232124.012
IDA total,IDA,NY.GDP.MKTP.CD,2004,730312504980.644
IDA total,IDA,NY.GDP.MKTP.CD,2005,849808229882.356
IDA total,IDA,NY.GDP.MKTP.CD,2006,1015393219998.18
IDA total,IDA,NY.GDP.MKTP.CD,2007,1190938893682.2
IDA total,IDA,NY.GDP.MKTP.CD,2008,1419452059482.97
IDA total,IDA,NY.GDP.MKTP.CD,2009,1383638870424.66
IDA total,IDA,NY.GDP.MKTP.CD,2010,1603802041077.06
IDA total,IDA,NY.GDP.MKTP.CD,2011,1811541226396.77
IDA total,IDA,NY.GDP.MKTP.CD,2012,1911489409814.53
IDA total,IDA,NY.GDP.MKTP.CD,2013,2080820084334.84
IDA total,IDA,NY.GDP.MKTP.CD,2014,2240268970019.42
IDA total,IDA,NY.GDP.MKTP.CD,2015,2177532132027.09
IDA total,IDA,NY.GDP.MKTP.CD,2016,2164929236091.98
IDA total,IDA,NY.GDP.MKTP.CD,2017,2271746935650.27
IDA total,IDA,NY.GDP.MKTP.CD,2018,2413554064598.36
IDA total,IDA,NY.GDP.MKTP.CD,2019,2703870257924.72
IDA total,IDA,NY.GDP.MKTP.CD,2020,2623288396798.27
IDA total,IDA,NY.GDP.MKTP.CD,2021,2866558694220.81
IDA total,IDA,NY.GDP.MKTP.CD,2022,3079987753167.07
IDA total,IDA,NY.GDP.MKTP.CD,2023,2927829143897.98
IDA total,IDA,NY.GDP.MKTP.CD,2024,2893789224780.35
IDA total,IDA,NY.GDP.MKTP.CD,2025,3195044389894.02
IDA blend,IDB,NY.GDP.MKTP.CD,1960,12401501561.7854
IDA blend,IDB,NY.GDP.MKTP.CD,1961,13314688264.5775
IDA blend,IDB,NY.GDP.MKTP.CD,1962,14222416055.5102
IDA blend,IDB,NY.GDP.MKTP.CD,1963,15145197244.7816
IDA blend,IDB,NY.GDP.MKTP.CD,1964,16626632979.2211
IDA blend,IDB,NY.GDP.MKTP.CD,1965,17977186457.6129
IDA blend,IDB,NY.GDP.MKTP.CD,1966,19605545864.4967
IDA blend,IDB,NY.GDP.MKTP.CD,1967,19795254777.9829
IDA blend,IDB,NY.GDP.MKTP.CD,1968,21047483665.4866
IDA blend,IDB,NY.GDP.MKTP.CD,1969,23960732153.678
IDA blend,IDB,NY.GDP.MKTP.CD,1970,32356563895.3398
IDA blend,IDB,NY.GDP.MKTP.CD,1971,30392833455.942
IDA blend,IDB,NY.GDP.MKTP.CD,1972,34167082608.5478
IDA blend,IDB,NY.GDP.MKTP.CD,1973,37107988872.5557
IDA blend,IDB,NY.GDP.MKTP.CD,1974,52754115653.5642
IDA blend,IDB,NY.GDP.MKTP.CD,1975,61046682874.9974
IDA blend,IDB,NY.GDP.MKTP.CD,1976,73441255542.52
IDA blend,IDB,NY.GDP.MKTP.CD,1977,79020486261.1325
IDA blend,IDB,NY.GDP.MKTP.CD,1978,87129172584.7326
IDA blend,IDB,NY.GDP.MKTP.CD,1979,106209035625.903
IDA blend,IDB,NY.GDP.MKTP.CD,1980,134446628565.262
IDA blend,IDB,NY.GDP.MKTP.CD,1981,245479636362.868
IDA blend,IDB,NY.GDP.MKTP.CD,1982,224352153458.531
IDA blend,IDB,NY.GDP.MKTP.CD,1983,171851407628.724
IDA blend,IDB,NY.GDP.MKTP.CD,1984,148714761041.179
IDA blend,IDB,NY.GDP.MKTP.CD,1985,149360272178.405
IDA blend,IDB,NY.GDP.MKTP.CD,1986,138015634707.148
IDA blend,IDB,NY.GDP.MKTP.CD,1987,142226241236.742
IDA blend,IDB,NY.GDP.MKTP.CD,1988,148184197593.881
IDA blend,IDB,NY.GDP.MKTP.CD,1989,143853282362.366
IDA blend,IDB,NY.GDP.MKTP.CD,1990,159019516930.143
IDA blend,IDB,NY.GDP.MKTP.CD,1991,170036291239.493
IDA blend,IDB,NY.GDP.MKTP.CD,1992,165355540081.895
IDA blend,IDB,NY.GDP.MKTP.CD,1993,175244559141.651
IDA blend,IDB,NY.GDP.MKTP.CD,1994,190983317299.202
IDA blend,IDB,NY.GDP.MKTP.CD,1995,267309715975.135
IDA blend,IDB,NY.GDP.MKTP.CD,1996,328495025650.406
IDA blend,IDB,NY.GDP.MKTP.CD,1997,344040187982.76
IDA blend,IDB,NY.GDP.MKTP.CD,1998,360890034244.656
IDA blend,IDB,NY.GDP.MKTP.CD,1999,203538006166.57
IDA blend,IDB,NY.GDP.MKTP.CD,2000,244290144705.894
IDA blend,IDB,NY.GDP.MKTP.CD,2001,243968067390.483
IDA blend,IDB,NY.GDP.MKTP.CD,2002,267621509358.231
IDA blend,IDB,NY.GDP.MKTP.CD,2003,302939673628.933
IDA blend,IDB,NY.GDP.MKTP.CD,2004,365116376618.522
IDA blend,IDB,NY.GDP.MKTP.CD,2005,428328538127.197
IDA blend,IDB,NY.GDP.MKTP.CD,2006,526645636933.891
IDA blend,IDB,NY.GDP.MKTP.CD,2007,609839841031.772
IDA blend,IDB,NY.GDP.MKTP.CD,2008,714771797937.577
IDA blend,IDB,NY.GDP.MKTP.CD,2009,669157586077.064
IDA blend,IDB,NY.GDP.MKTP.CD,2010,786359231668.375
IDA blend,IDB,NY.GDP.MKTP.CD,2011,895839926018.559
IDA blend,IDB,NY.GDP.MKTP.CD,2012,990701519034.679
IDA blend,IDB,NY.GDP.MKTP.CD,2013,1081001766014.43
IDA blend,IDB,NY.GDP.MKTP.CD,2014,1175043316339.54
IDA blend,IDB,NY.GDP.MKTP.CD,2015,1116256560392.48
IDA blend,IDB,NY.GDP.MKTP.CD,2016,1047494187995.75
IDA blend,IDB,NY.GDP.MKTP.CD,2017,1067274924059.64
IDA blend,IDB,NY.GDP.MKTP.CD,2018,1127900531096.51
IDA blend,IDB,NY.GDP.MKTP.CD,2019,1357319294877.02
IDA blend,IDB,NY.GDP.MKTP.CD,2020,1262159381015.61
IDA blend,IDB,NY.GDP.MKTP.CD,2021,1373195862361.12
IDA blend,IDB,NY.GDP.MKTP.CD,2022,1461048245644.69
IDA blend,IDB,NY.GDP.MKTP.CD,2023,1277421993702.09
IDA blend,IDB,NY.GDP.MKTP.CD,2024,1123047633991.39
IDA blend,IDB,NY.GDP.MKTP.CD,2025,1270032242274.1
Indonesia,IDN,NY.GDP.MKTP.CD,1967,5667756627.92093
Indonesia,IDN,NY.GDP.MKTP.CD,1968,7076465299.81141
Indonesia,IDN,NY.GDP.MKTP.CD,1969,8337423312.88344
Indonesia,IDN,NY.GDP.MKTP.CD,1970,9150684931.50685
Indonesia,IDN,NY.GDP.MKTP.CD,1971,9333536369.94567
Indonesia,IDN,NY.GDP.MKTP.CD,1972,10997590361.4458
Indonesia,IDN,NY.GDP.MKTP.CD,1973,16273253012.0482
Indonesia,IDN,NY.GDP.MKTP.CD,1974,25802409638.5542
Indonesia,IDN,NY.GDP.MKTP.CD,1975,30463855421.6867
Indonesia,IDN,NY.GDP.MKTP.CD,1976,37269156626.506
Indonesia,IDN,NY.GDP.MKTP.CD,1977,45808915662.6506
Indonesia,IDN,NY.GDP.MKTP.CD,1978,51455719075.8254
Indonesia,IDN,NY.GDP.MKTP.CD,1979,51400186342.8889
Indonesia,IDN,NY.GDP.MKTP.CD,1980,72482337397.4439
Indonesia,IDN,NY.GDP.MKTP.CD,1981,85518233419.0479
Indonesia,IDN,NY.GDP.MKTP.CD,1982,90158449294.9921
Indonesia,IDN,NY.GDP.MKTP.CD,1983,81052283383.7155
Indonesia,IDN,NY.GDP.MKTP.CD,1984,84853700027.651
Indonesia,IDN,NY.GDP.MKTP.CD,1985,85289488375.4435
Indonesia,IDN,NY.GDP.MKTP.CD,1986,79954072544.5279
Indonesia,IDN,NY.GDP.MKTP.CD,1987,75929617557.7521
Indonesia,IDN,NY.GDP.MKTP.CD,1988,84300174485.7973
Indonesia,IDN,NY.GDP.MKTP.CD,1989,94451427876.6628
Indonesia,IDN,NY.GDP.MKTP.CD,1990,106140727333.636
Indonesia,IDN,NY.GDP.MKTP.CD,1991,116621996217.133
Indonesia,IDN,NY.GDP.MKTP.CD,1992,128026966579.964
Indonesia,IDN,NY.GDP.MKTP.CD,1993,158006700301.533
Indonesia,IDN,NY.GDP.MKTP.CD,1994,176892143931.505
Indonesia,IDN,NY.GDP.MKTP.CD,1995,202132028723.115
Indonesia,IDN,NY.GDP.MKTP.CD,1996,227369679374.973
Indonesia,IDN,NY.GDP.MKTP.CD,1997,215748998609.635
Indonesia,IDN,NY.GDP.MKTP.CD,1998,95445547872.715
Indonesia,IDN,NY.GDP.MKTP.CD,1999,140001351215.462
Indonesia,IDN,NY.GDP.MKTP.CD,2000,165021012077.81
Indonesia,IDN,NY.GDP.MKTP.CD,2001,160446947784.909
Indonesia,IDN,NY.GDP.MKTP.CD,2002,195660611165.183
Indonesia,IDN,NY.GDP.MKTP.CD,2003,234772463823.808
Indonesia,IDN,NY.GDP.MKTP.CD,2004,256836875295.452
Indonesia,IDN,NY.GDP.MKTP.CD,2005,285868619196.085
Indonesia,IDN,NY.GDP.MKTP.CD,2006,364570515618.357
Indonesia,IDN,NY.GDP.MKTP.CD,2007,432216737774.861
Indonesia,IDN,NY.GDP.MKTP.CD,2008,510228634992.258
Indonesia,IDN,NY.GDP.MKTP.CD,2009,539580085612.401
Indonesia,IDN,NY.GDP.MKTP.CD,2010,755094157621.936
Indonesia,IDN,NY.GDP.MKTP.CD,2011,892969104563.171
Indonesia,IDN,NY.GDP.MKTP.CD,2012,917869913332.649
Indonesia,IDN,NY.GDP.MKTP.CD,2013,912524136718.018
Indonesia,IDN,NY.GDP.MKTP.CD,2014,890814755533.537
Indonesia,IDN,NY.GDP.MKTP.CD,2015,860854232686.214
Indonesia,IDN,NY.GDP.MKTP.CD,2016,931877364037.698
Indonesia,IDN,NY.GDP.MKTP.CD,2017,1015618744159.73
Indonesia,IDN,NY.GDP.MKTP.CD,2018,1042271532988.63
Indonesia,IDN,NY.GDP.MKTP.CD,2019,1119099871350.2
Indonesia,IDN,NY.GDP.MKTP.CD,2020,1059054842698.48
Indonesia,IDN,NY.GDP.MKTP.CD,2021,1186509691086.73
Indonesia,IDN,NY.GDP.MKTP.CD,2022,1319101183380.15
Indonesia,IDN,NY.GDP.MKTP.CD,2023,1371166925749.88
Indonesia,IDN,NY.GDP.MKTP.CD,2024,1396301788461.69
Indonesia,IDN,NY.GDP.MKTP.CD,2025,1445642584163.81
IDA only,IDX,NY.GDP.MKTP.CD,1960,32211130981.1438
IDA only,IDX,NY.GDP.MKTP.CD,1961,33772065916.3813
IDA only,IDX,NY.GDP.MKTP.CD,1962,36455263573.2185
IDA only,IDX,NY.GDP.MKTP.CD,1963,41014470844.4321
IDA only,IDX,NY.GDP.MKTP.CD,1964,38512402567.6604
IDA only,IDX,NY.GDP.MKTP.CD,1965,43923557987.7173
IDA only,IDX,NY.GDP.MKTP.CD,1966,47200993233.4833
IDA only,IDX,NY.GDP.MKTP.CD,1967,47959795959.1387
IDA only,IDX,NY.GDP.MKTP.CD,1968,50739597097.9735
IDA only,IDX,NY.GDP.MKTP.CD,1969,56551004966.1925
IDA only,IDX,NY.GDP.MKTP.CD,1970,55840044830.6389
IDA only,IDX,NY.GDP.MKTP.CD,1971,59168906660.117
IDA only,IDX,NY.GDP.MKTP.CD,1972,61398988614.3266
IDA only,IDX,NY.GDP.MKTP.CD,1973,74220481292.8532
IDA only,IDX,NY.GDP.MKTP.CD,1974,92801585576.0185
IDA only,IDX,NY.GDP.MKTP.CD,1975,110398454351.707
IDA only,IDX,NY.GDP.MKTP.CD,1976,104545708678.828
IDA only,IDX,NY.GDP.MKTP.CD,1977,114936661857.407
IDA only,IDX,NY.GDP.MKTP.CD,1978,132432436480.386
IDA only,IDX,NY.GDP.MKTP.CD,1979,144551811286.739
IDA only,IDX,NY.GDP.MKTP.CD,1980,163665268577.928
IDA only,IDX,NY.GDP.MKTP.CD,1981,171049888832.42
IDA only,IDX,NY.GDP.MKTP.CD,1982,173621886542.077
IDA only,IDX,NY.GDP.MKTP.CD,1983,174267592105.831
IDA only,IDX,NY.GDP.MKTP.CD,1984,178156917877.5
IDA only,IDX,NY.GDP.MKTP.CD,1985,188351987512.805
IDA only,IDX,NY.GDP.MKTP.CD,1986,167908559269.947
IDA only,IDX,NY.GDP.MKTP.CD,1987,174077226956.28
IDA only,IDX,NY.GDP.MKTP.CD,1988,185622300396.396
IDA only,IDX,NY.GDP.MKTP.CD,1989,192297036644.957
IDA only,IDX,NY.GDP.MKTP.CD,1990,220767518955.363
IDA only,IDX,NY.GDP.MKTP.CD,1991,240288582087.844
IDA only,IDX,NY.GDP.MKTP.CD,1992,199759409827.933
IDA only,IDX,NY.GDP.MKTP.CD,1993,208457572284.422
IDA only,IDX,NY.GDP.MKTP.CD,1994,205697718339.071
IDA only,IDX,NY.GDP.MKTP.CD,1995,213394230364.239
IDA only,IDX,NY.GDP.MKTP.CD,1996,225170917306.56
IDA only,IDX,NY.GDP.MKTP.CD,1997,235609683373.032
IDA only,IDX,NY.GDP.MKTP.CD,1998,242828324963.786
IDA only,IDX,NY.GDP.MKTP.CD,1999,249690571092.399
IDA only,IDX,NY.GDP.MKTP.CD,2000,275650920074.91
IDA only,IDX,NY.GDP.MKTP.CD,2001,269747437393.254
IDA only,IDX,NY.GDP.MKTP.CD,2002,286540275917.585
IDA only,IDX,NY.GDP.MKTP.CD,2003,322074306128.265
IDA only,IDX,NY.GDP.MKTP.CD,2004,365272291015.942
IDA only,IDX,NY.GDP.MKTP.CD,2005,421468030604.478
IDA only,IDX,NY.GDP.MKTP.CD,2006,488304362308.806
IDA only,IDX,NY.GDP.MKTP.CD,2007,580806156918.826
IDA only,IDX,NY.GDP.MKTP.CD,2008,704680261545.393
IDA only,IDX,NY.GDP.MKTP.CD,2009,714481284347.599
IDA only,IDX,NY.GDP.MKTP.CD,2010,817442809408.684
IDA only,IDX,NY.GDP.MKTP.CD,2011,915701300378.209
IDA only,IDX,NY.GDP.MKTP.CD,2012,920787890779.856
IDA only,IDX,NY.GDP.MKTP.CD,2013,999818318320.414
IDA only,IDX,NY.GDP.MKTP.CD,2014,1065225653679.88
IDA only,IDX,NY.GDP.MKTP.CD,2015,1061275571634.61
IDA only,IDX,NY.GDP.MKTP.CD,2016,1117435048096.23
IDA only,IDX,NY.GDP.MKTP.CD,2017,1204472011590.63
IDA only,IDX,NY.GDP.MKTP.CD,2018,1285653533501.84
IDA only,IDX,NY.GDP.MKTP.CD,2019,1346550963047.7
IDA only,IDX,NY.GDP.MKTP.CD,2020,1361129015782.66
IDA only,IDX,NY.GDP.MKTP.CD,2021,1493362831859.7
IDA only,IDX,NY.GDP.MKTP.CD,2022,1618939507522.38
IDA only,IDX,NY.GDP.MKTP.CD,2023,1650407150195.89
IDA only,IDX,NY.GDP.MKTP.CD,2024,1770741590788.96
IDA only,IDX,NY.GDP.MKTP.CD,2025,1925012147619.92
Isle of Man,IMN,NY.GDP.MKTP.CD,1984,251195796.754456
Isle of Man,IMN,NY.GDP.MKTP.CD,1985,256330852.156058
Isle of Man,IMN,NY.GDP.MKTP.CD,1986,356287012.606274
Isle of Man,IMN,NY.GDP.MKTP.CD,1987,459975486.190554
Isle of Man,IMN,NY.GDP.MKTP.CD,1988,584702952.685877
Isle of Man,IMN,NY.GDP.MKTP.CD,1989,617619437.172775
Isle of Man,IMN,NY.GDP.MKTP.CD,1990,761514559.659091
Isle of Man,IMN,NY.GDP.MKTP.CD,1991,821507936.507937
Isle of Man,IMN,NY.GDP.MKTP.CD,1992,854849069.84907
Isle of Man,IMN,NY.GDP.MKTP.CD,1993,765647870.425915
Isle of Man,IMN,NY.GDP.MKTP.CD,1994,833255280.073462
Isle of Man,IMN,NY.GDP.MKTP.CD,1995,922269212.561149
Isle of Man,IMN,NY.GDP.MKTP.CD,1996,1007205928.23713
Isle of Man,IMN,NY.GDP.MKTP.CD,1997,1178261296.66012
Isle of Man,IMN,NY.GDP.MKTP.CD,1998,1385124213.31567
Isle of Man,IMN,NY.GDP.MKTP.CD,1999,1573742112.92671
Isle of Man,IMN,NY.GDP.MKTP.CD,2000,1601050083.21985
Isle of Man,IMN,NY.GDP.MKTP.CD,2001,1668684324.16871
Isle of Man,IMN,NY.GDP.MKTP.CD,2002,1891002697.84173
Isle of Man,IMN,NY.GDP.MKTP.CD,2003,2252620408.16327
Isle of Man,IMN,NY.GDP.MKTP.CD,2004,2802206151.59282
Isle of Man,IMN,NY.GDP.MKTP.CD,2005,3032411026.94919
Isle of Man,IMN,NY.GDP.MKTP.CD,2006,3422733202.4501
Isle of Man,IMN,NY.GDP.MKTP.CD,2007,4466350655.89909
Isle of Man,IMN,NY.GDP.MKTP.CD,2008,5928791505.35144
Isle of Man,IMN,NY.GDP.MKTP.CD,2009,5486921247.07323
Isle of Man,IMN,NY.GDP.MKTP.CD,2010,5920369789.50182
Isle of Man,IMN,NY.GDP.MKTP.CD,2011,6565667052.79737
Isle of Man,IMN,NY.GDP.MKTP.CD,2012,6690228371.66909
Isle of Man,IMN,NY.GDP.MKTP.CD,2013,7001175622.71266
Isle of Man,IMN,NY.GDP.MKTP.CD,2014,7708454412.32126
Isle of Man,IMN,NY.GDP.MKTP.CD,2015,7084800892.22284
Isle of Man,IMN,NY.GDP.MKTP.CD,2016,6846377563.00683
Isle of Man,IMN,NY.GDP.MKTP.CD,2017,6979788333.50279
Isle of Man,IMN,NY.GDP.MKTP.CD,2018,7491649455.92717
Isle of Man,IMN,NY.GDP.MKTP.CD,2019,7314967866.28289
Isle of Man,IMN,NY.GDP.MKTP.CD,2020,6684225641.02564
Isle of Man,IMN,NY.GDP.MKTP.CD,2021,7931193222.06405
Isle of Man,IMN,NY.GDP.MKTP.CD,2022,7431257410.92713
Isle of Man,IMN,NY.GDP.MKTP.CD,2023,7576129932.79381
India,IND,NY.GDP.MKTP.CD,1960,37029883876.1839
India,IND,NY.GDP.MKTP.CD,1961,39232435784.0358
India,IND,NY.GDP.MKTP.CD,1962,42161481858.0819
India,IND,NY.GDP.MKTP.CD,1963,48421923459.1235
India,IND,NY.GDP.MKTP.CD,1964,56480289940.9899
India,IND,NY.GDP.MKTP.CD,1965,59556105229.0052
India,IND,NY.GDP.MKTP.CD,1966,45581230504.071
India,IND,NY.GDP.MKTP.CD,1967,50134942204.0
India,IND,NY.GDP.MKTP.CD,1968,53085455870.6667
India,IND,NY.GDP.MKTP.CD,1969,58447995017.3333
India,IND,NY.GDP.MKTP.CD,1970,62422483054.6667
India,IND,NY.GDP.MKTP.CD,1971,67351404351.833
India,IND,NY.GDP.MKTP.CD,1972,71464700666.9869
India,IND,NY.GDP.MKTP.CD,1973,85517673172.5513
India,IND,NY.GDP.MKTP.CD,1974,99526597933.6331
India,IND,NY.GDP.MKTP.CD,1975,98473832017.3242
India,IND,NY.GDP.MKTP.CD,1976,102716451979.68
India,IND,NY.GDP.MKTP.CD,1977,121486641441.309
India,IND,NY.GDP.MKTP.CD,1978,137302319828.995
India,IND,NY.GDP.MKTP.CD,1979,152995442497.709
India,IND,NY.GDP.MKTP.CD,1980,186328579302.068
India,IND,NY.GDP.MKTP.CD,1981,193491368445.573
India,IND,NY.GDP.MKTP.CD,1982,200715624830.902
India,IND,NY.GDP.MKTP.CD,1983,218262146413.158
India,IND,NY.GDP.MKTP.CD,1984,212157645177.652
India,IND,NY.GDP.MKTP.CD,1985,232511554840.372
India,IND,NY.GDP.MKTP.CD,1986,248985994040.59
India,IND,NY.GDP.MKTP.CD,1987,279033584092.223
India,IND,NY.GDP.MKTP.CD,1988,296589670895.932
India,IND,NY.GDP.MKTP.CD,1989,296042052944.66
India,IND,NY.GDP.MKTP.CD,1990,320979026420.035
India,IND,NY.GDP.MKTP.CD,1991,270105341879.226
India,IND,NY.GDP.MKTP.CD,1992,288208070278.013
India,IND,NY.GDP.MKTP.CD,1993,279295648982.529
India,IND,NY.GDP.MKTP.CD,1994,327274843459.429
India,IND,NY.GDP.MKTP.CD,1995,360281909643.489
India,IND,NY.GDP.MKTP.CD,1996,392896866204.516
India,IND,NY.GDP.MKTP.CD,1997,415867563592.829
India,IND,NY.GDP.MKTP.CD,1998,421351317224.941
India,IND,NY.GDP.MKTP.CD,1999,458821052615.79
India,IND,NY.GDP.MKTP.CD,2000,468395521654.458
India,IND,NY.GDP.MKTP.CD,2001,485440139204.171
India,IND,NY.GDP.MKTP.CD,2002,514939140318.756
India,IND,NY.GDP.MKTP.CD,2003,607700687237.318
India,IND,NY.GDP.MKTP.CD,2004,709152728830.775
India,IND,NY.GDP.MKTP.CD,2005,820383763511.445
India,IND,NY.GDP.MKTP.CD,2006,940259888787.721
India,IND,NY.GDP.MKTP.CD,2007,1216736438834.96
India,IND,NY.GDP.MKTP.CD,2008,1198895139005.92
India,IND,NY.GDP.MKTP.CD,2009,1341888016994.9
India,IND,NY.GDP.MKTP.CD,2010,1675615519484.96
India,IND,NY.GDP.MKTP.CD,2011,1823051829894.55
India,IND,NY.GDP.MKTP.CD,2012,1827637590410.41
India,IND,NY.GDP.MKTP.CD,2013,1856721507621.58
India,IND,NY.GDP.MKTP.CD,2014,2039126479154.52
India,IND,NY.GDP.MKTP.CD,2015,2103588360044.94
India,IND,NY.GDP.MKTP.CD,2016,2294796885663.16
India,IND,NY.GDP.MKTP.CD,2017,2651474262755.45
India,IND,NY.GDP.MKTP.CD,2018,2702929641648.74
India,IND,NY.GDP.MKTP.CD,2019,2835606256558.19
India,IND,NY.GDP.MKTP.CD,2020,2674851578587.27
India,IND,NY.GDP.MKTP.CD,2021,3167270623260.47
India,IND,NY.GDP.MKTP.CD,2022,3249938492013.47
India,IND,NY.GDP.MKTP.CD,2023,3500906030644.76
India,IND,NY.GDP.MKTP.CD,2024,3760813470500.86
India,IND,NY.GDP.MKTP.CD,2025,3956067115771.63
Ireland,IRL,NY.GDP.MKTP.CD,1960,1998550221.80554
Ireland,IRL,NY.GDP.MKTP.CD,1961,2151772979.96956
Ireland,IRL,NY.GDP.MKTP.CD,1962,2329372971.89171
Ireland,IRL,NY.GDP.MKTP.CD,1963,2505073357.88508
Ireland,IRL,NY.GDP.MKTP.CD,1964,2851091646.43165
Ireland,IRL,NY.GDP.MKTP.CD,1965,3035655793.5247
Ireland,IRL,NY.GDP.MKTP.CD,1966,3198820903.82796
Ireland,IRL,NY.GDP.MKTP.CD,1967,3445739914.73101
Ireland,IRL,NY.GDP.MKTP.CD,1968,3378701146.84197
Ireland,IRL,NY.GDP.MKTP.CD,1969,3902721631.54663
Ireland,IRL,NY.GDP.MKTP.CD,1970,4395995085.99509
Ireland,IRL,NY.GDP.MKTP.CD,1971,5098250287.46646
Ireland,IRL,NY.GDP.MKTP.CD,1972,6318060582.21873
Ireland,IRL,NY.GDP.MKTP.CD,1973,7481173065.79201
Ireland,IRL,NY.GDP.MKTP.CD,1974,7896860614.98803
Ireland,IRL,NY.GDP.MKTP.CD,1975,9483808362.36934
Ireland,IRL,NY.GDP.MKTP.CD,1976,9453756014.71837
Ireland,IRL,NY.GDP.MKTP.CD,1977,11248340431.3779
Ireland,IRL,NY.GDP.MKTP.CD,1978,14647996073.6937
Ireland,IRL,NY.GDP.MKTP.CD,1979,18319334300.4513
Ireland,IRL,NY.GDP.MKTP.CD,1980,21747855640.0712
Ireland,IRL,NY.GDP.MKTP.CD,1981,20670190138.1671
Ireland,IRL,NY.GDP.MKTP.CD,1982,21474752962.2178
Ireland,IRL,NY.GDP.MKTP.CD,1983,20766047763.5314
Ireland,IRL,NY.GDP.MKTP.CD,1984,20106648454.8404
Ireland,IRL,NY.GDP.MKTP.CD,1985,21270013325.5601
Ireland,IRL,NY.GDP.MKTP.CD,1986,28714571852.4799
Ireland,IRL,NY.GDP.MKTP.CD,1987,33920518492.5094
Ireland,IRL,NY.GDP.MKTP.CD,1988,37772896220.7559
Ireland,IRL,NY.GDP.MKTP.CD,1989,39238392677.7542
Ireland,IRL,NY.GDP.MKTP.CD,1990,49305632408.4929
Ireland,IRL,NY.GDP.MKTP.CD,1991,49787501584.4847
Ireland,IRL,NY.GDP.MKTP.CD,1992,55918538121.3989
Ireland,IRL,NY.GDP.MKTP.CD,1993,52417477613.676
Ireland,IRL,NY.GDP.MKTP.CD,1994,57097656065.96
Ireland,IRL,NY.GDP.MKTP.CD,1995,69139823232.3232
Ireland,IRL,NY.GDP.MKTP.CD,1996,75790786290.3226
Ireland,IRL,NY.GDP.MKTP.CD,1997,82856648758.3572
Ireland,IRL,NY.GDP.MKTP.CD,1998,90199410115.5097
Ireland,IRL,NY.GDP.MKTP.CD,1999,98893958262.6438
Ireland,IRL,NY.GDP.MKTP.CD,2000,100207610429.909
Ireland,IRL,NY.GDP.MKTP.CD,2001,109346669229.695
Ireland,IRL,NY.GDP.MKTP.CD,2002,128596035288.401
Ireland,IRL,NY.GDP.MKTP.CD,2003,164670771259.602
Ireland,IRL,NY.GDP.MKTP.CD,2004,194372115041.065
Ireland,IRL,NY.GDP.MKTP.CD,2005,211876989655.907
Ireland,IRL,NY.GDP.MKTP.CD,2006,232180617162.279
Ireland,IRL,NY.GDP.MKTP.CD,2007,270079279419.5
Ireland,IRL,NY.GDP.MKTP.CD,2008,275447471451.063
Ireland,IRL,NY.GDP.MKTP.CD,2009,236443115853.695
Ireland,IRL,NY.GDP.MKTP.CD,2010,221732824603.484
Ireland,IRL,NY.GDP.MKTP.CD,2011,240975871046.644
Ireland,IRL,NY.GDP.MKTP.CD,2012,226921827888.137
Ireland,IRL,NY.GDP.MKTP.CD,2013,242924245718.756
Ireland,IRL,NY.GDP.MKTP.CD,2014,266490442124.309
Ireland,IRL,NY.GDP.MKTP.CD,2015,302101388556.271
Ireland,IRL,NY.GDP.MKTP.CD,2016,305431252708.748
Ireland,IRL,NY.GDP.MKTP.CD,2017,348355212568.515
Ireland,IRL,NY.GDP.MKTP.CD,2018,395780319816.603
Ireland,IRL,NY.GDP.MKTP.CD,2019,407211793800.713
Ireland,IRL,NY.GDP.MKTP.CD,2020,436009027818.948
Ireland,IRL,NY.GDP.MKTP.CD,2021,530394123829.763
Ireland,IRL,NY.GDP.MKTP.CD,2022,548341794599.09
Ireland,IRL,NY.GDP.MKTP.CD,2023,567372737459.116
Ireland,IRL,NY.GDP.MKTP.CD,2024,609157459747.205
Ireland,IRL,NY.GDP.MKTP.CD,2025,721701359046.313
"Iran, Islamic Rep.",IRN,NY.GDP.MKTP.CD,1960,4199134389.9037
"Iran, Islamic Rep.",IRN,NY.GDP.MKTP.CD,1961,4426949094.8403
"Iran, Islamic Rep.",IRN,NY.GDP.MKTP.CD,1962,4693566416.48346
"Iran, Islamic Rep.",IRN,NY.GDP.MKTP.CD,1963,4928628018.38759
"Iran, Islamic Rep.",IRN,NY.GDP.MKTP.CD,1964,5379845647.70139
"Iran, Islamic Rep.",IRN,NY.GDP.MKTP.CD,1965,6197319929.04038
"Iran, Islamic Rep.",IRN,NY.GDP.MKTP.CD,1966,6789938671.75094
"Iran, Islamic Rep.",IRN,NY.GDP.MKTP.CD,1967,7555383690.16
"Iran, Islamic Rep.",IRN,NY.GDP.MKTP.CD,1968,8623172959.89803
"Iran, Islamic Rep.",IRN,NY.GDP.MKTP.CD,1969,9743089607.49587
"Iran, Islamic Rep.",IRN,NY.GDP.MKTP.CD,1970,10976245153.5894
"Iran, Islamic Rep.",IRN,NY.GDP.MKTP.CD,1971,13731802833.0363
"Iran, Islamic Rep.",IRN,NY.GDP.MKTP.CD,1972,17153463263.1086
"Iran, Islamic Rep.",IRN,NY.GDP.MKTP.CD,1973,27081698249.5083
"Iran, Islamic Rep.",IRN,NY.GDP.MKTP.CD,1974,46209092072.1383
"Iran, Islamic Rep.",IRN,NY.GDP.MKTP.CD,1975,51776222349.8869
"Iran, Islamic Rep.",IRN,NY.GDP.MKTP.CD,1976,68055295080.7538
"Iran, Islamic Rep.",IRN,NY.GDP.MKTP.CD,1977,80600122701.9632
"Iran, Islamic Rep.",IRN,NY.GDP.MKTP.CD,1978,77994316621.4814
"Iran, Islamic Rep.",IRN,NY.GDP.MKTP.CD,1979,90391877325.9285
"Iran, Islamic Rep.",IRN,NY.GDP.MKTP.CD,1980,94362275580.0229
"Iran, Islamic Rep.",IRN,NY.GDP.MKTP.CD,1981,100499312749.923
"Iran, Islamic Rep.",IRN,NY.GDP.MKTP.CD,1982,125948756439.485
"Iran, Islamic Rep.",IRN,NY.GDP.MKTP.CD,1983,156365156618.241
"Iran, Islamic Rep.",IRN,NY.GDP.MKTP.CD,1984,162276728619.519
"Iran, Islamic Rep.",IRN,NY.GDP.MKTP.CD,1985,180183629599.684
"Iran, Islamic Rep.",IRN,NY.GDP.MKTP.CD,1986,209094561833.48
"Iran, Islamic Rep.",IRN,NY.GDP.MKTP.CD,1987,134009995923.169
"Iran, Islamic Rep.",IRN,NY.GDP.MKTP.CD,1988,123057861333.908
"Iran, Islamic Rep.",IRN,NY.GDP.MKTP.CD,1989,120496362916.271
"Iran, Islamic Rep.",IRN,NY.GDP.MKTP.CD,1990,124813263926.225
"Iran, Islamic Rep.",IRN,NY.GDP.MKTP.CD,1991,131637664958.014
"Iran, Islamic Rep.",IRN,NY.GDP.MKTP.CD,1992,119768691216.667
"Iran, Islamic Rep.",IRN,NY.GDP.MKTP.CD,1993,63743623232.012
"Iran, Islamic Rep.",IRN,NY.GDP.MKTP.CD,1994,71841461172.5964
"Iran, Islamic Rep.",IRN,NY.GDP.MKTP.CD,1995,96419225743.6737
"Iran, Islamic Rep.",IRN,NY.GDP.MKTP.CD,1996,120403931885.441
"Iran, Islamic Rep.",IRN,NY.GDP.MKTP.CD,1997,113919163421.155
"Iran, Islamic Rep.",IRN,NY.GDP.MKTP.CD,1998,110276913362.508
"Iran, Islamic Rep.",IRN,NY.GDP.MKTP.CD,1999,113848450088.351
"Iran, Islamic Rep.",IRN,NY.GDP.MKTP.CD,2000,109591707802.216
"Iran, Islamic Rep.",IRN,NY.GDP.MKTP.CD,2001,126878750295.944
"Iran, Islamic Rep.",IRN,NY.GDP.MKTP.CD,2002,128626917503.72
"Iran, Islamic Rep.",IRN,NY.GDP.MKTP.CD,2003,151911222119.488
"Iran, Islamic Rep.",IRN,NY.GDP.MKTP.CD,2004,187754571247.666
"Iran, Islamic Rep.",IRN,NY.GDP.MKTP.CD,2005,224970371324.67
"Iran, Islamic Rep.",IRN,NY.GDP.MKTP.CD,2006,265602187403.643
"Iran, Islamic Rep.",IRN,NY.GDP.MKTP.CD,2007,349736591832.418
"Iran, Islamic Rep.",IRN,NY.GDP.MKTP.CD,2008,406070949553.875
"Iran, Islamic Rep.",IRN,NY.GDP.MKTP.CD,2009,414059094949.063
"Iran, Islamic Rep.",IRN,NY.GDP.MKTP.CD,2010,487069570463.768
"Iran, Islamic Rep.",IRN,NY.GDP.MKTP.CD,2011,629082257472.368
"Iran, Islamic Rep.",IRN,NY.GDP.MKTP.CD,2012,644019315003.54
"Iran, Islamic Rep.",IRN,NY.GDP.MKTP.CD,2013,500399839839.877
"Iran, Islamic Rep.",IRN,NY.GDP.MKTP.CD,2014,462284793280.825
"Iran, Islamic Rep.",IRN,NY.GDP.MKTP.CD,2015,409191686496.677
"Iran, Islamic Rep.",IRN,NY.GDP.MKTP.CD,2016,478618064870.999
"Iran, Islamic Rep.",IRN,NY.GDP.MKTP.CD,2017,510239893417.645
"Iran, Islamic Rep.",IRN,NY.GDP.MKTP.CD,2018,411903303606.044
"Iran, Islamic Rep.",IRN,NY.GDP.MKTP.CD,2019,347988400957.999
"Iran, Islamic Rep.",IRN,NY.GDP.MKTP.CD,2020,280934329279.723
"Iran, Islamic Rep.",IRN,NY.GDP.MKTP.CD,2021,407350685583.335
"Iran, Islamic Rep.",IRN,NY.GDP.MKTP.CD,2022,422662261525.665
"Iran, Islamic Rep.",IRN,NY.GDP.MKTP.CD,2023,457510482317.483
"Iran, Islamic Rep.",IRN,NY.GDP.MKTP.CD,2024,475252089215.416
"Iran, Islamic Rep.",IRN,NY.GDP.MKTP.CD,2025,362682115433.364
Iraq,IRQ,NY.GDP.MKTP.CD,1960,1537252193.09912
Iraq,IRQ,NY.GDP.MKTP.CD,1961,1671960965.21561
Iraq,IRQ,NY.GDP.MKTP.CD,1962,1784174540.73018
Iraq,IRQ,NY.GDP.MKTP.CD,1963,1805901510.0394
Iraq,IRQ,NY.GDP.MKTP.CD,1964,2136408197.83672
Iraq,IRQ,NY.GDP.MKTP.CD,1965,2335785506.0858
Iraq,IRQ,NY.GDP.MKTP.CD,1966,2530306095.87756
Iraq,IRQ,NY.GDP.MKTP.CD,1967,2551522656.19094
Iraq,IRQ,NY.GDP.MKTP.CD,1968,2896598841.36046
Iraq,IRQ,NY.GDP.MKTP.CD,1969,3007758796.89648
Iraq,IRQ,NY.GDP.MKTP.CD,1970,3281318687.47253
Iraq,IRQ,NY.GDP.MKTP.CD,1971,3865346534.65347
Iraq,IRQ,NY.GDP.MKTP.CD,1972,4113848002.40312
Iraq,IRQ,NY.GDP.MKTP.CD,1973,5134367778.1446
Iraq,IRQ,NY.GDP.MKTP.CD,1974,11516762614.2906
Iraq,IRQ,NY.GDP.MKTP.CD,1975,13458516762.6143
Iraq,IRQ,NY.GDP.MKTP.CD,1976,17754825601.0836
Iraq,IRQ,NY.GDP.MKTP.CD,1977,19838130714.5276
Iraq,IRQ,NY.GDP.MKTP.CD,1978,23762275651.8794
Iraq,IRQ,NY.GDP.MKTP.CD,1979,37816457839.4853
Iraq,IRQ,NY.GDP.MKTP.CD,1980,52569000000.0
Iraq,IRQ,NY.GDP.MKTP.CD,1981,37823000000.0
Iraq,IRQ,NY.GDP.MKTP.CD,1982,42382333333.3333
Iraq,IRQ,NY.GDP.MKTP.CD,1983,40712903225.8064
Iraq,IRQ,NY.GDP.MKTP.CD,1984,46938387096.7742
Iraq,IRQ,NY.GDP.MKTP.CD,1985,48425161290.3226
Iraq,IRQ,NY.GDP.MKTP.CD,1986,47264516129.0323
Iraq,IRQ,NY.GDP.MKTP.CD,1987,56774193548.3871
Iraq,IRQ,NY.GDP.MKTP.CD,1988,62684516129.0323
Iraq,IRQ,NY.GDP.MKTP.CD,1989,65831935483.871
Iraq,IRQ,NY.GDP.MKTP.CD,1990,180408064516.129
Iraq,IRQ,NY.GDP.MKTP.CD,1991,407796349.663785
Iraq,IRQ,NY.GDP.MKTP.CD,1992,553671957.671958
Iraq,IRQ,NY.GDP.MKTP.CD,1993,1031944881.13189
Iraq,IRQ,NY.GDP.MKTP.CD,1994,3991349282.75729
Iraq,IRQ,NY.GDP.MKTP.CD,1995,12894029888.1122
Iraq,IRQ,NY.GDP.MKTP.CD,1996,10433698621.3427
Iraq,IRQ,NY.GDP.MKTP.CD,1997,20764857056.3795
Iraq,IRQ,NY.GDP.MKTP.CD,1998,20617405044.2425
Iraq,IRQ,NY.GDP.MKTP.CD,1999,36881601583.8194
Iraq,IRQ,NY.GDP.MKTP.CD,2000,48364250943.9051
Iraq,IRQ,NY.GDP.MKTP.CD,2001,36176430128.8057
Iraq,IRQ,NY.GDP.MKTP.CD,2002,32928454672.4246
Iraq,IRQ,NY.GDP.MKTP.CD,2003,21921569478.8163
Iraq,IRQ,NY.GDP.MKTP.CD,2004,36633669269.3981
Iraq,IRQ,NY.GDP.MKTP.CD,2005,50065104667.8159
Iraq,IRQ,NY.GDP.MKTP.CD,2006,65147051918.0219
Iraq,IRQ,NY.GDP.MKTP.CD,2007,88837057319.5179
Iraq,IRQ,NY.GDP.MKTP.CD,2008,131614434153.505
Iraq,IRQ,NY.GDP.MKTP.CD,2009,111657580326.315
Iraq,IRQ,NY.GDP.MKTP.CD,2010,138516722649.573
Iraq,IRQ,NY.GDP.MKTP.CD,2011,185749664444.444
Iraq,IRQ,NY.GDP.MKTP.CD,2012,218002476129.472
Iraq,IRQ,NY.GDP.MKTP.CD,2013,234637675128.645
Iraq,IRQ,NY.GDP.MKTP.CD,2014,228415656174.957
Iraq,IRQ,NY.GDP.MKTP.CD,2015,166774104959.102
Iraq,IRQ,NY.GDP.MKTP.CD,2016,166743557747.671
Iraq,IRQ,NY.GDP.MKTP.CD,2017,187217660050.676
Iraq,IRQ,NY.GDP.MKTP.CD,2018,227367469034.031
Iraq,IRQ,NY.GDP.MKTP.CD,2019,233636097800.338
Iraq,IRQ,NY.GDP.MKTP.CD,2020,180898797516.874
Iraq,IRQ,NY.GDP.MKTP.CD,2021,209691945713.103
Iraq,IRQ,NY.GDP.MKTP.CD,2022,287372232137.931
Iraq,IRQ,NY.GDP.MKTP.CD,2023,268881051643.549
Iraq,IRQ,NY.GDP.MKTP.CD,2024,279641257615.385
Iraq,IRQ,NY.GDP.MKTP.CD,2025,254367293538.462
Iceland,ISL,NY.GDP.MKTP.CD,1960,260984498.826389
Iceland,ISL,NY.GDP.MKTP.CD,1961,266711460.241466
Iceland,ISL,NY.GDP.MKTP.CD,1962,299309938.066264
Iceland,ISL,NY.GDP.MKTP.CD,1963,357240895.712432
Iceland,ISL,NY.GDP.MKTP.CD,1964,456206298.792753
Iceland,ISL,NY.GDP.MKTP.CD,1965,550150987.996732
Iceland,ISL,NY.GDP.MKTP.CD,1966,660663763.278256
Iceland,ISL,NY.GDP.MKTP.CD,1967,652609075.682946
Iceland,ISL,NY.GDP.MKTP.CD,1968,498365199.686946
Iceland,ISL,NY.GDP.MKTP.CD,1969,435659609.943615
Iceland,ISL,NY.GDP.MKTP.CD,1970,545115909.090909
Iceland,ISL,NY.GDP.MKTP.CD,1971,693679545.454545
Iceland,ISL,NY.GDP.MKTP.CD,1972,869002945.841831
Iceland,ISL,NY.GDP.MKTP.CD,1973,1194794186.17552
Iceland,ISL,NY.GDP.MKTP.CD,1974,1568154077.03852
Iceland,ISL,NY.GDP.MKTP.CD,1975,1456052700.06506
Iceland,ISL,NY.GDP.MKTP.CD,1976,1727845419.11401
Iceland,ISL,NY.GDP.MKTP.CD,1977,2285707748.78061
Iceland,ISL,NY.GDP.MKTP.CD,1978,2599627088.63561
Iceland,ISL,NY.GDP.MKTP.CD,1979,2953176971.07204
Iceland,ISL,NY.GDP.MKTP.CD,1980,3499616683.34167
Iceland,ISL,NY.GDP.MKTP.CD,1981,3615094820.1877
Iceland,ISL,NY.GDP.MKTP.CD,1982,3318714326.1952
Iceland,ISL,NY.GDP.MKTP.CD,1983,2862634163.62085
Iceland,ISL,NY.GDP.MKTP.CD,1984,2964568005.62888
Iceland,ISL,NY.GDP.MKTP.CD,1985,3088359966.94589
Iceland,ISL,NY.GDP.MKTP.CD,1986,4129080094.00499
Iceland,ISL,NY.GDP.MKTP.CD,1987,5713281235.45655
Iceland,ISL,NY.GDP.MKTP.CD,1988,6320093411.44744
Iceland,ISL,NY.GDP.MKTP.CD,1989,5870854233.21143
Iceland,ISL,NY.GDP.MKTP.CD,1990,6694851159.32729
Iceland,ISL,NY.GDP.MKTP.CD,1991,7151260062.07169
Iceland,ISL,NY.GDP.MKTP.CD,1992,7328497599.30768
Iceland,ISL,NY.GDP.MKTP.CD,1993,6435952173.86159
Iceland,ISL,NY.GDP.MKTP.CD,1994,6612804055.79289
Iceland,ISL,NY.GDP.MKTP.CD,1995,7372640168.67697
Iceland,ISL,NY.GDP.MKTP.CD,1996,7686566105.26316
Iceland,ISL,NY.GDP.MKTP.CD,1997,7716781803.07823
Iceland,ISL,NY.GDP.MKTP.CD,1998,8637732541.50677
Iceland,ISL,NY.GDP.MKTP.CD,1999,9107644690.76647
Iceland,ISL,NY.GDP.MKTP.CD,2000,9140168922.35677
Iceland,ISL,NY.GDP.MKTP.CD,2001,8323401820.48477
Iceland,ISL,NY.GDP.MKTP.CD,2002,9416199699.54736
Iceland,ISL,NY.GDP.MKTP.CD,2003,11564687741.9859
Iceland,ISL,NY.GDP.MKTP.CD,2004,13963943244.0018
Iceland,ISL,NY.GDP.MKTP.CD,2005,17146410560.5279
Iceland,ISL,NY.GDP.MKTP.CD,2006,17671649843.2602
Iceland,ISL,NY.GDP.MKTP.CD,2007,21960110030.4426
Iceland,ISL,NY.GDP.MKTP.CD,2008,18247921360.2599
Iceland,ISL,NY.GDP.MKTP.CD,2009,13212543837.5133
Iceland,ISL,NY.GDP.MKTP.CD,2010,13922711576.5124
Iceland,ISL,NY.GDP.MKTP.CD,2011,15394005872.149
Iceland,ISL,NY.GDP.MKTP.CD,2012,14943757823.3226
Iceland,ISL,NY.GDP.MKTP.CD,2013,16244319958.6808
Iceland,ISL,NY.GDP.MKTP.CD,2014,18052183514.8695
Iceland,ISL,NY.GDP.MKTP.CD,2015,17700486957.1907
Iceland,ISL,NY.GDP.MKTP.CD,2016,21083713310.457
Iceland,ISL,NY.GDP.MKTP.CD,2017,25060086487.8901
Iceland,ISL,NY.GDP.MKTP.CD,2018,26677652544.3499
Iceland,ISL,NY.GDP.MKTP.CD,2019,24985687022.0452
Iceland,ISL,NY.GDP.MKTP.CD,2020,22034665040.7901
Iceland,ISL,NY.GDP.MKTP.CD,2021,26234872402.457
Iceland,ISL,NY.GDP.MKTP.CD,2022,29176227825.4736
Iceland,ISL,NY.GDP.MKTP.CD,2023,31701996433.7807
Iceland,ISL,NY.GDP.MKTP.CD,2024,33186621855.0053
Iceland,ISL,NY.GDP.MKTP.CD,2025,38582528789.0033
Israel,ISR,NY.GDP.MKTP.CD,1960,3068690949.10336
Israel,ISR,NY.GDP.MKTP.CD,1961,3706297903.07701
Israel,ISR,NY.GDP.MKTP.CD,1962,2964323617.93817
Israel,ISR,NY.GDP.MKTP.CD,1963,3533767055.03627
Israel,ISR,NY.GDP.MKTP.CD,1964,4021861429.6918
Israel,ISR,NY.GDP.MKTP.CD,1965,4326412951.00393
Israel,ISR,NY.GDP.MKTP.CD,1966,4700397691.99153
Israel,ISR,NY.GDP.MKTP.CD,1967,4759447914.25273
Israel,ISR,NY.GDP.MKTP.CD,1968,5455059532.48967
Israel,ISR,NY.GDP.MKTP.CD,1969,6293966356.7471
Israel,ISR,NY.GDP.MKTP.CD,1970,7402142194.51563
Israel,ISR,NY.GDP.MKTP.CD,1971,7048191875.8085
Israel,ISR,NY.GDP.MKTP.CD,1972,9216866299.13417
Israel,ISR,NY.GDP.MKTP.CD,1973,11895229181.3981
Israel,ISR,NY.GDP.MKTP.CD,1974,17162009923.7605
Israel,ISR,NY.GDP.MKTP.CD,1975,16131806290.2529
Israel,ISR,NY.GDP.MKTP.CD,1976,15946502888.1062
Israel,ISR,NY.GDP.MKTP.CD,1977,18245847440.8558
Israel,ISR,NY.GDP.MKTP.CD,1978,17690363444.4881
Israel,ISR,NY.GDP.MKTP.CD,1979,22595788590.6104
Israel,ISR,NY.GDP.MKTP.CD,1980,25379585067.0486
Israel,ISR,NY.GDP.MKTP.CD,1981,26865420933.4396
Israel,ISR,NY.GDP.MKTP.CD,1982,29237231967.3021
Israel,ISR,NY.GDP.MKTP.CD,1983,32655591256.2516
Israel,ISR,NY.GDP.MKTP.CD,1984,30626695891.4272
Israel,ISR,NY.GDP.MKTP.CD,1985,28887898639.3267
Israel,ISR,NY.GDP.MKTP.CD,1986,35812041619.7269
Israel,ISR,NY.GDP.MKTP.CD,1987,43022977765.3525
Israel,ISR,NY.GDP.MKTP.CD,1988,52618458014.4117
Israel,ISR,NY.GDP.MKTP.CD,1989,52411116587.5339
Israel,ISR,NY.GDP.MKTP.CD,1990,61978459022.3391
Israel,ISR,NY.GDP.MKTP.CD,1991,70954941681.4027
Israel,ISR,NY.GDP.MKTP.CD,1992,79408652426.2417
Israel,ISR,NY.GDP.MKTP.CD,1993,79806598119.6297
Israel,ISR,NY.GDP.MKTP.CD,1994,90684108118.4773
Israel,ISR,NY.GDP.MKTP.CD,1995,105432315611.198
Israel,ISR,NY.GDP.MKTP.CD,1996,115051957577.467
Israel,ISR,NY.GDP.MKTP.CD,1997,119389303067.2
Israel,ISR,NY.GDP.MKTP.CD,1998,120468659245.809
Israel,ISR,NY.GDP.MKTP.CD,1999,121329240041.549
Israel,ISR,NY.GDP.MKTP.CD,2000,136409902631.643
Israel,ISR,NY.GDP.MKTP.CD,2001,134889159474.047
Israel,ISR,NY.GDP.MKTP.CD,2002,125215963105.239
Israel,ISR,NY.GDP.MKTP.CD,2003,131278887815.375
Israel,ISR,NY.GDP.MKTP.CD,2004,139925423025.435
Israel,ISR,NY.GDP.MKTP.CD,2005,147346035831.272
Israel,ISR,NY.GDP.MKTP.CD,2006,158706516001.616
Israel,ISR,NY.GDP.MKTP.CD,2007,184448882451.742
Israel,ISR,NY.GDP.MKTP.CD,2008,220952472408.027
Israel,ISR,NY.GDP.MKTP.CD,2009,213112649594.385
Israel,ISR,NY.GDP.MKTP.CD,2010,239372857534.485
Israel,ISR,NY.GDP.MKTP.CD,2011,267739352609.375
Israel,ISR,NY.GDP.MKTP.CD,2012,263172104090.976
Israel,ISR,NY.GDP.MKTP.CD,2013,298045324735.571
Israel,ISR,NY.GDP.MKTP.CD,2014,314376760832.047
Israel,ISR,NY.GDP.MKTP.CD,2015,302841190257.708
Israel,ISR,NY.GDP.MKTP.CD,2016,321083954798.337
Israel,ISR,NY.GDP.MKTP.CD,2017,357360816856.642
Israel,ISR,NY.GDP.MKTP.CD,2018,375470422244.408
Israel,ISR,NY.GDP.MKTP.CD,2019,399207771081.611
Israel,ISR,NY.GDP.MKTP.CD,2020,410908899711.272
Israel,ISR,NY.GDP.MKTP.CD,2021,489735019666.026
Israel,ISR,NY.GDP.MKTP.CD,2022,525157951212.871
Israel,ISR,NY.GDP.MKTP.CD,2023,513393395491.904
Israel,ISR,NY.GDP.MKTP.CD,2024,542284494490.778
Israel,ISR,NY.GDP.MKTP.CD,2025,610777842873.595
Italy,ITA,NY.GDP.MKTP.CD,1960,42012422612.3955
Italy,ITA,NY.GDP.MKTP.CD,1961,46649487320.4225
Italy,ITA,NY.GDP.MKTP.CD,1962,52413872628.0045
Italy,ITA,NY.GDP.MKTP.CD,1963,60035924617.9277
Italy,ITA,NY.GDP.MKTP.CD,1964,65720771779.4768
Italy,ITA,NY.GDP.MKTP.CD,1965,70717012186.1774
Italy,ITA,NY.GDP.MKTP.CD,1966,76622444787.3696
Italy,ITA,NY.GDP.MKTP.CD,1967,84401995573.2456
Italy,ITA,NY.GDP.MKTP.CD,1968,91485448147.84
Italy,ITA,NY.GDP.MKTP.CD,1969,100996667239.335
Italy,ITA,NY.GDP.MKTP.CD,1970,113656669764.56
Italy,ITA,NY.GDP.MKTP.CD,1971,124959712858.926
Italy,ITA,NY.GDP.MKTP.CD,1972,145594833997.344
Italy,ITA,NY.GDP.MKTP.CD,1973,175896529392.229
Italy,ITA,NY.GDP.MKTP.CD,1974,200024444775.231
Italy,ITA,NY.GDP.MKTP.CD,1975,228220643534.994
Italy,ITA,NY.GDP.MKTP.CD,1976,225235205861.828
Italy,ITA,NY.GDP.MKTP.CD,1977,258190019749.835
Italy,ITA,NY.GDP.MKTP.CD,1978,315784469541.41
Italy,ITA,NY.GDP.MKTP.CD,1979,394584507107.9
Italy,ITA,NY.GDP.MKTP.CD,1980,478356755595.749
Italy,ITA,NY.GDP.MKTP.CD,1981,431695533980.583
Italy,ITA,NY.GDP.MKTP.CD,1982,428257421617.752
Italy,ITA,NY.GDP.MKTP.CD,1983,444063496940.337
Italy,ITA,NY.GDP.MKTP.CD,1984,438896930791.272
Italy,ITA,NY.GDP.MKTP.CD,1985,453259761687.456
Italy,ITA,NY.GDP.MKTP.CD,1986,641862313287.44
Italy,ITA,NY.GDP.MKTP.CD,1987,807570134448.76
Italy,ITA,NY.GDP.MKTP.CD,1988,893663934840.821
Italy,ITA,NY.GDP.MKTP.CD,1989,930801709003.669
Italy,ITA,NY.GDP.MKTP.CD,1990,1183945130898.51
Italy,ITA,NY.GDP.MKTP.CD,1991,1249092439519.28
Italy,ITA,NY.GDP.MKTP.CD,1992,1323204350353.5
Italy,ITA,NY.GDP.MKTP.CD,1993,1067412587670.73
Italy,ITA,NY.GDP.MKTP.CD,1994,1101750159702.21
Italy,ITA,NY.GDP.MKTP.CD,1995,1177369428265.78
Italy,ITA,NY.GDP.MKTP.CD,1996,1314776508972.27
Italy,ITA,NY.GDP.MKTP.CD,1997,1244988176443.84
Italy,ITA,NY.GDP.MKTP.CD,1998,1272729786996.77
Italy,ITA,NY.GDP.MKTP.CD,1999,1255004736463.98
Italy,ITA,NY.GDP.MKTP.CD,2000,1149661363439.38
Italy,ITA,NY.GDP.MKTP.CD,2001,1172041488805.87
Italy,ITA,NY.GDP.MKTP.CD,2002,1281746271196.04
Italy,ITA,NY.GDP.MKTP.CD,2003,1582930016538.82
Italy,ITA,NY.GDP.MKTP.CD,2004,1812808753294.75
Italy,ITA,NY.GDP.MKTP.CD,2005,1864982261286.85
Italy,ITA,NY.GDP.MKTP.CD,2006,1958563654385.64
Italy,ITA,NY.GDP.MKTP.CD,2007,2222524108127.65
Italy,ITA,NY.GDP.MKTP.CD,2008,2417508414187.19
Italy,ITA,NY.GDP.MKTP.CD,2009,2209484319012.65
Italy,ITA,NY.GDP.MKTP.CD,2010,2144936254535.0
Italy,ITA,NY.GDP.MKTP.CD,2011,2306974020278.21
Italy,ITA,NY.GDP.MKTP.CD,2012,2097929495121.68
Italy,ITA,NY.GDP.MKTP.CD,2013,2153225581941.46
Italy,ITA,NY.GDP.MKTP.CD,2014,2173255507985.84
Italy,ITA,NY.GDP.MKTP.CD,2015,1845428048839.1
Italy,ITA,NY.GDP.MKTP.CD,2016,1887111188176.93
Italy,ITA,NY.GDP.MKTP.CD,2017,1970720904584.71
Italy,ITA,NY.GDP.MKTP.CD,2018,2099435266458.67
Italy,ITA,NY.GDP.MKTP.CD,2019,2019606796583.53
Italy,ITA,NY.GDP.MKTP.CD,2020,1907481094079.23
Italy,ITA,NY.GDP.MKTP.CD,2021,2179207773596.09
Italy,ITA,NY.GDP.MKTP.CD,2022,2104067630319.46
Italy,ITA,NY.GDP.MKTP.CD,2023,2316882296366.32
Italy,ITA,NY.GDP.MKTP.CD,2024,2383435562458.12
Italy,ITA,NY.GDP.MKTP.CD,2025,2551556954100.35
Jamaica,JAM,NY.GDP.MKTP.CD,1960,699064380.374248
Jamaica,JAM,NY.GDP.MKTP.CD,1961,748043500.7826
Jamaica,JAM,NY.GDP.MKTP.CD,1962,777727688.908924
Jamaica,JAM,NY.GDP.MKTP.CD,1963,826706669.317332
Jamaica,JAM,NY.GDP.MKTP.CD,1964,897949000.8204
Jamaica,JAM,NY.GDP.MKTP.CD,1965,972159611.136156
Jamaica,JAM,NY.GDP.MKTP.CD,1966,1096759561.29618
Jamaica,JAM,NY.GDP.MKTP.CD,1967,1148014310.8255
Jamaica,JAM,NY.GDP.MKTP.CD,1968,1083839132.92869
Jamaica,JAM,NY.GDP.MKTP.CD,1969,1191239047.00876
Jamaica,JAM,NY.GDP.MKTP.CD,1970,1404720441.88818
Jamaica,JAM,NY.GDP.MKTP.CD,1971,1539861815.89381
Jamaica,JAM,NY.GDP.MKTP.CD,1972,1875146587.4443
Jamaica,JAM,NY.GDP.MKTP.CD,1973,1905917553.19149
Jamaica,JAM,NY.GDP.MKTP.CD,1974,2375122375.12238
Jamaica,JAM,NY.GDP.MKTP.CD,1975,2860442750.44275
Jamaica,JAM,NY.GDP.MKTP.CD,1976,2966042856.04286
Jamaica,JAM,NY.GDP.MKTP.CD,1977,3249733139.73314
Jamaica,JAM,NY.GDP.MKTP.CD,1978,2644527821.53011
Jamaica,JAM,NY.GDP.MKTP.CD,1979,2425064229.04184
Jamaica,JAM,NY.GDP.MKTP.CD,1980,2679379371.51261
Jamaica,JAM,NY.GDP.MKTP.CD,1981,2979027966.45373
Jamaica,JAM,NY.GDP.MKTP.CD,1982,3293496311.93093
Jamaica,JAM,NY.GDP.MKTP.CD,1983,3619262277.47712
Jamaica,JAM,NY.GDP.MKTP.CD,1984,2373564549.4932
Jamaica,JAM,NY.GDP.MKTP.CD,1985,2100239018.82467
Jamaica,JAM,NY.GDP.MKTP.CD,1986,2754549581.92409
Jamaica,JAM,NY.GDP.MKTP.CD,1987,3287007321.56699
Jamaica,JAM,NY.GDP.MKTP.CD,1988,3828342820.3494
Jamaica,JAM,NY.GDP.MKTP.CD,1989,4404937853.39452
Jamaica,JAM,NY.GDP.MKTP.CD,1990,4592208086.69235
Jamaica,JAM,NY.GDP.MKTP.CD,1991,4106207649.05547
Jamaica,JAM,NY.GDP.MKTP.CD,1992,3535460089.80719
Jamaica,JAM,NY.GDP.MKTP.CD,1993,5440075675.74067
Jamaica,JAM,NY.GDP.MKTP.CD,1994,5452558947.03045
Jamaica,JAM,NY.GDP.MKTP.CD,1995,6577520642.82297
Jamaica,JAM,NY.GDP.MKTP.CD,1996,7393891920.80358
Jamaica,JAM,NY.GDP.MKTP.CD,1997,8400041723.54861
Jamaica,JAM,NY.GDP.MKTP.CD,1998,8787195622.43502
Jamaica,JAM,NY.GDP.MKTP.CD,1999,8887057997.36228
Jamaica,JAM,NY.GDP.MKTP.CD,2000,9005064474.93003
Jamaica,JAM,NY.GDP.MKTP.CD,2001,9194727831.07318
Jamaica,JAM,NY.GDP.MKTP.CD,2002,9719009494.84779
Jamaica,JAM,NY.GDP.MKTP.CD,2003,9430234810.78586
Jamaica,JAM,NY.GDP.MKTP.CD,2004,10174664853.9476
Jamaica,JAM,NY.GDP.MKTP.CD,2005,11243865777.7131
Jamaica,JAM,NY.GDP.MKTP.CD,2006,11930179089.8855
Jamaica,JAM,NY.GDP.MKTP.CD,2007,12799600047.1845
Jamaica,JAM,NY.GDP.MKTP.CD,2008,13709401520.0326
Jamaica,JAM,NY.GDP.MKTP.CD,2009,12120458114.8318
Jamaica,JAM,NY.GDP.MKTP.CD,2010,13220549908.2494
Jamaica,JAM,NY.GDP.MKTP.CD,2011,14444661522.1463
Jamaica,JAM,NY.GDP.MKTP.CD,2012,14807086555.5283
Jamaica,JAM,NY.GDP.MKTP.CD,2013,14264205152.6126
Jamaica,JAM,NY.GDP.MKTP.CD,2014,13899217679.9219
Jamaica,JAM,NY.GDP.MKTP.CD,2015,14963589915.5912
Jamaica,JAM,NY.GDP.MKTP.CD,2016,14898999754.1229
Jamaica,JAM,NY.GDP.MKTP.CD,2017,15783583236.675
Jamaica,JAM,NY.GDP.MKTP.CD,2018,16855447986.2221
Jamaica,JAM,NY.GDP.MKTP.CD,2019,17026269262.5307
Jamaica,JAM,NY.GDP.MKTP.CD,2020,15000214216.2439
Jamaica,JAM,NY.GDP.MKTP.CD,2021,15963885376.3537
Jamaica,JAM,NY.GDP.MKTP.CD,2022,18813516805.214
Jamaica,JAM,NY.GDP.MKTP.CD,2023,21418797832.8216
Jamaica,JAM,NY.GDP.MKTP.CD,2024,22014429050.9995
Jamaica,JAM,NY.GDP.MKTP.CD,2025,22704903217.5631
Jordan,JOR,NY.GDP.MKTP.CD,1965,599759760.096096
Jordan,JOR,NY.GDP.MKTP.CD,1966,657999736.800105
Jordan,JOR,NY.GDP.MKTP.CD,1967,631679747.328101
Jordan,JOR,NY.GDP.MKTP.CD,1968,561119775.55209
Jordan,JOR,NY.GDP.MKTP.CD,1969,698879720.448112
Jordan,JOR,NY.GDP.MKTP.CD,1970,639519744.192102
Jordan,JOR,NY.GDP.MKTP.CD,1971,678159728.736109
Jordan,JOR,NY.GDP.MKTP.CD,1972,788479684.608126
Jordan,JOR,NY.GDP.MKTP.CD,1973,943783839.718052
Jordan,JOR,NY.GDP.MKTP.CD,1974,1197483948.68547
Jordan,JOR,NY.GDP.MKTP.CD,1975,1363073497.77355
Jordan,JOR,NY.GDP.MKTP.CD,1976,1708521219.46003
Jordan,JOR,NY.GDP.MKTP.CD,1977,2096778602.16785
Jordan,JOR,NY.GDP.MKTP.CD,1978,2602208588.95706
Jordan,JOR,NY.GDP.MKTP.CD,1979,3271368780.65347
Jordan,JOR,NY.GDP.MKTP.CD,1980,3910044474.28044
Jordan,JOR,NY.GDP.MKTP.CD,1981,4383944702.85958
Jordan,JOR,NY.GDP.MKTP.CD,1982,4681240992.70338
Jordan,JOR,NY.GDP.MKTP.CD,1983,4920692190.95569
Jordan,JOR,NY.GDP.MKTP.CD,1984,4967162160.40472
Jordan,JOR,NY.GDP.MKTP.CD,1985,4993601520.43079
Jordan,JOR,NY.GDP.MKTP.CD,1986,6402050484.90425
Jordan,JOR,NY.GDP.MKTP.CD,1987,6756209762.48231
Jordan,JOR,NY.GDP.MKTP.CD,1988,6277451829.05325
Jordan,JOR,NY.GDP.MKTP.CD,1989,4221373673.80468
Jordan,JOR,NY.GDP.MKTP.CD,1990,4160087507.83472
Jordan,JOR,NY.GDP.MKTP.CD,1991,4344467193.25095
Jordan,JOR,NY.GDP.MKTP.CD,1992,5310833193.59005
Jordan,JOR,NY.GDP.MKTP.CD,1993,5606400221.69269
Jordan,JOR,NY.GDP.MKTP.CD,1994,6236295978.24531
Jordan,JOR,NY.GDP.MKTP.CD,1995,6727597031.96347
Jordan,JOR,NY.GDP.MKTP.CD,1996,6927503526.09309
Jordan,JOR,NY.GDP.MKTP.CD,1997,7245839210.15515
Jordan,JOR,NY.GDP.MKTP.CD,1998,7912270803.94922
Jordan,JOR,NY.GDP.MKTP.CD,1999,8149929478.13822
Jordan,JOR,NY.GDP.MKTP.CD,2000,8460789844.8519
Jordan,JOR,NY.GDP.MKTP.CD,2001,8975814652.8196
Jordan,JOR,NY.GDP.MKTP.CD,2002,9582510578.27927
Jordan,JOR,NY.GDP.MKTP.CD,2003,10195627644.5698
Jordan,JOR,NY.GDP.MKTP.CD,2004,11411706629.055
Jordan,JOR,NY.GDP.MKTP.CD,2005,12588998589.5628
Jordan,JOR,NY.GDP.MKTP.CD,2006,15056981664.3159
Jordan,JOR,NY.GDP.MKTP.CD,2007,17110437235.543
Jordan,JOR,NY.GDP.MKTP.CD,2008,25651620830.6149
Jordan,JOR,NY.GDP.MKTP.CD,2009,27462496197.1831
Jordan,JOR,NY.GDP.MKTP.CD,2010,30202773521.1268
Jordan,JOR,NY.GDP.MKTP.CD,2011,32640291549.2958
Jordan,JOR,NY.GDP.MKTP.CD,2012,34854017887.3239
Jordan,JOR,NY.GDP.MKTP.CD,2013,37873362957.7465
Jordan,JOR,NY.GDP.MKTP.CD,2014,40535098591.5493
Jordan,JOR,NY.GDP.MKTP.CD,2015,42394049295.7747
Jordan,JOR,NY.GDP.MKTP.CD,2016,43688498732.3944
Jordan,JOR,NY.GDP.MKTP.CD,2017,45535614366.1972
Jordan,JOR,NY.GDP.MKTP.CD,2018,47435850422.5352
Jordan,JOR,NY.GDP.MKTP.CD,2019,48640273802.8169
Jordan,JOR,NY.GDP.MKTP.CD,2020,47931770985.9155
Jordan,JOR,NY.GDP.MKTP.CD,2021,50702940985.9155
Jordan,JOR,NY.GDP.MKTP.CD,2022,53516930140.8451
Jordan,JOR,NY.GDP.MKTP.CD,2023,56123472112.6761
Jordan,JOR,NY.GDP.MKTP.CD,2024,58618380563.3803
Jordan,JOR,NY.GDP.MKTP.CD,2025,61610052535.2113
Japan,JPN,NY.GDP.MKTP.CD,1960,48417804544.9319
Japan,JPN,NY.GDP.MKTP.CD,1961,58472696006.0531
Japan,JPN,NY.GDP.MKTP.CD,1962,66356388224.3747
Japan,JPN,NY.GDP.MKTP.CD,1963,75945582324.0881
Japan,JPN,NY.GDP.MKTP.CD,1964,89332989729.3394
Japan,JPN,NY.GDP.MKTP.CD,1965,99387878007.5325
Japan,JPN,NY.GDP.MKTP.CD,1966,115427351851.278
Japan,JPN,NY.GDP.MKTP.CD,1967,135265319098.216
Japan,JPN,NY.GDP.MKTP.CD,1968,160201483788.149
Japan,JPN,NY.GDP.MKTP.CD,1969,188179852752.982
Japan,JPN,NY.GDP.MKTP.CD,1970,221798003144.444
Japan,JPN,NY.GDP.MKTP.CD,1971,250530994765.279
Japan,JPN,NY.GDP.MKTP.CD,1972,331776379991.589
Japan,JPN,NY.GDP.MKTP.CD,1973,450756970744.018
Japan,JPN,NY.GDP.MKTP.CD,1974,500355087138.052
Japan,JPN,NY.GDP.MKTP.CD,1975,544082569363.602
Japan,JPN,NY.GDP.MKTP.CD,1976,611495350303.909
Japan,JPN,NY.GDP.MKTP.CD,1977,752590681821.906
Japan,JPN,NY.GDP.MKTP.CD,1978,1057419758047.0
Japan,JPN,NY.GDP.MKTP.CD,1979,1100608979757.23
Japan,JPN,NY.GDP.MKTP.CD,1980,1153159955513.08
Japan,JPN,NY.GDP.MKTP.CD,1981,1271443597066.78
Japan,JPN,NY.GDP.MKTP.CD,1982,1183132285328.17
Japan,JPN,NY.GDP.MKTP.CD,1983,1297622008229.49
Japan,JPN,NY.GDP.MKTP.CD,1984,1374165212365.14
Japan,JPN,NY.GDP.MKTP.CD,1985,1457070301468.38
Japan,JPN,NY.GDP.MKTP.CD,1986,2164729071349.48
Japan,JPN,NY.GDP.MKTP.CD,1987,2635094473494.08
Japan,JPN,NY.GDP.MKTP.CD,1988,3191546727316.14
Japan,JPN,NY.GDP.MKTP.CD,1989,3174934735895.64
Japan,JPN,NY.GDP.MKTP.CD,1990,3252994239867.4
Japan,JPN,NY.GDP.MKTP.CD,1991,3724887648862.31
Japan,JPN,NY.GDP.MKTP.CD,1992,4064529567505.43
Japan,JPN,NY.GDP.MKTP.CD,1993,4632480515091.13
Japan,JPN,NY.GDP.MKTP.CD,1994,5104063486348.4
Japan,JPN,NY.GDP.MKTP.CD,1995,5639649753985.77
Japan,JPN,NY.GDP.MKTP.CD,1996,5021441618840.38
Japan,JPN,NY.GDP.MKTP.CD,1997,4579780793431.57
Japan,JPN,NY.GDP.MKTP.CD,1998,4150359076370.48
Japan,JPN,NY.GDP.MKTP.CD,1999,4688983449627.24
Japan,JPN,NY.GDP.MKTP.CD,2000,5042381838343.44
Japan,JPN,NY.GDP.MKTP.CD,2001,4438792748062.4
Japan,JPN,NY.GDP.MKTP.CD,2002,4245946980572.3
Japan,JPN,NY.GDP.MKTP.CD,2003,4573413206709.02
Japan,JPN,NY.GDP.MKTP.CD,2004,4941485123806.53
Japan,JPN,NY.GDP.MKTP.CD,2005,4875648486366.14
Japan,JPN,NY.GDP.MKTP.CD,2006,4648058930707.24
Japan,JPN,NY.GDP.MKTP.CD,2007,4624670179654.96
Japan,JPN,NY.GDP.MKTP.CD,2008,5160197175876.43
Japan,JPN,NY.GDP.MKTP.CD,2009,5336765697589.29
Japan,JPN,NY.GDP.MKTP.CD,2010,5811578109447.07
Japan,JPN,NY.GDP.MKTP.CD,2011,6279422550218.7
Japan,JPN,NY.GDP.MKTP.CD,2012,6333803928787.76
Japan,JPN,NY.GDP.MKTP.CD,2013,5272297037396.96
Japan,JPN,NY.GDP.MKTP.CD,2014,4985763289560.81
Japan,JPN,NY.GDP.MKTP.CD,2015,4534438580494.94
Japan,JPN,NY.GDP.MKTP.CD,2016,5110357383254.44
Japan,JPN,NY.GDP.MKTP.CD,2017,5038231631660.71
Japan,JPN,NY.GDP.MKTP.CD,2018,5154293721629.56
Japan,JPN,NY.GDP.MKTP.CD,2019,5245755000479.03
Japan,JPN,NY.GDP.MKTP.CD,2020,5189197543645.38
Japan,JPN,NY.GDP.MKTP.CD,2021,5225933520753.1
Japan,JPN,NY.GDP.MKTP.CD,2022,4447976207314.78
Japan,JPN,NY.GDP.MKTP.CD,2023,4384854269961.93
Japan,JPN,NY.GDP.MKTP.CD,2024,4190008188358.57
Japan,JPN,NY.GDP.MKTP.CD,2025,4435162999976.94
Kazakhstan,KAZ,NY.GDP.MKTP.CD,1990,26932016269.6107
Kazakhstan,KAZ,NY.GDP.MKTP.CD,1991,24923076923.0769
Kazakhstan,KAZ,NY.GDP.MKTP.CD,1992,24917355371.9008
Kazakhstan,KAZ,NY.GDP.MKTP.CD,1993,23409260879.9427
Kazakhstan,KAZ,NY.GDP.MKTP.CD,1994,21250792886.1054
Kazakhstan,KAZ,NY.GDP.MKTP.CD,1995,20374302652.3819
Kazakhstan,KAZ,NY.GDP.MKTP.CD,1996,21035357936.8796
Kazakhstan,KAZ,NY.GDP.MKTP.CD,1997,22165932062.966
Kazakhstan,KAZ,NY.GDP.MKTP.CD,1998,22135245507.3656
Kazakhstan,KAZ,NY.GDP.MKTP.CD,1999,16870817181.7799
Kazakhstan,KAZ,NY.GDP.MKTP.CD,2000,18291990662.0356
Kazakhstan,KAZ,NY.GDP.MKTP.CD,2001,22152689179.8815
Kazakhstan,KAZ,NY.GDP.MKTP.CD,2002,24636598527.4437
Kazakhstan,KAZ,NY.GDP.MKTP.CD,2003,30833692900.1091
Kazakhstan,KAZ,NY.GDP.MKTP.CD,2004,43151647002.6096
Kazakhstan,KAZ,NY.GDP.MKTP.CD,2005,57123671733.8952
Kazakhstan,KAZ,NY.GDP.MKTP.CD,2006,81003864630.018
Kazakhstan,KAZ,NY.GDP.MKTP.CD,2007,104849915058.376
Kazakhstan,KAZ,NY.GDP.MKTP.CD,2008,133441648851.982
Kazakhstan,KAZ,NY.GDP.MKTP.CD,2009,115308686941.38
Kazakhstan,KAZ,NY.GDP.MKTP.CD,2010,148047348240.643
Kazakhstan,KAZ,NY.GDP.MKTP.CD,2011,192626464617.071
Kazakhstan,KAZ,NY.GDP.MKTP.CD,2012,207998568865.789
Kazakhstan,KAZ,NY.GDP.MKTP.CD,2013,236634603409.089
Kazakhstan,KAZ,NY.GDP.MKTP.CD,2014,221415613595.469
Kazakhstan,KAZ,NY.GDP.MKTP.CD,2015,184388404706.042
Kazakhstan,KAZ,NY.GDP.MKTP.CD,2016,137278320084.171
Kazakhstan,KAZ,NY.GDP.MKTP.CD,2017,166805788827.233
Kazakhstan,KAZ,NY.GDP.MKTP.CD,2018,179339977690.485
Kazakhstan,KAZ,NY.GDP.MKTP.CD,2019,181667184854.501
Kazakhstan,KAZ,NY.GDP.MKTP.CD,2020,171082365861.423
Kazakhstan,KAZ,NY.GDP.MKTP.CD,2021,197112255360.612
Kazakhstan,KAZ,NY.GDP.MKTP.CD,2022,225496328925.494
Kazakhstan,KAZ,NY.GDP.MKTP.CD,2023,261840101059.923
Kazakhstan,KAZ,NY.GDP.MKTP.CD,2024,291480274648.826
Kazakhstan,KAZ,NY.GDP.MKTP.CD,2025,306239209650.024
Kenya,KEN,NY.GDP.MKTP.CD,1960,791265459.493816
Kenya,KEN,NY.GDP.MKTP.CD,1961,792959472.816211
Kenya,KEN,NY.GDP.MKTP.CD,1962,868111400.75544
Kenya,KEN,NY.GDP.MKTP.CD,1963,926589349.36426
Kenya,KEN,NY.GDP.MKTP.CD,1964,998759334.496266
Kenya,KEN,NY.GDP.MKTP.CD,1965,997919320.832272
Kenya,KEN,NY.GDP.MKTP.CD,1966,1164519674.19213
Kenya,KEN,NY.GDP.MKTP.CD,1967,1232559506.9762
Kenya,KEN,NY.GDP.MKTP.CD,1968,1353295458.68182
Kenya,KEN,NY.GDP.MKTP.CD,1969,1458379416.64823
Kenya,KEN,NY.GDP.MKTP.CD,1970,1603447358.62106
Kenya,KEN,NY.GDP.MKTP.CD,1971,1778391288.64348
Kenya,KEN,NY.GDP.MKTP.CD,1972,2107279157.08834
Kenya,KEN,NY.GDP.MKTP.CD,1973,2509001324.34591
Kenya,KEN,NY.GDP.MKTP.CD,1974,2969958812.01648
Kenya,KEN,NY.GDP.MKTP.CD,1975,3259345083.26283
Kenya,KEN,NY.GDP.MKTP.CD,1976,3474542391.69992
Kenya,KEN,NY.GDP.MKTP.CD,1977,4494378764.32011
Kenya,KEN,NY.GDP.MKTP.CD,1978,5303735110.55151
Kenya,KEN,NY.GDP.MKTP.CD,1979,6234391113.46434
Kenya,KEN,NY.GDP.MKTP.CD,1980,7265315820.20777
Kenya,KEN,NY.GDP.MKTP.CD,1981,6854491705.88377
Kenya,KEN,NY.GDP.MKTP.CD,1982,6431579356.95926
Kenya,KEN,NY.GDP.MKTP.CD,1983,5979198313.76093
Kenya,KEN,NY.GDP.MKTP.CD,1984,6191437070.18411
Kenya,KEN,NY.GDP.MKTP.CD,1985,6135034213.78998
Kenya,KEN,NY.GDP.MKTP.CD,1986,7239126568.14092
Kenya,KEN,NY.GDP.MKTP.CD,1987,7970820369.2949
Kenya,KEN,NY.GDP.MKTP.CD,1988,8355380879.12955
Kenya,KEN,NY.GDP.MKTP.CD,1989,8283114514.17081
Kenya,KEN,NY.GDP.MKTP.CD,1990,8572359038.16958
Kenya,KEN,NY.GDP.MKTP.CD,1991,8151488783.19064
Kenya,KEN,NY.GDP.MKTP.CD,1992,8209120763.04955
Kenya,KEN,NY.GDP.MKTP.CD,1993,5751786642.55871
Kenya,KEN,NY.GDP.MKTP.CD,1994,7148148564.04239
Kenya,KEN,NY.GDP.MKTP.CD,1995,9046320255.40507
Kenya,KEN,NY.GDP.MKTP.CD,1996,12045865396.1323
Kenya,KEN,NY.GDP.MKTP.CD,1997,13115764358.2846
Kenya,KEN,NY.GDP.MKTP.CD,1998,14093998843.7334
Kenya,KEN,NY.GDP.MKTP.CD,1999,12896010459.3711
Kenya,KEN,NY.GDP.MKTP.CD,2000,12705350097.8044
Kenya,KEN,NY.GDP.MKTP.CD,2001,12986007425.8781
Kenya,KEN,NY.GDP.MKTP.CD,2002,13147736898.5176
Kenya,KEN,NY.GDP.MKTP.CD,2003,14904517649.8476
Kenya,KEN,NY.GDP.MKTP.CD,2004,16095337093.8366
Kenya,KEN,NY.GDP.MKTP.CD,2005,18737895512.7378
Kenya,KEN,NY.GDP.MKTP.CD,2006,25825512284.2891
Kenya,KEN,NY.GDP.MKTP.CD,2007,31958195182.2406
Kenya,KEN,NY.GDP.MKTP.CD,2008,35895153327.8497
Kenya,KEN,NY.GDP.MKTP.CD,2009,42347217912.9176
Kenya,KEN,NY.GDP.MKTP.CD,2010,45405615063.7551
Kenya,KEN,NY.GDP.MKTP.CD,2011,46869473150.61
Kenya,KEN,NY.GDP.MKTP.CD,2012,56396704671.5777
Kenya,KEN,NY.GDP.MKTP.CD,2013,61671440407.8387
Kenya,KEN,NY.GDP.MKTP.CD,2014,68285796514.2896
Kenya,KEN,NY.GDP.MKTP.CD,2015,70120446896.8359
Kenya,KEN,NY.GDP.MKTP.CD,2016,74815144163.8931
Kenya,KEN,NY.GDP.MKTP.CD,2017,82036510877.2599
Kenya,KEN,NY.GDP.MKTP.CD,2018,92202979985.2863
Kenya,KEN,NY.GDP.MKTP.CD,2019,100378436207.371
Kenya,KEN,NY.GDP.MKTP.CD,2020,100657505750.545
Kenya,KEN,NY.GDP.MKTP.CD,2021,109703658904.994
Kenya,KEN,NY.GDP.MKTP.CD,2022,114448978152.637
Kenya,KEN,NY.GDP.MKTP.CD,2023,107500884685.013
Kenya,KEN,NY.GDP.MKTP.CD,2024,120397537849.826
Kenya,KEN,NY.GDP.MKTP.CD,2025,135941278878.815
Kyrgyz Republic,KGZ,NY.GDP.MKTP.CD,1990,2660202622.91006
Kyrgyz Republic,KGZ,NY.GDP.MKTP.CD,1991,2542256424.35069
Kyrgyz Republic,KGZ,NY.GDP.MKTP.CD,1992,2315346942.855
Kyrgyz Republic,KGZ,NY.GDP.MKTP.CD,1993,2026019252.61241
Kyrgyz Republic,KGZ,NY.GDP.MKTP.CD,1994,1681780847.41091
Kyrgyz Republic,KGZ,NY.GDP.MKTP.CD,1995,1661147035.24388
Kyrgyz Republic,KGZ,NY.GDP.MKTP.CD,1996,1827570586.16784
Kyrgyz Republic,KGZ,NY.GDP.MKTP.CD,1997,1767864035.71943
Kyrgyz Republic,KGZ,NY.GDP.MKTP.CD,1998,1645963749.83146
Kyrgyz Republic,KGZ,NY.GDP.MKTP.CD,1999,1249061487.01457
Kyrgyz Republic,KGZ,NY.GDP.MKTP.CD,2000,1369688498.06778
Kyrgyz Republic,KGZ,NY.GDP.MKTP.CD,2001,1525116370.27939
Kyrgyz Republic,KGZ,NY.GDP.MKTP.CD,2002,1605643104.73021
Kyrgyz Republic,KGZ,NY.GDP.MKTP.CD,2003,1919008090.49641
Kyrgyz Republic,KGZ,NY.GDP.MKTP.CD,2004,2211534585.0034
Kyrgyz Republic,KGZ,NY.GDP.MKTP.CD,2005,2460246766.41401
Kyrgyz Republic,KGZ,NY.GDP.MKTP.CD,2006,2834168889.42019
Kyrgyz Republic,KGZ,NY.GDP.MKTP.CD,2007,3802570552.56105
Kyrgyz Republic,KGZ,NY.GDP.MKTP.CD,2008,5139958909.17936
Kyrgyz Republic,KGZ,NY.GDP.MKTP.CD,2009,4690061380.60253
Kyrgyz Republic,KGZ,NY.GDP.MKTP.CD,2010,4794361863.01353
Kyrgyz Republic,KGZ,NY.GDP.MKTP.CD,2011,6197765984.28468
Kyrgyz Republic,KGZ,NY.GDP.MKTP.CD,2012,6605142884.36215
Kyrgyz Republic,KGZ,NY.GDP.MKTP.CD,2013,7335033800.59056
Kyrgyz Republic,KGZ,NY.GDP.MKTP.CD,2014,7468102412.68237
Kyrgyz Republic,KGZ,NY.GDP.MKTP.CD,2015,6678177511.66313
Kyrgyz Republic,KGZ,NY.GDP.MKTP.CD,2016,6813095379.1187
Kyrgyz Republic,KGZ,NY.GDP.MKTP.CD,2017,7702938379.42036
Kyrgyz Republic,KGZ,NY.GDP.MKTP.CD,2018,8271106235.41552
Kyrgyz Republic,KGZ,NY.GDP.MKTP.CD,2019,9371275264.36735
Kyrgyz Republic,KGZ,NY.GDP.MKTP.CD,2020,8270468614.24051
Kyrgyz Republic,KGZ,NY.GDP.MKTP.CD,2021,9249133946.26531
Kyrgyz Republic,KGZ,NY.GDP.MKTP.CD,2022,12134931017.9465
Kyrgyz Republic,KGZ,NY.GDP.MKTP.CD,2023,15180842369.4894
Kyrgyz Republic,KGZ,NY.GDP.MKTP.CD,2024,18161630698.9052
Kyrgyz Republic,KGZ,NY.GDP.MKTP.CD,2025,22623752095.4613
Cambodia,KHM,NY.GDP.MKTP.CD,1975,749129748.150633
Cambodia,KHM,NY.GDP.MKTP.CD,1976,790357254.540309
Cambodia,KHM,NY.GDP.MKTP.CD,1977,716261764.498093
Cambodia,KHM,NY.GDP.MKTP.CD,1978,766642356.138135
Cambodia,KHM,NY.GDP.MKTP.CD,1979,723738502.67823
Cambodia,KHM,NY.GDP.MKTP.CD,1980,744384129.707563
Cambodia,KHM,NY.GDP.MKTP.CD,1981,815153652.415596
Cambodia,KHM,NY.GDP.MKTP.CD,1982,865516039.800558
Cambodia,KHM,NY.GDP.MKTP.CD,1983,939291262.100055
Cambodia,KHM,NY.GDP.MKTP.CD,1984,1021176058.63327
Cambodia,KHM,NY.GDP.MKTP.CD,1985,1102669184.43812
Cambodia,KHM,NY.GDP.MKTP.CD,1986,1167630317.8411
Cambodia,KHM,NY.GDP.MKTP.CD,1987,1036974910.45
Cambodia,KHM,NY.GDP.MKTP.CD,1988,1662877859.22297
Cambodia,KHM,NY.GDP.MKTP.CD,1989,1353137647.68304
Cambodia,KHM,NY.GDP.MKTP.CD,1990,1402541176.5121
Cambodia,KHM,NY.GDP.MKTP.CD,1991,2054974089.3643
Cambodia,KHM,NY.GDP.MKTP.CD,1992,2491486594.18917
Cambodia,KHM,NY.GDP.MKTP.CD,1993,2533727592.04165
Cambodia,KHM,NY.GDP.MKTP.CD,1994,2791435272.26653
Cambodia,KHM,NY.GDP.MKTP.CD,1995,3441205692.9166
Cambodia,KHM,NY.GDP.MKTP.CD,1996,3506695719.57259
Cambodia,KHM,NY.GDP.MKTP.CD,1997,3443413388.65696
Cambodia,KHM,NY.GDP.MKTP.CD,1998,3120425502.66241
Cambodia,KHM,NY.GDP.MKTP.CD,1999,3517242477.2548
Cambodia,KHM,NY.GDP.MKTP.CD,2000,3694168979.32019
Cambodia,KHM,NY.GDP.MKTP.CD,2001,4145665969.92864
Cambodia,KHM,NY.GDP.MKTP.CD,2002,4501227626.62752
Cambodia,KHM,NY.GDP.MKTP.CD,2003,5046693484.31767
Cambodia,KHM,NY.GDP.MKTP.CD,2004,5883297159.87352
Cambodia,KHM,NY.GDP.MKTP.CD,2005,7066296463.3598
Cambodia,KHM,NY.GDP.MKTP.CD,2006,8350531016.65753
Cambodia,KHM,NY.GDP.MKTP.CD,2007,10127916459.8983
Cambodia,KHM,NY.GDP.MKTP.CD,2008,12174303999.0812
Cambodia,KHM,NY.GDP.MKTP.CD,2009,12502901169.7377
Cambodia,KHM,NY.GDP.MKTP.CD,2010,13808673288.0696
Cambodia,KHM,NY.GDP.MKTP.CD,2011,16032622023.8265
Cambodia,KHM,NY.GDP.MKTP.CD,2012,17826536699.8016
Cambodia,KHM,NY.GDP.MKTP.CD,2013,19807135252.8649
Cambodia,KHM,NY.GDP.MKTP.CD,2014,22041463967.9009
Cambodia,KHM,NY.GDP.MKTP.CD,2015,24174170369.0738
Cambodia,KHM,NY.GDP.MKTP.CD,2016,26556545153.3573
Cambodia,KHM,NY.GDP.MKTP.CD,2017,29355665909.7905
Cambodia,KHM,NY.GDP.MKTP.CD,2018,33145892168.8958
Cambodia,KHM,NY.GDP.MKTP.CD,2019,36685356407.7206
Cambodia,KHM,NY.GDP.MKTP.CD,2020,34818073901.4851
Cambodia,KHM,NY.GDP.MKTP.CD,2021,36790163687.4421
Cambodia,KHM,NY.GDP.MKTP.CD,2022,39994532959.6074
Cambodia,KHM,NY.GDP.MKTP.CD,2023,42335646895.7984
Cambodia,KHM,NY.GDP.MKTP.CD,2024,46352647037.2406
Cambodia,KHM,NY.GDP.MKTP.CD,2025,51267065842.9641
Kiribati,KIR,NY.GDP.MKTP.CD,1970,11560877.2811451
Kiribati,KIR,NY.GDP.MKTP.CD,1971,12356134.3838676
Kiribati,KIR,NY.GDP.MKTP.CD,1972,15314346.4925323
Kiribati,KIR,NY.GDP.MKTP.CD,1973,25645040.4712955
Kiribati,KIR,NY.GDP.MKTP.CD,1974,69256488.5160763
Kiribati,KIR,NY.GDP.MKTP.CD,1975,44547453.6024265
Kiribati,KIR,NY.GDP.MKTP.CD,1976,33246816.5018414
Kiribati,KIR,NY.GDP.MKTP.CD,1977,31335458.7039851
Kiribati,KIR,NY.GDP.MKTP.CD,1978,36563964.5510014
Kiribati,KIR,NY.GDP.MKTP.CD,1979,34466197.0333233
Kiribati,KIR,NY.GDP.MKTP.CD,1980,33157723.1094117
Kiribati,KIR,NY.GDP.MKTP.CD,1981,35267489.2425442
Kiribati,KIR,NY.GDP.MKTP.CD,1982,32742712.6527597
Kiribati,KIR,NY.GDP.MKTP.CD,1983,31000545.7710517
Kiribati,KIR,NY.GDP.MKTP.CD,1984,34394167.0416706
Kiribati,KIR,NY.GDP.MKTP.CD,1985,26126615.2284866
Kiribati,KIR,NY.GDP.MKTP.CD,1986,25993008.7943576
Kiribati,KIR,NY.GDP.MKTP.CD,1987,29554412.5328693
Kiribati,KIR,NY.GDP.MKTP.CD,1988,38278810.3176488
Kiribati,KIR,NY.GDP.MKTP.CD,1989,37645319.1994276
Kiribati,KIR,NY.GDP.MKTP.CD,1990,36534294.7991591
Kiribati,KIR,NY.GDP.MKTP.CD,1991,41247791.6364169
Kiribati,KIR,NY.GDP.MKTP.CD,1992,61491369.281929
Kiribati,KIR,NY.GDP.MKTP.CD,1993,58953595.9090414
Kiribati,KIR,NY.GDP.MKTP.CD,1994,67055333.9021503
Kiribati,KIR,NY.GDP.MKTP.CD,1995,68596394.6026524
Kiribati,KIR,NY.GDP.MKTP.CD,1996,81456854.1385109
Kiribati,KIR,NY.GDP.MKTP.CD,1997,80205806.8250976
Kiribati,KIR,NY.GDP.MKTP.CD,1998,74905705.8928477
Kiribati,KIR,NY.GDP.MKTP.CD,1999,77323978.1928449
Kiribati,KIR,NY.GDP.MKTP.CD,2000,74910527.2586758
Kiribati,KIR,NY.GDP.MKTP.CD,2001,64935850.1573877
Kiribati,KIR,NY.GDP.MKTP.CD,2002,74743869.1313473
Kiribati,KIR,NY.GDP.MKTP.CD,2003,96105619.3795504
Kiribati,KIR,NY.GDP.MKTP.CD,2004,104085892.133271
Kiribati,KIR,NY.GDP.MKTP.CD,2005,113895437.324786
Kiribati,KIR,NY.GDP.MKTP.CD,2006,112338353.264712
Kiribati,KIR,NY.GDP.MKTP.CD,2007,138054945.643442
Kiribati,KIR,NY.GDP.MKTP.CD,2008,147017894.97877
Kiribati,KIR,NY.GDP.MKTP.CD,2009,140177384.145395
Kiribati,KIR,NY.GDP.MKTP.CD,2010,165458433.127645
Kiribati,KIR,NY.GDP.MKTP.CD,2011,195970140.170383
Kiribati,KIR,NY.GDP.MKTP.CD,2012,207001545.867109
Kiribati,KIR,NY.GDP.MKTP.CD,2013,201730860.757856
Kiribati,KIR,NY.GDP.MKTP.CD,2014,200287281.98074
Kiribati,KIR,NY.GDP.MKTP.CD,2015,191559398.688293
Kiribati,KIR,NY.GDP.MKTP.CD,2016,206467818.503227
Kiribati,KIR,NY.GDP.MKTP.CD,2017,223029864.54193
Kiribati,KIR,NY.GDP.MKTP.CD,2018,233859230.192198
Kiribati,KIR,NY.GDP.MKTP.CD,2019,216891541.021351
Kiribati,KIR,NY.GDP.MKTP.CD,2020,220909306.750809
Kiribati,KIR,NY.GDP.MKTP.CD,2021,285451584.406531
Kiribati,KIR,NY.GDP.MKTP.CD,2022,271214374.500577
Kiribati,KIR,NY.GDP.MKTP.CD,2023,291657337.839517
Kiribati,KIR,NY.GDP.MKTP.CD,2024,343153235.077124
Kiribati,KIR,NY.GDP.MKTP.CD,2025,349227254.158833
St. Kitts and Nevis,KNA,NY.GDP.MKTP.CD,1960,12366635.7500773
St. Kitts and Nevis,KNA,NY.GDP.MKTP.CD,1961,12483302.125078
St. Kitts and Nevis,KNA,NY.GDP.MKTP.CD,1962,12541635.3125784
St. Kitts and Nevis,KNA,NY.GDP.MKTP.CD,1963,12833301.2500802
St. Kitts and Nevis,KNA,NY.GDP.MKTP.CD,1964,13416633.1250839
St. Kitts and Nevis,KNA,NY.GDP.MKTP.CD,1965,13593932.3220537
St. Kitts and Nevis,KNA,NY.GDP.MKTP.CD,1966,14469078.1796966
St. Kitts and Nevis,KNA,NY.GDP.MKTP.CD,1967,16742338.2519864
St. Kitts and Nevis,KNA,NY.GDP.MKTP.CD,1968,14600000.0
St. Kitts and Nevis,KNA,NY.GDP.MKTP.CD,1969,15850000.0
St. Kitts and Nevis,KNA,NY.GDP.MKTP.CD,1970,16300000.0
St. Kitts and Nevis,KNA,NY.GDP.MKTP.CD,1971,19624746.4503043
St. Kitts and Nevis,KNA,NY.GDP.MKTP.CD,1972,22944849.1155047
St. Kitts and Nevis,KNA,NY.GDP.MKTP.CD,1973,24196018.3767228
St. Kitts and Nevis,KNA,NY.GDP.MKTP.CD,1974,31514856.3078422
St. Kitts and Nevis,KNA,NY.GDP.MKTP.CD,1975,33364055.2995392
St. Kitts and Nevis,KNA,NY.GDP.MKTP.CD,1976,30095602.2944551
St. Kitts and Nevis,KNA,NY.GDP.MKTP.CD,1977,44496296.2962963
St. Kitts and Nevis,KNA,NY.GDP.MKTP.CD,1978,49433333.3333333
St. Kitts and Nevis,KNA,NY.GDP.MKTP.CD,1979,58840740.7407407
St. Kitts and Nevis,KNA,NY.GDP.MKTP.CD,1980,68459259.2592593
St. Kitts and Nevis,KNA,NY.GDP.MKTP.CD,1981,80888888.8888889
St. Kitts and Nevis,KNA,NY.GDP.MKTP.CD,1982,86022222.2222222
St. Kitts and Nevis,KNA,NY.GDP.MKTP.CD,1983,86874074.0740741
St. Kitts and Nevis,KNA,NY.GDP.MKTP.CD,1984,98603703.7037037
St. Kitts and Nevis,KNA,NY.GDP.MKTP.CD,1985,111007407.407407
St. Kitts and Nevis,KNA,NY.GDP.MKTP.CD,1986,130685185.185185
St. Kitts and Nevis,KNA,NY.GDP.MKTP.CD,1987,147748148.148148
St. Kitts and Nevis,KNA,NY.GDP.MKTP.CD,1988,172692592.592593
St. Kitts and Nevis,KNA,NY.GDP.MKTP.CD,1989,192518518.518518
St. Kitts and Nevis,KNA,NY.GDP.MKTP.CD,1990,217259259.259259
St. Kitts and Nevis,KNA,NY.GDP.MKTP.CD,1991,220540740.740741
St. Kitts and Nevis,KNA,NY.GDP.MKTP.CD,1992,242137037.037037
St. Kitts and Nevis,KNA,NY.GDP.MKTP.CD,1993,263755555.555556
St. Kitts and Nevis,KNA,NY.GDP.MKTP.CD,1994,295159259.259259
St. Kitts and Nevis,KNA,NY.GDP.MKTP.CD,1995,313485185.185185
St. Kitts and Nevis,KNA,NY.GDP.MKTP.CD,1996,333944444.444444
St. Kitts and Nevis,KNA,NY.GDP.MKTP.CD,1997,374641307.974641
St. Kitts and Nevis,KNA,NY.GDP.MKTP.CD,1998,383257331.40548
St. Kitts and Nevis,KNA,NY.GDP.MKTP.CD,1999,406595484.373262
St. Kitts and Nevis,KNA,NY.GDP.MKTP.CD,2000,421695769.843918
St. Kitts and Nevis,KNA,NY.GDP.MKTP.CD,2001,458643829.014199
St. Kitts and Nevis,KNA,NY.GDP.MKTP.CD,2002,481077373.669966
St. Kitts and Nevis,KNA,NY.GDP.MKTP.CD,2003,469869869.86987
St. Kitts and Nevis,KNA,NY.GDP.MKTP.CD,2004,506900000.0
St. Kitts and Nevis,KNA,NY.GDP.MKTP.CD,2005,547203703.703704
St. Kitts and Nevis,KNA,NY.GDP.MKTP.CD,2006,644414814.814815
St. Kitts and Nevis,KNA,NY.GDP.MKTP.CD,2007,689285185.185185
St. Kitts and Nevis,KNA,NY.GDP.MKTP.CD,2008,777692592.592593
St. Kitts and Nevis,KNA,NY.GDP.MKTP.CD,2009,774274074.074074
St. Kitts and Nevis,KNA,NY.GDP.MKTP.CD,2010,778718518.518518
St. Kitts and Nevis,KNA,NY.GDP.MKTP.CD,2011,836092592.592593
St. Kitts and Nevis,KNA,NY.GDP.MKTP.CD,2012,824585185.185185
St. Kitts and Nevis,KNA,NY.GDP.MKTP.CD,2013,874548148.148148
St. Kitts and Nevis,KNA,NY.GDP.MKTP.CD,2014,952111111.111111
St. Kitts and Nevis,KNA,NY.GDP.MKTP.CD,2015,957222222.222222
St. Kitts and Nevis,KNA,NY.GDP.MKTP.CD,2016,1006818518.51852
St. Kitts and Nevis,KNA,NY.GDP.MKTP.CD,2017,1056977777.77778
St. Kitts and Nevis,KNA,NY.GDP.MKTP.CD,2018,1076548148.14815
St. Kitts and Nevis,KNA,NY.GDP.MKTP.CD,2019,1107855555.55556
St. Kitts and Nevis,KNA,NY.GDP.MKTP.CD,2020,883922222.222222
St. Kitts and Nevis,KNA,NY.GDP.MKTP.CD,2021,858622222.222222
St. Kitts and Nevis,KNA,NY.GDP.MKTP.CD,2022,981429629.62963
St. Kitts and Nevis,KNA,NY.GDP.MKTP.CD,2023,1055651851.85185
St. Kitts and Nevis,KNA,NY.GDP.MKTP.CD,2024,1122388888.88889
St. Kitts and Nevis,KNA,NY.GDP.MKTP.CD,2025,1183514814.81481
"Korea, Rep.",KOR,NY.GDP.MKTP.CD,1960,3973069306.93069
"Korea, Rep.",KOR,NY.GDP.MKTP.CD,1961,2427244760.66918
"Korea, Rep.",KOR,NY.GDP.MKTP.CD,1962,2826923076.92308
"Korea, Rep.",KOR,NY.GDP.MKTP.CD,1963,4007692307.69231
"Korea, Rep.",KOR,NY.GDP.MKTP.CD,1964,3476789681.58031
"Korea, Rep.",KOR,NY.GDP.MKTP.CD,1965,3141131708.31319
"Korea, Rep.",KOR,NY.GDP.MKTP.CD,1966,3957064541.39218
"Korea, Rep.",KOR,NY.GDP.MKTP.CD,1967,4895076717.9993
"Korea, Rep.",KOR,NY.GDP.MKTP.CD,1968,6167109472.42856
"Korea, Rep.",KOR,NY.GDP.MKTP.CD,1969,7743940188.95006
"Korea, Rep.",KOR,NY.GDP.MKTP.CD,1970,9085001793.55852
"Korea, Rep.",KOR,NY.GDP.MKTP.CD,1971,10005257131.3347
"Korea, Rep.",KOR,NY.GDP.MKTP.CD,1972,10990490569.7259
"Korea, Rep.",KOR,NY.GDP.MKTP.CD,1973,14067523813.0386
"Korea, Rep.",KOR,NY.GDP.MKTP.CD,1974,19860929976.698
"Korea, Rep.",KOR,NY.GDP.MKTP.CD,1975,22126033057.8512
"Korea, Rep.",KOR,NY.GDP.MKTP.CD,1976,30371074380.1653
"Korea, Rep.",KOR,NY.GDP.MKTP.CD,1977,39064462809.9174
"Korea, Rep.",KOR,NY.GDP.MKTP.CD,1978,52824793388.4297
"Korea, Rep.",KOR,NY.GDP.MKTP.CD,1979,68083884297.5207
"Korea, Rep.",KOR,NY.GDP.MKTP.CD,1980,66547970350.6151
"Korea, Rep.",KOR,NY.GDP.MKTP.CD,1981,74287368087.3467
"Korea, Rep.",KOR,NY.GDP.MKTP.CD,1982,79921300446.6517
"Korea, Rep.",KOR,NY.GDP.MKTP.CD,1983,89621208322.3386
"Korea, Rep.",KOR,NY.GDP.MKTP.CD,1984,99749645088.5994
"Korea, Rep.",KOR,NY.GDP.MKTP.CD,1985,103764281280.89
"Korea, Rep.",KOR,NY.GDP.MKTP.CD,1986,119965960795.24
"Korea, Rep.",KOR,NY.GDP.MKTP.CD,1987,152240393645.506
"Korea, Rep.",KOR,NY.GDP.MKTP.CD,1988,205477530605.222
"Korea, Rep.",KOR,NY.GDP.MKTP.CD,1989,254236243100.439
"Korea, Rep.",KOR,NY.GDP.MKTP.CD,1990,292064221388.988
"Korea, Rep.",KOR,NY.GDP.MKTP.CD,1991,340851946803.812
"Korea, Rep.",KOR,NY.GDP.MKTP.CD,1992,366921291824.719
"Korea, Rep.",KOR,NY.GDP.MKTP.CD,1993,405705302846.447
"Korea, Rep.",KOR,NY.GDP.MKTP.CD,1994,479181794216.859
"Korea, Rep.",KOR,NY.GDP.MKTP.CD,1995,586286469400.665
"Korea, Rep.",KOR,NY.GDP.MKTP.CD,1996,631196863758.281
"Korea, Rep.",KOR,NY.GDP.MKTP.CD,1997,589202526424.141
"Korea, Rep.",KOR,NY.GDP.MKTP.CD,1998,397297216492.19
"Korea, Rep.",KOR,NY.GDP.MKTP.CD,1999,515697079289.011
"Korea, Rep.",KOR,NY.GDP.MKTP.CD,2000,597487173479.109
"Korea, Rep.",KOR,NY.GDP.MKTP.CD,2001,567564806235.441
"Korea, Rep.",KOR,NY.GDP.MKTP.CD,2002,650014391470.21
"Korea, Rep.",KOR,NY.GDP.MKTP.CD,2003,728516494684.269
"Korea, Rep.",KOR,NY.GDP.MKTP.CD,2004,823251107638.814
"Korea, Rep.",KOR,NY.GDP.MKTP.CD,2005,971740329983.878
"Korea, Rep.",KOR,NY.GDP.MKTP.CD,2006,1095175538508.19
"Korea, Rep.",KOR,NY.GDP.MKTP.CD,2007,1220911904593.06
"Korea, Rep.",KOR,NY.GDP.MKTP.CD,2008,1091580692542.34
"Korea, Rep.",KOR,NY.GDP.MKTP.CD,2009,983065242417.36
"Korea, Rep.",KOR,NY.GDP.MKTP.CD,2010,1192830015737.68
"Korea, Rep.",KOR,NY.GDP.MKTP.CD,2011,1307103477219.1
"Korea, Rep.",KOR,NY.GDP.MKTP.CD,2012,1335343586437.67
"Korea, Rep.",KOR,NY.GDP.MKTP.CD,2013,1434669686501.84
"Korea, Rep.",KOR,NY.GDP.MKTP.CD,2014,1556252422020.44
"Korea, Rep.",KOR,NY.GDP.MKTP.CD,2015,1539212301135.55
"Korea, Rep.",KOR,NY.GDP.MKTP.CD,2016,1579150518945.44
"Korea, Rep.",KOR,NY.GDP.MKTP.CD,2017,1710196756713.17
"Korea, Rep.",KOR,NY.GDP.MKTP.CD,2018,1824251454306.83
"Korea, Rep.",KOR,NY.GDP.MKTP.CD,2019,1751045752054.63
"Korea, Rep.",KOR,NY.GDP.MKTP.CD,2020,1744070276373.34
"Korea, Rep.",KOR,NY.GDP.MKTP.CD,2021,1942313560965.9
"Korea, Rep.",KOR,NY.GDP.MKTP.CD,2022,1799363116866.52
"Korea, Rep.",KOR,NY.GDP.MKTP.CD,2023,1844800934391.54
"Korea, Rep.",KOR,NY.GDP.MKTP.CD,2024,1875388209406.8
"Korea, Rep.",KOR,NY.GDP.MKTP.CD,2025,1872374961553.15
Kuwait,KWT,NY.GDP.MKTP.CD,1962,1828107502.79955
Kuwait,KWT,NY.GDP.MKTP.CD,1963,1900895856.66293
Kuwait,KWT,NY.GDP.MKTP.CD,1964,2071668533.03471
Kuwait,KWT,NY.GDP.MKTP.CD,1965,2097199161.12034
Kuwait,KWT,NY.GDP.MKTP.CD,1966,2391199043.52038
Kuwait,KWT,NY.GDP.MKTP.CD,1967,2441599023.36039
Kuwait,KWT,NY.GDP.MKTP.CD,1968,2662798934.88043
Kuwait,KWT,NY.GDP.MKTP.CD,1969,2769198892.32044
Kuwait,KWT,NY.GDP.MKTP.CD,1970,2873638850.54446
Kuwait,KWT,NY.GDP.MKTP.CD,1971,3880392195.40688
Kuwait,KWT,NY.GDP.MKTP.CD,1972,4450537925.33189
Kuwait,KWT,NY.GDP.MKTP.CD,1973,5408804607.3129
Kuwait,KWT,NY.GDP.MKTP.CD,1974,13006948296.2705
Kuwait,KWT,NY.GDP.MKTP.CD,1975,12022811620.7867
Kuwait,KWT,NY.GDP.MKTP.CD,1976,13132252801.9372
Kuwait,KWT,NY.GDP.MKTP.CD,1977,14137406740.5065
Kuwait,KWT,NY.GDP.MKTP.CD,1978,15503557496.1916
Kuwait,KWT,NY.GDP.MKTP.CD,1979,24749063922.4796
Kuwait,KWT,NY.GDP.MKTP.CD,1980,28638868355.9196
Kuwait,KWT,NY.GDP.MKTP.CD,1981,25058020338.2535
Kuwait,KWT,NY.GDP.MKTP.CD,1982,21577153356.4192
Kuwait,KWT,NY.GDP.MKTP.CD,1983,20871081080.1538
Kuwait,KWT,NY.GDP.MKTP.CD,1984,21700082752.9369
Kuwait,KWT,NY.GDP.MKTP.CD,1985,21445970613.7595
Kuwait,KWT,NY.GDP.MKTP.CD,1986,17903989745.178
Kuwait,KWT,NY.GDP.MKTP.CD,1987,22368704133.6668
Kuwait,KWT,NY.GDP.MKTP.CD,1988,20690322152.8945
Kuwait,KWT,NY.GDP.MKTP.CD,1989,24313855653.3993
Kuwait,KWT,NY.GDP.MKTP.CD,1990,18427777777.7778
Kuwait,KWT,NY.GDP.MKTP.CD,1991,11009993703.1474
Kuwait,KWT,NY.GDP.MKTP.CD,1992,19858555214.7239
Kuwait,KWT,NY.GDP.MKTP.CD,1993,23941391390.7285
Kuwait,KWT,NY.GDP.MKTP.CD,1994,24848483838.3838
Kuwait,KWT,NY.GDP.MKTP.CD,1995,27186980646.5448
Kuwait,KWT,NY.GDP.MKTP.CD,1996,31492373308.7516
Kuwait,KWT,NY.GDP.MKTP.CD,1997,30350190704.4361
Kuwait,KWT,NY.GDP.MKTP.CD,1998,25943705784.2996
Kuwait,KWT,NY.GDP.MKTP.CD,1999,30122365849.2518
Kuwait,KWT,NY.GDP.MKTP.CD,2000,37718743480.0751
Kuwait,KWT,NY.GDP.MKTP.CD,2001,34889559869.8326
Kuwait,KWT,NY.GDP.MKTP.CD,2002,38135788413.8276
Kuwait,KWT,NY.GDP.MKTP.CD,2003,47874582231.588
Kuwait,KWT,NY.GDP.MKTP.CD,2004,59439090600.6108
Kuwait,KWT,NY.GDP.MKTP.CD,2005,80798630136.9863
Kuwait,KWT,NY.GDP.MKTP.CD,2006,101557330723.423
Kuwait,KWT,NY.GDP.MKTP.CD,2007,114634043361.692
Kuwait,KWT,NY.GDP.MKTP.CD,2008,147379737229.753
Kuwait,KWT,NY.GDP.MKTP.CD,2009,105968691905.415
Kuwait,KWT,NY.GDP.MKTP.CD,2010,115416245241.742
Kuwait,KWT,NY.GDP.MKTP.CD,2011,154039231245.856
Kuwait,KWT,NY.GDP.MKTP.CD,2012,174047662680.041
Kuwait,KWT,NY.GDP.MKTP.CD,2013,174168116534.844
Kuwait,KWT,NY.GDP.MKTP.CD,2014,162650450684.725
Kuwait,KWT,NY.GDP.MKTP.CD,2015,114585555688.511
Kuwait,KWT,NY.GDP.MKTP.CD,2016,109406674124.652
Kuwait,KWT,NY.GDP.MKTP.CD,2017,120687539805.505
Kuwait,KWT,NY.GDP.MKTP.CD,2018,138646316350.727
Kuwait,KWT,NY.GDP.MKTP.CD,2019,140856394860.529
Kuwait,KWT,NY.GDP.MKTP.CD,2020,111045470605.715
Kuwait,KWT,NY.GDP.MKTP.CD,2021,148350671489.144
Kuwait,KWT,NY.GDP.MKTP.CD,2022,183502046693.878
Kuwait,KWT,NY.GDP.MKTP.CD,2023,165462656226.772
Kuwait,KWT,NY.GDP.MKTP.CD,2024,160903106639.233
Kuwait,KWT,NY.GDP.MKTP.CD,2025,157209026926.418
Latin America & Caribbean (excluding high income),LAC,NY.GDP.MKTP.CD,1960,69659330494.4582
Latin America & Caribbean (excluding high income),LAC,NY.GDP.MKTP.CD,1961,76721071548.2325
Latin America & Caribbean (excluding high income),LAC,NY.GDP.MKTP.CD,1962,79795583735.7511
Latin America & Caribbean (excluding high income),LAC,NY.GDP.MKTP.CD,1963,87614517139.0012
Latin America & Caribbean (excluding high income),LAC,NY.GDP.MKTP.CD,1964,97500037514.4809
Latin America & Caribbean (excluding high income),LAC,NY.GDP.MKTP.CD,1965,105223582216.401
Latin America & Caribbean (excluding high income),LAC,NY.GDP.MKTP.CD,1966,115771461711.092
Latin America & Caribbean (excluding high income),LAC,NY.GDP.MKTP.CD,1967,118068701139.351
Latin America & Caribbean (excluding high income),LAC,NY.GDP.MKTP.CD,1968,127136839016.157
Latin America & Caribbean (excluding high income),LAC,NY.GDP.MKTP.CD,1969,141454571920.634
Latin America & Caribbean (excluding high income),LAC,NY.GDP.MKTP.CD,1970,154157160809.635
Latin America & Caribbean (excluding high income),LAC,NY.GDP.MKTP.CD,1971,170882866526.954
Latin America & Caribbean (excluding high income),LAC,NY.GDP.MKTP.CD,1972,193566993340.32
Latin America & Caribbean (excluding high income),LAC,NY.GDP.MKTP.CD,1973,257429063684.916
Latin America & Caribbean (excluding high income),LAC,NY.GDP.MKTP.CD,1974,342177745996.058
Latin America & Caribbean (excluding high income),LAC,NY.GDP.MKTP.CD,1975,368198920232.442
Latin America & Caribbean (excluding high income),LAC,NY.GDP.MKTP.CD,1976,402176138137.782
Latin America & Caribbean (excluding high income),LAC,NY.GDP.MKTP.CD,1977,438181004614.34
Latin America & Caribbean (excluding high income),LAC,NY.GDP.MKTP.CD,1978,526411703479.553
Latin America & Caribbean (excluding high income),LAC,NY.GDP.MKTP.CD,1979,583946194018.747
Latin America & Caribbean (excluding high income),LAC,NY.GDP.MKTP.CD,1980,706461175021.073
Latin America & Caribbean (excluding high income),LAC,NY.GDP.MKTP.CD,1981,810015965603.352
Latin America & Caribbean (excluding high income),LAC,NY.GDP.MKTP.CD,1982,753521317196.305
Latin America & Caribbean (excluding high income),LAC,NY.GDP.MKTP.CD,1983,659196170712.092
Latin America & Caribbean (excluding high income),LAC,NY.GDP.MKTP.CD,1984,694689378394.512
Latin America & Caribbean (excluding high income),LAC,NY.GDP.MKTP.CD,1985,686505571879.397
Latin America & Caribbean (excluding high income),LAC,NY.GDP.MKTP.CD,1986,693267714609.229
Latin America & Caribbean (excluding high income),LAC,NY.GDP.MKTP.CD,1987,741529509857.43
Latin America & Caribbean (excluding high income),LAC,NY.GDP.MKTP.CD,1988,814617749319.266
Latin America & Caribbean (excluding high income),LAC,NY.GDP.MKTP.CD,1989,901175365388.432
Latin America & Caribbean (excluding high income),LAC,NY.GDP.MKTP.CD,1990,999200488031.118
Latin America & Caribbean (excluding high income),LAC,NY.GDP.MKTP.CD,1991,1075681682296.71
Latin America & Caribbean (excluding high income),LAC,NY.GDP.MKTP.CD,1992,1170076247284.33
Latin America & Caribbean (excluding high income),LAC,NY.GDP.MKTP.CD,1993,1397935427602.19
Latin America & Caribbean (excluding high income),LAC,NY.GDP.MKTP.CD,1994,1640307476521.95
Latin America & Caribbean (excluding high income),LAC,NY.GDP.MKTP.CD,1995,1762996031341.83
Latin America & Caribbean (excluding high income),LAC,NY.GDP.MKTP.CD,1996,1911521633510.2
Latin America & Caribbean (excluding high income),LAC,NY.GDP.MKTP.CD,1997,2094953882737.27
Latin America & Caribbean (excluding high income),LAC,NY.GDP.MKTP.CD,1998,2116252056667.96
Latin America & Caribbean (excluding high income),LAC,NY.GDP.MKTP.CD,1999,1893935164371.06
Latin America & Caribbean (excluding high income),LAC,NY.GDP.MKTP.CD,2000,2103632373622.86
Latin America & Caribbean (excluding high income),LAC,NY.GDP.MKTP.CD,2001,2058411677043.06
Latin America & Caribbean (excluding high income),LAC,NY.GDP.MKTP.CD,2002,1833442255112.44
Latin America & Caribbean (excluding high income),LAC,NY.GDP.MKTP.CD,2003,1860329009941.51
Latin America & Caribbean (excluding high income),LAC,NY.GDP.MKTP.CD,2004,2137560387892.79
Latin America & Caribbean (excluding high income),LAC,NY.GDP.MKTP.CD,2005,2596008248707.13
Latin America & Caribbean (excluding high income),LAC,NY.GDP.MKTP.CD,2006,3041888570283.16
Latin America & Caribbean (excluding high income),LAC,NY.GDP.MKTP.CD,2007,3605106967513.88
Latin America & Caribbean (excluding high income),LAC,NY.GDP.MKTP.CD,2008,4216556735122.36
Latin America & Caribbean (excluding high income),LAC,NY.GDP.MKTP.CD,2009,3942282553724.13
Latin America & Caribbean (excluding high income),LAC,NY.GDP.MKTP.CD,2010,4911947255842.05
Latin America & Caribbean (excluding high income),LAC,NY.GDP.MKTP.CD,2011,5594126981026.73
Latin America & Caribbean (excluding high income),LAC,NY.GDP.MKTP.CD,2012,5622404703958.77
Latin America & Caribbean (excluding high income),LAC,NY.GDP.MKTP.CD,2013,5644127674357.65
Latin America & Caribbean (excluding high income),LAC,NY.GDP.MKTP.CD,2014,5620010717338.88
Latin America & Caribbean (excluding high income),LAC,NY.GDP.MKTP.CD,2015,4703989762871.3
Latin America & Caribbean (excluding high income),LAC,NY.GDP.MKTP.CD,2016,4551782151517.8
Latin America & Caribbean (excluding high income),LAC,NY.GDP.MKTP.CD,2017,5076766505994.78
Latin America & Caribbean (excluding high income),LAC,NY.GDP.MKTP.CD,2018,4918723143160.92
Latin America & Caribbean (excluding high income),LAC,NY.GDP.MKTP.CD,2019,4821625109314.74
Latin America & Caribbean (excluding high income),LAC,NY.GDP.MKTP.CD,2020,4034164122634.89
Latin America & Caribbean (excluding high income),LAC,NY.GDP.MKTP.CD,2021,4694652116377.4
Latin America & Caribbean (excluding high income),LAC,NY.GDP.MKTP.CD,2022,5425723261080.83
Latin America & Caribbean (excluding high income),LAC,NY.GDP.MKTP.CD,2023,6114807611697.98
Latin America & Caribbean (excluding high income),LAC,NY.GDP.MKTP.CD,2024,6266421572816.08
Latin America & Caribbean (excluding high income),LAC,NY.GDP.MKTP.CD,2025,6523496128943.99
Lao PDR,LAO,NY.GDP.MKTP.CD,1984,1757142855.91837
Lao PDR,LAO,NY.GDP.MKTP.CD,1985,2366666615.55556
Lao PDR,LAO,NY.GDP.MKTP.CD,1986,1776842097.16343
Lao PDR,LAO,NY.GDP.MKTP.CD,1987,1087273103.69639
Lao PDR,LAO,NY.GDP.MKTP.CD,1988,598961269.297879
Lao PDR,LAO,NY.GDP.MKTP.CD,1989,714046821.093797
Lao PDR,LAO,NY.GDP.MKTP.CD,1990,865559879.400406
Lao PDR,LAO,NY.GDP.MKTP.CD,1991,1028087972.31085
Lao PDR,LAO,NY.GDP.MKTP.CD,1992,1127806944.61513
Lao PDR,LAO,NY.GDP.MKTP.CD,1993,1327748689.88094
Lao PDR,LAO,NY.GDP.MKTP.CD,1994,1543606345.11684
Lao PDR,LAO,NY.GDP.MKTP.CD,1995,1763536304.53964
Lao PDR,LAO,NY.GDP.MKTP.CD,1996,1873671550.34636
Lao PDR,LAO,NY.GDP.MKTP.CD,1997,1747011857.33107
Lao PDR,LAO,NY.GDP.MKTP.CD,1998,1280177838.71905
Lao PDR,LAO,NY.GDP.MKTP.CD,1999,1454430642.44959
Lao PDR,LAO,NY.GDP.MKTP.CD,2000,1731198022.46763
Lao PDR,LAO,NY.GDP.MKTP.CD,2001,1768619058.34647
Lao PDR,LAO,NY.GDP.MKTP.CD,2002,1758176653.07746
Lao PDR,LAO,NY.GDP.MKTP.CD,2003,2023324407.28414
Lao PDR,LAO,NY.GDP.MKTP.CD,2004,2366398119.86321
Lao PDR,LAO,NY.GDP.MKTP.CD,2005,2735558734.7379
Lao PDR,LAO,NY.GDP.MKTP.CD,2006,3455030060.9785
Lao PDR,LAO,NY.GDP.MKTP.CD,2007,4223152739.04052
Lao PDR,LAO,NY.GDP.MKTP.CD,2008,5446433157.40114
Lao PDR,LAO,NY.GDP.MKTP.CD,2009,5836137329.63305
Lao PDR,LAO,NY.GDP.MKTP.CD,2010,7131771014.70456
Lao PDR,LAO,NY.GDP.MKTP.CD,2011,8750104617.17303
Lao PDR,LAO,NY.GDP.MKTP.CD,2012,10192846339.4029
Lao PDR,LAO,NY.GDP.MKTP.CD,2013,11983252626.5452
Lao PDR,LAO,NY.GDP.MKTP.CD,2014,13279245886.3854
Lao PDR,LAO,NY.GDP.MKTP.CD,2015,14426380125.6488
Lao PDR,LAO,NY.GDP.MKTP.CD,2016,15912501722.6143
Lao PDR,LAO,NY.GDP.MKTP.CD,2017,17071155481.4994
Lao PDR,LAO,NY.GDP.MKTP.CD,2018,18141641089.7963
Lao PDR,LAO,NY.GDP.MKTP.CD,2019,18740561512.5555
Lao PDR,LAO,NY.GDP.MKTP.CD,2020,18981805250.2424
Lao PDR,LAO,NY.GDP.MKTP.CD,2021,18827148530.9347
Lao PDR,LAO,NY.GDP.MKTP.CD,2022,15468785203.7532
Lao PDR,LAO,NY.GDP.MKTP.CD,2023,15843155731.2552
Lao PDR,LAO,NY.GDP.MKTP.CD,2024,16502933121.3379
Lao PDR,LAO,NY.GDP.MKTP.CD,2025,18302970218.5902
Lebanon,LBN,NY.GDP.MKTP.CD,1988,3313540067.93246
Lebanon,LBN,NY.GDP.MKTP.CD,1989,2717998687.71002
Lebanon,LBN,NY.GDP.MKTP.CD,1990,2838485353.96187
Lebanon,LBN,NY.GDP.MKTP.CD,1991,4690415092.53663
Lebanon,LBN,NY.GDP.MKTP.CD,1992,5843579160.90122
Lebanon,LBN,NY.GDP.MKTP.CD,1993,7941744492.23595
Lebanon,LBN,NY.GDP.MKTP.CD,1994,9599127050.17558
Lebanon,LBN,NY.GDP.MKTP.CD,1995,11718795528.5556
Lebanon,LBN,NY.GDP.MKTP.CD,1996,13690217333.5879
Lebanon,LBN,NY.GDP.MKTP.CD,1997,15751867489.4446
Lebanon,LBN,NY.GDP.MKTP.CD,1998,17247179005.5219
Lebanon,LBN,NY.GDP.MKTP.CD,1999,17391056369.2265
Lebanon,LBN,NY.GDP.MKTP.CD,2000,17260364842.4544
Lebanon,LBN,NY.GDP.MKTP.CD,2001,17649751243.7811
Lebanon,LBN,NY.GDP.MKTP.CD,2002,19152238805.9701
Lebanon,LBN,NY.GDP.MKTP.CD,2003,20082918739.6352
Lebanon,LBN,NY.GDP.MKTP.CD,2004,21159827992.0398
Lebanon,LBN,NY.GDP.MKTP.CD,2005,21497336498.8391
Lebanon,LBN,NY.GDP.MKTP.CD,2006,22022709851.4096
Lebanon,LBN,NY.GDP.MKTP.CD,2007,24827355014.9254
Lebanon,LBN,NY.GDP.MKTP.CD,2008,29118916105.4726
Lebanon,LBN,NY.GDP.MKTP.CD,2009,35399582928.6899
Lebanon,LBN,NY.GDP.MKTP.CD,2010,38443907042.1227
Lebanon,LBN,NY.GDP.MKTP.CD,2011,39927125961.5257
Lebanon,LBN,NY.GDP.MKTP.CD,2012,44016799515.7546
Lebanon,LBN,NY.GDP.MKTP.CD,2013,46880103080.597
Lebanon,LBN,NY.GDP.MKTP.CD,2014,48095213746.6003
Lebanon,LBN,NY.GDP.MKTP.CD,2015,49929337836.8159
Lebanon,LBN,NY.GDP.MKTP.CD,2016,51147308774.1294
Lebanon,LBN,NY.GDP.MKTP.CD,2017,53027680685.9038
Lebanon,LBN,NY.GDP.MKTP.CD,2018,54901519155.5556
Lebanon,LBN,NY.GDP.MKTP.CD,2019,51605959131.2741
Lebanon,LBN,NY.GDP.MKTP.CD,2020,31712128253.7961
Lebanon,LBN,NY.GDP.MKTP.CD,2021,23131941556.7843
Lebanon,LBN,NY.GDP.MKTP.CD,2022,20992421948.8081
Lebanon,LBN,NY.GDP.MKTP.CD,2023,20078620356.9931
Lebanon,LBN,NY.GDP.MKTP.CD,2024,25971643441.3408
Liberia,LBR,NY.GDP.MKTP.CD,1960,190495600.0
Liberia,LBR,NY.GDP.MKTP.CD,1961,183920900.0
Liberia,LBR,NY.GDP.MKTP.CD,1962,191861800.0
Liberia,LBR,NY.GDP.MKTP.CD,1963,200229600.0
Liberia,LBR,NY.GDP.MKTP.CD,1964,218929100.0
Liberia,LBR,NY.GDP.MKTP.CD,1965,229260800.0
Liberia,LBR,NY.GDP.MKTP.CD,1966,244459500.0
Liberia,LBR,NY.GDP.MKTP.CD,1967,261024300.0
Liberia,LBR,NY.GDP.MKTP.CD,1968,276820700.0
Liberia,LBR,NY.GDP.MKTP.CD,1969,306961800.0
Liberia,LBR,NY.GDP.MKTP.CD,1970,323099700.0
Liberia,LBR,NY.GDP.MKTP.CD,1971,341543100.0
Liberia,LBR,NY.GDP.MKTP.CD,1972,368098000.0
Liberia,LBR,NY.GDP.MKTP.CD,1973,386968300.0
Liberia,LBR,NY.GDP.MKTP.CD,1974,486955000.0
Liberia,LBR,NY.GDP.MKTP.CD,1975,577549300.0
Liberia,LBR,NY.GDP.MKTP.CD,1976,596675700.0
Liberia,LBR,NY.GDP.MKTP.CD,1977,673010600.0
Liberia,LBR,NY.GDP.MKTP.CD,1978,717240400.0
Liberia,LBR,NY.GDP.MKTP.CD,1979,814067900.0
Liberia,LBR,NY.GDP.MKTP.CD,1980,854711500.0
Liberia,LBR,NY.GDP.MKTP.CD,1981,846514500.0
Liberia,LBR,NY.GDP.MKTP.CD,1982,863933200.0
Liberia,LBR,NY.GDP.MKTP.CD,1983,823374900.0
Liberia,LBR,NY.GDP.MKTP.CD,1984,848478300.0
Liberia,LBR,NY.GDP.MKTP.CD,1985,851296100.0
Liberia,LBR,NY.GDP.MKTP.CD,1986,840964400.0
Liberia,LBR,NY.GDP.MKTP.CD,1987,972800000.0
Liberia,LBR,NY.GDP.MKTP.CD,1988,1038300000.0
Liberia,LBR,NY.GDP.MKTP.CD,1989,786300000.0
Liberia,LBR,NY.GDP.MKTP.CD,1990,384400000.0
Liberia,LBR,NY.GDP.MKTP.CD,1991,348000000.0
Liberia,LBR,NY.GDP.MKTP.CD,1992,223500000.0
Liberia,LBR,NY.GDP.MKTP.CD,1993,160400000.0
Liberia,LBR,NY.GDP.MKTP.CD,1994,132200000.0
Liberia,LBR,NY.GDP.MKTP.CD,1995,134800000.0
Liberia,LBR,NY.GDP.MKTP.CD,1996,159400000.0
Liberia,LBR,NY.GDP.MKTP.CD,1997,295900000.0
Liberia,LBR,NY.GDP.MKTP.CD,1998,359600000.0
Liberia,LBR,NY.GDP.MKTP.CD,1999,441800000.0
Liberia,LBR,NY.GDP.MKTP.CD,2000,874000000.0
Liberia,LBR,NY.GDP.MKTP.CD,2001,906000000.0
Liberia,LBR,NY.GDP.MKTP.CD,2002,927000000.0
Liberia,LBR,NY.GDP.MKTP.CD,2003,748000000.0
Liberia,LBR,NY.GDP.MKTP.CD,2004,897000000.0
Liberia,LBR,NY.GDP.MKTP.CD,2005,949000000.0
Liberia,LBR,NY.GDP.MKTP.CD,2006,1119000000.0
Liberia,LBR,NY.GDP.MKTP.CD,2007,1373000000.0
Liberia,LBR,NY.GDP.MKTP.CD,2008,1726000000.0
Liberia,LBR,NY.GDP.MKTP.CD,2009,1768000000.0
Liberia,LBR,NY.GDP.MKTP.CD,2010,1998000000.0
Liberia,LBR,NY.GDP.MKTP.CD,2011,2398000000.0
Liberia,LBR,NY.GDP.MKTP.CD,2012,2791614000.0
Liberia,LBR,NY.GDP.MKTP.CD,2013,3177198100.0
Liberia,LBR,NY.GDP.MKTP.CD,2014,3225652000.0
Liberia,LBR,NY.GDP.MKTP.CD,2015,3227075700.0
Liberia,LBR,NY.GDP.MKTP.CD,2016,3398419600.0
Liberia,LBR,NY.GDP.MKTP.CD,2017,3390703400.0
Liberia,LBR,NY.GDP.MKTP.CD,2018,3422754800.0
Liberia,LBR,NY.GDP.MKTP.CD,2019,3319596500.0
Liberia,LBR,NY.GDP.MKTP.CD,2020,3176126300.0
Liberia,LBR,NY.GDP.MKTP.CD,2021,3513049500.0
Liberia,LBR,NY.GDP.MKTP.CD,2022,4001047000.0
Liberia,LBR,NY.GDP.MKTP.CD,2023,4390000000.0
Liberia,LBR,NY.GDP.MKTP.CD,2024,4779300900.0
Liberia,LBR,NY.GDP.MKTP.CD,2025,5245938900.0
Libya,LBY,NY.GDP.MKTP.CD,1960,401644248.9423
Libya,LBY,NY.GDP.MKTP.CD,1961,443905612.037755
Libya,LBY,NY.GDP.MKTP.CD,1962,619725784.909686
Libya,LBY,NY.GDP.MKTP.CD,1963,892327910.668836
Libya,LBY,NY.GDP.MKTP.CD,1964,1341395421.44183
Libya,LBY,NY.GDP.MKTP.CD,1965,1804979680.40813
Libya,LBY,NY.GDP.MKTP.CD,1966,2312438535.82459
Libya,LBY,NY.GDP.MKTP.CD,1967,2726986912.80523
Libya,LBY,NY.GDP.MKTP.CD,1968,3850623094.95076
Libya,LBY,NY.GDP.MKTP.CD,1969,4380987481.20501
Libya,LBY,NY.GDP.MKTP.CD,1970,4601649451.34022
Libya,LBY,NY.GDP.MKTP.CD,1971,5260185125.41886
Libya,LBY,NY.GDP.MKTP.CD,1972,6299395543.96301
Libya,LBY,NY.GDP.MKTP.CD,1973,8625889429.58277
Libya,LBY,NY.GDP.MKTP.CD,1974,15112543717.1298
Libya,LBY,NY.GDP.MKTP.CD,1975,14710912457.6509
Libya,LBY,NY.GDP.MKTP.CD,1976,19096943016.5748
Libya,LBY,NY.GDP.MKTP.CD,1977,22428297107.5929
Libya,LBY,NY.GDP.MKTP.CD,1978,22136422643.3959
Libya,LBY,NY.GDP.MKTP.CD,1979,30536429496.9448
Libya,LBY,NY.GDP.MKTP.CD,1980,40953924948.7419
Libya,LBY,NY.GDP.MKTP.CD,1981,36374353880.3994
Libya,LBY,NY.GDP.MKTP.CD,1982,33760146990.5726
Libya,LBY,NY.GDP.MKTP.CD,1983,33200520139.9749
Libya,LBY,NY.GDP.MKTP.CD,1984,29476109152.7531
Libya,LBY,NY.GDP.MKTP.CD,1985,31530566324.273
Libya,LBY,NY.GDP.MKTP.CD,1986,24180400959.4288
Libya,LBY,NY.GDP.MKTP.CD,1987,26697659334.6911
Libya,LBY,NY.GDP.MKTP.CD,1988,24308959591.195
Libya,LBY,NY.GDP.MKTP.CD,1989,25156707899.1462
Libya,LBY,NY.GDP.MKTP.CD,1990,28904183602.4818
Libya,LBY,NY.GDP.MKTP.CD,1991,31991821264.7118
Libya,LBY,NY.GDP.MKTP.CD,1992,33887047909.2746
Libya,LBY,NY.GDP.MKTP.CD,1993,30660051910.5037
Libya,LBY,NY.GDP.MKTP.CD,1994,28610549763.4685
Libya,LBY,NY.GDP.MKTP.CD,1995,25541379186.6458
Libya,LBY,NY.GDP.MKTP.CD,1996,27884615384.6154
Libya,LBY,NY.GDP.MKTP.CD,1997,30700897874.8704
Libya,LBY,NY.GDP.MKTP.CD,1998,27251301398.2813
Libya,LBY,NY.GDP.MKTP.CD,1999,35975860857.1164
Libya,LBY,NY.GDP.MKTP.CD,2000,38270954138.1128
Libya,LBY,NY.GDP.MKTP.CD,2001,34112093927.254
Libya,LBY,NY.GDP.MKTP.CD,2002,20481889763.7795
Libya,LBY,NY.GDP.MKTP.CD,2003,26265625000.0
Libya,LBY,NY.GDP.MKTP.CD,2004,33122307692.3077
Libya,LBY,NY.GDP.MKTP.CD,2005,47334691241.4924
Libya,LBY,NY.GDP.MKTP.CD,2006,60094231606.642
Libya,LBY,NY.GDP.MKTP.CD,2007,68032978390.6007
Libya,LBY,NY.GDP.MKTP.CD,2008,86710767415.1371
Libya,LBY,NY.GDP.MKTP.CD,2009,60808562033.4191
Libya,LBY,NY.GDP.MKTP.CD,2010,75380825062.4216
Libya,LBY,NY.GDP.MKTP.CD,2011,48169263294.1007
Libya,LBY,NY.GDP.MKTP.CD,2012,92540938129.1315
Libya,LBY,NY.GDP.MKTP.CD,2013,75351107029.0605
Libya,LBY,NY.GDP.MKTP.CD,2014,57372355592.022
Libya,LBY,NY.GDP.MKTP.CD,2015,48717501321.3052
Libya,LBY,NY.GDP.MKTP.CD,2016,49912073701.298
Libya,LBY,NY.GDP.MKTP.CD,2017,67157452181.7738
Libya,LBY,NY.GDP.MKTP.CD,2018,76686029772.1483
Libya,LBY,NY.GDP.MKTP.CD,2019,69254496471.6938
Libya,LBY,NY.GDP.MKTP.CD,2020,46854285440.642
Libya,LBY,NY.GDP.MKTP.CD,2021,35217995647.2862
Libya,LBY,NY.GDP.MKTP.CD,2022,43246297921.8499
Libya,LBY,NY.GDP.MKTP.CD,2023,44027664915.187
Libya,LBY,NY.GDP.MKTP.CD,2024,48487151215.345
Libya,LBY,NY.GDP.MKTP.CD,2025,48098909613.6316
St. Lucia,LCA,NY.GDP.MKTP.CD,1980,170370370.37037
St. Lucia,LCA,NY.GDP.MKTP.CD,1981,194444444.444444
St. Lucia,LCA,NY.GDP.MKTP.CD,1982,183333333.333333
St. Lucia,LCA,NY.GDP.MKTP.CD,1983,197037037.037037
St. Lucia,LCA,NY.GDP.MKTP.CD,1984,251481481.481481
St. Lucia,LCA,NY.GDP.MKTP.CD,1985,284444444.444444
St. Lucia,LCA,NY.GDP.MKTP.CD,1986,340000000.0
St. Lucia,LCA,NY.GDP.MKTP.CD,1987,375555555.555556
St. Lucia,LCA,NY.GDP.MKTP.CD,1988,429629629.62963
St. Lucia,LCA,NY.GDP.MKTP.CD,1989,486666666.666667
St. Lucia,LCA,NY.GDP.MKTP.CD,1990,579629629.62963
St. Lucia,LCA,NY.GDP.MKTP.CD,1991,613703703.703704
St. Lucia,LCA,NY.GDP.MKTP.CD,1992,674074074.074074
St. Lucia,LCA,NY.GDP.MKTP.CD,1993,684814814.814815
St. Lucia,LCA,NY.GDP.MKTP.CD,1994,713703703.703704
St. Lucia,LCA,NY.GDP.MKTP.CD,1995,762962962.962963
St. Lucia,LCA,NY.GDP.MKTP.CD,1996,788888888.888889
St. Lucia,LCA,NY.GDP.MKTP.CD,1997,805925925.925926
St. Lucia,LCA,NY.GDP.MKTP.CD,1998,877407407.407407
St. Lucia,LCA,NY.GDP.MKTP.CD,1999,921851851.851852
St. Lucia,LCA,NY.GDP.MKTP.CD,2000,932592592.592592
St. Lucia,LCA,NY.GDP.MKTP.CD,2001,892592592.592592
St. Lucia,LCA,NY.GDP.MKTP.CD,2002,900000000.0
St. Lucia,LCA,NY.GDP.MKTP.CD,2003,987407407.407407
St. Lucia,LCA,NY.GDP.MKTP.CD,2004,1066666666.66667
St. Lucia,LCA,NY.GDP.MKTP.CD,2005,1135555555.55556
St. Lucia,LCA,NY.GDP.MKTP.CD,2006,1268319185.18519
St. Lucia,LCA,NY.GDP.MKTP.CD,2007,1336088814.81481
St. Lucia,LCA,NY.GDP.MKTP.CD,2008,1437731111.11111
St. Lucia,LCA,NY.GDP.MKTP.CD,2009,1401507888.88889
St. Lucia,LCA,NY.GDP.MKTP.CD,2010,1482385185.18519
St. Lucia,LCA,NY.GDP.MKTP.CD,2011,1568370370.37037
St. Lucia,LCA,NY.GDP.MKTP.CD,2012,1598207407.40741
St. Lucia,LCA,NY.GDP.MKTP.CD,2013,1660392592.59259
St. Lucia,LCA,NY.GDP.MKTP.CD,2014,1749185185.18518
St. Lucia,LCA,NY.GDP.MKTP.CD,2015,1807640740.74074
St. Lucia,LCA,NY.GDP.MKTP.CD,2016,1868544444.44444
St. Lucia,LCA,NY.GDP.MKTP.CD,2017,1998503703.7037
St. Lucia,LCA,NY.GDP.MKTP.CD,2018,2060955555.55556
St. Lucia,LCA,NY.GDP.MKTP.CD,2019,2090074074.07407
St. Lucia,LCA,NY.GDP.MKTP.CD,2020,1521740740.74074
St. Lucia,LCA,NY.GDP.MKTP.CD,2021,1871111111.11111
St. Lucia,LCA,NY.GDP.MKTP.CD,2022,2319888888.88889
St. Lucia,LCA,NY.GDP.MKTP.CD,2023,2441259259.25926
St. Lucia,LCA,NY.GDP.MKTP.CD,2024,2605148148.14815
St. Lucia,LCA,NY.GDP.MKTP.CD,2025,2656444444.44444
Latin America & Caribbean,LCN,NY.GDP.MKTP.CD,1960,79218932292.5947
Latin America & Caribbean,LCN,NY.GDP.MKTP.CD,1961,87692579535.3547
Latin America & Caribbean,LCN,NY.GDP.MKTP.CD,1962,92148671260.3581
Latin America & Caribbean,LCN,NY.GDP.MKTP.CD,1963,100158103933.604
Latin America & Caribbean,LCN,NY.GDP.MKTP.CD,1964,111297635227.876
Latin America & Caribbean,LCN,NY.GDP.MKTP.CD,1965,119597691330.107
Latin America & Caribbean,LCN,NY.GDP.MKTP.CD,1966,131678790040.55
Latin America & Caribbean,LCN,NY.GDP.MKTP.CD,1967,134312212434.109
Latin America & Caribbean,LCN,NY.GDP.MKTP.CD,1968,144144176667.553
Latin America & Caribbean,LCN,NY.GDP.MKTP.CD,1969,160995418448.827
Latin America & Caribbean,LCN,NY.GDP.MKTP.CD,1970,175637926335.323
Latin America & Caribbean,LCN,NY.GDP.MKTP.CD,1971,195901355212.336
Latin America & Caribbean,LCN,NY.GDP.MKTP.CD,1972,220380602413.711
Latin America & Caribbean,LCN,NY.GDP.MKTP.CD,1973,293150377144.284
Latin America & Caribbean,LCN,NY.GDP.MKTP.CD,1974,379786193235.34
Latin America & Caribbean,LCN,NY.GDP.MKTP.CD,1975,398144708367.398
Latin America & Caribbean,LCN,NY.GDP.MKTP.CD,1976,436627882813.991
Latin America & Caribbean,LCN,NY.GDP.MKTP.CD,1977,479581063088.523
Latin America & Caribbean,LCN,NY.GDP.MKTP.CD,1978,574059344826.802
Latin America & Caribbean,LCN,NY.GDP.MKTP.CD,1979,644166216801.267
Latin America & Caribbean,LCN,NY.GDP.MKTP.CD,1980,783357458196.991
Latin America & Caribbean,LCN,NY.GDP.MKTP.CD,1981,894809022830.952
Latin America & Caribbean,LCN,NY.GDP.MKTP.CD,1982,823242876056.178
Latin America & Caribbean,LCN,NY.GDP.MKTP.CD,1983,726364220247.191
Latin America & Caribbean,LCN,NY.GDP.MKTP.CD,1984,764196787843.871
Latin America & Caribbean,LCN,NY.GDP.MKTP.CD,1985,755578015279.848
Latin America & Caribbean,LCN,NY.GDP.MKTP.CD,1986,765106452473.426
Latin America & Caribbean,LCN,NY.GDP.MKTP.CD,1987,821070820662.61
Latin America & Caribbean,LCN,NY.GDP.MKTP.CD,1988,900611854996.12
Latin America & Caribbean,LCN,NY.GDP.MKTP.CD,1989,994556600083.401
Latin America & Caribbean,LCN,NY.GDP.MKTP.CD,1990,1101649853839.62
Latin America & Caribbean,LCN,NY.GDP.MKTP.CD,1991,1189339213608.07
Latin America & Caribbean,LCN,NY.GDP.MKTP.CD,1992,1299092404987.06
Latin America & Caribbean,LCN,NY.GDP.MKTP.CD,1993,1537127525768.22
Latin America & Caribbean,LCN,NY.GDP.MKTP.CD,1994,1795771702366.86
Latin America & Caribbean,LCN,NY.GDP.MKTP.CD,1995,1942345373687.39
Latin America & Caribbean,LCN,NY.GDP.MKTP.CD,1996,2100954032184.01
Latin America & Caribbean,LCN,NY.GDP.MKTP.CD,1997,2303665490980.34
Latin America & Caribbean,LCN,NY.GDP.MKTP.CD,1998,2331974611876.79
Latin America & Caribbean,LCN,NY.GDP.MKTP.CD,1999,2107674024426.62
Latin America & Caribbean,LCN,NY.GDP.MKTP.CD,2000,2326960808219.85
Latin America & Caribbean,LCN,NY.GDP.MKTP.CD,2001,2282616598586.76
Latin America & Caribbean,LCN,NY.GDP.MKTP.CD,2002,2052785896654.39
Latin America & Caribbean,LCN,NY.GDP.MKTP.CD,2003,2091901149499.75
Latin America & Caribbean,LCN,NY.GDP.MKTP.CD,2004,2405470324871.32
Latin America & Caribbean,LCN,NY.GDP.MKTP.CD,2005,2903225604297.7
Latin America & Caribbean,LCN,NY.GDP.MKTP.CD,2006,3397326624081.07
Latin America & Caribbean,LCN,NY.GDP.MKTP.CD,2007,3998763226331.27
Latin America & Caribbean,LCN,NY.GDP.MKTP.CD,2008,4644092806762.82
Latin America & Caribbean,LCN,NY.GDP.MKTP.CD,2009,4357538710237.47
Latin America & Caribbean,LCN,NY.GDP.MKTP.CD,2010,5397655976518.39
Latin America & Caribbean,LCN,NY.GDP.MKTP.CD,2011,6139314989246.27
Latin America & Caribbean,LCN,NY.GDP.MKTP.CD,2012,6201531036318.3
Latin America & Caribbean,LCN,NY.GDP.MKTP.CD,2013,6252125316234.8
Latin America & Caribbean,LCN,NY.GDP.MKTP.CD,2014,6218059801942.29
Latin America & Caribbean,LCN,NY.GDP.MKTP.CD,2015,5289417937086.3
Latin America & Caribbean,LCN,NY.GDP.MKTP.CD,2016,5148783766945.08
Latin America & Caribbean,LCN,NY.GDP.MKTP.CD,2017,5715231248363.46
Latin America & Caribbean,LCN,NY.GDP.MKTP.CD,2018,5581213957025.26
Latin America & Caribbean,LCN,NY.GDP.MKTP.CD,2019,5473792638347.11
Latin America & Caribbean,LCN,NY.GDP.MKTP.CD,2020,4627829769474.15
Latin America & Caribbean,LCN,NY.GDP.MKTP.CD,2021,5383564425117.23
Latin America & Caribbean,LCN,NY.GDP.MKTP.CD,2022,6147092422711.93
Latin America & Caribbean,LCN,NY.GDP.MKTP.CD,2023,6909980461601.21
Latin America & Caribbean,LCN,NY.GDP.MKTP.CD,2024,7088767706234.51
Latin America & Caribbean,LCN,NY.GDP.MKTP.CD,2025,7395989651242.09
Least developed countries: UN classification,LDC,NY.GDP.MKTP.CD,1960,28083873561.9525
Least developed countries: UN classification,LDC,NY.GDP.MKTP.CD,1961,29364694790.3122
Least developed countries: UN classification,LDC,NY.GDP.MKTP.CD,1962,31795046375.8476
Least developed countries: UN classification,LDC,NY.GDP.MKTP.CD,1963,36519393066.2942
Least developed countries: UN classification,LDC,NY.GDP.MKTP.CD,1964,33150257303.1107
Least developed countries: UN classification,LDC,NY.GDP.MKTP.CD,1965,37295234447.7762
Least developed countries: UN classification,LDC,NY.GDP.MKTP.CD,1966,40642298164.1359
Least developed countries: UN classification,LDC,NY.GDP.MKTP.CD,1967,41311672322.122
Least developed countries: UN classification,LDC,NY.GDP.MKTP.CD,1968,44098351904.4288
Least developed countries: UN classification,LDC,NY.GDP.MKTP.CD,1969,48788568412.8308
Least developed countries: UN classification,LDC,NY.GDP.MKTP.CD,1970,47218209025.4804
Least developed countries: UN classification,LDC,NY.GDP.MKTP.CD,1971,49607821959.9659
Least developed countries: UN classification,LDC,NY.GDP.MKTP.CD,1972,51305933517.5062
Least developed countries: UN classification,LDC,NY.GDP.MKTP.CD,1973,62437379215.3669
Least developed countries: UN classification,LDC,NY.GDP.MKTP.CD,1974,77769977149.2718
Least developed countries: UN classification,LDC,NY.GDP.MKTP.CD,1975,93635267386.9572
Least developed countries: UN classification,LDC,NY.GDP.MKTP.CD,1976,86258084960.5092
Least developed countries: UN classification,LDC,NY.GDP.MKTP.CD,1977,94942056027.9396
Least developed countries: UN classification,LDC,NY.GDP.MKTP.CD,1978,111734126466.782
Least developed countries: UN classification,LDC,NY.GDP.MKTP.CD,1979,122428644458.032
Least developed countries: UN classification,LDC,NY.GDP.MKTP.CD,1980,135711625859.634
Least developed countries: UN classification,LDC,NY.GDP.MKTP.CD,1981,138755810897.292
Least developed countries: UN classification,LDC,NY.GDP.MKTP.CD,1982,140165160485.927
Least developed countries: UN classification,LDC,NY.GDP.MKTP.CD,1983,138441594013.223
Least developed countries: UN classification,LDC,NY.GDP.MKTP.CD,1984,140661957450.913
Least developed countries: UN classification,LDC,NY.GDP.MKTP.CD,1985,153685292546.979
Least developed countries: UN classification,LDC,NY.GDP.MKTP.CD,1986,133832870921.373
Least developed countries: UN classification,LDC,NY.GDP.MKTP.CD,1987,142313742945.101
Least developed countries: UN classification,LDC,NY.GDP.MKTP.CD,1988,156208936078.368
Least developed countries: UN classification,LDC,NY.GDP.MKTP.CD,1989,167639250652.653
Least developed countries: UN classification,LDC,NY.GDP.MKTP.CD,1990,192676976334.589
Least developed countries: UN classification,LDC,NY.GDP.MKTP.CD,1991,208818016297.993
Least developed countries: UN classification,LDC,NY.GDP.MKTP.CD,1992,165223219907.404
Least developed countries: UN classification,LDC,NY.GDP.MKTP.CD,1993,171011303885.524
Least developed countries: UN classification,LDC,NY.GDP.MKTP.CD,1994,167739564145.742
Least developed countries: UN classification,LDC,NY.GDP.MKTP.CD,1995,172091208742.033
Least developed countries: UN classification,LDC,NY.GDP.MKTP.CD,1996,181565021318.739
Least developed countries: UN classification,LDC,NY.GDP.MKTP.CD,1997,189340363935.107
Least developed countries: UN classification,LDC,NY.GDP.MKTP.CD,1998,192210596421.967
Least developed countries: UN classification,LDC,NY.GDP.MKTP.CD,1999,197805574800.587
Least developed countries: UN classification,LDC,NY.GDP.MKTP.CD,2000,224564439988.97
Least developed countries: UN classification,LDC,NY.GDP.MKTP.CD,2001,216586451093.645
Least developed countries: UN classification,LDC,NY.GDP.MKTP.CD,2002,238997145476.315
Least developed countries: UN classification,LDC,NY.GDP.MKTP.CD,2003,270939943315.867
Least developed countries: UN classification,LDC,NY.GDP.MKTP.CD,2004,311792443178.112
Least developed countries: UN classification,LDC,NY.GDP.MKTP.CD,2005,370634107574.804
Least developed countries: UN classification,LDC,NY.GDP.MKTP.CD,2006,430668720015.575
Least developed countries: UN classification,LDC,NY.GDP.MKTP.CD,2007,517201448591.583
Least developed countries: UN classification,LDC,NY.GDP.MKTP.CD,2008,635498688012.848
Least developed countries: UN classification,LDC,NY.GDP.MKTP.CD,2009,628091006955.253
Least developed countries: UN classification,LDC,NY.GDP.MKTP.CD,2010,711177667873.134
Least developed countries: UN classification,LDC,NY.GDP.MKTP.CD,2011,810040727729.598
Least developed countries: UN classification,LDC,NY.GDP.MKTP.CD,2012,849501067175.473
Least developed countries: UN classification,LDC,NY.GDP.MKTP.CD,2013,924587754781.973
Least developed countries: UN classification,LDC,NY.GDP.MKTP.CD,2014,993293176451.796
Least developed countries: UN classification,LDC,NY.GDP.MKTP.CD,2015,945963113669.267
Least developed countries: UN classification,LDC,NY.GDP.MKTP.CD,2016,953366743642.222
Least developed countries: UN classification,LDC,NY.GDP.MKTP.CD,2017,1045823616290.85
Least developed countries: UN classification,LDC,NY.GDP.MKTP.CD,2018,1117321176649.3
Least developed countries: UN classification,LDC,NY.GDP.MKTP.CD,2019,1169533458405.7
Least developed countries: UN classification,LDC,NY.GDP.MKTP.CD,2020,1179620504897.32
Least developed countries: UN classification,LDC,NY.GDP.MKTP.CD,2021,1302642870995.53
Least developed countries: UN classification,LDC,NY.GDP.MKTP.CD,2022,1471699265269.38
Least developed countries: UN classification,LDC,NY.GDP.MKTP.CD,2023,1459140154701.04
Least developed countries: UN classification,LDC,NY.GDP.MKTP.CD,2024,1542009429614.64
Least developed countries: UN classification,LDC,NY.GDP.MKTP.CD,2025,1653686211542.1
Liechtenstein,LIE,NY.GDP.MKTP.CD,1970,90099360.8433666
Liechtenstein,LIE,NY.GDP.MKTP.CD,1971,104889795.333846
Liechtenstein,LIE,NY.GDP.MKTP.CD,1972,124940289.32382
Liechtenstein,LIE,NY.GDP.MKTP.CD,1973,165928881.55552
Liechtenstein,LIE,NY.GDP.MKTP.CD,1974,193980464.882101
Liechtenstein,LIE,NY.GDP.MKTP.CD,1975,246389101.853613
Liechtenstein,LIE,NY.GDP.MKTP.CD,1976,272489300.467827
Liechtenstein,LIE,NY.GDP.MKTP.CD,1977,303493119.480763
Liechtenstein,LIE,NY.GDP.MKTP.CD,1978,436912067.784287
Liechtenstein,LIE,NY.GDP.MKTP.CD,1979,503173104.391887
Liechtenstein,LIE,NY.GDP.MKTP.CD,1980,534699362.896161
Liechtenstein,LIE,NY.GDP.MKTP.CD,1981,511647750.124475
Liechtenstein,LIE,NY.GDP.MKTP.CD,1982,522096760.291094
Liechtenstein,LIE,NY.GDP.MKTP.CD,1983,524023624.89055
Liechtenstein,LIE,NY.GDP.MKTP.CD,1984,502620991.852944
Liechtenstein,LIE,NY.GDP.MKTP.CD,1985,529073612.453579
Liechtenstein,LIE,NY.GDP.MKTP.CD,1986,779357802.50006
Liechtenstein,LIE,NY.GDP.MKTP.CD,1987,1052848995.97101
Liechtenstein,LIE,NY.GDP.MKTP.CD,1988,1161757671.01756
Liechtenstein,LIE,NY.GDP.MKTP.CD,1989,1119983801.21338
Liechtenstein,LIE,NY.GDP.MKTP.CD,1990,1421509216.37424
Liechtenstein,LIE,NY.GDP.MKTP.CD,1991,1484160302.14952
Liechtenstein,LIE,NY.GDP.MKTP.CD,1992,1631177029.45063
Liechtenstein,LIE,NY.GDP.MKTP.CD,1993,1673085244.6879
Liechtenstein,LIE,NY.GDP.MKTP.CD,1994,1948129622.75132
Liechtenstein,LIE,NY.GDP.MKTP.CD,1995,2428525060.69927
Liechtenstein,LIE,NY.GDP.MKTP.CD,1996,2504012993.42238
Liechtenstein,LIE,NY.GDP.MKTP.CD,1997,2298389802.88883
Liechtenstein,LIE,NY.GDP.MKTP.CD,1998,2479699106.02264
Liechtenstein,LIE,NY.GDP.MKTP.CD,1999,2664105901.18863
Liechtenstein,LIE,NY.GDP.MKTP.CD,2000,2483889858.32312
Liechtenstein,LIE,NY.GDP.MKTP.CD,2001,2491800558.77674
Liechtenstein,LIE,NY.GDP.MKTP.CD,2002,2688618747.38148
Liechtenstein,LIE,NY.GDP.MKTP.CD,2003,3070803051.42164
Liechtenstein,LIE,NY.GDP.MKTP.CD,2004,3454373797.74442
Liechtenstein,LIE,NY.GDP.MKTP.CD,2005,3659319116.88057
Liechtenstein,LIE,NY.GDP.MKTP.CD,2006,4000102086.14635
Liechtenstein,LIE,NY.GDP.MKTP.CD,2007,4601429897.21468
Liechtenstein,LIE,NY.GDP.MKTP.CD,2008,5081479840.08716
Liechtenstein,LIE,NY.GDP.MKTP.CD,2009,4504375348.07038
Liechtenstein,LIE,NY.GDP.MKTP.CD,2010,5082337238.44718
Liechtenstein,LIE,NY.GDP.MKTP.CD,2011,5739706004.89616
Liechtenstein,LIE,NY.GDP.MKTP.CD,2012,5456102482.28614
Liechtenstein,LIE,NY.GDP.MKTP.CD,2013,6391708310.67727
Liechtenstein,LIE,NY.GDP.MKTP.CD,2014,6657526979.72277
Liechtenstein,LIE,NY.GDP.MKTP.CD,2015,6268515276.17441
Liechtenstein,LIE,NY.GDP.MKTP.CD,2016,6237302033.50132
Liechtenstein,LIE,NY.GDP.MKTP.CD,2017,6474308717.85289
Liechtenstein,LIE,NY.GDP.MKTP.CD,2018,6692620691.84146
Liechtenstein,LIE,NY.GDP.MKTP.CD,2019,6436467007.11932
Liechtenstein,LIE,NY.GDP.MKTP.CD,2020,6405870210.32293
Liechtenstein,LIE,NY.GDP.MKTP.CD,2021,7912602342.18895
Liechtenstein,LIE,NY.GDP.MKTP.CD,2022,7426856242.7736
Liechtenstein,LIE,NY.GDP.MKTP.CD,2023,8239379403.22096
Liechtenstein,LIE,NY.GDP.MKTP.CD,2024,8905764270.4054
Sri Lanka,LKA,NY.GDP.MKTP.CD,1960,1409873949.57983
Sri Lanka,LKA,NY.GDP.MKTP.CD,1961,1444327731.09244
Sri Lanka,LKA,NY.GDP.MKTP.CD,1962,1434156378.60082
Sri Lanka,LKA,NY.GDP.MKTP.CD,1963,1240672268.90756
Sri Lanka,LKA,NY.GDP.MKTP.CD,1964,1309747899.15966
Sri Lanka,LKA,NY.GDP.MKTP.CD,1965,1698319327.73109
Sri Lanka,LKA,NY.GDP.MKTP.CD,1966,1751470588.23529
Sri Lanka,LKA,NY.GDP.MKTP.CD,1967,1859465020.57613
Sri Lanka,LKA,NY.GDP.MKTP.CD,1968,1801344537.81513
Sri Lanka,LKA,NY.GDP.MKTP.CD,1969,1965546218.48739
Sri Lanka,LKA,NY.GDP.MKTP.CD,1970,2296470588.23529
Sri Lanka,LKA,NY.GDP.MKTP.CD,1971,2369308600.33727
Sri Lanka,LKA,NY.GDP.MKTP.CD,1972,2553936348.40871
Sri Lanka,LKA,NY.GDP.MKTP.CD,1973,2875625000.0
Sri Lanka,LKA,NY.GDP.MKTP.CD,1974,3574586466.16541
Sri Lanka,LKA,NY.GDP.MKTP.CD,1975,3791298145.50642
Sri Lanka,LKA,NY.GDP.MKTP.CD,1976,3591319857.31272
Sri Lanka,LKA,NY.GDP.MKTP.CD,1977,4104509582.86359
Sri Lanka,LKA,NY.GDP.MKTP.CD,1978,2733183856.50224
Sri Lanka,LKA,NY.GDP.MKTP.CD,1979,3364611432.24149
Sri Lanka,LKA,NY.GDP.MKTP.CD,1980,4024621899.57653
Sri Lanka,LKA,NY.GDP.MKTP.CD,1981,4415844155.84416
Sri Lanka,LKA,NY.GDP.MKTP.CD,1982,4768765016.81884
Sri Lanka,LKA,NY.GDP.MKTP.CD,1983,5167913302.16745
Sri Lanka,LKA,NY.GDP.MKTP.CD,1984,6043474842.76729
Sri Lanka,LKA,NY.GDP.MKTP.CD,1985,5978460972.01767
Sri Lanka,LKA,NY.GDP.MKTP.CD,1986,6405210563.88294
Sri Lanka,LKA,NY.GDP.MKTP.CD,1987,6682167119.56522
Sri Lanka,LKA,NY.GDP.MKTP.CD,1988,6978371581.26375
Sri Lanka,LKA,NY.GDP.MKTP.CD,1989,6987267683.77254
Sri Lanka,LKA,NY.GDP.MKTP.CD,1990,8032551173.24014
Sri Lanka,LKA,NY.GDP.MKTP.CD,1991,9000362581.58086
Sri Lanka,LKA,NY.GDP.MKTP.CD,1992,9703011635.86585
Sri Lanka,LKA,NY.GDP.MKTP.CD,1993,10338679635.7616
Sri Lanka,LKA,NY.GDP.MKTP.CD,1994,11717604208.8223
Sri Lanka,LKA,NY.GDP.MKTP.CD,1995,13029697560.9756
Sri Lanka,LKA,NY.GDP.MKTP.CD,1996,13897738375.2488
Sri Lanka,LKA,NY.GDP.MKTP.CD,1997,15091913883.7091
Sri Lanka,LKA,NY.GDP.MKTP.CD,1998,15760736956.1852
Sri Lanka,LKA,NY.GDP.MKTP.CD,1999,15711933513.2831
Sri Lanka,LKA,NY.GDP.MKTP.CD,2000,16595882818.6857
Sri Lanka,LKA,NY.GDP.MKTP.CD,2001,15749753804.8344
Sri Lanka,LKA,NY.GDP.MKTP.CD,2002,16536535647.0834
Sri Lanka,LKA,NY.GDP.MKTP.CD,2003,18881765437.2151
Sri Lanka,LKA,NY.GDP.MKTP.CD,2004,20662525941.2985
Sri Lanka,LKA,NY.GDP.MKTP.CD,2005,24405791044.7761
Sri Lanka,LKA,NY.GDP.MKTP.CD,2006,28267410542.5164
Sri Lanka,LKA,NY.GDP.MKTP.CD,2007,32350238760.4239
Sri Lanka,LKA,NY.GDP.MKTP.CD,2008,40713826215.0093
Sri Lanka,LKA,NY.GDP.MKTP.CD,2009,42066224093.0065
Sri Lanka,LKA,NY.GDP.MKTP.CD,2010,58636049581.1712
Sri Lanka,LKA,NY.GDP.MKTP.CD,2011,67753285882.299
Sri Lanka,LKA,NY.GDP.MKTP.CD,2012,70447216891.3366
Sri Lanka,LKA,NY.GDP.MKTP.CD,2013,76976204074.978
Sri Lanka,LKA,NY.GDP.MKTP.CD,2014,82531125461.843
Sri Lanka,LKA,NY.GDP.MKTP.CD,2015,85090300895.6546
Sri Lanka,LKA,NY.GDP.MKTP.CD,2016,88000210878.1236
Sri Lanka,LKA,NY.GDP.MKTP.CD,2017,94369350439.4732
Sri Lanka,LKA,NY.GDP.MKTP.CD,2018,94450015982.806
Sri Lanka,LKA,NY.GDP.MKTP.CD,2019,88998706177.9986
Sri Lanka,LKA,NY.GDP.MKTP.CD,2020,84335574372.2997
Sri Lanka,LKA,NY.GDP.MKTP.CD,2021,88556699052.2008
Sri Lanka,LKA,NY.GDP.MKTP.CD,2022,74143020303.663
Sri Lanka,LKA,NY.GDP.MKTP.CD,2023,84080307355.5983
Sri Lanka,LKA,NY.GDP.MKTP.CD,2024,99616111265.7633
Sri Lanka,LKA,NY.GDP.MKTP.CD,2025,108825231671.196
Low & middle income,LMY,NY.GDP.MKTP.CD,1960,275665121888.335
Low & middle income,LMY,NY.GDP.MKTP.CD,1961,279630505583.799
Low & middle income,LMY,NY.GDP.MKTP.CD,1962,284777640396.736
Low & middle income,LMY,NY.GDP.MKTP.CD,1963,315523066619.024
Low & middle income,LMY,NY.GDP.MKTP.CD,1964,350573998976.761
Low & middle income,LMY,NY.GDP.MKTP.CD,1965,386378424083.339
Low & middle income,LMY,NY.GDP.MKTP.CD,1966,400984771947.318
Low & middle income,LMY,NY.GDP.MKTP.CD,1967,411947863637.343
Low & middle income,LMY,NY.GDP.MKTP.CD,1968,436993884411.543
Low & middle income,LMY,NY.GDP.MKTP.CD,1969,487771957384.303
Low & middle income,LMY,NY.GDP.MKTP.CD,1970,532671427135.482
Low & middle income,LMY,NY.GDP.MKTP.CD,1971,573388737739.662
Low & middle income,LMY,NY.GDP.MKTP.CD,1972,643291231934.85
Low & middle income,LMY,NY.GDP.MKTP.CD,1973,818869246635.72
Low & middle income,LMY,NY.GDP.MKTP.CD,1974,1046587235415.77
Low & middle income,LMY,NY.GDP.MKTP.CD,1975,1155657258424.0
Low & middle income,LMY,NY.GDP.MKTP.CD,1976,1245470476929.79
Low & middle income,LMY,NY.GDP.MKTP.CD,1977,1399395532730.22
Low & middle income,LMY,NY.GDP.MKTP.CD,1978,1552563815826.87
Low & middle income,LMY,NY.GDP.MKTP.CD,1979,1802470051829.4
Low & middle income,LMY,NY.GDP.MKTP.CD,1980,2131073559224.57
Low & middle income,LMY,NY.GDP.MKTP.CD,1981,2386286975932.31
Low & middle income,LMY,NY.GDP.MKTP.CD,1982,2355578947615.56
Low & middle income,LMY,NY.GDP.MKTP.CD,1983,2285518085288.55
Low & middle income,LMY,NY.GDP.MKTP.CD,1984,2337208338309.35
Low & middle income,LMY,NY.GDP.MKTP.CD,1985,2427929398268.36
Low & middle income,LMY,NY.GDP.MKTP.CD,1986,2476732622742.32
Low & middle income,LMY,NY.GDP.MKTP.CD,1987,2541527062168.52
Low & middle income,LMY,NY.GDP.MKTP.CD,1988,2720912074684.17
Low & middle income,LMY,NY.GDP.MKTP.CD,1989,2895004151541.65
Low & middle income,LMY,NY.GDP.MKTP.CD,1990,3318762167936.1
Low & middle income,LMY,NY.GDP.MKTP.CD,1991,3236623796985.26
Low & middle income,LMY,NY.GDP.MKTP.CD,1992,3396912933459.96
Low & middle income,LMY,NY.GDP.MKTP.CD,1993,3668066247500.34
Low & middle income,LMY,NY.GDP.MKTP.CD,1994,4101804124809.34
Low & middle income,LMY,NY.GDP.MKTP.CD,1995,4763797923692.99
Low & middle income,LMY,NY.GDP.MKTP.CD,1996,5273504290076.19
Low & middle income,LMY,NY.GDP.MKTP.CD,1997,5609087530584.24
Low & middle income,LMY,NY.GDP.MKTP.CD,1998,5514938515915.04
Low & middle income,LMY,NY.GDP.MKTP.CD,1999,5319459832732.67
Low & middle income,LMY,NY.GDP.MKTP.CD,2000,5796667553560.29
Low & middle income,LMY,NY.GDP.MKTP.CD,2001,5812896698083.06
Low & middle income,LMY,NY.GDP.MKTP.CD,2002,5897424611643.27
Low & middle income,LMY,NY.GDP.MKTP.CD,2003,6582329229105.78
Low & middle income,LMY,NY.GDP.MKTP.CD,2004,7738117921917.97
Low & middle income,LMY,NY.GDP.MKTP.CD,2005,9153616469906.55
Low & middle income,LMY,NY.GDP.MKTP.CD,2006,10792069669288.7
Low & middle income,LMY,NY.GDP.MKTP.CD,2007,13261896828487.0
Low & middle income,LMY,NY.GDP.MKTP.CD,2008,15800077993602.7
Low & middle income,LMY,NY.GDP.MKTP.CD,2009,15860983059370.4
Low & middle income,LMY,NY.GDP.MKTP.CD,2010,19281238913053.9
Low & middle income,LMY,NY.GDP.MKTP.CD,2011,22556775919423.3
Low & middle income,LMY,NY.GDP.MKTP.CD,2012,24026419350635.8
Low & middle income,LMY,NY.GDP.MKTP.CD,2013,25380075062402.9
Low & middle income,LMY,NY.GDP.MKTP.CD,2014,26519136607008.2
Low & middle income,LMY,NY.GDP.MKTP.CD,2015,25659752659960.1
Low & middle income,LMY,NY.GDP.MKTP.CD,2016,25917599955464.9
Low & middle income,LMY,NY.GDP.MKTP.CD,2017,28319199325293.0
Low & middle income,LMY,NY.GDP.MKTP.CD,2018,30124203119691.2
Low & middle income,LMY,NY.GDP.MKTP.CD,2019,31024374981412.2
Low & middle income,LMY,NY.GDP.MKTP.CD,2020,30018039872473.6
Low & middle income,LMY,NY.GDP.MKTP.CD,2021,35394243111591.4
Low & middle income,LMY,NY.GDP.MKTP.CD,2022,37082867531465.4
Low & middle income,LMY,NY.GDP.MKTP.CD,2023,38155314219988.0
Low & middle income,LMY,NY.GDP.MKTP.CD,2024,39490940514619.9
Low & middle income,LMY,NY.GDP.MKTP.CD,2025,41478597585191.8
Lesotho,LSO,NY.GDP.MKTP.CD,1960,34579986.1680055
Lesotho,LSO,NY.GDP.MKTP.CD,1961,35699985.7200057
Lesotho,LSO,NY.GDP.MKTP.CD,1962,41859983.2560067
Lesotho,LSO,NY.GDP.MKTP.CD,1963,47039981.1840075
Lesotho,LSO,NY.GDP.MKTP.CD,1964,51939979.2240083
Lesotho,LSO,NY.GDP.MKTP.CD,1965,54879978.0480088
Lesotho,LSO,NY.GDP.MKTP.CD,1966,56699977.3200091
Lesotho,LSO,NY.GDP.MKTP.CD,1967,59261976.2952095
Lesotho,LSO,NY.GDP.MKTP.CD,1968,61445975.4216098
Lesotho,LSO,NY.GDP.MKTP.CD,1969,65967973.6128106
Lesotho,LSO,NY.GDP.MKTP.CD,1970,68739972.504011
Lesotho,LSO,NY.GDP.MKTP.CD,1971,76480285.0044113
Lesotho,LSO,NY.GDP.MKTP.CD,1972,80913200.4292822
Lesotho,LSO,NY.GDP.MKTP.CD,1973,121188715.759865
Lesotho,LSO,NY.GDP.MKTP.CD,1974,150851316.52727
Lesotho,LSO,NY.GDP.MKTP.CD,1975,149558895.914581
Lesotho,LSO,NY.GDP.MKTP.CD,1976,147660036.915009
Lesotho,LSO,NY.GDP.MKTP.CD,1977,193315048.328762
Lesotho,LSO,NY.GDP.MKTP.CD,1978,266570066.642517
Lesotho,LSO,NY.GDP.MKTP.CD,1979,290134592.523007
Lesotho,LSO,NY.GDP.MKTP.CD,1980,431542536.663782
Lesotho,LSO,NY.GDP.MKTP.CD,1981,434188034.188034
Lesotho,LSO,NY.GDP.MKTP.CD,1982,348741683.673845
Lesotho,LSO,NY.GDP.MKTP.CD,1983,386699308.859169
Lesotho,LSO,NY.GDP.MKTP.CD,1984,333163670.280225
Lesotho,LSO,NY.GDP.MKTP.CD,1985,268629925.852805
Lesotho,LSO,NY.GDP.MKTP.CD,1986,318858422.989262
Lesotho,LSO,NY.GDP.MKTP.CD,1987,402768324.481971
Lesotho,LSO,NY.GDP.MKTP.CD,1988,470395800.600668
Lesotho,LSO,NY.GDP.MKTP.CD,1989,495409232.627579
Lesotho,LSO,NY.GDP.MKTP.CD,1990,596410263.743849
Lesotho,LSO,NY.GDP.MKTP.CD,1991,704325366.718393
Lesotho,LSO,NY.GDP.MKTP.CD,1992,831029861.704746
Lesotho,LSO,NY.GDP.MKTP.CD,1993,835582062.476169
Lesotho,LSO,NY.GDP.MKTP.CD,1994,878250945.280469
Lesotho,LSO,NY.GDP.MKTP.CD,1995,1001894000.27846
Lesotho,LSO,NY.GDP.MKTP.CD,1996,946112492.844847
Lesotho,LSO,NY.GDP.MKTP.CD,1997,998004258.715675
Lesotho,LSO,NY.GDP.MKTP.CD,1998,928460893.108965
Lesotho,LSO,NY.GDP.MKTP.CD,1999,912773681.050642
Lesotho,LSO,NY.GDP.MKTP.CD,2000,887291687.920796
Lesotho,LSO,NY.GDP.MKTP.CD,2001,825706961.238689
Lesotho,LSO,NY.GDP.MKTP.CD,2002,775777238.55814
Lesotho,LSO,NY.GDP.MKTP.CD,2003,1157825434.78971
Lesotho,LSO,NY.GDP.MKTP.CD,2004,1511236655.52047
Lesotho,LSO,NY.GDP.MKTP.CD,2005,1682343527.49221
Lesotho,LSO,NY.GDP.MKTP.CD,2006,1800092563.75462
Lesotho,LSO,NY.GDP.MKTP.CD,2007,1682131784.51365
Lesotho,LSO,NY.GDP.MKTP.CD,2008,1766902709.19935
Lesotho,LSO,NY.GDP.MKTP.CD,2009,1740894964.80511
Lesotho,LSO,NY.GDP.MKTP.CD,2010,2234754241.91918
Lesotho,LSO,NY.GDP.MKTP.CD,2011,2579409619.96722
Lesotho,LSO,NY.GDP.MKTP.CD,2012,2477702216.26888
Lesotho,LSO,NY.GDP.MKTP.CD,2013,2367112931.642
Lesotho,LSO,NY.GDP.MKTP.CD,2014,2441063054.05792
Lesotho,LSO,NY.GDP.MKTP.CD,2015,2359686724.53829
Lesotho,LSO,NY.GDP.MKTP.CD,2016,2114426452.2019
Lesotho,LSO,NY.GDP.MKTP.CD,2017,2306741672.29006
Lesotho,LSO,NY.GDP.MKTP.CD,2018,2556247291.99785
Lesotho,LSO,NY.GDP.MKTP.CD,2019,2390702295.82777
Lesotho,LSO,NY.GDP.MKTP.CD,2020,2053699863.99625
Lesotho,LSO,NY.GDP.MKTP.CD,2021,2412130056.55851
Lesotho,LSO,NY.GDP.MKTP.CD,2022,2354980960.02697
Lesotho,LSO,NY.GDP.MKTP.CD,2023,2129871529.52517
Lesotho,LSO,NY.GDP.MKTP.CD,2024,2391282547.80028
Lesotho,LSO,NY.GDP.MKTP.CD,2025,2573572920.05159
Late-demographic dividend,LTE,NY.GDP.MKTP.CD,1960,184294886448.607
Late-demographic dividend,LTE,NY.GDP.MKTP.CD,1961,171286579087.88
Late-demographic dividend,LTE,NY.GDP.MKTP.CD,1962,174507835771.836
Late-demographic dividend,LTE,NY.GDP.MKTP.CD,1963,190382415793.469
Late-demographic dividend,LTE,NY.GDP.MKTP.CD,1964,208790894358.561
Late-demographic dividend,LTE,NY.GDP.MKTP.CD,1965,234000915408.238
Late-demographic dividend,LTE,NY.GDP.MKTP.CD,1966,260611283477.102
Late-demographic dividend,LTE,NY.GDP.MKTP.CD,1967,261880031221.684
Late-demographic dividend,LTE,NY.GDP.MKTP.CD,1968,266423905717.068
Late-demographic dividend,LTE,NY.GDP.MKTP.CD,1969,296986727176.422
Late-demographic dividend,LTE,NY.GDP.MKTP.CD,1970,337704358864.221
Late-demographic dividend,LTE,NY.GDP.MKTP.CD,1971,375663885260.31
Late-demographic dividend,LTE,NY.GDP.MKTP.CD,1972,432365705131.463
Late-demographic dividend,LTE,NY.GDP.MKTP.CD,1973,561672452845.827
Late-demographic dividend,LTE,NY.GDP.MKTP.CD,1974,674819278348.728
Late-demographic dividend,LTE,NY.GDP.MKTP.CD,1975,745000834232.711
Late-demographic dividend,LTE,NY.GDP.MKTP.CD,1976,803381423551.995
Late-demographic dividend,LTE,NY.GDP.MKTP.CD,1977,932142562981.783
Late-demographic dividend,LTE,NY.GDP.MKTP.CD,1978,970199594302.103
Late-demographic dividend,LTE,NY.GDP.MKTP.CD,1979,1155091583497.44
Late-demographic dividend,LTE,NY.GDP.MKTP.CD,1980,1324653906602.48
Late-demographic dividend,LTE,NY.GDP.MKTP.CD,1981,1388436785996.87
Late-demographic dividend,LTE,NY.GDP.MKTP.CD,1982,1400566692080.56
Late-demographic dividend,LTE,NY.GDP.MKTP.CD,1983,1296602824765.3
Late-demographic dividend,LTE,NY.GDP.MKTP.CD,1984,1353552937487.65
Late-demographic dividend,LTE,NY.GDP.MKTP.CD,1985,1462860849916.1
Late-demographic dividend,LTE,NY.GDP.MKTP.CD,1986,1554685600496.76
Late-demographic dividend,LTE,NY.GDP.MKTP.CD,1987,1641649701709.01
Late-demographic dividend,LTE,NY.GDP.MKTP.CD,1988,1791259970340.58
Late-demographic dividend,LTE,NY.GDP.MKTP.CD,1989,1909761780618.13
Late-demographic dividend,LTE,NY.GDP.MKTP.CD,1990,1969512751971.04
Late-demographic dividend,LTE,NY.GDP.MKTP.CD,1991,1979786087178.22
Late-demographic dividend,LTE,NY.GDP.MKTP.CD,1992,2019093016960.17
Late-demographic dividend,LTE,NY.GDP.MKTP.CD,1993,2102175787620.46
Late-demographic dividend,LTE,NY.GDP.MKTP.CD,1994,2440367682872.9
Late-demographic dividend,LTE,NY.GDP.MKTP.CD,1995,3023905067447.71
Late-demographic dividend,LTE,NY.GDP.MKTP.CD,1996,3335133915921.74
Late-demographic dividend,LTE,NY.GDP.MKTP.CD,1997,3493738971286.24
Late-demographic dividend,LTE,NY.GDP.MKTP.CD,1998,3367800746254.92
Late-demographic dividend,LTE,NY.GDP.MKTP.CD,1999,3112522628017.8
Late-demographic dividend,LTE,NY.GDP.MKTP.CD,2000,3418913200754.6
Late-demographic dividend,LTE,NY.GDP.MKTP.CD,2001,3536187082458.8
Late-demographic dividend,LTE,NY.GDP.MKTP.CD,2002,3750348820903.15
Late-demographic dividend,LTE,NY.GDP.MKTP.CD,2003,4273780094502.46
Late-demographic dividend,LTE,NY.GDP.MKTP.CD,2004,5137669562692.03
Late-demographic dividend,LTE,NY.GDP.MKTP.CD,2005,6197282356458.66
Late-demographic dividend,LTE,NY.GDP.MKTP.CD,2006,7482372535432.29
Late-demographic dividend,LTE,NY.GDP.MKTP.CD,2007,9435731160311.88
Late-demographic dividend,LTE,NY.GDP.MKTP.CD,2008,11746008266260.5
Late-demographic dividend,LTE,NY.GDP.MKTP.CD,2009,11368249341334.8
Late-demographic dividend,LTE,NY.GDP.MKTP.CD,2010,13681203944217.6
Late-demographic dividend,LTE,NY.GDP.MKTP.CD,2011,16665376053801.4
Late-demographic dividend,LTE,NY.GDP.MKTP.CD,2012,17836299691343.4
Late-demographic dividend,LTE,NY.GDP.MKTP.CD,2013,19233517996185.8
Late-demographic dividend,LTE,NY.GDP.MKTP.CD,2014,19998109363135.1
Late-demographic dividend,LTE,NY.GDP.MKTP.CD,2015,18797219516598.6
Late-demographic dividend,LTE,NY.GDP.MKTP.CD,2016,18841938118214.3
Late-demographic dividend,LTE,NY.GDP.MKTP.CD,2017,20889290528064.1
Late-demographic dividend,LTE,NY.GDP.MKTP.CD,2018,22907807978183.2
Late-demographic dividend,LTE,NY.GDP.MKTP.CD,2019,23366922633045.5
Late-demographic dividend,LTE,NY.GDP.MKTP.CD,2020,22869846935930.6
Late-demographic dividend,LTE,NY.GDP.MKTP.CD,2021,27284909409699.1
Late-demographic dividend,LTE,NY.GDP.MKTP.CD,2022,28553586772075.8
Late-demographic dividend,LTE,NY.GDP.MKTP.CD,2023,28909440099233.0
Late-demographic dividend,LTE,NY.GDP.MKTP.CD,2024,29983452735875.0
Late-demographic dividend,LTE,NY.GDP.MKTP.CD,2025,31873985161936.8
Lithuania,LTU,NY.GDP.MKTP.CD,1995,7921210339.58439
Lithuania,LTU,NY.GDP.MKTP.CD,1996,8430207164.43677
Lithuania,LTU,NY.GDP.MKTP.CD,1997,10168271903.3233
Lithuania,LTU,NY.GDP.MKTP.CD,1998,11289161847.2162
Lithuania,LTU,NY.GDP.MKTP.CD,1999,11022095813.552
Lithuania,LTU,NY.GDP.MKTP.CD,2000,11550695727.2335
Lithuania,LTU,NY.GDP.MKTP.CD,2001,12260761329.3051
Lithuania,LTU,NY.GDP.MKTP.CD,2002,14282292664.6004
Lithuania,LTU,NY.GDP.MKTP.CD,2003,18809197969.5431
Lithuania,LTU,NY.GDP.MKTP.CD,2004,22743164431.1972
Lithuania,LTU,NY.GDP.MKTP.CD,2005,26105207115.3129
Lithuania,LTU,NY.GDP.MKTP.CD,2006,30116192746.8942
Lithuania,LTU,NY.GDP.MKTP.CD,2007,39729151614.6689
Lithuania,LTU,NY.GDP.MKTP.CD,2008,47831254207.5223
Lithuania,LTU,NY.GDP.MKTP.CD,2009,37494380038.9213
Lithuania,LTU,NY.GDP.MKTP.CD,2010,36638128534.0643
Lithuania,LTU,NY.GDP.MKTP.CD,2011,43186501862.7907
Lithuania,LTU,NY.GDP.MKTP.CD,2012,42709372066.8627
Lithuania,LTU,NY.GDP.MKTP.CD,2013,46303660422.0434
Lithuania,LTU,NY.GDP.MKTP.CD,2014,48306546656.9281
Lithuania,LTU,NY.GDP.MKTP.CD,2015,41540954817.2039
Lithuania,LTU,NY.GDP.MKTP.CD,2016,42970749245.0336
Lithuania,LTU,NY.GDP.MKTP.CD,2017,47756764508.446
Lithuania,LTU,NY.GDP.MKTP.CD,2018,54261795148.5372
Lithuania,LTU,NY.GDP.MKTP.CD,2019,55122066225.796
Lithuania,LTU,NY.GDP.MKTP.CD,2020,57412038533.2718
Lithuania,LTU,NY.GDP.MKTP.CD,2021,67072165721.2431
Lithuania,LTU,NY.GDP.MKTP.CD,2022,70639687325.6326
Lithuania,LTU,NY.GDP.MKTP.CD,2023,80356613554.5602
Lithuania,LTU,NY.GDP.MKTP.CD,2024,85503938573.5664
Lithuania,LTU,NY.GDP.MKTP.CD,2025,95210150818.3512
Luxembourg,LUX,NY.GDP.MKTP.CD,1960,709941874.044355
Luxembourg,LUX,NY.GDP.MKTP.CD,1961,710163719.406917
Luxembourg,LUX,NY.GDP.MKTP.CD,1962,747846862.209673
Luxembourg,LUX,NY.GDP.MKTP.CD,1963,797902154.238122
Luxembourg,LUX,NY.GDP.MKTP.CD,1964,910877686.268584
Luxembourg,LUX,NY.GDP.MKTP.CD,1965,929477284.788002
Luxembourg,LUX,NY.GDP.MKTP.CD,1966,976717015.461454
Luxembourg,LUX,NY.GDP.MKTP.CD,1967,983052314.930267
Luxembourg,LUX,NY.GDP.MKTP.CD,1968,1075561622.81321
Luxembourg,LUX,NY.GDP.MKTP.CD,1969,1245432991.34271
Luxembourg,LUX,NY.GDP.MKTP.CD,1970,1457768455.02219
Luxembourg,LUX,NY.GDP.MKTP.CD,1971,1518773421.37846
Luxembourg,LUX,NY.GDP.MKTP.CD,1972,1901697369.62698
Luxembourg,LUX,NY.GDP.MKTP.CD,1973,2609875802.11136
Luxembourg,LUX,NY.GDP.MKTP.CD,1974,3183637116.81856
Luxembourg,LUX,NY.GDP.MKTP.CD,1975,3123333333.33333
Luxembourg,LUX,NY.GDP.MKTP.CD,1976,3423586206.89655
Luxembourg,LUX,NY.GDP.MKTP.CD,1977,3789321328.08104
Luxembourg,LUX,NY.GDP.MKTP.CD,1978,4718539771.99949
Luxembourg,LUX,NY.GDP.MKTP.CD,1979,5516982663.73143
Luxembourg,LUX,NY.GDP.MKTP.CD,1980,6019805490.41247
Luxembourg,LUX,NY.GDP.MKTP.CD,1981,5053665797.47936
Luxembourg,LUX,NY.GDP.MKTP.CD,1982,4602316793.21914
Luxembourg,LUX,NY.GDP.MKTP.CD,1983,4524217751.47929
Luxembourg,LUX,NY.GDP.MKTP.CD,1984,4438435492.87908
Luxembourg,LUX,NY.GDP.MKTP.CD,1985,4577211767.10374
Luxembourg,LUX,NY.GDP.MKTP.CD,1986,6685595087.59256
Luxembourg,LUX,NY.GDP.MKTP.CD,1987,8320902215.01891
Luxembourg,LUX,NY.GDP.MKTP.CD,1988,9418167855.18376
Luxembourg,LUX,NY.GDP.MKTP.CD,1989,10037674037.674
Luxembourg,LUX,NY.GDP.MKTP.CD,1990,12778792853.6939
Luxembourg,LUX,NY.GDP.MKTP.CD,1991,13834219728.293
Luxembourg,LUX,NY.GDP.MKTP.CD,1992,15518702634.8808
Luxembourg,LUX,NY.GDP.MKTP.CD,1993,15925521222.0149
Luxembourg,LUX,NY.GDP.MKTP.CD,1994,17701798890.7644
Luxembourg,LUX,NY.GDP.MKTP.CD,1995,20853093869.7318
Luxembourg,LUX,NY.GDP.MKTP.CD,1996,20895314657.9805
Luxembourg,LUX,NY.GDP.MKTP.CD,1997,19563836265.2233
Luxembourg,LUX,NY.GDP.MKTP.CD,1998,20150055567.904
Luxembourg,LUX,NY.GDP.MKTP.CD,1999,21899317598.8414
Luxembourg,LUX,NY.GDP.MKTP.CD,2000,21230200537.942
Luxembourg,LUX,NY.GDP.MKTP.CD,2001,21387550720.1937
Luxembourg,LUX,NY.GDP.MKTP.CD,2002,23649832386.5918
Luxembourg,LUX,NY.GDP.MKTP.CD,2003,29667268248.1305
Luxembourg,LUX,NY.GDP.MKTP.CD,2004,35064843792.8993
Luxembourg,LUX,NY.GDP.MKTP.CD,2005,37672311222.7362
Luxembourg,LUX,NY.GDP.MKTP.CD,2006,42910153829.6576
Luxembourg,LUX,NY.GDP.MKTP.CD,2007,51587401415.7872
Luxembourg,LUX,NY.GDP.MKTP.CD,2008,58844277701.5258
Luxembourg,LUX,NY.GDP.MKTP.CD,2009,54467289897.5582
Luxembourg,LUX,NY.GDP.MKTP.CD,2010,56213985987.4168
Luxembourg,LUX,NY.GDP.MKTP.CD,2011,61696281326.2453
Luxembourg,LUX,NY.GDP.MKTP.CD,2012,59776383527.3602
Luxembourg,LUX,NY.GDP.MKTP.CD,2013,65203276466.9763
Luxembourg,LUX,NY.GDP.MKTP.CD,2014,68804814554.646
Luxembourg,LUX,NY.GDP.MKTP.CD,2015,60071584216.1375
Luxembourg,LUX,NY.GDP.MKTP.CD,2016,62216885435.9488
Luxembourg,LUX,NY.GDP.MKTP.CD,2017,65712180342.9836
Luxembourg,LUX,NY.GDP.MKTP.CD,2018,71085623495.1145
Luxembourg,LUX,NY.GDP.MKTP.CD,2019,69872035113.6469
Luxembourg,LUX,NY.GDP.MKTP.CD,2020,73670782100.3909
Luxembourg,LUX,NY.GDP.MKTP.CD,2021,86386759695.1653
Luxembourg,LUX,NY.GDP.MKTP.CD,2022,80801680397.0139
Luxembourg,LUX,NY.GDP.MKTP.CD,2023,88788881539.3937
Luxembourg,LUX,NY.GDP.MKTP.CD,2024,93279851863.4062
Luxembourg,LUX,NY.GDP.MKTP.CD,2025,101157829491.107
Latvia,LVA,NY.GDP.MKTP.CD,1995,5608208784.9401
Latvia,LVA,NY.GDP.MKTP.CD,1996,5799465288.41246
Latvia,LVA,NY.GDP.MKTP.CD,1997,6349481006.53278
Latvia,LVA,NY.GDP.MKTP.CD,1998,6974112951.26891
Latvia,LVA,NY.GDP.MKTP.CD,1999,7324192889.74297
Latvia,LVA,NY.GDP.MKTP.CD,2000,7761252607.18424
Latvia,LVA,NY.GDP.MKTP.CD,2001,8190888739.6463
Latvia,LVA,NY.GDP.MKTP.CD,2002,9249030241.01864
Latvia,LVA,NY.GDP.MKTP.CD,2003,11244337719.8377
Latvia,LVA,NY.GDP.MKTP.CD,2004,13827070378.5612
Latvia,LVA,NY.GDP.MKTP.CD,2005,16306935905.4138
Latvia,LVA,NY.GDP.MKTP.CD,2006,20434922247.3037
Latvia,LVA,NY.GDP.MKTP.CD,2007,29420499247.7089
Latvia,LVA,NY.GDP.MKTP.CD,2008,34135200994.0067
Latvia,LVA,NY.GDP.MKTP.CD,2009,25691530442.035
Latvia,LVA,NY.GDP.MKTP.CD,2010,23468324572.3343
Latvia,LVA,NY.GDP.MKTP.CD,2011,26575547900.8247
Latvia,LVA,NY.GDP.MKTP.CD,2012,27116149948.6683
Latvia,LVA,NY.GDP.MKTP.CD,2013,29152128167.8438
Latvia,LVA,NY.GDP.MKTP.CD,2014,30277203767.4058
Latvia,LVA,NY.GDP.MKTP.CD,2015,26344565876.8902
Latvia,LVA,NY.GDP.MKTP.CD,2016,27117105059.5075
Latvia,LVA,NY.GDP.MKTP.CD,2017,29391059767.4259
Latvia,LVA,NY.GDP.MKTP.CD,2018,33247935477.3576
Latvia,LVA,NY.GDP.MKTP.CD,2019,33099503950.847
Latvia,LVA,NY.GDP.MKTP.CD,2020,33379927434.6149
Latvia,LVA,NY.GDP.MKTP.CD,2021,38183326784.9335
Latvia,LVA,NY.GDP.MKTP.CD,2022,38003198508.9107
Latvia,LVA,NY.GDP.MKTP.CD,2023,42779550936.838
Latvia,LVA,NY.GDP.MKTP.CD,2024,44001275012.6141
Latvia,LVA,NY.GDP.MKTP.CD,2025,48618869160.3254
"Macao SAR, China",MAC,NY.GDP.MKTP.CD,1982,1142497718.77916
"Macao SAR, China",MAC,NY.GDP.MKTP.CD,1983,1133013235.10045
"Macao SAR, China",MAC,NY.GDP.MKTP.CD,1984,1304361353.27024
"Macao SAR, China",MAC,NY.GDP.MKTP.CD,1985,1362072159.94515
"Macao SAR, China",MAC,NY.GDP.MKTP.CD,1986,1532105070.18581
"Macao SAR, China",MAC,NY.GDP.MKTP.CD,1987,1957724829.35921
"Macao SAR, China",MAC,NY.GDP.MKTP.CD,1988,2288761822.51257
"Macao SAR, China",MAC,NY.GDP.MKTP.CD,1989,2705665492.01675
"Macao SAR, China",MAC,NY.GDP.MKTP.CD,1990,3246481233.24397
"Macao SAR, China",MAC,NY.GDP.MKTP.CD,1991,3765249711.09098
"Macao SAR, China",MAC,NY.GDP.MKTP.CD,1992,4914365189.04984
"Macao SAR, China",MAC,NY.GDP.MKTP.CD,1993,5665606114.80317
"Macao SAR, China",MAC,NY.GDP.MKTP.CD,1994,6311207779.92441
"Macao SAR, China",MAC,NY.GDP.MKTP.CD,1995,7046147736.91671
"Macao SAR, China",MAC,NY.GDP.MKTP.CD,1996,7176892950.39164
"Macao SAR, China",MAC,NY.GDP.MKTP.CD,1997,7267570892.70211
"Macao SAR, China",MAC,NY.GDP.MKTP.CD,1998,6796914861.6572
"Macao SAR, China",MAC,NY.GDP.MKTP.CD,1999,6547169929.36554
"Macao SAR, China",MAC,NY.GDP.MKTP.CD,2000,6773944355.1502
"Macao SAR, China",MAC,NY.GDP.MKTP.CD,2001,6860272608.45211
"Macao SAR, China",MAC,NY.GDP.MKTP.CD,2002,7371692774.43404
"Macao SAR, China",MAC,NY.GDP.MKTP.CD,2003,8246479565.94248
"Macao SAR, China",MAC,NY.GDP.MKTP.CD,2004,10643253553.184
"Macao SAR, China",MAC,NY.GDP.MKTP.CD,2005,12160056122.3757
"Macao SAR, China",MAC,NY.GDP.MKTP.CD,2006,14874098691.9082
"Macao SAR, China",MAC,NY.GDP.MKTP.CD,2007,18439981612.4086
"Macao SAR, China",MAC,NY.GDP.MKTP.CD,2008,21027018332.6663
"Macao SAR, China",MAC,NY.GDP.MKTP.CD,2009,21589540350.7115
"Macao SAR, China",MAC,NY.GDP.MKTP.CD,2010,28244172833.6035
"Macao SAR, China",MAC,NY.GDP.MKTP.CD,2011,36848881944.6939
"Macao SAR, China",MAC,NY.GDP.MKTP.CD,2012,43193350975.6862
"Macao SAR, China",MAC,NY.GDP.MKTP.CD,2013,51559125350.236
"Macao SAR, China",MAC,NY.GDP.MKTP.CD,2014,54930501310.2956
"Macao SAR, China",MAC,NY.GDP.MKTP.CD,2015,44940613353.1038
"Macao SAR, China",MAC,NY.GDP.MKTP.CD,2016,44964868323.7558
"Macao SAR, China",MAC,NY.GDP.MKTP.CD,2017,50297028370.6668
"Macao SAR, China",MAC,NY.GDP.MKTP.CD,2018,55076322634.344
"Macao SAR, China",MAC,NY.GDP.MKTP.CD,2019,55025172016.004
"Macao SAR, China",MAC,NY.GDP.MKTP.CD,2020,25280064167.7333
"Macao SAR, China",MAC,NY.GDP.MKTP.CD,2021,30633941629.3633
"Macao SAR, China",MAC,NY.GDP.MKTP.CD,2022,24929307447.3237
"Macao SAR, China",MAC,NY.GDP.MKTP.CD,2023,45626467279.891
"Macao SAR, China",MAC,NY.GDP.MKTP.CD,2024,49467258923.3244
"Macao SAR, China",MAC,NY.GDP.MKTP.CD,2025,52061007670.169
St. Martin (French part),MAF,NY.GDP.MKTP.CD,2011,775875748.523832
St. Martin (French part),MAF,NY.GDP.MKTP.CD,2014,772921958.529509
St. Martin (French part),MAF,NY.GDP.MKTP.CD,2019,652206037.103874
St. Martin (French part),MAF,NY.GDP.MKTP.CD,2021,649206262.847519
Morocco,MAR,NY.GDP.MKTP.CD,1960,2037154741.93211
Morocco,MAR,NY.GDP.MKTP.CD,1961,2025693539.55842
Morocco,MAR,NY.GDP.MKTP.CD,1962,2379611124.61442
Morocco,MAR,NY.GDP.MKTP.CD,1963,2657252578.30763
Morocco,MAR,NY.GDP.MKTP.CD,1964,2798345298.57781
Morocco,MAR,NY.GDP.MKTP.CD,1965,2948331090.46752
Morocco,MAR,NY.GDP.MKTP.CD,1966,2876401297.10759
Morocco,MAR,NY.GDP.MKTP.CD,1967,3046345314.38655
Morocco,MAR,NY.GDP.MKTP.CD,1968,3271422332.61996
Morocco,MAR,NY.GDP.MKTP.CD,1969,3651622668.95103
Morocco,MAR,NY.GDP.MKTP.CD,1970,3956336244.11865
Morocco,MAR,NY.GDP.MKTP.CD,1971,4356669034.34266
Morocco,MAR,NY.GDP.MKTP.CD,1972,5074117544.77482
Morocco,MAR,NY.GDP.MKTP.CD,1973,6242145880.08876
Morocco,MAR,NY.GDP.MKTP.CD,1974,7675466449.35531
Morocco,MAR,NY.GDP.MKTP.CD,1975,8984853005.08058
Morocco,MAR,NY.GDP.MKTP.CD,1976,9584297284.28316
Morocco,MAR,NY.GDP.MKTP.CD,1977,11049783871.8144
Morocco,MAR,NY.GDP.MKTP.CD,1978,13236946233.5759
Morocco,MAR,NY.GDP.MKTP.CD,1979,15911994817.3107
Morocco,MAR,NY.GDP.MKTP.CD,1980,21728516153.0907
Morocco,MAR,NY.GDP.MKTP.CD,1981,17788185478.944
Morocco,MAR,NY.GDP.MKTP.CD,1982,17692276734.171
Morocco,MAR,NY.GDP.MKTP.CD,1983,16251408127.5735
Morocco,MAR,NY.GDP.MKTP.CD,1984,14824667954.3674
Morocco,MAR,NY.GDP.MKTP.CD,1985,14991283215.7408
Morocco,MAR,NY.GDP.MKTP.CD,1986,19462085540.2231
Morocco,MAR,NY.GDP.MKTP.CD,1987,21765195948.189
Morocco,MAR,NY.GDP.MKTP.CD,1988,25705296183.5037
Morocco,MAR,NY.GDP.MKTP.CD,1989,26314313191.1826
Morocco,MAR,NY.GDP.MKTP.CD,1990,30179954774.9899
Morocco,MAR,NY.GDP.MKTP.CD,1991,32285573573.9185
Morocco,MAR,NY.GDP.MKTP.CD,1992,33711069430.78
Morocco,MAR,NY.GDP.MKTP.CD,1993,31655473663.8348
Morocco,MAR,NY.GDP.MKTP.CD,1994,35604137422.5796
Morocco,MAR,NY.GDP.MKTP.CD,1995,39030285468.3841
Morocco,MAR,NY.GDP.MKTP.CD,1996,43161571527.6353
Morocco,MAR,NY.GDP.MKTP.CD,1997,39147844526.0838
Morocco,MAR,NY.GDP.MKTP.CD,1998,46497608724.9865
Morocco,MAR,NY.GDP.MKTP.CD,1999,46266428648.1433
Morocco,MAR,NY.GDP.MKTP.CD,2000,43017455401.8445
Morocco,MAR,NY.GDP.MKTP.CD,2001,43831480207.6444
Morocco,MAR,NY.GDP.MKTP.CD,2002,47077192187.6418
Morocco,MAR,NY.GDP.MKTP.CD,2003,58029363354.2757
Morocco,MAR,NY.GDP.MKTP.CD,2004,66114145451.0067
Morocco,MAR,NY.GDP.MKTP.CD,2005,68852658068.6673
Morocco,MAR,NY.GDP.MKTP.CD,2006,75883823300.8545
Morocco,MAR,NY.GDP.MKTP.CD,2007,86947913286.728
Morocco,MAR,NY.GDP.MKTP.CD,2008,101822906949.063
Morocco,MAR,NY.GDP.MKTP.CD,2009,101154952240.881
Morocco,MAR,NY.GDP.MKTP.CD,2010,100865329473.44
Morocco,MAR,NY.GDP.MKTP.CD,2011,110080631332.375
Morocco,MAR,NY.GDP.MKTP.CD,2012,106937392311.129
Morocco,MAR,NY.GDP.MKTP.CD,2013,115739287305.08
Morocco,MAR,NY.GDP.MKTP.CD,2014,119130841411.664
Morocco,MAR,NY.GDP.MKTP.CD,2015,110413823841.592
Morocco,MAR,NY.GDP.MKTP.CD,2016,111572947004.917
Morocco,MAR,NY.GDP.MKTP.CD,2017,118540573367.844
Morocco,MAR,NY.GDP.MKTP.CD,2018,127341147581.818
Morocco,MAR,NY.GDP.MKTP.CD,2019,128920266409.458
Morocco,MAR,NY.GDP.MKTP.CD,2020,121353645057.144
Morocco,MAR,NY.GDP.MKTP.CD,2021,142022058447.231
Morocco,MAR,NY.GDP.MKTP.CD,2022,131245312804.483
Morocco,MAR,NY.GDP.MKTP.CD,2023,146036093666.762
Morocco,MAR,NY.GDP.MKTP.CD,2024,160610994054.734
Morocco,MAR,NY.GDP.MKTP.CD,2025,182374250612.28
Monaco,MCO,NY.GDP.MKTP.CD,1970,293127333.238065
Monaco,MCO,NY.GDP.MKTP.CD,1971,327706210.435217
Monaco,MCO,NY.GDP.MKTP.CD,1972,402451900.821288
Monaco,MCO,NY.GDP.MKTP.CD,1973,523554039.203208
Monaco,MCO,NY.GDP.MKTP.CD,1974,563949254.114034
Monaco,MCO,NY.GDP.MKTP.CD,1975,711978961.893674
Monaco,MCO,NY.GDP.MKTP.CD,1976,735324244.667397
Monaco,MCO,NY.GDP.MKTP.CD,1977,811191392.224277
Monaco,MCO,NY.GDP.MKTP.CD,1978,1000555218.03209
Monaco,MCO,NY.GDP.MKTP.CD,1979,1209870147.49099
Monaco,MCO,NY.GDP.MKTP.CD,1980,1378175524.11186
Monaco,MCO,NY.GDP.MKTP.CD,1981,1205188647.93163
Monaco,MCO,NY.GDP.MKTP.CD,1982,1143216456.56796
Monaco,MCO,NY.GDP.MKTP.CD,1983,1092560364.51959
Monaco,MCO,NY.GDP.MKTP.CD,1984,1037329604.35108
Monaco,MCO,NY.GDP.MKTP.CD,1985,1082867507.33142
Monaco,MCO,NY.GDP.MKTP.CD,1986,1515234743.47367
Monaco,MCO,NY.GDP.MKTP.CD,1987,1839081463.27676
Monaco,MCO,NY.GDP.MKTP.CD,1988,2000704744.91538
Monaco,MCO,NY.GDP.MKTP.CD,1989,2010083833.1726
Monaco,MCO,NY.GDP.MKTP.CD,1990,2481307077.10989
Monaco,MCO,NY.GDP.MKTP.CD,1991,2480540845.33242
Monaco,MCO,NY.GDP.MKTP.CD,1992,2737049230.70442
Monaco,MCO,NY.GDP.MKTP.CD,1993,2574494355.73357
Monaco,MCO,NY.GDP.MKTP.CD,1994,2720332134.53623
Monaco,MCO,NY.GDP.MKTP.CD,1995,3130309995.30848
Monaco,MCO,NY.GDP.MKTP.CD,1996,3137886994.52207
Monaco,MCO,NY.GDP.MKTP.CD,1997,2840195190.36905
Monaco,MCO,NY.GDP.MKTP.CD,1998,2934593467.68589
Monaco,MCO,NY.GDP.MKTP.CD,1999,2907118416.87259
Monaco,MCO,NY.GDP.MKTP.CD,2000,2654462465.88236
Monaco,MCO,NY.GDP.MKTP.CD,2001,2673722828.62205
Monaco,MCO,NY.GDP.MKTP.CD,2002,2919647992.19608
Monaco,MCO,NY.GDP.MKTP.CD,2003,3597090047.05882
Monaco,MCO,NY.GDP.MKTP.CD,2004,4043553260.57916
Monaco,MCO,NY.GDP.MKTP.CD,2005,4204651893.54085
Monaco,MCO,NY.GDP.MKTP.CD,2006,4586828062.23529
Monaco,MCO,NY.GDP.MKTP.CD,2007,5875787545.33335
Monaco,MCO,NY.GDP.MKTP.CD,2008,6502945305.07812
Monaco,MCO,NY.GDP.MKTP.CD,2009,5474381527.61718
Monaco,MCO,NY.GDP.MKTP.CD,2010,5367561640.00001
Monaco,MCO,NY.GDP.MKTP.CD,2011,6088690667.31519
Monaco,MCO,NY.GDP.MKTP.CD,2012,5742748405.54688
Monaco,MCO,NY.GDP.MKTP.CD,2013,6555590641.56865
Monaco,MCO,NY.GDP.MKTP.CD,2014,7070015473.96076
Monaco,MCO,NY.GDP.MKTP.CD,2015,6264753585.625
Monaco,MCO,NY.GDP.MKTP.CD,2016,6471287668.59924
Monaco,MCO,NY.GDP.MKTP.CD,2017,6430258224.58825
Monaco,MCO,NY.GDP.MKTP.CD,2018,7184336760.39215
Monaco,MCO,NY.GDP.MKTP.CD,2019,7383494129.41175
Monaco,MCO,NY.GDP.MKTP.CD,2020,6730733230.81714
Monaco,MCO,NY.GDP.MKTP.CD,2021,8623241326.74405
Monaco,MCO,NY.GDP.MKTP.CD,2022,8800432773.73544
Monaco,MCO,NY.GDP.MKTP.CD,2023,10003897341.1766
Monaco,MCO,NY.GDP.MKTP.CD,2024,11125788838.2812
Moldova,MDA,NY.GDP.MKTP.CD,1990,3592857043.05057
Moldova,MDA,NY.GDP.MKTP.CD,1991,3094565870.64237
Moldova,MDA,NY.GDP.MKTP.CD,1992,2319243435.96096
Moldova,MDA,NY.GDP.MKTP.CD,1993,2371813323.57343
Moldova,MDA,NY.GDP.MKTP.CD,1994,1702314267.59123
Moldova,MDA,NY.GDP.MKTP.CD,1995,1752999370.46158
Moldova,MDA,NY.GDP.MKTP.CD,1996,1695122173.91304
Moldova,MDA,NY.GDP.MKTP.CD,1997,1930081168.83117
Moldova,MDA,NY.GDP.MKTP.CD,1998,1698717504.65549
Moldova,MDA,NY.GDP.MKTP.CD,1999,1170782957.37443
Moldova,MDA,NY.GDP.MKTP.CD,2000,1288429391.79951
Moldova,MDA,NY.GDP.MKTP.CD,2001,1480673594.05602
Moldova,MDA,NY.GDP.MKTP.CD,2002,1661818168.4226
Moldova,MDA,NY.GDP.MKTP.CD,2003,1980907434.76826
Moldova,MDA,NY.GDP.MKTP.CD,2004,2598249555.89984
Moldova,MDA,NY.GDP.MKTP.CD,2005,2988342907.03096
Moldova,MDA,NY.GDP.MKTP.CD,2006,3408255450.5509
Moldova,MDA,NY.GDP.MKTP.CD,2007,4401173151.93767
Moldova,MDA,NY.GDP.MKTP.CD,2008,6054824248.24221
Moldova,MDA,NY.GDP.MKTP.CD,2009,5439434271.78807
Moldova,MDA,NY.GDP.MKTP.CD,2010,6974982369.60155
Moldova,MDA,NY.GDP.MKTP.CD,2011,8414352020.49442
Moldova,MDA,NY.GDP.MKTP.CD,2012,8709138634.82921
Moldova,MDA,NY.GDP.MKTP.CD,2013,9496717875.51932
Moldova,MDA,NY.GDP.MKTP.CD,2014,9402090137.7423
Moldova,MDA,NY.GDP.MKTP.CD,2015,7797667196.73087
Moldova,MDA,NY.GDP.MKTP.CD,2016,7980917075.7748
Moldova,MDA,NY.GDP.MKTP.CD,2017,9514404016.20949
Moldova,MDA,NY.GDP.MKTP.CD,2018,11252353420.8798
Moldova,MDA,NY.GDP.MKTP.CD,2019,11736797054.6965
Moldova,MDA,NY.GDP.MKTP.CD,2020,11530746234.4492
Moldova,MDA,NY.GDP.MKTP.CD,2021,13691869264.0794
Moldova,MDA,NY.GDP.MKTP.CD,2022,14525337523.7271
Moldova,MDA,NY.GDP.MKTP.CD,2023,16711906746.2133
Moldova,MDA,NY.GDP.MKTP.CD,2024,18206842140.7615
Moldova,MDA,NY.GDP.MKTP.CD,2025,20351796275.2943
Madagascar,MDG,NY.GDP.MKTP.CD,1960,673081724.751168
Madagascar,MDG,NY.GDP.MKTP.CD,1961,699161944.558097
Madagascar,MDG,NY.GDP.MKTP.CD,1962,739286907.592778
Madagascar,MDG,NY.GDP.MKTP.CD,1963,759345863.732667
Madagascar,MDG,NY.GDP.MKTP.CD,1964,802482183.728778
Madagascar,MDG,NY.GDP.MKTP.CD,1965,833563472.9981
Madagascar,MDG,NY.GDP.MKTP.CD,1966,900264584.590829
Madagascar,MDG,NY.GDP.MKTP.CD,1967,956436932.101291
Madagascar,MDG,NY.GDP.MKTP.CD,1968,1031669637.39553
Madagascar,MDG,NY.GDP.MKTP.CD,1969,1056391055.59617
Madagascar,MDG,NY.GDP.MKTP.CD,1970,1111859570.88252
Madagascar,MDG,NY.GDP.MKTP.CD,1971,1199507631.07603
Madagascar,MDG,NY.GDP.MKTP.CD,1972,1341590690.41365
Madagascar,MDG,NY.GDP.MKTP.CD,1973,1653062335.00286
Madagascar,MDG,NY.GDP.MKTP.CD,1974,1917508190.04689
Madagascar,MDG,NY.GDP.MKTP.CD,1975,2283049215.35339
Madagascar,MDG,NY.GDP.MKTP.CD,1976,2181844178.5534
Madagascar,MDG,NY.GDP.MKTP.CD,1977,2358930406.0689
Madagascar,MDG,NY.GDP.MKTP.CD,1978,2669755115.10935
Madagascar,MDG,NY.GDP.MKTP.CD,1979,3463565853.81023
Madagascar,MDG,NY.GDP.MKTP.CD,1980,5201818347.79882
Madagascar,MDG,NY.GDP.MKTP.CD,1981,4759333998.36746
Madagascar,MDG,NY.GDP.MKTP.CD,1982,4784977325.95803
Madagascar,MDG,NY.GDP.MKTP.CD,1983,4686457031.2269
Madagascar,MDG,NY.GDP.MKTP.CD,1984,3905938480.86119
Madagascar,MDG,NY.GDP.MKTP.CD,1985,3802557894.8719
Madagascar,MDG,NY.GDP.MKTP.CD,1986,4347989788.09257
Madagascar,MDG,NY.GDP.MKTP.CD,1987,3212900555.8091
Madagascar,MDG,NY.GDP.MKTP.CD,1988,3189456965.0482
Madagascar,MDG,NY.GDP.MKTP.CD,1989,3175638332.64471
Madagascar,MDG,NY.GDP.MKTP.CD,1990,3931334875.01376
Madagascar,MDG,NY.GDP.MKTP.CD,1991,3254713056.02171
Madagascar,MDG,NY.GDP.MKTP.CD,1992,3714966678.33381
Madagascar,MDG,NY.GDP.MKTP.CD,1993,4063298919.2868
Madagascar,MDG,NY.GDP.MKTP.CD,1994,3522227092.22839
Madagascar,MDG,NY.GDP.MKTP.CD,1995,3838100903.74974
Madagascar,MDG,NY.GDP.MKTP.CD,1996,4931861038.70763
Madagascar,MDG,NY.GDP.MKTP.CD,1997,4262965419.74998
Madagascar,MDG,NY.GDP.MKTP.CD,1998,4401967632.73718
Madagascar,MDG,NY.GDP.MKTP.CD,1999,4277903780.29131
Madagascar,MDG,NY.GDP.MKTP.CD,2000,4629247203.84524
Madagascar,MDG,NY.GDP.MKTP.CD,2001,5438332601.90798
Madagascar,MDG,NY.GDP.MKTP.CD,2002,5351701663.40807
Madagascar,MDG,NY.GDP.MKTP.CD,2003,6372498889.66585
Madagascar,MDG,NY.GDP.MKTP.CD,2004,5064732626.29389
Madagascar,MDG,NY.GDP.MKTP.CD,2005,5859269752.61332
Madagascar,MDG,NY.GDP.MKTP.CD,2006,6395712490.94304
Madagascar,MDG,NY.GDP.MKTP.CD,2007,8524620889.57747
Madagascar,MDG,NY.GDP.MKTP.CD,2008,10725137723.6549
Madagascar,MDG,NY.GDP.MKTP.CD,2009,9616879409.43789
Madagascar,MDG,NY.GDP.MKTP.CD,2010,9982711338.07029
Madagascar,MDG,NY.GDP.MKTP.CD,2011,11551819617.874
Madagascar,MDG,NY.GDP.MKTP.CD,2012,11578975061.9479
Madagascar,MDG,NY.GDP.MKTP.CD,2013,12423555455.3853
Madagascar,MDG,NY.GDP.MKTP.CD,2014,12522957399.2281
Madagascar,MDG,NY.GDP.MKTP.CD,2015,11323020701.3017
Madagascar,MDG,NY.GDP.MKTP.CD,2016,11848613858.442
Madagascar,MDG,NY.GDP.MKTP.CD,2017,13176313593.5509
Madagascar,MDG,NY.GDP.MKTP.CD,2018,13760033282.2925
Madagascar,MDG,NY.GDP.MKTP.CD,2019,14104664678.5063
Madagascar,MDG,NY.GDP.MKTP.CD,2020,13051441204.053
Madagascar,MDG,NY.GDP.MKTP.CD,2021,14354731964.3258
Madagascar,MDG,NY.GDP.MKTP.CD,2022,15342178598.2475
Madagascar,MDG,NY.GDP.MKTP.CD,2023,16036707975.7567
Madagascar,MDG,NY.GDP.MKTP.CD,2024,17592832696.1336
Madagascar,MDG,NY.GDP.MKTP.CD,2025,19620352035.7899
Maldives,MDV,NY.GDP.MKTP.CD,1970,19328038.3157895
Maldives,MDV,NY.GDP.MKTP.CD,1971,21566404.0169133
Maldives,MDV,NY.GDP.MKTP.CD,1972,25177137.5286041
Maldives,MDV,NY.GDP.MKTP.CD,1973,30862041.60401
Maldives,MDV,NY.GDP.MKTP.CD,1974,39120171.2468193
Maldives,MDV,NY.GDP.MKTP.CD,1975,24540877.6041667
Maldives,MDV,NY.GDP.MKTP.CD,1976,22399467.1052632
Maldives,MDV,NY.GDP.MKTP.CD,1977,20853788.7115165
Maldives,MDV,NY.GDP.MKTP.CD,1978,24369109.1415831
Maldives,MDV,NY.GDP.MKTP.CD,1979,38523364.4859813
Maldives,MDV,NY.GDP.MKTP.CD,1980,42463576.1589404
Maldives,MDV,NY.GDP.MKTP.CD,1981,44781456.9536424
Maldives,MDV,NY.GDP.MKTP.CD,1982,47911340.1834794
Maldives,MDV,NY.GDP.MKTP.CD,1983,57829787.2340426
Maldives,MDV,NY.GDP.MKTP.CD,1984,109503546.099291
Maldives,MDV,NY.GDP.MKTP.CD,1985,127190757.959989
Maldives,MDV,NY.GDP.MKTP.CD,1986,141882254.230178
Maldives,MDV,NY.GDP.MKTP.CD,1987,141223029.383064
Maldives,MDV,NY.GDP.MKTP.CD,1988,168514513.375071
Maldives,MDV,NY.GDP.MKTP.CD,1989,189514434.244
Maldives,MDV,NY.GDP.MKTP.CD,1990,215043969.849246
Maldives,MDV,NY.GDP.MKTP.CD,1991,244396761.92334
Maldives,MDV,NY.GDP.MKTP.CD,1992,284875809.039634
Maldives,MDV,NY.GDP.MKTP.CD,1993,322417837.161971
Maldives,MDV,NY.GDP.MKTP.CD,1994,356014932.136461
Maldives,MDV,NY.GDP.MKTP.CD,1995,398988954.970263
Maldives,MDV,NY.GDP.MKTP.CD,1996,450382327.952421
Maldives,MDV,NY.GDP.MKTP.CD,1997,508223602.378929
Maldives,MDV,NY.GDP.MKTP.CD,1998,540096397.621071
Maldives,MDV,NY.GDP.MKTP.CD,1999,589239753.610875
Maldives,MDV,NY.GDP.MKTP.CD,2000,624337145.284622
Maldives,MDV,NY.GDP.MKTP.CD,2001,870031676.798793
Maldives,MDV,NY.GDP.MKTP.CD,2002,897031250.0
Maldives,MDV,NY.GDP.MKTP.CD,2003,1052121054.6875
Maldives,MDV,NY.GDP.MKTP.CD,2004,1226829562.5
Maldives,MDV,NY.GDP.MKTP.CD,2005,1163362437.5
Maldives,MDV,NY.GDP.MKTP.CD,2006,1575200390.625
Maldives,MDV,NY.GDP.MKTP.CD,2007,1868383460.9375
Maldives,MDV,NY.GDP.MKTP.CD,2008,2271646187.5
Maldives,MDV,NY.GDP.MKTP.CD,2009,2345294875.0
Maldives,MDV,NY.GDP.MKTP.CD,2010,2588176054.6875
Maldives,MDV,NY.GDP.MKTP.CD,2011,2774350240.04918
Maldives,MDV,NY.GDP.MKTP.CD,2012,2886163997.20531
Maldives,MDV,NY.GDP.MKTP.CD,2013,3295009237.50107
Maldives,MDV,NY.GDP.MKTP.CD,2014,3697353039.20043
Maldives,MDV,NY.GDP.MKTP.CD,2015,4129505319.12921
Maldives,MDV,NY.GDP.MKTP.CD,2016,4409942623.85538
Maldives,MDV,NY.GDP.MKTP.CD,2017,4816426256.52914
Maldives,MDV,NY.GDP.MKTP.CD,2018,5404344162.69888
Maldives,MDV,NY.GDP.MKTP.CD,2019,5726094799.37709
Maldives,MDV,NY.GDP.MKTP.CD,2020,3712604583.36665
Maldives,MDV,NY.GDP.MKTP.CD,2021,5252457369.55218
Maldives,MDV,NY.GDP.MKTP.CD,2022,6177123352.26211
Maldives,MDV,NY.GDP.MKTP.CD,2023,6621008703.95743
Maldives,MDV,NY.GDP.MKTP.CD,2024,7061608267.25451
Maldives,MDV,NY.GDP.MKTP.CD,2025,7741066860.6337
"Middle East, North Africa, Afghanistan & Pakistan",MEA,NY.GDP.MKTP.CD,1960,29022489624.3066
"Middle East, North Africa, Afghanistan & Pakistan",MEA,NY.GDP.MKTP.CD,1961,30984689554.759
"Middle East, North Africa, Afghanistan & Pakistan",MEA,NY.GDP.MKTP.CD,1962,30830709046.0552
"Middle East, North Africa, Afghanistan & Pakistan",MEA,NY.GDP.MKTP.CD,1963,33978839255.8192
"Middle East, North Africa, Afghanistan & Pakistan",MEA,NY.GDP.MKTP.CD,1964,37874017592.1215
"Middle East, North Africa, Afghanistan & Pakistan",MEA,NY.GDP.MKTP.CD,1965,41649895980.8621
"Middle East, North Africa, Afghanistan & Pakistan",MEA,NY.GDP.MKTP.CD,1966,44824829966.4035
"Middle East, North Africa, Afghanistan & Pakistan",MEA,NY.GDP.MKTP.CD,1967,48699744028.4309
"Middle East, North Africa, Afghanistan & Pakistan",MEA,NY.GDP.MKTP.CD,1968,55351685253.6118
"Middle East, North Africa, Afghanistan & Pakistan",MEA,NY.GDP.MKTP.CD,1969,61445240897.548
"Middle East, North Africa, Afghanistan & Pakistan",MEA,NY.GDP.MKTP.CD,1970,69465924170.1677
"Middle East, North Africa, Afghanistan & Pakistan",MEA,NY.GDP.MKTP.CD,1971,79180667168.722
"Middle East, North Africa, Afghanistan & Pakistan",MEA,NY.GDP.MKTP.CD,1972,93291225242.6846
"Middle East, North Africa, Afghanistan & Pakistan",MEA,NY.GDP.MKTP.CD,1973,121479333503.911
"Middle East, North Africa, Afghanistan & Pakistan",MEA,NY.GDP.MKTP.CD,1974,220675381942.554
"Middle East, North Africa, Afghanistan & Pakistan",MEA,NY.GDP.MKTP.CD,1975,242539983090.512
"Middle East, North Africa, Afghanistan & Pakistan",MEA,NY.GDP.MKTP.CD,1976,301300355965.755
"Middle East, North Africa, Afghanistan & Pakistan",MEA,NY.GDP.MKTP.CD,1977,349590827933.242
"Middle East, North Africa, Afghanistan & Pakistan",MEA,NY.GDP.MKTP.CD,1978,371532462767.179
"Middle East, North Africa, Afghanistan & Pakistan",MEA,NY.GDP.MKTP.CD,1979,483126925590.515
"Middle East, North Africa, Afghanistan & Pakistan",MEA,NY.GDP.MKTP.CD,1980,621236189345.531
"Middle East, North Africa, Afghanistan & Pakistan",MEA,NY.GDP.MKTP.CD,1981,640114230370.351
"Middle East, North Africa, Afghanistan & Pakistan",MEA,NY.GDP.MKTP.CD,1982,641803462745.011
"Middle East, North Africa, Afghanistan & Pakistan",MEA,NY.GDP.MKTP.CD,1983,649493309797.781
"Middle East, North Africa, Afghanistan & Pakistan",MEA,NY.GDP.MKTP.CD,1984,656567090573.901
"Middle East, North Africa, Afghanistan & Pakistan",MEA,NY.GDP.MKTP.CD,1985,668176913263.875
"Middle East, North Africa, Afghanistan & Pakistan",MEA,NY.GDP.MKTP.CD,1986,676537575908.849
"Middle East, North Africa, Afghanistan & Pakistan",MEA,NY.GDP.MKTP.CD,1987,631758723120.986
"Middle East, North Africa, Afghanistan & Pakistan",MEA,NY.GDP.MKTP.CD,1988,631572528869.458
"Middle East, North Africa, Afghanistan & Pakistan",MEA,NY.GDP.MKTP.CD,1989,651128046467.057
"Middle East, North Africa, Afghanistan & Pakistan",MEA,NY.GDP.MKTP.CD,1990,836867640836.182
"Middle East, North Africa, Afghanistan & Pakistan",MEA,NY.GDP.MKTP.CD,1991,673694780582.99
"Middle East, North Africa, Afghanistan & Pakistan",MEA,NY.GDP.MKTP.CD,1992,711007498209.201
"Middle East, North Africa, Afghanistan & Pakistan",MEA,NY.GDP.MKTP.CD,1993,666662575625.484
"Middle East, North Africa, Afghanistan & Pakistan",MEA,NY.GDP.MKTP.CD,1994,703413205095.729
"Middle East, North Africa, Afghanistan & Pakistan",MEA,NY.GDP.MKTP.CD,1995,779320006736.883
"Middle East, North Africa, Afghanistan & Pakistan",MEA,NY.GDP.MKTP.CD,1996,862935523841.37
"Middle East, North Africa, Afghanistan & Pakistan",MEA,NY.GDP.MKTP.CD,1997,900703249116.7
"Middle East, North Africa, Afghanistan & Pakistan",MEA,NY.GDP.MKTP.CD,1998,881949381134.232
"Middle East, North Africa, Afghanistan & Pakistan",MEA,NY.GDP.MKTP.CD,1999,954642370741.488
"Middle East, North Africa, Afghanistan & Pakistan",MEA,NY.GDP.MKTP.CD,2000,1098655593166.16
"Middle East, North Africa, Afghanistan & Pakistan",MEA,NY.GDP.MKTP.CD,2001,1090274286299.12
"Middle East, North Africa, Afghanistan & Pakistan",MEA,NY.GDP.MKTP.CD,2002,1084280957543.71
"Middle East, North Africa, Afghanistan & Pakistan",MEA,NY.GDP.MKTP.CD,2003,1208787816829.47
"Middle East, North Africa, Afghanistan & Pakistan",MEA,NY.GDP.MKTP.CD,2004,1425039121626.98
"Middle East, North Africa, Afghanistan & Pakistan",MEA,NY.GDP.MKTP.CD,2005,1696746049955.37
"Middle East, North Africa, Afghanistan & Pakistan",MEA,NY.GDP.MKTP.CD,2006,1984464158642.67
"Middle East, North Africa, Afghanistan & Pakistan",MEA,NY.GDP.MKTP.CD,2007,2340610689867.66
"Middle East, North Africa, Afghanistan & Pakistan",MEA,NY.GDP.MKTP.CD,2008,2892703776066.0
"Middle East, North Africa, Afghanistan & Pakistan",MEA,NY.GDP.MKTP.CD,2009,2608280183520.45
"Middle East, North Africa, Afghanistan & Pakistan",MEA,NY.GDP.MKTP.CD,2010,3045879622174.25
"Middle East, North Africa, Afghanistan & Pakistan",MEA,NY.GDP.MKTP.CD,2011,3665474220711.56
"Middle East, North Africa, Afghanistan & Pakistan",MEA,NY.GDP.MKTP.CD,2012,3953860671042.37
"Middle East, North Africa, Afghanistan & Pakistan",MEA,NY.GDP.MKTP.CD,2013,3918727955940.41
"Middle East, North Africa, Afghanistan & Pakistan",MEA,NY.GDP.MKTP.CD,2014,3958172789906.38
"Middle East, North Africa, Afghanistan & Pakistan",MEA,NY.GDP.MKTP.CD,2015,3561595503548.09
"Middle East, North Africa, Afghanistan & Pakistan",MEA,NY.GDP.MKTP.CD,2016,3627179370571.64
"Middle East, North Africa, Afghanistan & Pakistan",MEA,NY.GDP.MKTP.CD,2017,3798189271504.22
"Middle East, North Africa, Afghanistan & Pakistan",MEA,NY.GDP.MKTP.CD,2018,4053744446046.43
"Middle East, North Africa, Afghanistan & Pakistan",MEA,NY.GDP.MKTP.CD,2019,4022588786208.41
"Middle East, North Africa, Afghanistan & Pakistan",MEA,NY.GDP.MKTP.CD,2020,3592277157538.87
"Middle East, North Africa, Afghanistan & Pakistan",MEA,NY.GDP.MKTP.CD,2021,4315472921456.39
"Middle East, North Africa, Afghanistan & Pakistan",MEA,NY.GDP.MKTP.CD,2022,5035779695254.83
"Middle East, North Africa, Afghanistan & Pakistan",MEA,NY.GDP.MKTP.CD,2023,4902253052059.01
"Middle East, North Africa, Afghanistan & Pakistan",MEA,NY.GDP.MKTP.CD,2024,5103019931842.71
"Middle East, North Africa, Afghanistan & Pakistan",MEA,NY.GDP.MKTP.CD,2025,5135569539885.64
Mexico,MEX,NY.GDP.MKTP.CD,1960,13040000000.0
Mexico,MEX,NY.GDP.MKTP.CD,1961,14160000000.0
Mexico,MEX,NY.GDP.MKTP.CD,1962,15200000000.0
Mexico,MEX,NY.GDP.MKTP.CD,1963,16960000000.0
Mexico,MEX,NY.GDP.MKTP.CD,1964,20080000000.0
Mexico,MEX,NY.GDP.MKTP.CD,1965,21840000000.0
Mexico,MEX,NY.GDP.MKTP.CD,1966,24320000000.0
Mexico,MEX,NY.GDP.MKTP.CD,1967,26560000000.0
Mexico,MEX,NY.GDP.MKTP.CD,1968,29360000000.0
Mexico,MEX,NY.GDP.MKTP.CD,1969,32480000000.0
Mexico,MEX,NY.GDP.MKTP.CD,1970,35520000000.0
Mexico,MEX,NY.GDP.MKTP.CD,1971,39200000000.0
Mexico,MEX,NY.GDP.MKTP.CD,1972,45200000000.0
Mexico,MEX,NY.GDP.MKTP.CD,1973,55280000000.0
Mexico,MEX,NY.GDP.MKTP.CD,1974,72000000000.0
Mexico,MEX,NY.GDP.MKTP.CD,1975,88000000000.0
Mexico,MEX,NY.GDP.MKTP.CD,1976,88875923765.072
Mexico,MEX,NY.GDP.MKTP.CD,1977,81912018783.5024
Mexico,MEX,NY.GDP.MKTP.CD,1978,102648570299.117
Mexico,MEX,NY.GDP.MKTP.CD,1979,134531900898.926
Mexico,MEX,NY.GDP.MKTP.CD,1980,205577055465.993
Mexico,MEX,NY.GDP.MKTP.CD,1981,263797827860.494
Mexico,MEX,NY.GDP.MKTP.CD,1982,184602611609.517
Mexico,MEX,NY.GDP.MKTP.CD,1983,156167000432.994
Mexico,MEX,NY.GDP.MKTP.CD,1984,184230754105.394
Mexico,MEX,NY.GDP.MKTP.CD,1985,195241069482.077
Mexico,MEX,NY.GDP.MKTP.CD,1986,134556034672.991
Mexico,MEX,NY.GDP.MKTP.CD,1987,147542558208.888
Mexico,MEX,NY.GDP.MKTP.CD,1988,181611150496.787
Mexico,MEX,NY.GDP.MKTP.CD,1989,221403098266.77
Mexico,MEX,NY.GDP.MKTP.CD,1990,261253675692.838
Mexico,MEX,NY.GDP.MKTP.CD,1991,313139656145.745
Mexico,MEX,NY.GDP.MKTP.CD,1992,363157832923.734
Mexico,MEX,NY.GDP.MKTP.CD,1993,530160763662.543
Mexico,MEX,NY.GDP.MKTP.CD,1994,553618247900.74
Mexico,MEX,NY.GDP.MKTP.CD,1995,380157469866.849
Mexico,MEX,NY.GDP.MKTP.CD,1996,432157945024.428
Mexico,MEX,NY.GDP.MKTP.CD,1997,523449530464.257
Mexico,MEX,NY.GDP.MKTP.CD,1998,557461102630.658
Mexico,MEX,NY.GDP.MKTP.CD,1999,631249359702.389
Mexico,MEX,NY.GDP.MKTP.CD,2000,742061329749.127
Mexico,MEX,NY.GDP.MKTP.CD,2001,796064590549.136
Mexico,MEX,NY.GDP.MKTP.CD,2002,810666116401.915
Mexico,MEX,NY.GDP.MKTP.CD,2003,765549967888.647
Mexico,MEX,NY.GDP.MKTP.CD,2004,819459227375.022
Mexico,MEX,NY.GDP.MKTP.CD,2005,917571853437.344
Mexico,MEX,NY.GDP.MKTP.CD,2006,1020265057882.01
Mexico,MEX,NY.GDP.MKTP.CD,2007,1102355554880.44
Mexico,MEX,NY.GDP.MKTP.CD,2008,1161553459984.65
Mexico,MEX,NY.GDP.MKTP.CD,2009,943437414950.633
Mexico,MEX,NY.GDP.MKTP.CD,2010,1105424238651.95
Mexico,MEX,NY.GDP.MKTP.CD,2011,1229013703416.76
Mexico,MEX,NY.GDP.MKTP.CD,2012,1255110424741.85
Mexico,MEX,NY.GDP.MKTP.CD,2013,1327436290439.27
Mexico,MEX,NY.GDP.MKTP.CD,2014,1364507717689.36
Mexico,MEX,NY.GDP.MKTP.CD,2015,1213294467653.78
Mexico,MEX,NY.GDP.MKTP.CD,2016,1112233497452.7
Mexico,MEX,NY.GDP.MKTP.CD,2017,1190721475853.16
Mexico,MEX,NY.GDP.MKTP.CD,2018,1256300182983.65
Mexico,MEX,NY.GDP.MKTP.CD,2019,1304106204006.27
Mexico,MEX,NY.GDP.MKTP.CD,2020,1121064767168.8
Mexico,MEX,NY.GDP.MKTP.CD,2021,1316569466833.94
Mexico,MEX,NY.GDP.MKTP.CD,2022,1466934724243.38
Mexico,MEX,NY.GDP.MKTP.CD,2023,1794410347718.25
Mexico,MEX,NY.GDP.MKTP.CD,2024,1830489311088.89
Mexico,MEX,NY.GDP.MKTP.CD,2025,1832641364775.52
Marshall Islands,MHL,NY.GDP.MKTP.CD,1970,8408486.0
Marshall Islands,MHL,NY.GDP.MKTP.CD,1971,9116810.0
Marshall Islands,MHL,NY.GDP.MKTP.CD,1972,9973652.0
Marshall Islands,MHL,NY.GDP.MKTP.CD,1973,11607366.0
Marshall Islands,MHL,NY.GDP.MKTP.CD,1974,15217532.0
Marshall Islands,MHL,NY.GDP.MKTP.CD,1975,16691301.0
Marshall Islands,MHL,NY.GDP.MKTP.CD,1976,18153647.0
Marshall Islands,MHL,NY.GDP.MKTP.CD,1977,20210069.0
Marshall Islands,MHL,NY.GDP.MKTP.CD,1978,22209370.0
Marshall Islands,MHL,NY.GDP.MKTP.CD,1979,25545346.0
Marshall Islands,MHL,NY.GDP.MKTP.CD,1980,26710653.0
Marshall Islands,MHL,NY.GDP.MKTP.CD,1981,31020000.0
Marshall Islands,MHL,NY.GDP.MKTP.CD,1982,34918000.0
Marshall Islands,MHL,NY.GDP.MKTP.CD,1983,41749000.0
Marshall Islands,MHL,NY.GDP.MKTP.CD,1984,45144000.0
Marshall Islands,MHL,NY.GDP.MKTP.CD,1985,43879000.0
Marshall Islands,MHL,NY.GDP.MKTP.CD,1986,55989000.0
Marshall Islands,MHL,NY.GDP.MKTP.CD,1987,62983000.0
Marshall Islands,MHL,NY.GDP.MKTP.CD,1988,70688000.0
Marshall Islands,MHL,NY.GDP.MKTP.CD,1989,72798000.0
Marshall Islands,MHL,NY.GDP.MKTP.CD,1990,78476000.0
Marshall Islands,MHL,NY.GDP.MKTP.CD,1991,82507000.0
Marshall Islands,MHL,NY.GDP.MKTP.CD,1992,91063000.0
Marshall Islands,MHL,NY.GDP.MKTP.CD,1993,99461000.0
Marshall Islands,MHL,NY.GDP.MKTP.CD,1994,108071000.0
Marshall Islands,MHL,NY.GDP.MKTP.CD,1995,120230000.0
Marshall Islands,MHL,NY.GDP.MKTP.CD,1996,110858000.0
Marshall Islands,MHL,NY.GDP.MKTP.CD,1997,109884700.0
Marshall Islands,MHL,NY.GDP.MKTP.CD,1998,112070100.0
Marshall Islands,MHL,NY.GDP.MKTP.CD,1999,113352100.0
Marshall Islands,MHL,NY.GDP.MKTP.CD,2000,114838500.0
Marshall Islands,MHL,NY.GDP.MKTP.CD,2001,122406100.0
Marshall Islands,MHL,NY.GDP.MKTP.CD,2002,131960000.0
Marshall Islands,MHL,NY.GDP.MKTP.CD,2003,131128500.0
Marshall Islands,MHL,NY.GDP.MKTP.CD,2004,132900000.0
Marshall Islands,MHL,NY.GDP.MKTP.CD,2005,138000000.0
Marshall Islands,MHL,NY.GDP.MKTP.CD,2006,143200000.0
Marshall Islands,MHL,NY.GDP.MKTP.CD,2007,150500000.0
Marshall Islands,MHL,NY.GDP.MKTP.CD,2008,146600000.0
Marshall Islands,MHL,NY.GDP.MKTP.CD,2009,151200000.0
Marshall Islands,MHL,NY.GDP.MKTP.CD,2010,161100000.0
Marshall Islands,MHL,NY.GDP.MKTP.CD,2011,172300000.0
Marshall Islands,MHL,NY.GDP.MKTP.CD,2012,180700000.0
Marshall Islands,MHL,NY.GDP.MKTP.CD,2013,186400000.0
Marshall Islands,MHL,NY.GDP.MKTP.CD,2014,186000000.0
Marshall Islands,MHL,NY.GDP.MKTP.CD,2015,183700000.0
Marshall Islands,MHL,NY.GDP.MKTP.CD,2016,201800000.0
Marshall Islands,MHL,NY.GDP.MKTP.CD,2017,213700000.0
Marshall Islands,MHL,NY.GDP.MKTP.CD,2018,220000000.0
Marshall Islands,MHL,NY.GDP.MKTP.CD,2019,232900000.0
Marshall Islands,MHL,NY.GDP.MKTP.CD,2020,241800000.0
Marshall Islands,MHL,NY.GDP.MKTP.CD,2021,261245500.0
Marshall Islands,MHL,NY.GDP.MKTP.CD,2022,258723500.0
Marshall Islands,MHL,NY.GDP.MKTP.CD,2023,264000000.0
Marshall Islands,MHL,NY.GDP.MKTP.CD,2024,285000000.0
Marshall Islands,MHL,NY.GDP.MKTP.CD,2025,308000000.0
Middle income,MIC,NY.GDP.MKTP.CD,1960,262514311188.472
Middle income,MIC,NY.GDP.MKTP.CD,1961,266305753495.306
Middle income,MIC,NY.GDP.MKTP.CD,1962,270038790342.482
Middle income,MIC,NY.GDP.MKTP.CD,1963,297394660875.013
Middle income,MIC,NY.GDP.MKTP.CD,1964,335350133321.719
Middle income,MIC,NY.GDP.MKTP.CD,1965,368782596543.763
Middle income,MIC,NY.GDP.MKTP.CD,1966,382450574739.667
Middle income,MIC,NY.GDP.MKTP.CD,1967,393906772488.395
Middle income,MIC,NY.GDP.MKTP.CD,1968,417504741522.658
Middle income,MIC,NY.GDP.MKTP.CD,1969,465502325134.697
Middle income,MIC,NY.GDP.MKTP.CD,1970,509472358150.351
Middle income,MIC,NY.GDP.MKTP.CD,1971,547838819762.71
Middle income,MIC,NY.GDP.MKTP.CD,1972,614809135197.179
Middle income,MIC,NY.GDP.MKTP.CD,1973,784674913014.6
Middle income,MIC,NY.GDP.MKTP.CD,1974,1004311944052.55
Middle income,MIC,NY.GDP.MKTP.CD,1975,1106987601565.27
Middle income,MIC,NY.GDP.MKTP.CD,1976,1193943348910.76
Middle income,MIC,NY.GDP.MKTP.CD,1977,1340151552432.11
Middle income,MIC,NY.GDP.MKTP.CD,1978,1484465133908.83
Middle income,MIC,NY.GDP.MKTP.CD,1979,1729249099201.8
Middle income,MIC,NY.GDP.MKTP.CD,1980,2048944510715.85
Middle income,MIC,NY.GDP.MKTP.CD,1981,2300960722344.57
Middle income,MIC,NY.GDP.MKTP.CD,1982,2269690373786.68
Middle income,MIC,NY.GDP.MKTP.CD,1983,2201975610298.56
Middle income,MIC,NY.GDP.MKTP.CD,1984,2254872375299.23
Middle income,MIC,NY.GDP.MKTP.CD,1985,2347472444952.96
Middle income,MIC,NY.GDP.MKTP.CD,1986,2392957461474.54
Middle income,MIC,NY.GDP.MKTP.CD,1987,2453795131278.81
Middle income,MIC,NY.GDP.MKTP.CD,1988,2626606208682.46
Middle income,MIC,NY.GDP.MKTP.CD,1989,2793399798325.36
Middle income,MIC,NY.GDP.MKTP.CD,1990,3195723188081.61
Middle income,MIC,NY.GDP.MKTP.CD,1991,3100370410005.62
Middle income,MIC,NY.GDP.MKTP.CD,1992,3299959069131.64
Middle income,MIC,NY.GDP.MKTP.CD,1993,3563133544190.01
Middle income,MIC,NY.GDP.MKTP.CD,1994,4002155644697.72
Middle income,MIC,NY.GDP.MKTP.CD,1995,4669768346889.9
Middle income,MIC,NY.GDP.MKTP.CD,1996,5181157477394.43
Middle income,MIC,NY.GDP.MKTP.CD,1997,5510728497286.53
Middle income,MIC,NY.GDP.MKTP.CD,1998,5415771029696.37
Middle income,MIC,NY.GDP.MKTP.CD,1999,5220210300683.09
Middle income,MIC,NY.GDP.MKTP.CD,2000,5675807560243.59
Middle income,MIC,NY.GDP.MKTP.CD,2001,5698308087221.4
Middle income,MIC,NY.GDP.MKTP.CD,2002,5771947167690.29
Middle income,MIC,NY.GDP.MKTP.CD,2003,6442572753678.03
Middle income,MIC,NY.GDP.MKTP.CD,2004,7574430502189.41
Middle income,MIC,NY.GDP.MKTP.CD,2005,8955078429959.13
Middle income,MIC,NY.GDP.MKTP.CD,2006,10560130122160.6
Middle income,MIC,NY.GDP.MKTP.CD,2007,12979297389135.4
Middle income,MIC,NY.GDP.MKTP.CD,2008,15459320842699.2
Middle income,MIC,NY.GDP.MKTP.CD,2009,15524656827265.1
Middle income,MIC,NY.GDP.MKTP.CD,2010,18906893796333.0
Middle income,MIC,NY.GDP.MKTP.CD,2011,22151023341680.6
Middle income,MIC,NY.GDP.MKTP.CD,2012,23639759043791.5
Middle income,MIC,NY.GDP.MKTP.CD,2013,24981032983624.9
Middle income,MIC,NY.GDP.MKTP.CD,2014,26093245096359.9
Middle income,MIC,NY.GDP.MKTP.CD,2015,25243424508586.8
Middle income,MIC,NY.GDP.MKTP.CD,2016,25537051889993.7
Middle income,MIC,NY.GDP.MKTP.CD,2017,27920575307382.3
Middle income,MIC,NY.GDP.MKTP.CD,2018,29703780736503.7
Middle income,MIC,NY.GDP.MKTP.CD,2019,30585555169458.0
Middle income,MIC,NY.GDP.MKTP.CD,2020,29584575558650.2
Middle income,MIC,NY.GDP.MKTP.CD,2021,34913762453380.2
Middle income,MIC,NY.GDP.MKTP.CD,2022,36531426959364.9
Middle income,MIC,NY.GDP.MKTP.CD,2023,37598001937865.0
Middle income,MIC,NY.GDP.MKTP.CD,2024,38887384674053.3
Middle income,MIC,NY.GDP.MKTP.CD,2025,40836798203180.8
North Macedonia,MKD,NY.GDP.MKTP.CD,1990,4699646643.10954
North Macedonia,MKD,NY.GDP.MKTP.CD,1991,4938775510.20408
North Macedonia,MKD,NY.GDP.MKTP.CD,1992,2436849341.97604
North Macedonia,MKD,NY.GDP.MKTP.CD,1993,2682456896.55172
North Macedonia,MKD,NY.GDP.MKTP.CD,1994,3559608639.98379
North Macedonia,MKD,NY.GDP.MKTP.CD,1995,4707041315.24202
North Macedonia,MKD,NY.GDP.MKTP.CD,1996,4642021256.30689
North Macedonia,MKD,NY.GDP.MKTP.CD,1997,3912986090.97363
North Macedonia,MKD,NY.GDP.MKTP.CD,1998,3765745023.2074
North Macedonia,MKD,NY.GDP.MKTP.CD,1999,3863619284.77939
North Macedonia,MKD,NY.GDP.MKTP.CD,2000,3772859034.20508
North Macedonia,MKD,NY.GDP.MKTP.CD,2001,3709636030.66578
North Macedonia,MKD,NY.GDP.MKTP.CD,2002,4018365747.00972
North Macedonia,MKD,NY.GDP.MKTP.CD,2003,4946296599.08467
North Macedonia,MKD,NY.GDP.MKTP.CD,2004,5682784471.69722
North Macedonia,MKD,NY.GDP.MKTP.CD,2005,6258602872.67898
North Macedonia,MKD,NY.GDP.MKTP.CD,2006,6861226971.55617
North Macedonia,MKD,NY.GDP.MKTP.CD,2007,8336474973.72949
North Macedonia,MKD,NY.GDP.MKTP.CD,2008,9909552434.51136
North Macedonia,MKD,NY.GDP.MKTP.CD,2009,9401736825.42688
North Macedonia,MKD,NY.GDP.MKTP.CD,2010,9407170321.37752
North Macedonia,MKD,NY.GDP.MKTP.CD,2011,10494626767.6445
North Macedonia,MKD,NY.GDP.MKTP.CD,2012,9745261300.57788
North Macedonia,MKD,NY.GDP.MKTP.CD,2013,10817702346.0674
North Macedonia,MKD,NY.GDP.MKTP.CD,2014,11362265252.778
North Macedonia,MKD,NY.GDP.MKTP.CD,2015,10064519962.5655
North Macedonia,MKD,NY.GDP.MKTP.CD,2016,10672467073.2873
North Macedonia,MKD,NY.GDP.MKTP.CD,2017,11307067069.6658
North Macedonia,MKD,NY.GDP.MKTP.CD,2018,12683068114.2388
North Macedonia,MKD,NY.GDP.MKTP.CD,2019,12606338448.547
North Macedonia,MKD,NY.GDP.MKTP.CD,2020,12361036913.8409
North Macedonia,MKD,NY.GDP.MKTP.CD,2021,14000283827.0154
North Macedonia,MKD,NY.GDP.MKTP.CD,2022,13932436550.0883
North Macedonia,MKD,NY.GDP.MKTP.CD,2023,15855131188.9092
North Macedonia,MKD,NY.GDP.MKTP.CD,2024,16951682221.3962
North Macedonia,MKD,NY.GDP.MKTP.CD,2025,19101199817.0174
Mali,MLI,NY.GDP.MKTP.CD,1967,275494477.586098
Mali,MLI,NY.GDP.MKTP.CD,1968,343771972.993855
Mali,MLI,NY.GDP.MKTP.CD,1969,339913867.092785
Mali,MLI,NY.GDP.MKTP.CD,1970,359772315.102198
Mali,MLI,NY.GDP.MKTP.CD,1971,395218628.920694
Mali,MLI,NY.GDP.MKTP.CD,1972,486617280.255549
Mali,MLI,NY.GDP.MKTP.CD,1973,563683703.304705
Mali,MLI,NY.GDP.MKTP.CD,1974,538747339.956033
Mali,MLI,NY.GDP.MKTP.CD,1975,830710615.179954
Mali,MLI,NY.GDP.MKTP.CD,1976,939228017.24779
Mali,MLI,NY.GDP.MKTP.CD,1977,1049838548.10919
Mali,MLI,NY.GDP.MKTP.CD,1978,1222702572.84699
Mali,MLI,NY.GDP.MKTP.CD,1979,1595422955.64433
Mali,MLI,NY.GDP.MKTP.CD,1980,2704362788.89611
Mali,MLI,NY.GDP.MKTP.CD,1981,2234583940.38676
Mali,MLI,NY.GDP.MKTP.CD,1982,1680304773.44143
Mali,MLI,NY.GDP.MKTP.CD,1983,1496616126.58634
Mali,MLI,NY.GDP.MKTP.CD,1984,1387809614.74905
Mali,MLI,NY.GDP.MKTP.CD,1985,1594347021.37347
Mali,MLI,NY.GDP.MKTP.CD,1986,2132938007.1056
Mali,MLI,NY.GDP.MKTP.CD,1987,2437004679.62818
Mali,MLI,NY.GDP.MKTP.CD,1988,2712207900.69838
Mali,MLI,NY.GDP.MKTP.CD,1989,2824822489.24628
Mali,MLI,NY.GDP.MKTP.CD,1990,3248417790.51435
Mali,MLI,NY.GDP.MKTP.CD,1991,3576562681.77395
Mali,MLI,NY.GDP.MKTP.CD,1992,3680775036.92681
Mali,MLI,NY.GDP.MKTP.CD,1993,3632801877.04464
Mali,MLI,NY.GDP.MKTP.CD,1994,2655768635.64569
Mali,MLI,NY.GDP.MKTP.CD,1995,3373322735.47027
Mali,MLI,NY.GDP.MKTP.CD,1996,3743103419.72181
Mali,MLI,NY.GDP.MKTP.CD,1997,3414879485.57287
Mali,MLI,NY.GDP.MKTP.CD,1998,3894433432.46149
Mali,MLI,NY.GDP.MKTP.CD,1999,4091446054.14913
Mali,MLI,NY.GDP.MKTP.CD,2000,3521570875.85064
Mali,MLI,NY.GDP.MKTP.CD,2001,4124281593.68874
Mali,MLI,NY.GDP.MKTP.CD,2002,4647238256.56563
Mali,MLI,NY.GDP.MKTP.CD,2003,5605613011.29141
Mali,MLI,NY.GDP.MKTP.CD,2004,6485774930.41503
Mali,MLI,NY.GDP.MKTP.CD,2005,7429066951.56583
Mali,MLI,NY.GDP.MKTP.CD,2006,8212007553.99393
Mali,MLI,NY.GDP.MKTP.CD,2007,9699047442.57905
Mali,MLI,NY.GDP.MKTP.CD,2008,11462490840.2195
Mali,MLI,NY.GDP.MKTP.CD,2009,12155217832.8039
Mali,MLI,NY.GDP.MKTP.CD,2010,12710739159.5014
Mali,MLI,NY.GDP.MKTP.CD,2011,15452791788.9356
Mali,MLI,NY.GDP.MKTP.CD,2012,14795114602.6122
Mali,MLI,NY.GDP.MKTP.CD,2013,15747192680.9971
Mali,MLI,NY.GDP.MKTP.CD,2014,17081681993.2577
Mali,MLI,NY.GDP.MKTP.CD,2015,15583181170.4105
Mali,MLI,NY.GDP.MKTP.CD,2016,16743796799.8329
Mali,MLI,NY.GDP.MKTP.CD,2017,18308362040.0521
Mali,MLI,NY.GDP.MKTP.CD,2018,20368015381.2413
Mali,MLI,NY.GDP.MKTP.CD,2019,20477421884.5414
Mali,MLI,NY.GDP.MKTP.CD,2020,20698560938.7775
Mali,MLI,NY.GDP.MKTP.CD,2021,22999245262.6719
Mali,MLI,NY.GDP.MKTP.CD,2022,22539987718.7642
Mali,MLI,NY.GDP.MKTP.CD,2023,24777941860.767
Mali,MLI,NY.GDP.MKTP.CD,2024,26761281076.7658
Mali,MLI,NY.GDP.MKTP.CD,2025,30069148580.7688
Malta,MLT,NY.GDP.MKTP.CD,1970,250728796.288378
Malta,MLT,NY.GDP.MKTP.CD,1971,264578484.770195
Malta,MLT,NY.GDP.MKTP.CD,1972,295106628.339343
Malta,MLT,NY.GDP.MKTP.CD,1973,345616105.882558
Malta,MLT,NY.GDP.MKTP.CD,1974,376081124.273469
Malta,MLT,NY.GDP.MKTP.CD,1975,474618321.462361
Malta,MLT,NY.GDP.MKTP.CD,1976,527936988.791275
Malta,MLT,NY.GDP.MKTP.CD,1977,625563170.67121
Malta,MLT,NY.GDP.MKTP.CD,1978,793673401.641079
Malta,MLT,NY.GDP.MKTP.CD,1979,1001288846.84016
Malta,MLT,NY.GDP.MKTP.CD,1980,1250198601.09268
Malta,MLT,NY.GDP.MKTP.CD,1981,1243509393.61947
Malta,MLT,NY.GDP.MKTP.CD,1982,1234474404.03152
Malta,MLT,NY.GDP.MKTP.CD,1983,1165729706.8704
Malta,MLT,NY.GDP.MKTP.CD,1984,1101807023.04918
Malta,MLT,NY.GDP.MKTP.CD,1985,1117797439.14234
Malta,MLT,NY.GDP.MKTP.CD,1986,1435038441.11922
Malta,MLT,NY.GDP.MKTP.CD,1987,1751293460.68921
Malta,MLT,NY.GDP.MKTP.CD,1988,2019503068.03393
Malta,MLT,NY.GDP.MKTP.CD,1989,2118655676.67649
Malta,MLT,NY.GDP.MKTP.CD,1990,2547328747.50761
Malta,MLT,NY.GDP.MKTP.CD,1991,2750216746.88426
Malta,MLT,NY.GDP.MKTP.CD,1992,3021942758.83978
Malta,MLT,NY.GDP.MKTP.CD,1993,2709193538.42526
Malta,MLT,NY.GDP.MKTP.CD,1994,2998505428.14593
Malta,MLT,NY.GDP.MKTP.CD,1995,3709396089.03632
Malta,MLT,NY.GDP.MKTP.CD,1996,3822547151.38465
Malta,MLT,NY.GDP.MKTP.CD,1997,3787023654.73234
Malta,MLT,NY.GDP.MKTP.CD,1998,4010111651.76761
Malta,MLT,NY.GDP.MKTP.CD,1999,4111857836.40036
Malta,MLT,NY.GDP.MKTP.CD,2000,4036809766.6603
Malta,MLT,NY.GDP.MKTP.CD,2001,4070867153.47963
Malta,MLT,NY.GDP.MKTP.CD,2002,4455127397.86786
Malta,MLT,NY.GDP.MKTP.CD,2003,5418315225.49353
Malta,MLT,NY.GDP.MKTP.CD,2004,6104141501.07928
Malta,MLT,NY.GDP.MKTP.CD,2005,6393234964.93061
Malta,MLT,NY.GDP.MKTP.CD,2006,6749838861.63176
Malta,MLT,NY.GDP.MKTP.CD,2007,7908412373.84313
Malta,MLT,NY.GDP.MKTP.CD,2008,9172399572.85742
Malta,MLT,NY.GDP.MKTP.CD,2009,8769897418.38144
Malta,MLT,NY.GDP.MKTP.CD,2010,9097044301.48168
Malta,MLT,NY.GDP.MKTP.CD,2011,9789363086.07492
Malta,MLT,NY.GDP.MKTP.CD,2012,9609530618.89688
Malta,MLT,NY.GDP.MKTP.CD,2013,10796780874.0524
Malta,MLT,NY.GDP.MKTP.CD,2014,11888029751.5962
Malta,MLT,NY.GDP.MKTP.CD,2015,11340789705.8045
Malta,MLT,NY.GDP.MKTP.CD,2016,12025777078.0922
Malta,MLT,NY.GDP.MKTP.CD,2017,14161374599.3379
Malta,MLT,NY.GDP.MKTP.CD,2018,16153785816.8181
Malta,MLT,NY.GDP.MKTP.CD,2019,16337788880.578
Malta,MLT,NY.GDP.MKTP.CD,2020,16404655807.6687
Malta,MLT,NY.GDP.MKTP.CD,2021,19730119030.6198
Malta,MLT,NY.GDP.MKTP.CD,2022,18938869147.0818
Malta,MLT,NY.GDP.MKTP.CD,2023,22625329775.6867
Malta,MLT,NY.GDP.MKTP.CD,2024,25042712191.3281
Malta,MLT,NY.GDP.MKTP.CD,2025,27771821560.9411
Myanmar,MMR,NY.GDP.MKTP.CD,1960,545098447.640862
Myanmar,MMR,NY.GDP.MKTP.CD,1961,605581577.287066
Myanmar,MMR,NY.GDP.MKTP.CD,1962,634528872.02036
Myanmar,MMR,NY.GDP.MKTP.CD,1963,598998418.724583
Myanmar,MMR,NY.GDP.MKTP.CD,1964,411419905.846621
Myanmar,MMR,NY.GDP.MKTP.CD,1965,367053117.224523
Myanmar,MMR,NY.GDP.MKTP.CD,1966,293103478.548483
Myanmar,MMR,NY.GDP.MKTP.CD,1967,420359035.897436
Myanmar,MMR,NY.GDP.MKTP.CD,1968,559956130.283622
Myanmar,MMR,NY.GDP.MKTP.CD,1969,571854214.589142
Myanmar,MMR,NY.GDP.MKTP.CD,1970,563555630.769545
Myanmar,MMR,NY.GDP.MKTP.CD,1971,587448405.488773
Myanmar,MMR,NY.GDP.MKTP.CD,1972,662213082.741535
Myanmar,MMR,NY.GDP.MKTP.CD,1973,719754655.358964
Myanmar,MMR,NY.GDP.MKTP.CD,1974,1225589878.06809
Myanmar,MMR,NY.GDP.MKTP.CD,1975,1061107353.67232
Myanmar,MMR,NY.GDP.MKTP.CD,1976,1204699849.12592
Myanmar,MMR,NY.GDP.MKTP.CD,1977,873579931.929901
Myanmar,MMR,NY.GDP.MKTP.CD,1978,935408774.951918
Myanmar,MMR,NY.GDP.MKTP.CD,1979,952265043.438383
Myanmar,MMR,NY.GDP.MKTP.CD,1980,1038225167.05882
Myanmar,MMR,NY.GDP.MKTP.CD,1981,1111000765.28987
Myanmar,MMR,NY.GDP.MKTP.CD,1982,1481165467.83214
Myanmar,MMR,NY.GDP.MKTP.CD,1983,1381573615.2513
Myanmar,MMR,NY.GDP.MKTP.CD,1984,1304063253.04136
Myanmar,MMR,NY.GDP.MKTP.CD,1985,1478908173.26796
Myanmar,MMR,NY.GDP.MKTP.CD,1986,1582873750.32068
Myanmar,MMR,NY.GDP.MKTP.CD,1987,1562448076.65689
Myanmar,MMR,NY.GDP.MKTP.CD,1988,1541088312.25453
Myanmar,MMR,NY.GDP.MKTP.CD,1989,2013448228.72975
Myanmar,MMR,NY.GDP.MKTP.CD,1990,2115193513.29556
Myanmar,MMR,NY.GDP.MKTP.CD,1991,2069832686.98061
Myanmar,MMR,NY.GDP.MKTP.CD,1992,2411552288.76212
Myanmar,MMR,NY.GDP.MKTP.CD,1993,3163020034.63637
Myanmar,MMR,NY.GDP.MKTP.CD,1994,4432257173.6492
Myanmar,MMR,NY.GDP.MKTP.CD,1995,5289174942.53404
Myanmar,MMR,NY.GDP.MKTP.CD,1996,6123556716.81329
Myanmar,MMR,NY.GDP.MKTP.CD,1997,4722288495.66085
Myanmar,MMR,NY.GDP.MKTP.CD,1998,6459461639.30243
Myanmar,MMR,NY.GDP.MKTP.CD,1999,8486832800.88498
Myanmar,MMR,NY.GDP.MKTP.CD,2000,8905066163.58643
Myanmar,MMR,NY.GDP.MKTP.CD,2001,6477790688.22844
Myanmar,MMR,NY.GDP.MKTP.CD,2002,6777632512.0781
Myanmar,MMR,NY.GDP.MKTP.CD,2003,10467109977.6717
Myanmar,MMR,NY.GDP.MKTP.CD,2004,10567354056.4049
Myanmar,MMR,NY.GDP.MKTP.CD,2005,11986972418.5103
Myanmar,MMR,NY.GDP.MKTP.CD,2006,14502553709.8303
Myanmar,MMR,NY.GDP.MKTP.CD,2007,20182477480.5512
Myanmar,MMR,NY.GDP.MKTP.CD,2008,31862554101.9378
Myanmar,MMR,NY.GDP.MKTP.CD,2009,36906181380.8127
Myanmar,MMR,NY.GDP.MKTP.CD,2010,49540813342.4834
Myanmar,MMR,NY.GDP.MKTP.CD,2011,59977326085.9908
Myanmar,MMR,NY.GDP.MKTP.CD,2012,59937796648.2158
Myanmar,MMR,NY.GDP.MKTP.CD,2013,60269732854.827
Myanmar,MMR,NY.GDP.MKTP.CD,2014,65531374199.6663
Myanmar,MMR,NY.GDP.MKTP.CD,2015,59607290407.6191
Myanmar,MMR,NY.GDP.MKTP.CD,2016,63298361996.2153
Myanmar,MMR,NY.GDP.MKTP.CD,2017,66053040483.0016
Myanmar,MMR,NY.GDP.MKTP.CD,2018,67860515989.517
Myanmar,MMR,NY.GDP.MKTP.CD,2019,75065106227.6892
Myanmar,MMR,NY.GDP.MKTP.CD,2020,79006113643.1906
Myanmar,MMR,NY.GDP.MKTP.CD,2021,66345291160.1683
Myanmar,MMR,NY.GDP.MKTP.CD,2022,62253049891.6449
Myanmar,MMR,NY.GDP.MKTP.CD,2023,66757619000.0
Myanmar,MMR,NY.GDP.MKTP.CD,2024,74068349523.8095
Myanmar,MMR,NY.GDP.MKTP.CD,2025,81665773809.5238
"Middle East, North Africa, Afghanistan & Pakistan (excluding high income)",MNA,NY.GDP.MKTP.CD,1960,21951472910.6492
"Middle East, North Africa, Afghanistan & Pakistan (excluding high income)",MNA,NY.GDP.MKTP.CD,1961,22897686866.9566
"Middle East, North Africa, Afghanistan & Pakistan (excluding high income)",MNA,NY.GDP.MKTP.CD,1962,23311084909.88
"Middle East, North Africa, Afghanistan & Pakistan (excluding high income)",MNA,NY.GDP.MKTP.CD,1963,25680699755.95
"Middle East, North Africa, Afghanistan & Pakistan (excluding high income)",MNA,NY.GDP.MKTP.CD,1964,28686249650.6894
"Middle East, North Africa, Afghanistan & Pakistan (excluding high income)",MNA,NY.GDP.MKTP.CD,1965,31805270082.2972
"Middle East, North Africa, Afghanistan & Pakistan (excluding high income)",MNA,NY.GDP.MKTP.CD,1966,33969222906.6319
"Middle East, North Africa, Afghanistan & Pakistan (excluding high income)",MNA,NY.GDP.MKTP.CD,1967,37310104882.0406
"Middle East, North Africa, Afghanistan & Pakistan (excluding high income)",MNA,NY.GDP.MKTP.CD,1968,41897056409.8794
"Middle East, North Africa, Afghanistan & Pakistan (excluding high income)",MNA,NY.GDP.MKTP.CD,1969,46594338124.3513
"Middle East, North Africa, Afghanistan & Pakistan (excluding high income)",MNA,NY.GDP.MKTP.CD,1970,52340685839.1803
"Middle East, North Africa, Afghanistan & Pakistan (excluding high income)",MNA,NY.GDP.MKTP.CD,1971,59203404926.4754
"Middle East, North Africa, Afghanistan & Pakistan (excluding high income)",MNA,NY.GDP.MKTP.CD,1972,67256893601.3201
"Middle East, North Africa, Afghanistan & Pakistan (excluding high income)",MNA,NY.GDP.MKTP.CD,1973,82948300176.475
"Middle East, North Africa, Afghanistan & Pakistan (excluding high income)",MNA,NY.GDP.MKTP.CD,1974,127536402558.075
"Middle East, North Africa, Afghanistan & Pakistan (excluding high income)",MNA,NY.GDP.MKTP.CD,1975,146512034407.919
"Middle East, North Africa, Afghanistan & Pakistan (excluding high income)",MNA,NY.GDP.MKTP.CD,1976,180747741004.255
"Middle East, North Africa, Afghanistan & Pakistan (excluding high income)",MNA,NY.GDP.MKTP.CD,1977,208782139713.407
"Middle East, North Africa, Afghanistan & Pakistan (excluding high income)",MNA,NY.GDP.MKTP.CD,1978,224123730505.341
"Middle East, North Africa, Afghanistan & Pakistan (excluding high income)",MNA,NY.GDP.MKTP.CD,1979,278630477095.675
"Middle East, North Africa, Afghanistan & Pakistan (excluding high income)",MNA,NY.GDP.MKTP.CD,1980,338338373925.484
"Middle East, North Africa, Afghanistan & Pakistan (excluding high income)",MNA,NY.GDP.MKTP.CD,1981,330377717335.989
"Middle East, North Africa, Afghanistan & Pakistan (excluding high income)",MNA,NY.GDP.MKTP.CD,1982,369223568282.779
"Middle East, North Africa, Afghanistan & Pakistan (excluding high income)",MNA,NY.GDP.MKTP.CD,1983,404172364874.716
"Middle East, North Africa, Afghanistan & Pakistan (excluding high income)",MNA,NY.GDP.MKTP.CD,1984,422201894143.407
"Middle East, North Africa, Afghanistan & Pakistan (excluding high income)",MNA,NY.GDP.MKTP.CD,1985,453639097860.538
"Middle East, North Africa, Afghanistan & Pakistan (excluding high income)",MNA,NY.GDP.MKTP.CD,1986,487666576966.677
"Middle East, North Africa, Afghanistan & Pakistan (excluding high income)",MNA,NY.GDP.MKTP.CD,1987,426964720268.24
"Middle East, North Africa, Afghanistan & Pakistan (excluding high income)",MNA,NY.GDP.MKTP.CD,1988,414053622198.115
"Middle East, North Africa, Afghanistan & Pakistan (excluding high income)",MNA,NY.GDP.MKTP.CD,1989,415824495443.931
"Middle East, North Africa, Afghanistan & Pakistan (excluding high income)",MNA,NY.GDP.MKTP.CD,1990,561877077035.318
"Middle East, North Africa, Afghanistan & Pakistan (excluding high income)",MNA,NY.GDP.MKTP.CD,1991,380581307810.631
"Middle East, North Africa, Afghanistan & Pakistan (excluding high income)",MNA,NY.GDP.MKTP.CD,1992,390454379064.224
"Middle East, North Africa, Afghanistan & Pakistan (excluding high income)",MNA,NY.GDP.MKTP.CD,1993,344284389323.809
"Middle East, North Africa, Afghanistan & Pakistan (excluding high income)",MNA,NY.GDP.MKTP.CD,1994,361933969778.076
"Middle East, North Africa, Afghanistan & Pakistan (excluding high income)",MNA,NY.GDP.MKTP.CD,1995,403354671398.263
"Middle East, North Africa, Afghanistan & Pakistan (excluding high income)",MNA,NY.GDP.MKTP.CD,1996,446894233271.764
"Middle East, North Africa, Afghanistan & Pakistan (excluding high income)",MNA,NY.GDP.MKTP.CD,1997,465770068925.84
"Middle East, North Africa, Afghanistan & Pakistan (excluding high income)",MNA,NY.GDP.MKTP.CD,1998,475820335214.519
"Middle East, North Africa, Afghanistan & Pakistan (excluding high income)",MNA,NY.GDP.MKTP.CD,1999,515243741362.746
"Middle East, North Africa, Afghanistan & Pakistan (excluding high income)",MNA,NY.GDP.MKTP.CD,2000,577555393310.858
"Middle East, North Africa, Afghanistan & Pakistan (excluding high income)",MNA,NY.GDP.MKTP.CD,2001,580255087940.943
"Middle East, North Africa, Afghanistan & Pakistan (excluding high income)",MNA,NY.GDP.MKTP.CD,2002,565029334317.57
"Middle East, North Africa, Afghanistan & Pakistan (excluding high income)",MNA,NY.GDP.MKTP.CD,2003,624719536900.607
"Middle East, North Africa, Afghanistan & Pakistan (excluding high income)",MNA,NY.GDP.MKTP.CD,2004,739740924019.894
"Middle East, North Africa, Afghanistan & Pakistan (excluding high income)",MNA,NY.GDP.MKTP.CD,2005,857124962326.471
"Middle East, North Africa, Afghanistan & Pakistan (excluding high income)",MNA,NY.GDP.MKTP.CD,2006,996469269796.192
"Middle East, North Africa, Afghanistan & Pakistan (excluding high income)",MNA,NY.GDP.MKTP.CD,2007,1209996489935.98
"Middle East, North Africa, Afghanistan & Pakistan (excluding high income)",MNA,NY.GDP.MKTP.CD,2008,1469142385234.62
"Middle East, North Africa, Afghanistan & Pakistan (excluding high income)",MNA,NY.GDP.MKTP.CD,2009,1421593053226.48
"Middle East, North Africa, Afghanistan & Pakistan (excluding high income)",MNA,NY.GDP.MKTP.CD,2010,1629127925063.32
"Middle East, North Africa, Afghanistan & Pakistan (excluding high income)",MNA,NY.GDP.MKTP.CD,2011,1909176954972.57
"Middle East, North Africa, Afghanistan & Pakistan (excluding high income)",MNA,NY.GDP.MKTP.CD,2012,2056110731997.59
"Middle East, North Africa, Afghanistan & Pakistan (excluding high income)",MNA,NY.GDP.MKTP.CD,2013,1933842437518.53
"Middle East, North Africa, Afghanistan & Pakistan (excluding high income)",MNA,NY.GDP.MKTP.CD,2014,1923472432973.06
"Middle East, North Africa, Afghanistan & Pakistan (excluding high income)",MNA,NY.GDP.MKTP.CD,2015,1784466385695.77
"Middle East, North Africa, Afghanistan & Pakistan (excluding high income)",MNA,NY.GDP.MKTP.CD,2016,1852920687942.14
"Middle East, North Africa, Afghanistan & Pakistan (excluding high income)",MNA,NY.GDP.MKTP.CD,2017,1882187717766.39
"Middle East, North Africa, Afghanistan & Pakistan (excluding high income)",MNA,NY.GDP.MKTP.CD,2018,1881940334175.63
"Middle East, North Africa, Afghanistan & Pakistan (excluding high income)",MNA,NY.GDP.MKTP.CD,2019,1838491544905.83
"Middle East, North Africa, Afghanistan & Pakistan (excluding high income)",MNA,NY.GDP.MKTP.CD,2020,1672646665964.66
"Middle East, North Africa, Afghanistan & Pakistan (excluding high income)",MNA,NY.GDP.MKTP.CD,2021,1944658742702.15
"Middle East, North Africa, Afghanistan & Pakistan (excluding high income)",MNA,NY.GDP.MKTP.CD,2022,2165681910516.43
"Middle East, North Africa, Afghanistan & Pakistan (excluding high income)",MNA,NY.GDP.MKTP.CD,2023,2094194824252.19
"Middle East, North Africa, Afghanistan & Pakistan (excluding high income)",MNA,NY.GDP.MKTP.CD,2024,2197681462518.61
"Middle East, North Africa, Afghanistan & Pakistan (excluding high income)",MNA,NY.GDP.MKTP.CD,2025,2132889870483.32
Montenegro,MNE,NY.GDP.MKTP.CD,1997,838288806.001293
Montenegro,MNE,NY.GDP.MKTP.CD,1998,854261160.714286
Montenegro,MNE,NY.GDP.MKTP.CD,1999,828950327.353261
Montenegro,MNE,NY.GDP.MKTP.CD,2000,984293043.811565
Montenegro,MNE,NY.GDP.MKTP.CD,2001,1159869245.92513
Montenegro,MNE,NY.GDP.MKTP.CD,2002,1286314054.19177
Montenegro,MNE,NY.GDP.MKTP.CD,2003,1708196980.68706
Montenegro,MNE,NY.GDP.MKTP.CD,2004,2077046941.92317
Montenegro,MNE,NY.GDP.MKTP.CD,2005,2258016379.81634
Montenegro,MNE,NY.GDP.MKTP.CD,2006,2719979875.03411
Montenegro,MNE,NY.GDP.MKTP.CD,2007,3682586459.42836
Montenegro,MNE,NY.GDP.MKTP.CD,2008,4559410049.1032
Montenegro,MNE,NY.GDP.MKTP.CD,2009,4159063347.27246
Montenegro,MNE,NY.GDP.MKTP.CD,2010,4136936243.54334
Montenegro,MNE,NY.GDP.MKTP.CD,2011,4507127584.90565
Montenegro,MNE,NY.GDP.MKTP.CD,2012,4071828832.31109
Montenegro,MNE,NY.GDP.MKTP.CD,2013,4422097042.14762
Montenegro,MNE,NY.GDP.MKTP.CD,2014,4579635403.65249
Montenegro,MNE,NY.GDP.MKTP.CD,2015,4010884106.80136
Montenegro,MNE,NY.GDP.MKTP.CD,2016,4357467226.269
Montenegro,MNE,NY.GDP.MKTP.CD,2017,4803964684.21648
Montenegro,MNE,NY.GDP.MKTP.CD,2018,5433469310.85184
Montenegro,MNE,NY.GDP.MKTP.CD,2019,5483622632.13097
Montenegro,MNE,NY.GDP.MKTP.CD,2020,4734192593.29169
Montenegro,MNE,NY.GDP.MKTP.CD,2021,5822908963.58053
Montenegro,MNE,NY.GDP.MKTP.CD,2022,6259721790.0652
Montenegro,MNE,NY.GDP.MKTP.CD,2023,7643318276.40347
Montenegro,MNE,NY.GDP.MKTP.CD,2024,8274290505.96367
Montenegro,MNE,NY.GDP.MKTP.CD,2025,9232801464.79257
Mongolia,MNG,NY.GDP.MKTP.CD,1980,2101394100.0
Mongolia,MNG,NY.GDP.MKTP.CD,1981,2310099100.0
Mongolia,MNG,NY.GDP.MKTP.CD,1982,2552401933.33333
Mongolia,MNG,NY.GDP.MKTP.CD,1983,2725736633.33333
Mongolia,MNG,NY.GDP.MKTP.CD,1984,2098734600.0
Mongolia,MNG,NY.GDP.MKTP.CD,1985,2186505475.0
Mongolia,MNG,NY.GDP.MKTP.CD,1986,2896178866.66667
Mongolia,MNG,NY.GDP.MKTP.CD,1987,3020611600.0
Mongolia,MNG,NY.GDP.MKTP.CD,1988,3204461566.66667
Mongolia,MNG,NY.GDP.MKTP.CD,1989,3576966800.0
Mongolia,MNG,NY.GDP.MKTP.CD,1990,2560785660.0
Mongolia,MNG,NY.GDP.MKTP.CD,1991,2379018326.31579
Mongolia,MNG,NY.GDP.MKTP.CD,1992,1317611863.84977
Mongolia,MNG,NY.GDP.MKTP.CD,1993,768401634.154573
Mongolia,MNG,NY.GDP.MKTP.CD,1994,925817092.217484
Mongolia,MNG,NY.GDP.MKTP.CD,1995,1452165005.2384
Mongolia,MNG,NY.GDP.MKTP.CD,1996,1345719472.35883
Mongolia,MNG,NY.GDP.MKTP.CD,1997,1180934202.83801
Mongolia,MNG,NY.GDP.MKTP.CD,1998,1124440204.84738
Mongolia,MNG,NY.GDP.MKTP.CD,1999,1057408588.68269
Mongolia,MNG,NY.GDP.MKTP.CD,2000,1136896123.61298
Mongolia,MNG,NY.GDP.MKTP.CD,2001,1267997934.3125
Mongolia,MNG,NY.GDP.MKTP.CD,2002,1396555719.97409
Mongolia,MNG,NY.GDP.MKTP.CD,2003,1595297355.78349
Mongolia,MNG,NY.GDP.MKTP.CD,2004,1992066808.09598
Mongolia,MNG,NY.GDP.MKTP.CD,2005,2523471601.10421
Mongolia,MNG,NY.GDP.MKTP.CD,2006,3414055661.61598
Mongolia,MNG,NY.GDP.MKTP.CD,2007,4234999703.90059
Mongolia,MNG,NY.GDP.MKTP.CD,2008,5623216608.04288
Mongolia,MNG,NY.GDP.MKTP.CD,2009,4583850367.88972
Mongolia,MNG,NY.GDP.MKTP.CD,2010,7189481998.90094
Mongolia,MNG,NY.GDP.MKTP.CD,2011,10409797377.8571
Mongolia,MNG,NY.GDP.MKTP.CD,2012,12292770631.565
Mongolia,MNG,NY.GDP.MKTP.CD,2013,12582122604.2577
Mongolia,MNG,NY.GDP.MKTP.CD,2014,12226514668.0622
Mongolia,MNG,NY.GDP.MKTP.CD,2015,11619892590.6941
Mongolia,MNG,NY.GDP.MKTP.CD,2016,11181350649.3573
Mongolia,MNG,NY.GDP.MKTP.CD,2017,11480847740.736
Mongolia,MNG,NY.GDP.MKTP.CD,2018,13178094720.4986
Mongolia,MNG,NY.GDP.MKTP.CD,2019,14206359017.5143
Mongolia,MNG,NY.GDP.MKTP.CD,2020,13312981429.0891
Mongolia,MNG,NY.GDP.MKTP.CD,2021,15286441737.6686
Mongolia,MNG,NY.GDP.MKTP.CD,2022,17146471713.748
Mongolia,MNG,NY.GDP.MKTP.CD,2023,20325121393.9074
Mongolia,MNG,NY.GDP.MKTP.CD,2024,23794540024.5132
Mongolia,MNG,NY.GDP.MKTP.CD,2025,25369107325.4549
Northern Mariana Islands,MNP,NY.GDP.MKTP.CD,2002,1284000000.0
Northern Mariana Islands,MNP,NY.GDP.MKTP.CD,2003,1239000000.0
Northern Mariana Islands,MNP,NY.GDP.MKTP.CD,2004,1210000000.0
Northern Mariana Islands,MNP,NY.GDP.MKTP.CD,2005,1061000000.0
Northern Mariana Islands,MNP,NY.GDP.MKTP.CD,2006,990000000.0
Northern Mariana Islands,MNP,NY.GDP.MKTP.CD,2007,938000000.0
Northern Mariana Islands,MNP,NY.GDP.MKTP.CD,2008,939000000.0
Northern Mariana Islands,MNP,NY.GDP.MKTP.CD,2009,795000000.0
Northern Mariana Islands,MNP,NY.GDP.MKTP.CD,2010,799000000.0
Northern Mariana Islands,MNP,NY.GDP.MKTP.CD,2011,729000000.0
Northern Mariana Islands,MNP,NY.GDP.MKTP.CD,2012,746000000.0
Northern Mariana Islands,MNP,NY.GDP.MKTP.CD,2013,772000000.0
Northern Mariana Islands,MNP,NY.GDP.MKTP.CD,2014,832000000.0
Northern Mariana Islands,MNP,NY.GDP.MKTP.CD,2015,910000000.0
Northern Mariana Islands,MNP,NY.GDP.MKTP.CD,2016,1230000000.0
Northern Mariana Islands,MNP,NY.GDP.MKTP.CD,2017,1560000000.0
Northern Mariana Islands,MNP,NY.GDP.MKTP.CD,2018,1301000000.0
Northern Mariana Islands,MNP,NY.GDP.MKTP.CD,2019,1179000000.0
Northern Mariana Islands,MNP,NY.GDP.MKTP.CD,2020,866000000.0
Northern Mariana Islands,MNP,NY.GDP.MKTP.CD,2021,914000000.0
Northern Mariana Islands,MNP,NY.GDP.MKTP.CD,2022,1096000000.0
Mozambique,MOZ,NY.GDP.MKTP.CD,1991,3854856434.58062
Mozambique,MOZ,NY.GDP.MKTP.CD,1992,2798696511.18156
Mozambique,MOZ,NY.GDP.MKTP.CD,1993,2883161897.42651
Mozambique,MOZ,NY.GDP.MKTP.CD,1994,2958108170.32061
Mozambique,MOZ,NY.GDP.MKTP.CD,1995,3061646173.73938
Mozambique,MOZ,NY.GDP.MKTP.CD,1996,4030146134.5706
Mozambique,MOZ,NY.GDP.MKTP.CD,1997,4873663774.93019
Mozambique,MOZ,NY.GDP.MKTP.CD,1998,5551118148.73836
Mozambique,MOZ,NY.GDP.MKTP.CD,1999,6285219691.22462
Mozambique,MOZ,NY.GDP.MKTP.CD,2000,5930685214.61595
Mozambique,MOZ,NY.GDP.MKTP.CD,2001,5650154067.10346
Mozambique,MOZ,NY.GDP.MKTP.CD,2002,5950769426.60213
Mozambique,MOZ,NY.GDP.MKTP.CD,2003,6583526860.58062
Mozambique,MOZ,NY.GDP.MKTP.CD,2004,7937255565.35765
Mozambique,MOZ,NY.GDP.MKTP.CD,2005,8868504899.94673
Mozambique,MOZ,NY.GDP.MKTP.CD,2006,9509835536.93373
Mozambique,MOZ,NY.GDP.MKTP.CD,2007,10811456005.9405
Mozambique,MOZ,NY.GDP.MKTP.CD,2008,12920340964.6544
Mozambique,MOZ,NY.GDP.MKTP.CD,2009,12263894790.0125
Mozambique,MOZ,NY.GDP.MKTP.CD,2010,11411894723.864
Mozambique,MOZ,NY.GDP.MKTP.CD,2011,14619279988.716
Mozambique,MOZ,NY.GDP.MKTP.CD,2012,16688114144.0745
Mozambique,MOZ,NY.GDP.MKTP.CD,2013,17198073057.1981
Mozambique,MOZ,NY.GDP.MKTP.CD,2014,17978246586.0662
Mozambique,MOZ,NY.GDP.MKTP.CD,2015,16208985769.615
Mozambique,MOZ,NY.GDP.MKTP.CD,2016,12069051237.1711
Mozambique,MOZ,NY.GDP.MKTP.CD,2017,13264640645.7768
Mozambique,MOZ,NY.GDP.MKTP.CD,2018,15017358952.8452
Mozambique,MOZ,NY.GDP.MKTP.CD,2019,15512759046.672
Mozambique,MOZ,NY.GDP.MKTP.CD,2020,14235420174.1884
Mozambique,MOZ,NY.GDP.MKTP.CD,2021,16168055475.4449
Mozambique,MOZ,NY.GDP.MKTP.CD,2022,18884232598.8698
Mozambique,MOZ,NY.GDP.MKTP.CD,2023,20927498317.3094
Mozambique,MOZ,NY.GDP.MKTP.CD,2024,22752244245.473
Mozambique,MOZ,NY.GDP.MKTP.CD,2025,22337997046.1913
Mauritania,MRT,NY.GDP.MKTP.CD,1961,159213430.204754
Mauritania,MRT,NY.GDP.MKTP.CD,1962,164271557.513473
Mauritania,MRT,NY.GDP.MKTP.CD,1963,168186297.281077
Mauritania,MRT,NY.GDP.MKTP.CD,1964,224495743.865038
Mauritania,MRT,NY.GDP.MKTP.CD,1965,255340474.997828
Mauritania,MRT,NY.GDP.MKTP.CD,1966,266533605.185831
Mauritania,MRT,NY.GDP.MKTP.CD,1967,282615310.216284
Mauritania,MRT,NY.GDP.MKTP.CD,1968,311395937.322956
Mauritania,MRT,NY.GDP.MKTP.CD,1969,295062308.474696
Mauritania,MRT,NY.GDP.MKTP.CD,1970,309405315.98667
Mauritania,MRT,NY.GDP.MKTP.CD,1971,335568907.051937
Mauritania,MRT,NY.GDP.MKTP.CD,1972,391669449.290746
Mauritania,MRT,NY.GDP.MKTP.CD,1973,493237876.273031
Mauritania,MRT,NY.GDP.MKTP.CD,1974,613010552.500776
Mauritania,MRT,NY.GDP.MKTP.CD,1975,703377837.452223
Mauritania,MRT,NY.GDP.MKTP.CD,1976,775045516.827791
Mauritania,MRT,NY.GDP.MKTP.CD,1977,799030017.057464
Mauritania,MRT,NY.GDP.MKTP.CD,1978,804629876.848091
Mauritania,MRT,NY.GDP.MKTP.CD,1979,951900945.252492
Mauritania,MRT,NY.GDP.MKTP.CD,1980,1047925105.54497
Mauritania,MRT,NY.GDP.MKTP.CD,1981,1105494681.63193
Mauritania,MRT,NY.GDP.MKTP.CD,1982,1108776652.78389
Mauritania,MRT,NY.GDP.MKTP.CD,1983,1165171263.34593
Mauritania,MRT,NY.GDP.MKTP.CD,1984,1074373230.36274
Mauritania,MRT,NY.GDP.MKTP.CD,1985,1009723326.32808
Mauritania,MRT,NY.GDP.MKTP.CD,1986,1186628778.4874
Mauritania,MRT,NY.GDP.MKTP.CD,1987,1344664724.68991
Mauritania,MRT,NY.GDP.MKTP.CD,1988,1414951290.06682
Mauritania,MRT,NY.GDP.MKTP.CD,1989,1450647019.18099
Mauritania,MRT,NY.GDP.MKTP.CD,1990,1506914407.82047
Mauritania,MRT,NY.GDP.MKTP.CD,1991,2133692696.74857
Mauritania,MRT,NY.GDP.MKTP.CD,1992,2164298425.48412
Mauritania,MRT,NY.GDP.MKTP.CD,1993,1847353211.3475
Mauritania,MRT,NY.GDP.MKTP.CD,1994,1944876755.00708
Mauritania,MRT,NY.GDP.MKTP.CD,1995,2091726101.43014
Mauritania,MRT,NY.GDP.MKTP.CD,1996,2132087009.28942
Mauritania,MRT,NY.GDP.MKTP.CD,1997,2071996564.05296
Mauritania,MRT,NY.GDP.MKTP.CD,1998,2032347664.94993
Mauritania,MRT,NY.GDP.MKTP.CD,1999,1985922775.53351
Mauritania,MRT,NY.GDP.MKTP.CD,2000,1779520886.47015
Mauritania,MRT,NY.GDP.MKTP.CD,2001,1746063557.61355
Mauritania,MRT,NY.GDP.MKTP.CD,2002,1777057481.26043
Mauritania,MRT,NY.GDP.MKTP.CD,2003,2051147606.73687
Mauritania,MRT,NY.GDP.MKTP.CD,2004,2362501023.24249
Mauritania,MRT,NY.GDP.MKTP.CD,2005,2936019525.60241
Mauritania,MRT,NY.GDP.MKTP.CD,2006,3919577285.92703
Mauritania,MRT,NY.GDP.MKTP.CD,2007,4346212355.02975
Mauritania,MRT,NY.GDP.MKTP.CD,2008,5206437193.80413
Mauritania,MRT,NY.GDP.MKTP.CD,2009,4714595547.75102
Mauritania,MRT,NY.GDP.MKTP.CD,2010,5628878797.98257
Mauritania,MRT,NY.GDP.MKTP.CD,2011,6764627745.9033
Mauritania,MRT,NY.GDP.MKTP.CD,2012,6728208836.22143
Mauritania,MRT,NY.GDP.MKTP.CD,2013,7230646063.35983
Mauritania,MRT,NY.GDP.MKTP.CD,2014,6615483550.17817
Mauritania,MRT,NY.GDP.MKTP.CD,2015,6182303676.55144
Mauritania,MRT,NY.GDP.MKTP.CD,2016,6407900701.25829
Mauritania,MRT,NY.GDP.MKTP.CD,2017,6812472965.33868
Mauritania,MRT,NY.GDP.MKTP.CD,2018,7475471309.52265
Mauritania,MRT,NY.GDP.MKTP.CD,2019,7894764885.82312
Mauritania,MRT,NY.GDP.MKTP.CD,2020,8260567356.81635
Mauritania,MRT,NY.GDP.MKTP.CD,2021,9221044666.76483
Mauritania,MRT,NY.GDP.MKTP.CD,2022,9562497460.55394
Mauritania,MRT,NY.GDP.MKTP.CD,2023,10687541640.1299
Mauritania,MRT,NY.GDP.MKTP.CD,2024,10879212033.4823
Mauritania,MRT,NY.GDP.MKTP.CD,2025,11679910946.4371
Mauritius,MUS,NY.GDP.MKTP.CD,1960,162089563.829564
Mauritius,MUS,NY.GDP.MKTP.CD,1961,191757729.477729
Mauritius,MUS,NY.GDP.MKTP.CD,1962,197738207.858208
Mauritius,MUS,NY.GDP.MKTP.CD,1963,253839557.949558
Mauritius,MUS,NY.GDP.MKTP.CD,1964,218914569.184569
Mauritius,MUS,NY.GDP.MKTP.CD,1965,230024160.524161
Mauritius,MUS,NY.GDP.MKTP.CD,1966,227534083.454083
Mauritius,MUS,NY.GDP.MKTP.CD,1967,238439290.867222
Mauritius,MUS,NY.GDP.MKTP.CD,1968,206576630.576631
Mauritius,MUS,NY.GDP.MKTP.CD,1969,221553612.873613
Mauritius,MUS,NY.GDP.MKTP.CD,1970,224125805.005805
Mauritius,MUS,NY.GDP.MKTP.CD,1971,251437337.841491
Mauritius,MUS,NY.GDP.MKTP.CD,1972,318664899.637091
Mauritius,MUS,NY.GDP.MKTP.CD,1973,404285775.079719
Mauritius,MUS,NY.GDP.MKTP.CD,1974,669894029.624369
Mauritius,MUS,NY.GDP.MKTP.CD,1975,673311287.073382
Mauritius,MUS,NY.GDP.MKTP.CD,1976,713510051.522669
Mauritius,MUS,NY.GDP.MKTP.CD,1977,834722972.199873
Mauritius,MUS,NY.GDP.MKTP.CD,1978,1029040323.36704
Mauritius,MUS,NY.GDP.MKTP.CD,1979,1227446632.17561
Mauritius,MUS,NY.GDP.MKTP.CD,1980,1147027924.10804
Mauritius,MUS,NY.GDP.MKTP.CD,1981,1157769443.59463
Mauritius,MUS,NY.GDP.MKTP.CD,1982,1092923635.57767
Mauritius,MUS,NY.GDP.MKTP.CD,1983,1104956573.09802
Mauritius,MUS,NY.GDP.MKTP.CD,1984,1054564759.05328
Mauritius,MUS,NY.GDP.MKTP.CD,1985,1090611324.6814
Mauritius,MUS,NY.GDP.MKTP.CD,1986,1482601552.40192
Mauritius,MUS,NY.GDP.MKTP.CD,1987,1906174437.96762
Mauritius,MUS,NY.GDP.MKTP.CD,1988,2163252449.13108
Mauritius,MUS,NY.GDP.MKTP.CD,1989,2211312823.20576
Mauritius,MUS,NY.GDP.MKTP.CD,1990,2689212760.18576
Mauritius,MUS,NY.GDP.MKTP.CD,1991,2895354736.18332
Mauritius,MUS,NY.GDP.MKTP.CD,1992,3267677814.23984
Mauritius,MUS,NY.GDP.MKTP.CD,1993,3307302125.87528
Mauritius,MUS,NY.GDP.MKTP.CD,1994,3606050873.0139
Mauritius,MUS,NY.GDP.MKTP.CD,1995,4094741652.30048
Mauritius,MUS,NY.GDP.MKTP.CD,1996,4481489761.54368
Mauritius,MUS,NY.GDP.MKTP.CD,1997,4243755307.55239
Mauritius,MUS,NY.GDP.MKTP.CD,1998,4225813976.36359
Mauritius,MUS,NY.GDP.MKTP.CD,1999,4402193195.46945
Mauritius,MUS,NY.GDP.MKTP.CD,2000,4726108622.47661
Mauritius,MUS,NY.GDP.MKTP.CD,2001,4675755867.17657
Mauritius,MUS,NY.GDP.MKTP.CD,2002,4906494249.38255
Mauritius,MUS,NY.GDP.MKTP.CD,2003,5894873919.74797
Mauritius,MUS,NY.GDP.MKTP.CD,2004,6667418752.07307
Mauritius,MUS,NY.GDP.MKTP.CD,2005,6576108447.47531
Mauritius,MUS,NY.GDP.MKTP.CD,2006,7137710412.93687
Mauritius,MUS,NY.GDP.MKTP.CD,2007,8277474849.95045
Mauritius,MUS,NY.GDP.MKTP.CD,2008,10127741914.5324
Mauritius,MUS,NY.GDP.MKTP.CD,2009,9264482255.83389
Mauritius,MUS,NY.GDP.MKTP.CD,2010,10144716154.9356
Mauritius,MUS,NY.GDP.MKTP.CD,2011,11677718382.4259
Mauritius,MUS,NY.GDP.MKTP.CD,2012,11832323837.1071
Mauritius,MUS,NY.GDP.MKTP.CD,2013,12434596541.2996
Mauritius,MUS,NY.GDP.MKTP.CD,2014,13230490081.5656
Mauritius,MUS,NY.GDP.MKTP.CD,2015,12162211503.0793
Mauritius,MUS,NY.GDP.MKTP.CD,2016,12757680846.5663
Mauritius,MUS,NY.GDP.MKTP.CD,2017,13896938315.2799
Mauritius,MUS,NY.GDP.MKTP.CD,2018,14957535715.9696
Mauritius,MUS,NY.GDP.MKTP.CD,2019,14645235204.6176
Mauritius,MUS,NY.GDP.MKTP.CD,2020,11566111137.5568
Mauritius,MUS,NY.GDP.MKTP.CD,2021,11622048696.8129
Mauritius,MUS,NY.GDP.MKTP.CD,2022,12936444123.3037
Mauritius,MUS,NY.GDP.MKTP.CD,2023,14072212290.4596
Mauritius,MUS,NY.GDP.MKTP.CD,2024,14938055690.3609
Mauritius,MUS,NY.GDP.MKTP.CD,2025,16157804491.7614
Malawi,MWI,NY.GDP.MKTP.CD,1980,1801156774.56852
Malawi,MWI,NY.GDP.MKTP.CD,1981,1801193909.52073
Malawi,MWI,NY.GDP.MKTP.CD,1982,1717379494.63245
Malawi,MWI,NY.GDP.MKTP.CD,1983,1780148049.43635
Malawi,MWI,NY.GDP.MKTP.CD,1984,1758028656.12928
Malawi,MWI,NY.GDP.MKTP.CD,1985,1646442272.89094
Malawi,MWI,NY.GDP.MKTP.CD,1986,1722586299.409
Malawi,MWI,NY.GDP.MKTP.CD,1987,1721711808.48111
Malawi,MWI,NY.GDP.MKTP.CD,1988,2008189508.37875
Malawi,MWI,NY.GDP.MKTP.CD,1989,2314205129.58032
Malawi,MWI,NY.GDP.MKTP.CD,1990,2737087861.62245
Malawi,MWI,NY.GDP.MKTP.CD,1991,3206783830.41779
Malawi,MWI,NY.GDP.MKTP.CD,1992,2618837835.02508
Malawi,MWI,NY.GDP.MKTP.CD,1993,3013392657.99911
Malawi,MWI,NY.GDP.MKTP.CD,1994,1719864761.30628
Malawi,MWI,NY.GDP.MKTP.CD,1995,2033701497.97085
Malawi,MWI,NY.GDP.MKTP.CD,1996,3319573749.6119
Malawi,MWI,NY.GDP.MKTP.CD,1997,3875785863.38323
Malawi,MWI,NY.GDP.MKTP.CD,1998,2547609590.06984
Malawi,MWI,NY.GDP.MKTP.CD,1999,2584478924.06081
Malawi,MWI,NY.GDP.MKTP.CD,2000,2537307580.32808
Malawi,MWI,NY.GDP.MKTP.CD,2001,2498008664.6691
Malawi,MWI,NY.GDP.MKTP.CD,2002,5087328437.8737
Malawi,MWI,NY.GDP.MKTP.CD,2003,4669789300.35662
Malawi,MWI,NY.GDP.MKTP.CD,2004,5058726350.48896
Malawi,MWI,NY.GDP.MKTP.CD,2005,5320409651.47544
Malawi,MWI,NY.GDP.MKTP.CD,2006,5818279739.14354
Malawi,MWI,NY.GDP.MKTP.CD,2007,6451210219.11683
Malawi,MWI,NY.GDP.MKTP.CD,2008,7743617352.21427
Malawi,MWI,NY.GDP.MKTP.CD,2009,9009887946.82039
Malawi,MWI,NY.GDP.MKTP.CD,2010,10128323010.6049
Malawi,MWI,NY.GDP.MKTP.CD,2011,11648142958.3651
Malawi,MWI,NY.GDP.MKTP.CD,2012,8773203178.16512
Malawi,MWI,NY.GDP.MKTP.CD,2013,8031571927.62055
Malawi,MWI,NY.GDP.MKTP.CD,2014,8801326169.14547
Malawi,MWI,NY.GDP.MKTP.CD,2015,9219474379.31534
Malawi,MWI,NY.GDP.MKTP.CD,2016,7909868618.46366
Malawi,MWI,NY.GDP.MKTP.CD,2017,8943543793.5839
Malawi,MWI,NY.GDP.MKTP.CD,2018,9879220354.29186
Malawi,MWI,NY.GDP.MKTP.CD,2019,11051852712.6142
Malawi,MWI,NY.GDP.MKTP.CD,2020,11769313597.8545
Malawi,MWI,NY.GDP.MKTP.CD,2021,12378119199.0839
Malawi,MWI,NY.GDP.MKTP.CD,2022,12429059928.102
Malawi,MWI,NY.GDP.MKTP.CD,2023,13363669672.9405
Malawi,MWI,NY.GDP.MKTP.CD,2024,11311971400.3864
Malawi,MWI,NY.GDP.MKTP.CD,2025,14918276698.303
Malaysia,MYS,NY.GDP.MKTP.CD,1960,1916229477.13657
Malaysia,MYS,NY.GDP.MKTP.CD,1961,1901856122.72231
Malaysia,MYS,NY.GDP.MKTP.CD,1962,2001489602.18475
Malaysia,MYS,NY.GDP.MKTP.CD,1963,2510110348.16184
Malaysia,MYS,NY.GDP.MKTP.CD,1964,2674423922.48842
Malaysia,MYS,NY.GDP.MKTP.CD,1965,2956337669.29525
Malaysia,MYS,NY.GDP.MKTP.CD,1966,3143517943.82632
Malaysia,MYS,NY.GDP.MKTP.CD,1967,3188924677.08953
Malaysia,MYS,NY.GDP.MKTP.CD,1968,3330371551.21161
Malaysia,MYS,NY.GDP.MKTP.CD,1969,3664552041.34299
Malaysia,MYS,NY.GDP.MKTP.CD,1970,3864145667.41365
Malaysia,MYS,NY.GDP.MKTP.CD,1971,4244395955.78358
Malaysia,MYS,NY.GDP.MKTP.CD,1972,5043347250.41815
Malaysia,MYS,NY.GDP.MKTP.CD,1973,7662902677.9027
Malaysia,MYS,NY.GDP.MKTP.CD,1974,9496204301.74981
Malaysia,MYS,NY.GDP.MKTP.CD,1975,9298800799.46702
Malaysia,MYS,NY.GDP.MKTP.CD,1976,11050234598.6249
Malaysia,MYS,NY.GDP.MKTP.CD,1977,13139488632.5546
Malaysia,MYS,NY.GDP.MKTP.CD,1978,16358079862.1096
Malaysia,MYS,NY.GDP.MKTP.CD,1979,21213264962.0141
Malaysia,MYS,NY.GDP.MKTP.CD,1980,24488224677.2105
Malaysia,MYS,NY.GDP.MKTP.CD,1981,25004285791.7865
Malaysia,MYS,NY.GDP.MKTP.CD,1982,26804493635.3297
Malaysia,MYS,NY.GDP.MKTP.CD,1983,30347442110.9316
Malaysia,MYS,NY.GDP.MKTP.CD,1984,33942897422.0465
Malaysia,MYS,NY.GDP.MKTP.CD,1985,31199633352.9598
Malaysia,MYS,NY.GDP.MKTP.CD,1986,27734111399.7525
Malaysia,MYS,NY.GDP.MKTP.CD,1987,32181210157.9671
Malaysia,MYS,NY.GDP.MKTP.CD,1988,35272109220.1988
Malaysia,MYS,NY.GDP.MKTP.CD,1989,38847965292.9185
Malaysia,MYS,NY.GDP.MKTP.CD,1990,44024585239.6137
Malaysia,MYS,NY.GDP.MKTP.CD,1991,49143148094.2683
Malaysia,MYS,NY.GDP.MKTP.CD,1992,59167550162.956
Malaysia,MYS,NY.GDP.MKTP.CD,1993,66894966968.9736
Malaysia,MYS,NY.GDP.MKTP.CD,1994,74478356957.7808
Malaysia,MYS,NY.GDP.MKTP.CD,1995,88705342902.7113
Malaysia,MYS,NY.GDP.MKTP.CD,1996,100855393910.486
Malaysia,MYS,NY.GDP.MKTP.CD,1997,100005323301.867
Malaysia,MYS,NY.GDP.MKTP.CD,1998,72167498980.8398
Malaysia,MYS,NY.GDP.MKTP.CD,1999,79148421052.6316
Malaysia,MYS,NY.GDP.MKTP.CD,2000,93789736842.1053
Malaysia,MYS,NY.GDP.MKTP.CD,2001,92783947368.4211
Malaysia,MYS,NY.GDP.MKTP.CD,2002,100845526315.789
Malaysia,MYS,NY.GDP.MKTP.CD,2003,110202368421.053
Malaysia,MYS,NY.GDP.MKTP.CD,2004,124749473684.211
Malaysia,MYS,NY.GDP.MKTP.CD,2005,143534405818.501
Malaysia,MYS,NY.GDP.MKTP.CD,2006,162692258307.056
Malaysia,MYS,NY.GDP.MKTP.CD,2007,193549569477.733
Malaysia,MYS,NY.GDP.MKTP.CD,2008,230811614370.384
Malaysia,MYS,NY.GDP.MKTP.CD,2009,202257453036.641
Malaysia,MYS,NY.GDP.MKTP.CD,2010,255017638455.59
Malaysia,MYS,NY.GDP.MKTP.CD,2011,297951668674.835
Malaysia,MYS,NY.GDP.MKTP.CD,2012,314443047642.111
Malaysia,MYS,NY.GDP.MKTP.CD,2013,323276235524.415
Malaysia,MYS,NY.GDP.MKTP.CD,2014,338066095097.254
Malaysia,MYS,NY.GDP.MKTP.CD,2015,301355266964.947
Malaysia,MYS,NY.GDP.MKTP.CD,2016,301256033870.334
Malaysia,MYS,NY.GDP.MKTP.CD,2017,319109094160.343
Malaysia,MYS,NY.GDP.MKTP.CD,2018,358788845712.53
Malaysia,MYS,NY.GDP.MKTP.CD,2019,365177721021.516
Malaysia,MYS,NY.GDP.MKTP.CD,2020,337456163961.211
Malaysia,MYS,NY.GDP.MKTP.CD,2021,373784553029.978
Malaysia,MYS,NY.GDP.MKTP.CD,2022,407830525989.553
Malaysia,MYS,NY.GDP.MKTP.CD,2023,399949418752.657
Malaysia,MYS,NY.GDP.MKTP.CD,2024,422227005428.688
Malaysia,MYS,NY.GDP.MKTP.CD,2025,472193128644.597
North America,NAC,NY.GDP.MKTP.CD,1960,582624755153.847
North America,NAC,NY.GDP.MKTP.CD,1961,603055003182.732
North America,NAC,NY.GDP.MKTP.CD,1962,646056325348.93
North America,NAC,NY.GDP.MKTP.CD,1963,682281489551.125
North America,NAC,NY.GDP.MKTP.CD,1964,733740484526.021
North America,NAC,NY.GDP.MKTP.CD,1965,796652272547.487
North America,NAC,NY.GDP.MKTP.CD,1966,874400174025.376
North America,NAC,NY.GDP.MKTP.CD,1967,925611758906.731
North America,NAC,NY.GDP.MKTP.CD,1968,1012423833006.16
North America,NAC,NY.GDP.MKTP.CD,1969,1097008083538.61
North America,NAC,NY.GDP.MKTP.CD,1970,1161681557632.31
North America,NAC,NY.GDP.MKTP.CD,1971,1264667554743.51
North America,NAC,NY.GDP.MKTP.CD,1972,1392809248873.62
North America,NAC,NY.GDP.MKTP.CD,1973,1557409843565.64
North America,NAC,NY.GDP.MKTP.CD,1974,1706504788139.06
North America,NAC,NY.GDP.MKTP.CD,1975,1859668757176.56
North America,NAC,NY.GDP.MKTP.CD,1976,2081069912576.06
North America,NAC,NY.GDP.MKTP.CD,1977,2294598176304.65
North America,NAC,NY.GDP.MKTP.CD,1978,2571444342386.25
North America,NAC,NY.GDP.MKTP.CD,1979,2871741324295.71
North America,NAC,NY.GDP.MKTP.CD,1980,3132696865996.05
North America,NAC,NY.GDP.MKTP.CD,1981,3515026742787.86
North America,NAC,NY.GDP.MKTP.CD,1982,3659222307440.61
North America,NAC,NY.GDP.MKTP.CD,1983,3976793677182.73
North America,NAC,NY.GDP.MKTP.CD,1984,4395317100091.54
North America,NAC,NY.GDP.MKTP.CD,1985,4706204512481.65
North America,NAC,NY.GDP.MKTP.CD,1986,4959811337023.72
North America,NAC,NY.GDP.MKTP.CD,1987,5289645738278.71
North America,NAC,NY.GDP.MKTP.CD,1988,5747233127658.55
North America,NAC,NY.GDP.MKTP.CD,1989,6210293493275.24
North America,NAC,NY.GDP.MKTP.CD,1990,6560811991360.99
North America,NAC,NY.GDP.MKTP.CD,1991,6772291612315.61
North America,NAC,NY.GDP.MKTP.CD,1992,7116394258318.85
North America,NAC,NY.GDP.MKTP.CD,1993,7439432921639.4
North America,NAC,NY.GDP.MKTP.CD,1994,7869047506907.26
North America,NAC,NY.GDP.MKTP.CD,1995,8247740840061.21
North America,NAC,NY.GDP.MKTP.CD,1996,8706425384132.74
North America,NAC,NY.GDP.MKTP.CD,1997,9235472549085.8
North America,NAC,NY.GDP.MKTP.CD,1998,9699947073918.43
North America,NAC,NY.GDP.MKTP.CD,1999,10312910648521.3
North America,NAC,NY.GDP.MKTP.CD,2000,10999205634931.6
North America,NAC,NY.GDP.MKTP.CD,2001,11324591275355.4
North America,NAC,NY.GDP.MKTP.CD,2002,11693695836551.6
North America,NAC,NY.GDP.MKTP.CD,2003,12356178599084.6
North America,NAC,NY.GDP.MKTP.CD,2004,13248371709917.8
North America,NAC,NY.GDP.MKTP.CD,2005,14217183637402.9
North America,NAC,NY.GDP.MKTP.CD,2006,15141018255289.1
North America,NAC,NY.GDP.MKTP.CD,2007,15949815407783.3
North America,NAC,NY.GDP.MKTP.CD,2008,16329835439550.1
North America,NAC,NY.GDP.MKTP.CD,2009,15859350766599.6
North America,NAC,NY.GDP.MKTP.CD,2010,16672954718091.5
North America,NAC,NY.GDP.MKTP.CD,2011,17399380418900.9
North America,NAC,NY.GDP.MKTP.CD,2012,18088707665072.0
North America,NAC,NY.GDP.MKTP.CD,2013,18733732587414.4
North America,NAC,NY.GDP.MKTP.CD,2014,19420303676809.0
North America,NAC,NY.GDP.MKTP.CD,2015,19858183921200.2
North America,NAC,NY.GDP.MKTP.CD,2016,20339809161640.9
North America,NAC,NY.GDP.MKTP.CD,2017,21268513812514.6
North America,NAC,NY.GDP.MKTP.CD,2018,22389072713237.7
North America,NAC,NY.GDP.MKTP.CD,2019,23291134417156.9
North America,NAC,NY.GDP.MKTP.CD,2020,23037855330882.0
North America,NAC,NY.GDP.MKTP.CD,2021,25755312987896.8
North America,NAC,NY.GDP.MKTP.CD,2022,28262944669046.3
North America,NAC,NY.GDP.MKTP.CD,2023,30016713196347.4
North America,NAC,NY.GDP.MKTP.CD,2024,31577283688683.4
North America,NAC,NY.GDP.MKTP.CD,2025,33099237425506.2
Namibia,NAM,NY.GDP.MKTP.CD,1980,2421990338.12083
Namibia,NAM,NY.GDP.MKTP.CD,1981,2249908578.03115
Namibia,NAM,NY.GDP.MKTP.CD,1982,2118710248.32937
Namibia,NAM,NY.GDP.MKTP.CD,1983,2297400687.55049
Namibia,NAM,NY.GDP.MKTP.CD,1984,1951260037.94542
Namibia,NAM,NY.GDP.MKTP.CD,1985,1608237350.44365
Namibia,NAM,NY.GDP.MKTP.CD,1986,1809048527.11034
Namibia,NAM,NY.GDP.MKTP.CD,1987,2300068216.96898
Namibia,NAM,NY.GDP.MKTP.CD,1988,2495094746.44024
Namibia,NAM,NY.GDP.MKTP.CD,1989,2535135797.50766
Namibia,NAM,NY.GDP.MKTP.CD,1990,2789921853.53112
Namibia,NAM,NY.GDP.MKTP.CD,1991,2996869281.48364
Namibia,NAM,NY.GDP.MKTP.CD,1992,3429521699.4026
Namibia,NAM,NY.GDP.MKTP.CD,1993,3251188833.14533
Namibia,NAM,NY.GDP.MKTP.CD,1994,3666503529.62911
Namibia,NAM,NY.GDP.MKTP.CD,1995,3978514206.31168
Namibia,NAM,NY.GDP.MKTP.CD,1996,3989163196.56767
Namibia,NAM,NY.GDP.MKTP.CD,1997,4154989950.00393
Namibia,NAM,NY.GDP.MKTP.CD,1998,3873109865.55683
Namibia,NAM,NY.GDP.MKTP.CD,1999,3868551730.39163
Namibia,NAM,NY.GDP.MKTP.CD,2000,3922232164.83175
Namibia,NAM,NY.GDP.MKTP.CD,2001,3557341215.15159
Namibia,NAM,NY.GDP.MKTP.CD,2002,3349169826.38896
Namibia,NAM,NY.GDP.MKTP.CD,2003,4926439383.51425
Namibia,NAM,NY.GDP.MKTP.CD,2004,6609205994.77406
Namibia,NAM,NY.GDP.MKTP.CD,2005,7248374837.72056
Namibia,NAM,NY.GDP.MKTP.CD,2006,8001779551.06323
Namibia,NAM,NY.GDP.MKTP.CD,2007,8839536475.99963
Namibia,NAM,NY.GDP.MKTP.CD,2008,8607431497.49471
Namibia,NAM,NY.GDP.MKTP.CD,2009,8938847189.07592
Namibia,NAM,NY.GDP.MKTP.CD,2010,11431412421.1316
Namibia,NAM,NY.GDP.MKTP.CD,2011,12523359440.5499
Namibia,NAM,NY.GDP.MKTP.CD,2012,13042053591.6857
Namibia,NAM,NY.GDP.MKTP.CD,2013,12043307277.1235
Namibia,NAM,NY.GDP.MKTP.CD,2014,12435430969.6301
Namibia,NAM,NY.GDP.MKTP.CD,2015,11335161083.5061
Namibia,NAM,NY.GDP.MKTP.CD,2016,10722018732.0936
Namibia,NAM,NY.GDP.MKTP.CD,2017,12895153370.9132
Namibia,NAM,NY.GDP.MKTP.CD,2018,13682019076.4022
Namibia,NAM,NY.GDP.MKTP.CD,2019,12541928303.48
Namibia,NAM,NY.GDP.MKTP.CD,2020,10583748541.5258
Namibia,NAM,NY.GDP.MKTP.CD,2021,12402486183.6396
Namibia,NAM,NY.GDP.MKTP.CD,2022,12569449123.3661
Namibia,NAM,NY.GDP.MKTP.CD,2023,12522012873.7957
Namibia,NAM,NY.GDP.MKTP.CD,2024,13641190683.4641
Namibia,NAM,NY.GDP.MKTP.CD,2025,15080340653.5276
New Caledonia,NCL,NY.GDP.MKTP.CD,1965,159594492.463655
New Caledonia,NCL,NY.GDP.MKTP.CD,1966,164206536.445162
New Caledonia,NCL,NY.GDP.MKTP.CD,1967,180036767.648861
New Caledonia,NCL,NY.GDP.MKTP.CD,1968,215507162.56893
New Caledonia,NCL,NY.GDP.MKTP.CD,1969,263108841.338416
New Caledonia,NCL,NY.GDP.MKTP.CD,1970,358815684.071892
New Caledonia,NCL,NY.GDP.MKTP.CD,1971,413985778.589656
New Caledonia,NCL,NY.GDP.MKTP.CD,1972,506808996.694661
New Caledonia,NCL,NY.GDP.MKTP.CD,1973,542293399.862618
New Caledonia,NCL,NY.GDP.MKTP.CD,1974,637403478.492486
New Caledonia,NCL,NY.GDP.MKTP.CD,1975,816652164.400241
New Caledonia,NCL,NY.GDP.MKTP.CD,1976,798313521.689803
New Caledonia,NCL,NY.GDP.MKTP.CD,1977,837620126.558528
New Caledonia,NCL,NY.GDP.MKTP.CD,1978,846004687.758093
New Caledonia,NCL,NY.GDP.MKTP.CD,1979,1047225723.57386
New Caledonia,NCL,NY.GDP.MKTP.CD,1980,1182463951.21814
New Caledonia,NCL,NY.GDP.MKTP.CD,1981,972564154.815131
New Caledonia,NCL,NY.GDP.MKTP.CD,1982,904599869.725833
New Caledonia,NCL,NY.GDP.MKTP.CD,1983,823857893.163123
New Caledonia,NCL,NY.GDP.MKTP.CD,1984,796066194.738573
New Caledonia,NCL,NY.GDP.MKTP.CD,1985,854820893.577136
New Caledonia,NCL,NY.GDP.MKTP.CD,1986,1201321513.76667
New Caledonia,NCL,NY.GDP.MKTP.CD,1987,1488093101.50275
New Caledonia,NCL,NY.GDP.MKTP.CD,1988,2072775508.14796
New Caledonia,NCL,NY.GDP.MKTP.CD,1989,2185082938.93078
New Caledonia,NCL,NY.GDP.MKTP.CD,1990,2529440424.16648
New Caledonia,NCL,NY.GDP.MKTP.CD,1991,2653780672.09555
New Caledonia,NCL,NY.GDP.MKTP.CD,1992,2923883281.08579
New Caledonia,NCL,NY.GDP.MKTP.CD,1993,2822243780.97543
New Caledonia,NCL,NY.GDP.MKTP.CD,1994,3038728384.86634
New Caledonia,NCL,NY.GDP.MKTP.CD,1995,3628440505.14193
New Caledonia,NCL,NY.GDP.MKTP.CD,1996,3606968435.99917
New Caledonia,NCL,NY.GDP.MKTP.CD,1997,3291131281.04099
New Caledonia,NCL,NY.GDP.MKTP.CD,1998,3556304832.68104
New Caledonia,NCL,NY.GDP.MKTP.CD,1999,3647802049.80911
New Caledonia,NCL,NY.GDP.MKTP.CD,2000,3420032041.07385
New Caledonia,NCL,NY.GDP.MKTP.CD,2001,3297734891.14661
New Caledonia,NCL,NY.GDP.MKTP.CD,2002,3740056747.71979
New Caledonia,NCL,NY.GDP.MKTP.CD,2003,4915353827.10576
New Caledonia,NCL,NY.GDP.MKTP.CD,2004,5895008977.9531
New Caledonia,NCL,NY.GDP.MKTP.CD,2005,6238629487.01331
New Caledonia,NCL,NY.GDP.MKTP.CD,2006,6979155387.86792
New Caledonia,NCL,NY.GDP.MKTP.CD,2007,8819917180.34265
New Caledonia,NCL,NY.GDP.MKTP.CD,2008,9067619760.07073
New Caledonia,NCL,NY.GDP.MKTP.CD,2009,8704438102.20142
New Caledonia,NCL,NY.GDP.MKTP.CD,2010,9364350076.91225
New Caledonia,NCL,NY.GDP.MKTP.CD,2011,10351448004.7674
New Caledonia,NCL,NY.GDP.MKTP.CD,2012,9659151917.40484
New Caledonia,NCL,NY.GDP.MKTP.CD,2013,10151382933.1594
New Caledonia,NCL,NY.GDP.MKTP.CD,2014,10635035594.7528
New Caledonia,NCL,NY.GDP.MKTP.CD,2015,8738203074.3957
New Caledonia,NCL,NY.GDP.MKTP.CD,2016,8724568954.89799
New Caledonia,NCL,NY.GDP.MKTP.CD,2017,9174048681.98577
New Caledonia,NCL,NY.GDP.MKTP.CD,2018,9896402283.68587
New Caledonia,NCL,NY.GDP.MKTP.CD,2019,9475655324.59495
New Caledonia,NCL,NY.GDP.MKTP.CD,2020,9454629467.91408
New Caledonia,NCL,NY.GDP.MKTP.CD,2021,10071349663.8484
New Caledonia,NCL,NY.GDP.MKTP.CD,2022,9623318718.31459
New Caledonia,NCL,NY.GDP.MKTP.CD,2023,9769167530.35744
New Caledonia,NCL,NY.GDP.MKTP.CD,2024,8548919387.12607
Niger,NER,NY.GDP.MKTP.CD,1960,449526873.29589
Niger,NER,NY.GDP.MKTP.CD,1961,485785230.978987
Niger,NER,NY.GDP.MKTP.CD,1962,531736599.250464
Niger,NER,NY.GDP.MKTP.CD,1963,586294878.744643
Niger,NER,NY.GDP.MKTP.CD,1964,582816396.404409
Niger,NER,NY.GDP.MKTP.CD,1965,673383510.812866
Niger,NER,NY.GDP.MKTP.CD,1966,702296078.593173
Niger,NER,NY.GDP.MKTP.CD,1967,665586872.274446
Niger,NER,NY.GDP.MKTP.CD,1968,641214226.209493
Niger,NER,NY.GDP.MKTP.CD,1969,625867985.273798
Niger,NER,NY.GDP.MKTP.CD,1970,649916621.242978
Niger,NER,NY.GDP.MKTP.CD,1971,693573703.630273
Niger,NER,NY.GDP.MKTP.CD,1972,742779660.818693
Niger,NER,NY.GDP.MKTP.CD,1973,946385105.193732
Niger,NER,NY.GDP.MKTP.CD,1974,1026137110.89309
Niger,NER,NY.GDP.MKTP.CD,1975,1048690933.21027
Niger,NER,NY.GDP.MKTP.CD,1976,1064517601.29025
Niger,NER,NY.GDP.MKTP.CD,1977,1291458041.46193
Niger,NER,NY.GDP.MKTP.CD,1978,1774365589.70815
Niger,NER,NY.GDP.MKTP.CD,1979,2109277665.69912
Niger,NER,NY.GDP.MKTP.CD,1980,2508524720.71895
Niger,NER,NY.GDP.MKTP.CD,1981,2170893414.3888
Niger,NER,NY.GDP.MKTP.CD,1982,2017612215.97935
Niger,NER,NY.GDP.MKTP.CD,1983,1803099561.20046
Niger,NER,NY.GDP.MKTP.CD,1984,1461243326.12882
Niger,NER,NY.GDP.MKTP.CD,1985,1440581652.39853
Niger,NER,NY.GDP.MKTP.CD,1986,1904096998.30009
Niger,NER,NY.GDP.MKTP.CD,1987,2233006104.92776
Niger,NER,NY.GDP.MKTP.CD,1988,2280356192.76273
Niger,NER,NY.GDP.MKTP.CD,1989,2179567114.33391
Niger,NER,NY.GDP.MKTP.CD,1990,3512356507.88599
Niger,NER,NY.GDP.MKTP.CD,1991,3285796874.97125
Niger,NER,NY.GDP.MKTP.CD,1992,3386232579.22522
Niger,NER,NY.GDP.MKTP.CD,1993,3052673849.25181
Niger,NER,NY.GDP.MKTP.CD,1994,1938058175.21399
Niger,NER,NY.GDP.MKTP.CD,1995,2302537562.24406
Niger,NER,NY.GDP.MKTP.CD,1996,2405686940.0464
Niger,NER,NY.GDP.MKTP.CD,1997,2290318910.20658
Niger,NER,NY.GDP.MKTP.CD,1998,2643363518.99272
Niger,NER,NY.GDP.MKTP.CD,1999,2537789820.69295
Niger,NER,NY.GDP.MKTP.CD,2000,2241753192.81158
Niger,NER,NY.GDP.MKTP.CD,2001,2448714703.96617
Niger,NER,NY.GDP.MKTP.CD,2002,2782192878.67204
Niger,NER,NY.GDP.MKTP.CD,2003,3394084732.49543
Niger,NER,NY.GDP.MKTP.CD,2004,3760443737.53797
Niger,NER,NY.GDP.MKTP.CD,2005,4383315964.58718
Niger,NER,NY.GDP.MKTP.CD,2006,4756361252.37923
Niger,NER,NY.GDP.MKTP.CD,2007,5731485051.79069
Niger,NER,NY.GDP.MKTP.CD,2008,7297600226.00536
Niger,NER,NY.GDP.MKTP.CD,2009,7352131309.73341
Niger,NER,NY.GDP.MKTP.CD,2010,7851192502.30917
Niger,NER,NY.GDP.MKTP.CD,2011,8772950777.79176
Niger,NER,NY.GDP.MKTP.CD,2012,9426912647.59111
Niger,NER,NY.GDP.MKTP.CD,2013,10224897437.8648
Niger,NER,NY.GDP.MKTP.CD,2014,10862943543.5419
Niger,NER,NY.GDP.MKTP.CD,2015,9683867926.44282
Niger,NER,NY.GDP.MKTP.CD,2016,10341025540.2322
Niger,NER,NY.GDP.MKTP.CD,2017,11359273443.3897
Niger,NER,NY.GDP.MKTP.CD,2018,12800907985.9863
Niger,NER,NY.GDP.MKTP.CD,2019,12420836506.7888
Niger,NER,NY.GDP.MKTP.CD,2020,13648332189.7307
Niger,NER,NY.GDP.MKTP.CD,2021,14936154253.3242
Niger,NER,NY.GDP.MKTP.CD,2022,15531799640.9005
Niger,NER,NY.GDP.MKTP.CD,2023,16949765463.9058
Niger,NER,NY.GDP.MKTP.CD,2024,19729786046.7618
Niger,NER,NY.GDP.MKTP.CD,2025,21646191388.2507
Nigeria,NGA,NY.GDP.MKTP.CD,1960,4196174501.5302
Nigeria,NGA,NY.GDP.MKTP.CD,1961,4467287893.08484
Nigeria,NGA,NY.GDP.MKTP.CD,1962,4909399176.24033
Nigeria,NGA,NY.GDP.MKTP.CD,1963,5165590253.7639
Nigeria,NGA,NY.GDP.MKTP.CD,1964,5552931318.82747
Nigeria,NGA,NY.GDP.MKTP.CD,1965,5874537650.18494
Nigeria,NGA,NY.GDP.MKTP.CD,1966,6366917453.23302
Nigeria,NGA,NY.GDP.MKTP.CD,1967,5203237918.70483
Nigeria,NGA,NY.GDP.MKTP.CD,1968,5200997919.60083
Nigeria,NGA,NY.GDP.MKTP.CD,1969,6634317346.27306
Nigeria,NGA,NY.GDP.MKTP.CD,1970,12546094981.562
Nigeria,NGA,NY.GDP.MKTP.CD,1971,9181769911.50443
Nigeria,NGA,NY.GDP.MKTP.CD,1972,12274416017.7976
Nigeria,NGA,NY.GDP.MKTP.CD,1973,15162871287.1287
Nigeria,NGA,NY.GDP.MKTP.CD,1974,24846641318.1242
Nigeria,NGA,NY.GDP.MKTP.CD,1975,27778934624.6973
Nigeria,NGA,NY.GDP.MKTP.CD,1976,36308883248.731
Nigeria,NGA,NY.GDP.MKTP.CD,1977,36035407725.3219
Nigeria,NGA,NY.GDP.MKTP.CD,1978,36527862208.7133
Nigeria,NGA,NY.GDP.MKTP.CD,1979,47259911894.2731
Nigeria,NGA,NY.GDP.MKTP.CD,1980,64201788122.6054
Nigeria,NGA,NY.GDP.MKTP.CD,1981,164475209515.939
Nigeria,NGA,NY.GDP.MKTP.CD,1982,142769363314.176
Nigeria,NGA,NY.GDP.MKTP.CD,1983,97094911792.0489
Nigeria,NGA,NY.GDP.MKTP.CD,1984,73484359521.4887
Nigeria,NGA,NY.GDP.MKTP.CD,1985,73745821158.2254
Nigeria,NGA,NY.GDP.MKTP.CD,1986,54805852580.9129
Nigeria,NGA,NY.GDP.MKTP.CD,1987,52676041931.1087
Nigeria,NGA,NY.GDP.MKTP.CD,1988,49648470440.4593
Nigeria,NGA,NY.GDP.MKTP.CD,1989,44003061108.4005
Nigeria,NGA,NY.GDP.MKTP.CD,1990,54035795387.8086
Nigeria,NGA,NY.GDP.MKTP.CD,1991,59526833412.3581
Nigeria,NGA,NY.GDP.MKTP.CD,1992,52058181853.8055
Nigeria,NGA,NY.GDP.MKTP.CD,1993,56721051402.4732
Nigeria,NGA,NY.GDP.MKTP.CD,1994,80399613063.6364
Nigeria,NGA,NY.GDP.MKTP.CD,1995,140919776986.364
Nigeria,NGA,NY.GDP.MKTP.CD,1996,185730236700.0
Nigeria,NGA,NY.GDP.MKTP.CD,1997,200850397618.182
Nigeria,NGA,NY.GDP.MKTP.CD,1998,218416200672.727
Nigeria,NGA,NY.GDP.MKTP.CD,1999,59145077039.1437
Nigeria,NGA,NY.GDP.MKTP.CD,2000,69171451627.2465
Nigeria,NGA,NY.GDP.MKTP.CD,2001,73557840064.489
Nigeria,NGA,NY.GDP.MKTP.CD,2002,95054059302.6995
Nigeria,NGA,NY.GDP.MKTP.CD,2003,104738954264.226
Nigeria,NGA,NY.GDP.MKTP.CD,2004,135764731645.611
Nigeria,NGA,NY.GDP.MKTP.CD,2005,175670569969.346
Nigeria,NGA,NY.GDP.MKTP.CD,2006,238454997161.48
Nigeria,NGA,NY.GDP.MKTP.CD,2007,278260846800.103
Nigeria,NGA,NY.GDP.MKTP.CD,2008,339476276257.793
Nigeria,NGA,NY.GDP.MKTP.CD,2009,295008835380.997
Nigeria,NGA,NY.GDP.MKTP.CD,2010,366990417129.04
Nigeria,NGA,NY.GDP.MKTP.CD,2011,414466676831.16
Nigeria,NGA,NY.GDP.MKTP.CD,2012,463971018239.281
Nigeria,NGA,NY.GDP.MKTP.CD,2013,520117180313.906
Nigeria,NGA,NY.GDP.MKTP.CD,2014,574183763411.508
Nigeria,NGA,NY.GDP.MKTP.CD,2015,493026682800.63
Nigeria,NGA,NY.GDP.MKTP.CD,2016,404649125252.16
Nigeria,NGA,NY.GDP.MKTP.CD,2017,375745731053.427
Nigeria,NGA,NY.GDP.MKTP.CD,2018,421739251509.08
Nigeria,NGA,NY.GDP.MKTP.CD,2019,668219992686.575
Nigeria,NGA,NY.GDP.MKTP.CD,2020,598586817817.392
Nigeria,NGA,NY.GDP.MKTP.CD,2021,609147716965.348
Nigeria,NGA,NY.GDP.MKTP.CD,2022,646950257575.455
Nigeria,NGA,NY.GDP.MKTP.CD,2023,487387801877.803
Nigeria,NGA,NY.GDP.MKTP.CD,2024,252261880140.271
Nigeria,NGA,NY.GDP.MKTP.CD,2025,290794361542.112
Nicaragua,NIC,NY.GDP.MKTP.CD,1960,227223322.141537
Nicaragua,NIC,NY.GDP.MKTP.CD,1961,244144236.65331
Nicaragua,NIC,NY.GDP.MKTP.CD,1962,269283803.686825
Nicaragua,NIC,NY.GDP.MKTP.CD,1963,297324163.095513
Nicaragua,NIC,NY.GDP.MKTP.CD,1964,347119918.158577
Nicaragua,NIC,NY.GDP.MKTP.CD,1965,564290020.384288
Nicaragua,NIC,NY.GDP.MKTP.CD,1966,607140010.475682
Nicaragua,NIC,NY.GDP.MKTP.CD,1967,657140010.747554
Nicaragua,NIC,NY.GDP.MKTP.CD,1968,692859984.612158
Nicaragua,NIC,NY.GDP.MKTP.CD,1969,750000002.894903
Nicaragua,NIC,NY.GDP.MKTP.CD,1970,778569938.824225
Nicaragua,NIC,NY.GDP.MKTP.CD,1971,828569953.4744
Nicaragua,NIC,NY.GDP.MKTP.CD,1972,878570045.450998
Nicaragua,NIC,NY.GDP.MKTP.CD,1973,1092900014.79168
Nicaragua,NIC,NY.GDP.MKTP.CD,1974,1521400011.53463
Nicaragua,NIC,NY.GDP.MKTP.CD,1975,1581599958.5989
Nicaragua,NIC,NY.GDP.MKTP.CD,1976,1836899998.94579
Nicaragua,NIC,NY.GDP.MKTP.CD,1977,2226999873.71856
Nicaragua,NIC,NY.GDP.MKTP.CD,1978,2127699978.78077
Nicaragua,NIC,NY.GDP.MKTP.CD,1979,1567599981.69806
Nicaragua,NIC,NY.GDP.MKTP.CD,1980,2144300006.18028
Nicaragua,NIC,NY.GDP.MKTP.CD,1981,2474700227.04662
Nicaragua,NIC,NY.GDP.MKTP.CD,1982,2454499872.03789
Nicaragua,NIC,NY.GDP.MKTP.CD,1983,2753100057.78802
Nicaragua,NIC,NY.GDP.MKTP.CD,1984,3117599872.08764
Nicaragua,NIC,NY.GDP.MKTP.CD,1985,2683699935.36479
Nicaragua,NIC,NY.GDP.MKTP.CD,1986,2885799993.91571
Nicaragua,NIC,NY.GDP.MKTP.CD,1987,3851200117.77355
Nicaragua,NIC,NY.GDP.MKTP.CD,1988,2630900095.60219
Nicaragua,NIC,NY.GDP.MKTP.CD,1989,1013184755.57026
Nicaragua,NIC,NY.GDP.MKTP.CD,1990,1009455483.87097
Nicaragua,NIC,NY.GDP.MKTP.CD,1991,1488804123.71134
Nicaragua,NIC,NY.GDP.MKTP.CD,1992,1792800000.0
Nicaragua,NIC,NY.GDP.MKTP.CD,1993,1756454248.36601
Nicaragua,NIC,NY.GDP.MKTP.CD,1994,3863185119.04762
Nicaragua,NIC,NY.GDP.MKTP.CD,1995,4140470000.0
Nicaragua,NIC,NY.GDP.MKTP.CD,1996,4308351902.78601
Nicaragua,NIC,NY.GDP.MKTP.CD,1997,4389973489.86032
Nicaragua,NIC,NY.GDP.MKTP.CD,1998,4635347385.5446
Nicaragua,NIC,NY.GDP.MKTP.CD,1999,4856026259.07657
Nicaragua,NIC,NY.GDP.MKTP.CD,2000,5109587049.97449
Nicaragua,NIC,NY.GDP.MKTP.CD,2001,5351752034.2221
Nicaragua,NIC,NY.GDP.MKTP.CD,2002,5223727302.54906
Nicaragua,NIC,NY.GDP.MKTP.CD,2003,5322228350.58068
Nicaragua,NIC,NY.GDP.MKTP.CD,2004,5792932838.40051
Nicaragua,NIC,NY.GDP.MKTP.CD,2005,6321324279.14826
Nicaragua,NIC,NY.GDP.MKTP.CD,2006,6763672380.61154
Nicaragua,NIC,NY.GDP.MKTP.CD,2007,7423375014.75729
Nicaragua,NIC,NY.GDP.MKTP.CD,2008,8496967596.77008
Nicaragua,NIC,NY.GDP.MKTP.CD,2009,8298702489.0801
Nicaragua,NIC,NY.GDP.MKTP.CD,2010,8758602232.98358
Nicaragua,NIC,NY.GDP.MKTP.CD,2011,9774329332.71276
Nicaragua,NIC,NY.GDP.MKTP.CD,2012,10532017231.8253
Nicaragua,NIC,NY.GDP.MKTP.CD,2013,10982988249.2103
Nicaragua,NIC,NY.GDP.MKTP.CD,2014,11880438824.4494
Nicaragua,NIC,NY.GDP.MKTP.CD,2015,12756696261.0676
Nicaragua,NIC,NY.GDP.MKTP.CD,2016,13286093388.4752
Nicaragua,NIC,NY.GDP.MKTP.CD,2017,13785893007.4769
Nicaragua,NIC,NY.GDP.MKTP.CD,2018,13025221974.232
Nicaragua,NIC,NY.GDP.MKTP.CD,2019,12699023614.245
Nicaragua,NIC,NY.GDP.MKTP.CD,2020,12726422432.4868
Nicaragua,NIC,NY.GDP.MKTP.CD,2021,14209019392.3025
Nicaragua,NIC,NY.GDP.MKTP.CD,2022,15634573555.9049
Nicaragua,NIC,NY.GDP.MKTP.CD,2023,17805842220.7571
Nicaragua,NIC,NY.GDP.MKTP.CD,2024,19696311850.3289
Nicaragua,NIC,NY.GDP.MKTP.CD,2025,22237167113.0916
Netherlands,NLD,NY.GDP.MKTP.CD,1960,13282979014.563
Netherlands,NLD,NY.GDP.MKTP.CD,1961,14599836396.388
Netherlands,NLD,NY.GDP.MKTP.CD,1962,15847582341.1664
Netherlands,NLD,NY.GDP.MKTP.CD,1963,17193744109.0367
Netherlands,NLD,NY.GDP.MKTP.CD,1964,20232048552.8327
Netherlands,NLD,NY.GDP.MKTP.CD,1965,22721869808.1438
Netherlands,NLD,NY.GDP.MKTP.CD,1966,24741480717.0389
Netherlands,NLD,NY.GDP.MKTP.CD,1967,27143828098.7481
Netherlands,NLD,NY.GDP.MKTP.CD,1968,30097635750.982
Netherlands,NLD,NY.GDP.MKTP.CD,1969,34086038090.3986
Netherlands,NLD,NY.GDP.MKTP.CD,1970,38220884519.3888
Netherlands,NLD,NY.GDP.MKTP.CD,1971,44644730576.4411
Netherlands,NLD,NY.GDP.MKTP.CD,1972,54787070173.0294
Netherlands,NLD,NY.GDP.MKTP.CD,1973,71946639602.7117
Netherlands,NLD,NY.GDP.MKTP.CD,1974,87371810804.1643
Netherlands,NLD,NY.GDP.MKTP.CD,1975,100397061693.97
Netherlands,NLD,NY.GDP.MKTP.CD,1976,109329386564.427
Netherlands,NLD,NY.GDP.MKTP.CD,1977,127203923857.412
Netherlands,NLD,NY.GDP.MKTP.CD,1978,156089077205.133
Netherlands,NLD,NY.GDP.MKTP.CD,1979,179933827309.678
Netherlands,NLD,NY.GDP.MKTP.CD,1980,195439301706.939
Netherlands,NLD,NY.GDP.MKTP.CD,1981,164375775854.456
Netherlands,NLD,NY.GDP.MKTP.CD,1982,158712765536.024
Netherlands,NLD,NY.GDP.MKTP.CD,1983,153671294108.563
Netherlands,NLD,NY.GDP.MKTP.CD,1984,144124462912.088
Netherlands,NLD,NY.GDP.MKTP.CD,1985,144057523221.868
Netherlands,NLD,NY.GDP.MKTP.CD,1986,201157708220.903
Netherlands,NLD,NY.GDP.MKTP.CD,1987,245406949521.323
Netherlands,NLD,NY.GDP.MKTP.CD,1988,262295966105.474
Netherlands,NLD,NY.GDP.MKTP.CD,1989,258716904291.801
Netherlands,NLD,NY.GDP.MKTP.CD,1990,318799003993.707
Netherlands,NLD,NY.GDP.MKTP.CD,1991,327982316124.47
Netherlands,NLD,NY.GDP.MKTP.CD,1992,363497050125.313
Netherlands,NLD,NY.GDP.MKTP.CD,1993,354070495965.828
Netherlands,NLD,NY.GDP.MKTP.CD,1994,379688232231.505
Netherlands,NLD,NY.GDP.MKTP.CD,1995,452967334614.329
Netherlands,NLD,NY.GDP.MKTP.CD,1996,451372549019.608
Netherlands,NLD,NY.GDP.MKTP.CD,1997,417506211881.635
Netherlands,NLD,NY.GDP.MKTP.CD,1998,438612530548.767
Netherlands,NLD,NY.GDP.MKTP.CD,1999,447778514140.155
Netherlands,NLD,NY.GDP.MKTP.CD,2000,417649282153.726
Netherlands,NLD,NY.GDP.MKTP.CD,2001,432536219668.898
Netherlands,NLD,NY.GDP.MKTP.CD,2002,475529972122.746
Netherlands,NLD,NY.GDP.MKTP.CD,2003,582435617081.96
Netherlands,NLD,NY.GDP.MKTP.CD,2004,661224886143.245
Netherlands,NLD,NY.GDP.MKTP.CD,2005,688133699635.797
Netherlands,NLD,NY.GDP.MKTP.CD,2006,737593995289.411
Netherlands,NLD,NY.GDP.MKTP.CD,2007,853499460872.552
Netherlands,NLD,NY.GDP.MKTP.CD,2008,957901566041.406
Netherlands,NLD,NY.GDP.MKTP.CD,2009,878954223140.234
Netherlands,NLD,NY.GDP.MKTP.CD,2010,852464982433.335
Netherlands,NLD,NY.GDP.MKTP.CD,2011,913140741332.687
Netherlands,NLD,NY.GDP.MKTP.CD,2012,845689017065.625
Netherlands,NLD,NY.GDP.MKTP.CD,2013,883951539006.669
Netherlands,NLD,NY.GDP.MKTP.CD,2014,901556501756.467
Netherlands,NLD,NY.GDP.MKTP.CD,2015,775743675302.734
Netherlands,NLD,NY.GDP.MKTP.CD,2016,797163949289.885
Netherlands,NLD,NY.GDP.MKTP.CD,2017,848233537845.884
Netherlands,NLD,NY.GDP.MKTP.CD,2018,929733599796.862
Netherlands,NLD,NY.GDP.MKTP.CD,2019,928903005576.469
Netherlands,NLD,NY.GDP.MKTP.CD,2020,932560861701.17
Netherlands,NLD,NY.GDP.MKTP.CD,2021,1054472123449.6
Netherlands,NLD,NY.GDP.MKTP.CD,2022,1046540797548.64
Netherlands,NLD,NY.GDP.MKTP.CD,2023,1135475867551.0
Netherlands,NLD,NY.GDP.MKTP.CD,2024,1213936238063.28
Netherlands,NLD,NY.GDP.MKTP.CD,2025,1332767651100.39
Norway,NOR,NY.GDP.MKTP.CD,1960,5172811442.41911
Norway,NOR,NY.GDP.MKTP.CD,1961,5642867671.71849
Norway,NOR,NY.GDP.MKTP.CD,1962,6078186244.59462
Norway,NOR,NY.GDP.MKTP.CD,1963,6522268052.83911
Norway,NOR,NY.GDP.MKTP.CD,1964,7172430304.05326
Norway,NOR,NY.GDP.MKTP.CD,1965,8073570565.93266
Norway,NOR,NY.GDP.MKTP.CD,1966,8712528094.54776
Norway,NOR,NY.GDP.MKTP.CD,1967,9532076025.937
Norway,NOR,NY.GDP.MKTP.CD,1968,10178705992.4833
Norway,NOR,NY.GDP.MKTP.CD,1969,11083505596.0497
Norway,NOR,NY.GDP.MKTP.CD,1970,12753503478.9791
Norway,NOR,NY.GDP.MKTP.CD,1971,14523306736.2066
Norway,NOR,NY.GDP.MKTP.CD,1972,17283931878.2065
Norway,NOR,NY.GDP.MKTP.CD,1973,22433660550.1405
Norway,NOR,NY.GDP.MKTP.CD,1974,27033413361.7344
Norway,NOR,NY.GDP.MKTP.CD,1975,32742543381.3542
Norway,NOR,NY.GDP.MKTP.CD,1976,35815449463.9421
Norway,NOR,NY.GDP.MKTP.CD,1977,41362637362.6374
Norway,NOR,NY.GDP.MKTP.CD,1978,46355988783.5492
Norway,NOR,NY.GDP.MKTP.CD,1979,52935763511.779
Norway,NOR,NY.GDP.MKTP.CD,1980,64176789763.5245
Norway,NOR,NY.GDP.MKTP.CD,1981,63392804251.2414
Norway,NOR,NY.GDP.MKTP.CD,1982,62453362255.9653
Norway,NOR,NY.GDP.MKTP.CD,1983,61417685433.9126
Norway,NOR,NY.GDP.MKTP.CD,1984,61866078539.4842
Norway,NOR,NY.GDP.MKTP.CD,1985,65211464197.6457
Norway,NOR,NY.GDP.MKTP.CD,1986,78438205741.9503
Norway,NOR,NY.GDP.MKTP.CD,1987,93913320964.7495
Norway,NOR,NY.GDP.MKTP.CD,1988,101497621605.033
Norway,NOR,NY.GDP.MKTP.CD,1989,102226808603.085
Norway,NOR,NY.GDP.MKTP.CD,1990,119344377526.08
Norway,NOR,NY.GDP.MKTP.CD,1991,121149331317.774
Norway,NOR,NY.GDP.MKTP.CD,1992,129998873602.06
Norway,NOR,NY.GDP.MKTP.CD,1993,119841699440.38
Norway,NOR,NY.GDP.MKTP.CD,1994,126324387893.902
Norway,NOR,NY.GDP.MKTP.CD,1995,151083627983.331
Norway,NOR,NY.GDP.MKTP.CD,1996,162427517132.314
Norway,NOR,NY.GDP.MKTP.CD,1997,160013571973.874
Norway,NOR,NY.GDP.MKTP.CD,1998,152955958171.529
Norway,NOR,NY.GDP.MKTP.CD,1999,161304620986.768
Norway,NOR,NY.GDP.MKTP.CD,2000,170620327660.251
Norway,NOR,NY.GDP.MKTP.CD,2001,173590978346.698
Norway,NOR,NY.GDP.MKTP.CD,2002,195359978957.389
Norway,NOR,NY.GDP.MKTP.CD,2003,229192678172.933
Norway,NOR,NY.GDP.MKTP.CD,2004,265662977688.108
Norway,NOR,NY.GDP.MKTP.CD,2005,311417306946.061
Norway,NOR,NY.GDP.MKTP.CD,2006,349773283644.925
Norway,NOR,NY.GDP.MKTP.CD,2007,407813774161.08
Norway,NOR,NY.GDP.MKTP.CD,2008,472060283687.943
Norway,NOR,NY.GDP.MKTP.CD,2009,395664488017.429
Norway,NOR,NY.GDP.MKTP.CD,2010,440132138425.479
Norway,NOR,NY.GDP.MKTP.CD,2011,512868581627.712
Norway,NOR,NY.GDP.MKTP.CD,2012,525082939406.962
Norway,NOR,NY.GDP.MKTP.CD,2013,540132255319.149
Norway,NOR,NY.GDP.MKTP.CD,2014,515829568897.117
Norway,NOR,NY.GDP.MKTP.CD,2015,400669174330.888
Norway,NOR,NY.GDP.MKTP.CD,2016,383284047619.048
Norway,NOR,NY.GDP.MKTP.CD,2017,415673181543.421
Norway,NOR,NY.GDP.MKTP.CD,2018,454588871810.636
Norway,NOR,NY.GDP.MKTP.CD,2019,424244886363.636
Norway,NOR,NY.GDP.MKTP.CD,2020,382252517921.94
Norway,NOR,NY.GDP.MKTP.CD,2021,521592200232.829
Norway,NOR,NY.GDP.MKTP.CD,2022,617321834098.986
Norway,NOR,NY.GDP.MKTP.CD,2023,502197633322.816
Norway,NOR,NY.GDP.MKTP.CD,2024,500886328034.123
Norway,NOR,NY.GDP.MKTP.CD,2025,530755719438.879
Nepal,NPL,NY.GDP.MKTP.CD,1960,508334413.965087
Nepal,NPL,NY.GDP.MKTP.CD,1961,531959561.62226
Nepal,NPL,NY.GDP.MKTP.CD,1962,574091101.194382
Nepal,NPL,NY.GDP.MKTP.CD,1963,496947904.443033
Nepal,NPL,NY.GDP.MKTP.CD,1964,496098775.308642
Nepal,NPL,NY.GDP.MKTP.CD,1965,735267082.294264
Nepal,NPL,NY.GDP.MKTP.CD,1966,906811943.824649
Nepal,NPL,NY.GDP.MKTP.CD,1967,841974025.462659
Nepal,NPL,NY.GDP.MKTP.CD,1968,772231386.914829
Nepal,NPL,NY.GDP.MKTP.CD,1969,788641965.432099
Nepal,NPL,NY.GDP.MKTP.CD,1970,865975308.641975
Nepal,NPL,NY.GDP.MKTP.CD,1971,882765471.604938
Nepal,NPL,NY.GDP.MKTP.CD,1972,1024098400.35619
Nepal,NPL,NY.GDP.MKTP.CD,1973,972101724.995368
Nepal,NPL,NY.GDP.MKTP.CD,1974,1217953546.97604
Nepal,NPL,NY.GDP.MKTP.CD,1975,1575789254.46938
Nepal,NPL,NY.GDP.MKTP.CD,1976,1452788984.86265
Nepal,NPL,NY.GDP.MKTP.CD,1977,1382400000.0
Nepal,NPL,NY.GDP.MKTP.CD,1978,1604162497.45945
Nepal,NPL,NY.GDP.MKTP.CD,1979,1851250008.33333
Nepal,NPL,NY.GDP.MKTP.CD,1980,1945916583.33333
Nepal,NPL,NY.GDP.MKTP.CD,1981,2275583316.66667
Nepal,NPL,NY.GDP.MKTP.CD,1982,2395423741.79762
Nepal,NPL,NY.GDP.MKTP.CD,1983,2447174803.37791
Nepal,NPL,NY.GDP.MKTP.CD,1984,2581207387.79709
Nepal,NPL,NY.GDP.MKTP.CD,1985,2619913955.51556
Nepal,NPL,NY.GDP.MKTP.CD,1986,2850782044.04306
Nepal,NPL,NY.GDP.MKTP.CD,1987,2957255379.54315
Nepal,NPL,NY.GDP.MKTP.CD,1988,3487009748.35638
Nepal,NPL,NY.GDP.MKTP.CD,1989,3525225786.58691
Nepal,NPL,NY.GDP.MKTP.CD,1990,3627560239.48997
Nepal,NPL,NY.GDP.MKTP.CD,1991,3921476084.89072
Nepal,NPL,NY.GDP.MKTP.CD,1992,3401211581.29176
Nepal,NPL,NY.GDP.MKTP.CD,1993,3660041666.66667
Nepal,NPL,NY.GDP.MKTP.CD,1994,4066775510.20408
Nepal,NPL,NY.GDP.MKTP.CD,1995,4401104417.67068
Nepal,NPL,NY.GDP.MKTP.CD,1996,4521580381.47139
Nepal,NPL,NY.GDP.MKTP.CD,1997,4918691916.53516
Nepal,NPL,NY.GDP.MKTP.CD,1998,4856255044.39064
Nepal,NPL,NY.GDP.MKTP.CD,1999,5033642384.10596
Nepal,NPL,NY.GDP.MKTP.CD,2000,5494252207.90502
Nepal,NPL,NY.GDP.MKTP.CD,2001,6007055042.17687
Nepal,NPL,NY.GDP.MKTP.CD,2002,6050875806.66403
Nepal,NPL,NY.GDP.MKTP.CD,2003,6330473096.54071
Nepal,NPL,NY.GDP.MKTP.CD,2004,7273938314.71988
Nepal,NPL,NY.GDP.MKTP.CD,2005,8130258377.90964
Nepal,NPL,NY.GDP.MKTP.CD,2006,9043715355.8881
Nepal,NPL,NY.GDP.MKTP.CD,2007,10325618017.379
Nepal,NPL,NY.GDP.MKTP.CD,2008,12545438605.3959
Nepal,NPL,NY.GDP.MKTP.CD,2009,12854985464.0764
Nepal,NPL,NY.GDP.MKTP.CD,2010,16002656434.4746
Nepal,NPL,NY.GDP.MKTP.CD,2011,21573872420.7008
Nepal,NPL,NY.GDP.MKTP.CD,2012,21703100877.1309
Nepal,NPL,NY.GDP.MKTP.CD,2013,22162204924.5726
Nepal,NPL,NY.GDP.MKTP.CD,2014,22731612922.1906
Nepal,NPL,NY.GDP.MKTP.CD,2015,24360801286.7638
Nepal,NPL,NY.GDP.MKTP.CD,2016,24524109483.5293
Nepal,NPL,NY.GDP.MKTP.CD,2017,28971588940.364
Nepal,NPL,NY.GDP.MKTP.CD,2018,33111525237.149
Nepal,NPL,NY.GDP.MKTP.CD,2019,34186180699.0255
Nepal,NPL,NY.GDP.MKTP.CD,2020,33433659301.2466
Nepal,NPL,NY.GDP.MKTP.CD,2021,36924841394.2605
Nepal,NPL,NY.GDP.MKTP.CD,2022,41182939519.8161
Nepal,NPL,NY.GDP.MKTP.CD,2023,41049329851.0546
Nepal,NPL,NY.GDP.MKTP.CD,2024,43298911699.9284
Nepal,NPL,NY.GDP.MKTP.CD,2025,45489810283.1132
Naoero,NRU,NY.GDP.MKTP.CD,1970,17570366.2224213
Naoero,NRU,NY.GDP.MKTP.CD,1971,19009433.3072013
Naoero,NRU,NY.GDP.MKTP.CD,1972,21734268.6915888
Naoero,NRU,NY.GDP.MKTP.CD,1973,26529816.7841127
Naoero,NRU,NY.GDP.MKTP.CD,1974,35994511.422255
Naoero,NRU,NY.GDP.MKTP.CD,1975,40106775.9115117
Naoero,NRU,NY.GDP.MKTP.CD,1976,40287427.2028236
Naoero,NRU,NY.GDP.MKTP.CD,1977,40444701.7664602
Naoero,NRU,NY.GDP.MKTP.CD,1978,41754147.3043086
Naoero,NRU,NY.GDP.MKTP.CD,1979,44431330.2283313
Naoero,NRU,NY.GDP.MKTP.CD,1980,46947124.2339833
Naoero,NRU,NY.GDP.MKTP.CD,1981,51689636.5958435
Naoero,NRU,NY.GDP.MKTP.CD,1982,52877742.469381
Naoero,NRU,NY.GDP.MKTP.CD,1983,48439093.1211979
Naoero,NRU,NY.GDP.MKTP.CD,1984,47363231.2986778
Naoero,NRU,NY.GDP.MKTP.CD,1985,41548740.5077855
Naoero,NRU,NY.GDP.MKTP.CD,1986,39939390.7386682
Naoero,NRU,NY.GDP.MKTP.CD,1987,40118409.8729486
Naoero,NRU,NY.GDP.MKTP.CD,1988,45931133.5855646
Naoero,NRU,NY.GDP.MKTP.CD,1989,53736786.0923378
Naoero,NRU,NY.GDP.MKTP.CD,1990,55572375.5290496
Naoero,NRU,NY.GDP.MKTP.CD,1991,52533788.5566282
Naoero,NRU,NY.GDP.MKTP.CD,1992,51133123.1254326
Naoero,NRU,NY.GDP.MKTP.CD,1993,43542088.2518269
Naoero,NRU,NY.GDP.MKTP.CD,1994,39742511.2417848
Naoero,NRU,NY.GDP.MKTP.CD,1995,39969705.969706
Naoero,NRU,NY.GDP.MKTP.CD,1996,37458801.2139605
Naoero,NRU,NY.GDP.MKTP.CD,1997,37331507.2781343
Naoero,NRU,NY.GDP.MKTP.CD,1998,29664450.9258631
Naoero,NRU,NY.GDP.MKTP.CD,1999,27328612.6080962
Naoero,NRU,NY.GDP.MKTP.CD,2000,26930980.3429002
Naoero,NRU,NY.GDP.MKTP.CD,2001,22613287.5389074
Naoero,NRU,NY.GDP.MKTP.CD,2002,21017423.6082043
Naoero,NRU,NY.GDP.MKTP.CD,2003,24778159.5806639
Naoero,NRU,NY.GDP.MKTP.CD,2004,30587565.7988334
Naoero,NRU,NY.GDP.MKTP.CD,2005,30070666.0652533
Naoero,NRU,NY.GDP.MKTP.CD,2006,29200359.3890386
Naoero,NRU,NY.GDP.MKTP.CD,2007,22766972.1889659
Naoero,NRU,NY.GDP.MKTP.CD,2008,37602264.7306872
Naoero,NRU,NY.GDP.MKTP.CD,2009,44176245.5492433
Naoero,NRU,NY.GDP.MKTP.CD,2010,47562844.6104251
Naoero,NRU,NY.GDP.MKTP.CD,2011,65071879.7787162
Naoero,NRU,NY.GDP.MKTP.CD,2012,101055722.95058
Naoero,NRU,NY.GDP.MKTP.CD,2013,94385014.9425842
Naoero,NRU,NY.GDP.MKTP.CD,2014,99149244.4001333
Naoero,NRU,NY.GDP.MKTP.CD,2015,84863440.5801997
Naoero,NRU,NY.GDP.MKTP.CD,2016,97541943.0355053
Naoero,NRU,NY.GDP.MKTP.CD,2017,109355638.866955
Naoero,NRU,NY.GDP.MKTP.CD,2018,130995566.30391
Naoero,NRU,NY.GDP.MKTP.CD,2019,125160115.547819
Naoero,NRU,NY.GDP.MKTP.CD,2020,124685688.161094
Naoero,NRU,NY.GDP.MKTP.CD,2021,149268323.992868
Naoero,NRU,NY.GDP.MKTP.CD,2022,180671357.349805
Naoero,NRU,NY.GDP.MKTP.CD,2023,161531316.884061
Naoero,NRU,NY.GDP.MKTP.CD,2024,167833414.846177
Naoero,NRU,NY.GDP.MKTP.CD,2025,176040043.932346
New Zealand,NZL,NY.GDP.MKTP.CD,1960,5536098360.49526
New Zealand,NZL,NY.GDP.MKTP.CD,1961,5721994864.23066
New Zealand,NZL,NY.GDP.MKTP.CD,1962,6133158532.21667
New Zealand,NZL,NY.GDP.MKTP.CD,1963,6699741645.07827
New Zealand,NZL,NY.GDP.MKTP.CD,1964,7340766415.01868
New Zealand,NZL,NY.GDP.MKTP.CD,1965,5706251400.19577
New Zealand,NZL,NY.GDP.MKTP.CD,1966,5917437693.37459
New Zealand,NZL,NY.GDP.MKTP.CD,1967,6016017227.09124
New Zealand,NZL,NY.GDP.MKTP.CD,1968,5228045415.27318
New Zealand,NZL,NY.GDP.MKTP.CD,1969,5814357708.51005
New Zealand,NZL,NY.GDP.MKTP.CD,1970,6495605330.94411
New Zealand,NZL,NY.GDP.MKTP.CD,1971,7911136757.06867
New Zealand,NZL,NY.GDP.MKTP.CD,1972,9567331064.65727
New Zealand,NZL,NY.GDP.MKTP.CD,1973,12802281897.8712
New Zealand,NZL,NY.GDP.MKTP.CD,1974,13940981798.1247
New Zealand,NZL,NY.GDP.MKTP.CD,1975,12861983284.3912
New Zealand,NZL,NY.GDP.MKTP.CD,1976,13604832424.0062
New Zealand,NZL,NY.GDP.MKTP.CD,1977,15446825318.4556
New Zealand,NZL,NY.GDP.MKTP.CD,1978,18530518394.6488
New Zealand,NZL,NY.GDP.MKTP.CD,1979,20731243113.2926
New Zealand,NZL,NY.GDP.MKTP.CD,1980,23244547384.6748
New Zealand,NZL,NY.GDP.MKTP.CD,1981,24417617184.2478
New Zealand,NZL,NY.GDP.MKTP.CD,1982,24164603058.9949
New Zealand,NZL,NY.GDP.MKTP.CD,1983,24309279705.5731
New Zealand,NZL,NY.GDP.MKTP.CD,1984,21665975318.8842
New Zealand,NZL,NY.GDP.MKTP.CD,1985,24679795396.4194
New Zealand,NZL,NY.GDP.MKTP.CD,1986,30604668356.5695
New Zealand,NZL,NY.GDP.MKTP.CD,1987,40376354069.9474
New Zealand,NZL,NY.GDP.MKTP.CD,1988,45176811594.2029
New Zealand,NZL,NY.GDP.MKTP.CD,1989,43920222524.7085
New Zealand,NZL,NY.GDP.MKTP.CD,1990,45495129385.0475
New Zealand,NZL,NY.GDP.MKTP.CD,1991,42745329732.163
New Zealand,NZL,NY.GDP.MKTP.CD,1992,41649829859.6342
New Zealand,NZL,NY.GDP.MKTP.CD,1993,46775620817.4327
New Zealand,NZL,NY.GDP.MKTP.CD,1994,55314732279.1379
New Zealand,NZL,NY.GDP.MKTP.CD,1995,63918703506.9075
New Zealand,NZL,NY.GDP.MKTP.CD,1996,70140835299.0148
New Zealand,NZL,NY.GDP.MKTP.CD,1997,66075143415.4952
New Zealand,NZL,NY.GDP.MKTP.CD,1998,56227169851.0448
New Zealand,NZL,NY.GDP.MKTP.CD,1999,58762260625.8758
New Zealand,NZL,NY.GDP.MKTP.CD,2000,52623281956.7031
New Zealand,NZL,NY.GDP.MKTP.CD,2001,53872425916.6248
New Zealand,NZL,NY.GDP.MKTP.CD,2002,66627729311.4495
New Zealand,NZL,NY.GDP.MKTP.CD,2003,88250885550.2626
New Zealand,NZL,NY.GDP.MKTP.CD,2004,103905210084.034
New Zealand,NZL,NY.GDP.MKTP.CD,2005,114720129550.095
New Zealand,NZL,NY.GDP.MKTP.CD,2006,111538810712.665
New Zealand,NZL,NY.GDP.MKTP.CD,2007,137188946865.584
New Zealand,NZL,NY.GDP.MKTP.CD,2008,133437126590.286
New Zealand,NZL,NY.GDP.MKTP.CD,2009,121663439315.385
New Zealand,NZL,NY.GDP.MKTP.CD,2010,146887902524.052
New Zealand,NZL,NY.GDP.MKTP.CD,2011,168458838711.118
New Zealand,NZL,NY.GDP.MKTP.CD,2012,176508049114.249
New Zealand,NZL,NY.GDP.MKTP.CD,2013,190943478289.796
New Zealand,NZL,NY.GDP.MKTP.CD,2014,201435445068.164
New Zealand,NZL,NY.GDP.MKTP.CD,2015,178147457242.978
New Zealand,NZL,NY.GDP.MKTP.CD,2016,188980351890.848
New Zealand,NZL,NY.GDP.MKTP.CD,2017,206561943051.354
New Zealand,NZL,NY.GDP.MKTP.CD,2018,211726161989.495
New Zealand,NZL,NY.GDP.MKTP.CD,2019,213088034258.42
New Zealand,NZL,NY.GDP.MKTP.CD,2020,213318129988.602
New Zealand,NZL,NY.GDP.MKTP.CD,2021,253732493987.834
New Zealand,NZL,NY.GDP.MKTP.CD,2022,249723029451.237
New Zealand,NZL,NY.GDP.MKTP.CD,2023,256372177757.764
New Zealand,NZL,NY.GDP.MKTP.CD,2024,261497198363.906
New Zealand,NZL,NY.GDP.MKTP.CD,2025,264057413739.965
OECD members,OED,NY.GDP.MKTP.CD,1960,1062841719232.63
OECD members,OED,NY.GDP.MKTP.CD,1961,1133702376244.47
OECD members,OED,NY.GDP.MKTP.CD,1962,1225938927272.44
OECD members,OED,NY.GDP.MKTP.CD,1963,1319615976705.73
OECD members,OED,NY.GDP.MKTP.CD,1964,1444181513943.63
OECD members,OED,NY.GDP.MKTP.CD,1965,1569066175922.82
OECD members,OED,NY.GDP.MKTP.CD,1966,1717892614248.92
OECD members,OED,NY.GDP.MKTP.CD,1967,1836300238018.25
OECD members,OED,NY.GDP.MKTP.CD,1968,1991987221224.54
OECD members,OED,NY.GDP.MKTP.CD,1969,2195440068708.58
OECD members,OED,NY.GDP.MKTP.CD,1970,2405807007730.75
OECD members,OED,NY.GDP.MKTP.CD,1971,2665486006287.6
OECD members,OED,NY.GDP.MKTP.CD,1972,3096949726907.79
OECD members,OED,NY.GDP.MKTP.CD,1973,3749808809394.65
OECD members,OED,NY.GDP.MKTP.CD,1974,4206138222982.96
OECD members,OED,NY.GDP.MKTP.CD,1975,4713265708508.11
OECD members,OED,NY.GDP.MKTP.CD,1976,5107686741760.2
OECD members,OED,NY.GDP.MKTP.CD,1977,5761752851908.58
OECD members,OED,NY.GDP.MKTP.CD,1978,6939118143810.71
OECD members,OED,NY.GDP.MKTP.CD,1979,8008774769355.28
OECD members,OED,NY.GDP.MKTP.CD,1980,8893187859939.41
OECD members,OED,NY.GDP.MKTP.CD,1981,9057826626387.92
OECD members,OED,NY.GDP.MKTP.CD,1982,8916333542752.18
OECD members,OED,NY.GDP.MKTP.CD,1983,9218750722174.5
OECD members,OED,NY.GDP.MKTP.CD,1984,9635840635986.99
OECD members,OED,NY.GDP.MKTP.CD,1985,10143870168742.7
OECD members,OED,NY.GDP.MKTP.CD,1986,12302900423371.4
OECD members,OED,NY.GDP.MKTP.CD,1987,14252214899479.0
OECD members,OED,NY.GDP.MKTP.CD,1988,16073835168616.3
OECD members,OED,NY.GDP.MKTP.CD,1989,16812814432437.2
OECD members,OED,NY.GDP.MKTP.CD,1990,18927536081483.4
OECD members,OED,NY.GDP.MKTP.CD,1991,20039911664796.5
OECD members,OED,NY.GDP.MKTP.CD,1992,21561169598530.3
OECD members,OED,NY.GDP.MKTP.CD,1993,21906239018901.5
OECD members,OED,NY.GDP.MKTP.CD,1994,23421916750614.7
OECD members,OED,NY.GDP.MKTP.CD,1995,25867831172924.9
OECD members,OED,NY.GDP.MKTP.CD,1996,26094310406311.8
OECD members,OED,NY.GDP.MKTP.CD,1997,25697173077083.4
OECD members,OED,NY.GDP.MKTP.CD,1998,25844629792768.9
OECD members,OED,NY.GDP.MKTP.CD,1999,27152879473912.4
OECD members,OED,NY.GDP.MKTP.CD,2000,27778488573282.7
OECD members,OED,NY.GDP.MKTP.CD,2001,27514799599349.8
OECD members,OED,NY.GDP.MKTP.CD,2002,28704330298725.5
OECD members,OED,NY.GDP.MKTP.CD,2003,32089713975113.4
OECD members,OED,NY.GDP.MKTP.CD,2004,35719361405775.1
OECD members,OED,NY.GDP.MKTP.CD,2005,37779302577053.4
OECD members,OED,NY.GDP.MKTP.CD,2006,39873621654155.2
OECD members,OED,NY.GDP.MKTP.CD,2007,43663244462480.1
OECD members,OED,NY.GDP.MKTP.CD,2008,46373966166329.6
OECD members,OED,NY.GDP.MKTP.CD,2009,43394862640331.7
OECD members,OED,NY.GDP.MKTP.CD,2010,45526677050419.5
OECD members,OED,NY.GDP.MKTP.CD,2011,48976221855396.9
OECD members,OED,NY.GDP.MKTP.CD,2012,48933153056612.9
OECD members,OED,NY.GDP.MKTP.CD,2013,49637322451829.6
OECD members,OED,NY.GDP.MKTP.CD,2014,50718548398932.9
OECD members,OED,NY.GDP.MKTP.CD,2015,47849615079402.5
OECD members,OED,NY.GDP.MKTP.CD,2016,48791020854023.8
OECD members,OED,NY.GDP.MKTP.CD,2017,50962966454996.4
OECD members,OED,NY.GDP.MKTP.CD,2018,53918014151383.0
OECD members,OED,NY.GDP.MKTP.CD,2019,54485019277771.0
OECD members,OED,NY.GDP.MKTP.CD,2020,53331159716240.7
OECD members,OED,NY.GDP.MKTP.CD,2021,59666281326989.0
OECD members,OED,NY.GDP.MKTP.CD,2022,61286449816069.9
OECD members,OED,NY.GDP.MKTP.CD,2023,65416979138062.7
OECD members,OED,NY.GDP.MKTP.CD,2024,68279421598473.9
OECD members,OED,NY.GDP.MKTP.CD,2025,72543267888365.3
Oman,OMN,NY.GDP.MKTP.CD,1960,44234656.4535004
Oman,OMN,NY.GDP.MKTP.CD,1961,45634487.3539276
Oman,OMN,NY.GDP.MKTP.CD,1962,56273202.1971746
Oman,OMN,NY.GDP.MKTP.CD,1963,59912762.5382854
Oman,OMN,NY.GDP.MKTP.CD,1964,61872525.7988835
Oman,OMN,NY.GDP.MKTP.CD,1965,63279974.6880101
Oman,OMN,NY.GDP.MKTP.CD,1966,67759972.8960108
Oman,OMN,NY.GDP.MKTP.CD,1967,107151832.489651
Oman,OMN,NY.GDP.MKTP.CD,1968,188879848.896121
Oman,OMN,NY.GDP.MKTP.CD,1969,239999808.000154
Oman,OMN,NY.GDP.MKTP.CD,1970,256319794.944164
Oman,OMN,NY.GDP.MKTP.CD,1971,301010587.102984
Oman,OMN,NY.GDP.MKTP.CD,1972,366883548.347591
Oman,OMN,NY.GDP.MKTP.CD,1973,483066990.612417
Oman,OMN,NY.GDP.MKTP.CD,1974,1645917776.49102
Oman,OMN,NY.GDP.MKTP.CD,1975,2096699189.34569
Oman,OMN,NY.GDP.MKTP.CD,1976,2560220034.74233
Oman,OMN,NY.GDP.MKTP.CD,1977,2741169947.88651
Oman,OMN,NY.GDP.MKTP.CD,1978,2740301389.69311
Oman,OMN,NY.GDP.MKTP.CD,1979,3733352634.62652
Oman,OMN,NY.GDP.MKTP.CD,1980,5981760277.93862
Oman,OMN,NY.GDP.MKTP.CD,1981,7259120150.55009
Oman,OMN,NY.GDP.MKTP.CD,1982,7554719455.70353
Oman,OMN,NY.GDP.MKTP.CD,1983,7932541690.79328
Oman,OMN,NY.GDP.MKTP.CD,1984,8821443150.92488
Oman,OMN,NY.GDP.MKTP.CD,1985,10005645420.4606
Oman,OMN,NY.GDP.MKTP.CD,1986,7324167369.14305
Oman,OMN,NY.GDP.MKTP.CD,1987,7811183094.92848
Oman,OMN,NY.GDP.MKTP.CD,1988,8386215864.75943
Oman,OMN,NY.GDP.MKTP.CD,1989,9372171651.49545
Oman,OMN,NY.GDP.MKTP.CD,1990,13310273081.9246
Oman,OMN,NY.GDP.MKTP.CD,1991,12918335500.6502
Oman,OMN,NY.GDP.MKTP.CD,1992,14183615084.5254
Oman,OMN,NY.GDP.MKTP.CD,1993,14230429128.7386
Oman,OMN,NY.GDP.MKTP.CD,1994,14715214564.3693
Oman,OMN,NY.GDP.MKTP.CD,1995,15722236671.0013
Oman,OMN,NY.GDP.MKTP.CD,1996,17402080624.1873
Oman,OMN,NY.GDP.MKTP.CD,1997,18039791937.5813
Oman,OMN,NY.GDP.MKTP.CD,1998,16044213263.9792
Oman,OMN,NY.GDP.MKTP.CD,1999,17832769830.9493
Oman,OMN,NY.GDP.MKTP.CD,2000,22259557867.3602
Oman,OMN,NY.GDP.MKTP.CD,2001,22205721716.515
Oman,OMN,NY.GDP.MKTP.CD,2002,23065539661.8986
Oman,OMN,NY.GDP.MKTP.CD,2003,24733680104.0312
Oman,OMN,NY.GDP.MKTP.CD,2004,28378933680.104
Oman,OMN,NY.GDP.MKTP.CD,2005,35506892067.6203
Oman,OMN,NY.GDP.MKTP.CD,2006,42577633289.987
Oman,OMN,NY.GDP.MKTP.CD,2007,48300390117.0351
Oman,OMN,NY.GDP.MKTP.CD,2008,69804681404.4213
Oman,OMN,NY.GDP.MKTP.CD,2009,55454096228.8687
Oman,OMN,NY.GDP.MKTP.CD,2010,64993498049.4148
Oman,OMN,NY.GDP.MKTP.CD,2011,77497529258.7776
Oman,OMN,NY.GDP.MKTP.CD,2012,87408842652.7958
Oman,OMN,NY.GDP.MKTP.CD,2013,89936020806.2419
Oman,OMN,NY.GDP.MKTP.CD,2014,92699089726.9181
Oman,OMN,NY.GDP.MKTP.CD,2015,78710793237.9714
Oman,OMN,NY.GDP.MKTP.CD,2016,75128738621.5865
Oman,OMN,NY.GDP.MKTP.CD,2017,80856697009.1027
Oman,OMN,NY.GDP.MKTP.CD,2018,91505851755.5267
Oman,OMN,NY.GDP.MKTP.CD,2019,88060858257.4772
Oman,OMN,NY.GDP.MKTP.CD,2020,75909492847.8544
Oman,OMN,NY.GDP.MKTP.CD,2021,87323797139.1417
Oman,OMN,NY.GDP.MKTP.CD,2022,109852795838.752
Oman,OMN,NY.GDP.MKTP.CD,2023,106174707932.38
Oman,OMN,NY.GDP.MKTP.CD,2024,107137198699.61
Oman,OMN,NY.GDP.MKTP.CD,2025,109604780696.23
Other small states,OSS,NY.GDP.MKTP.CD,1975,7536675204.26276
Other small states,OSS,NY.GDP.MKTP.CD,1976,8756552568.98943
Other small states,OSS,NY.GDP.MKTP.CD,1977,10751088166.3922
Other small states,OSS,NY.GDP.MKTP.CD,1978,12466371861.2508
Other small states,OSS,NY.GDP.MKTP.CD,1979,16393627219.4403
Other small states,OSS,NY.GDP.MKTP.CD,1980,24469509825.3031
Other small states,OSS,NY.GDP.MKTP.CD,1981,22822814057.999
Other small states,OSS,NY.GDP.MKTP.CD,1982,21876317951.7335
Other small states,OSS,NY.GDP.MKTP.CD,1983,20072665046.9033
Other small states,OSS,NY.GDP.MKTP.CD,1984,19829824800.7996
Other small states,OSS,NY.GDP.MKTP.CD,1985,19321547629.0152
Other small states,OSS,NY.GDP.MKTP.CD,1986,19271096442.811
Other small states,OSS,NY.GDP.MKTP.CD,1987,24115018696.512
Other small states,OSS,NY.GDP.MKTP.CD,1988,25998041842.417
Other small states,OSS,NY.GDP.MKTP.CD,1989,26569541982.5848
Other small states,OSS,NY.GDP.MKTP.CD,1990,31954015147.636
Other small states,OSS,NY.GDP.MKTP.CD,1991,33550913340.2058
Other small states,OSS,NY.GDP.MKTP.CD,1992,36340445476.6316
Other small states,OSS,NY.GDP.MKTP.CD,1993,34799288270.5363
Other small states,OSS,NY.GDP.MKTP.CD,1994,36855488521.8451
Other small states,OSS,NY.GDP.MKTP.CD,1995,43750838246.0409
Other small states,OSS,NY.GDP.MKTP.CD,1996,44988678260.3284
Other small states,OSS,NY.GDP.MKTP.CD,1997,45001855638.8828
Other small states,OSS,NY.GDP.MKTP.CD,1998,45175657701.3022
Other small states,OSS,NY.GDP.MKTP.CD,1999,47126365642.7187
Other small states,OSS,NY.GDP.MKTP.CD,2000,47447997451.6871
Other small states,OSS,NY.GDP.MKTP.CD,2001,47626338310.4085
Other small states,OSS,NY.GDP.MKTP.CD,2002,52122511271.7999
Other small states,OSS,NY.GDP.MKTP.CD,2003,64819510796.1105
Other small states,OSS,NY.GDP.MKTP.CD,2004,76950784902.5047
Other small states,OSS,NY.GDP.MKTP.CD,2005,86284958292.6193
Other small states,OSS,NY.GDP.MKTP.CD,2006,95908328760.0445
Other small states,OSS,NY.GDP.MKTP.CD,2007,115445997132.217
Other small states,OSS,NY.GDP.MKTP.CD,2008,125254076612.117
Other small states,OSS,NY.GDP.MKTP.CD,2009,107852490662.02
Other small states,OSS,NY.GDP.MKTP.CD,2010,112786677893.28
Other small states,OSS,NY.GDP.MKTP.CD,2011,128764141897.791
Other small states,OSS,NY.GDP.MKTP.CD,2012,125764680258.238
Other small states,OSS,NY.GDP.MKTP.CD,2013,130969031866.96
Other small states,OSS,NY.GDP.MKTP.CD,2014,135415534454.347
Other small states,OSS,NY.GDP.MKTP.CD,2015,121433689793.067
Other small states,OSS,NY.GDP.MKTP.CD,2016,128159306240.899
Other small states,OSS,NY.GDP.MKTP.CD,2017,143284638053.643
Other small states,OSS,NY.GDP.MKTP.CD,2018,158084162753.728
Other small states,OSS,NY.GDP.MKTP.CD,2019,158537272264.689
Other small states,OSS,NY.GDP.MKTP.CD,2020,146178019948.381
Other small states,OSS,NY.GDP.MKTP.CD,2021,172054189148.087
Other small states,OSS,NY.GDP.MKTP.CD,2022,181929859029.679
Other small states,OSS,NY.GDP.MKTP.CD,2023,196776788550.521
Other small states,OSS,NY.GDP.MKTP.CD,2024,208356256433.884
Other small states,OSS,NY.GDP.MKTP.CD,2025,228636677706.691
Pakistan,PAK,NY.GDP.MKTP.CD,1960,3749265014.69971
Pakistan,PAK,NY.GDP.MKTP.CD,1961,4118647627.04746
Pakistan,PAK,NY.GDP.MKTP.CD,1962,4310163796.72407
Pakistan,PAK,NY.GDP.MKTP.CD,1963,4630827383.45233
Pakistan,PAK,NY.GDP.MKTP.CD,1964,5204955900.88198
Pakistan,PAK,NY.GDP.MKTP.CD,1965,5929231415.37169
Pakistan,PAK,NY.GDP.MKTP.CD,1966,6561108777.82444
Pakistan,PAK,NY.GDP.MKTP.CD,1967,7464510709.7858
Pakistan,PAK,NY.GDP.MKTP.CD,1968,8041999160.0168
Pakistan,PAK,NY.GDP.MKTP.CD,1969,8683116337.67325
Pakistan,PAK,NY.GDP.MKTP.CD,1970,10027509449.811
Pakistan,PAK,NY.GDP.MKTP.CD,1971,10665896682.0664
Pakistan,PAK,NY.GDP.MKTP.CD,1972,9415016359.56604
Pakistan,PAK,NY.GDP.MKTP.CD,1973,6383429490.21091
Pakistan,PAK,NY.GDP.MKTP.CD,1974,8899191919.19192
Pakistan,PAK,NY.GDP.MKTP.CD,1975,11230606060.6061
Pakistan,PAK,NY.GDP.MKTP.CD,1976,13168080808.0808
Pakistan,PAK,NY.GDP.MKTP.CD,1977,15126060606.0606
Pakistan,PAK,NY.GDP.MKTP.CD,1978,17811515151.5152
Pakistan,PAK,NY.GDP.MKTP.CD,1979,19688383838.3838
Pakistan,PAK,NY.GDP.MKTP.CD,1980,23654444444.4444
Pakistan,PAK,NY.GDP.MKTP.CD,1981,28100606060.6061
Pakistan,PAK,NY.GDP.MKTP.CD,1982,30725971563.981
Pakistan,PAK,NY.GDP.MKTP.CD,1983,28691889763.7795
Pakistan,PAK,NY.GDP.MKTP.CD,1984,31151825467.4978
Pakistan,PAK,NY.GDP.MKTP.CD,1985,31144920844.3272
Pakistan,PAK,NY.GDP.MKTP.CD,1986,31899070055.7967
Pakistan,PAK,NY.GDP.MKTP.CD,1987,33351529274.6869
Pakistan,PAK,NY.GDP.MKTP.CD,1988,38472742808.3167
Pakistan,PAK,NY.GDP.MKTP.CD,1989,40171106279.0078
Pakistan,PAK,NY.GDP.MKTP.CD,1990,40010423970.4576
Pakistan,PAK,NY.GDP.MKTP.CD,1991,45625336680.2047
Pakistan,PAK,NY.GDP.MKTP.CD,1992,48884671947.4657
Pakistan,PAK,NY.GDP.MKTP.CD,1993,51809999353.1614
Pakistan,PAK,NY.GDP.MKTP.CD,1994,52293470813.1336
Pakistan,PAK,NY.GDP.MKTP.CD,1995,60636071684.1918
Pakistan,PAK,NY.GDP.MKTP.CD,1996,63320170084.4076
Pakistan,PAK,NY.GDP.MKTP.CD,1997,62433340468.0228
Pakistan,PAK,NY.GDP.MKTP.CD,1998,62191955814.3478
Pakistan,PAK,NY.GDP.MKTP.CD,1999,62973857068.5113
Pakistan,PAK,NY.GDP.MKTP.CD,2000,99484802344.5277
Pakistan,PAK,NY.GDP.MKTP.CD,2001,97145618479.9038
Pakistan,PAK,NY.GDP.MKTP.CD,2002,97923302809.3537
Pakistan,PAK,NY.GDP.MKTP.CD,2003,112371913740.823
Pakistan,PAK,NY.GDP.MKTP.CD,2004,132216048339.413
Pakistan,PAK,NY.GDP.MKTP.CD,2005,145208562960.767
Pakistan,PAK,NY.GDP.MKTP.CD,2006,161871385506.36
Pakistan,PAK,NY.GDP.MKTP.CD,2007,184140869997.46
Pakistan,PAK,NY.GDP.MKTP.CD,2008,202203748583.854
Pakistan,PAK,NY.GDP.MKTP.CD,2009,187337783856.466
Pakistan,PAK,NY.GDP.MKTP.CD,2010,196709621849.586
Pakistan,PAK,NY.GDP.MKTP.CD,2011,230586581059.665
Pakistan,PAK,NY.GDP.MKTP.CD,2012,250106966104.704
Pakistan,PAK,NY.GDP.MKTP.CD,2013,258657231672.412
Pakistan,PAK,NY.GDP.MKTP.CD,2014,271390474857.632
Pakistan,PAK,NY.GDP.MKTP.CD,2015,299963590534.773
Pakistan,PAK,NY.GDP.MKTP.CD,2016,313630000130.435
Pakistan,PAK,NY.GDP.MKTP.CD,2017,339205534861.1
Pakistan,PAK,NY.GDP.MKTP.CD,2018,356128166704.921
Pakistan,PAK,NY.GDP.MKTP.CD,2019,320909472770.669
Pakistan,PAK,NY.GDP.MKTP.CD,2020,300425609817.981
Pakistan,PAK,NY.GDP.MKTP.CD,2021,348516647445.148
Pakistan,PAK,NY.GDP.MKTP.CD,2022,374890295666.694
Pakistan,PAK,NY.GDP.MKTP.CD,2023,336686348609.266
Pakistan,PAK,NY.GDP.MKTP.CD,2024,371747087751.306
Pakistan,PAK,NY.GDP.MKTP.CD,2025,407307214476.222
Panama,PAN,NY.GDP.MKTP.CD,1960,537147100.0
Panama,PAN,NY.GDP.MKTP.CD,1961,599026300.0
Panama,PAN,NY.GDP.MKTP.CD,1962,652120900.0
Panama,PAN,NY.GDP.MKTP.CD,1963,722784500.0
Panama,PAN,NY.GDP.MKTP.CD,1964,776137500.0
Panama,PAN,NY.GDP.MKTP.CD,1965,852485300.0
Panama,PAN,NY.GDP.MKTP.CD,1966,928833000.0
Panama,PAN,NY.GDP.MKTP.CD,1967,1034376400.0
Panama,PAN,NY.GDP.MKTP.CD,1968,1112791100.0
Panama,PAN,NY.GDP.MKTP.CD,1969,1221305700.0
Panama,PAN,NY.GDP.MKTP.CD,1970,1351006400.0
Panama,PAN,NY.GDP.MKTP.CD,1971,1523917200.0
Panama,PAN,NY.GDP.MKTP.CD,1972,1673411700.0
Panama,PAN,NY.GDP.MKTP.CD,1973,1913793400.0
Panama,PAN,NY.GDP.MKTP.CD,1974,2188307600.0
Panama,PAN,NY.GDP.MKTP.CD,1975,2435304100.0
Panama,PAN,NY.GDP.MKTP.CD,1976,2588106000.0
Panama,PAN,NY.GDP.MKTP.CD,1977,2738261900.0
Panama,PAN,NY.GDP.MKTP.CD,1978,3244558600.0
Panama,PAN,NY.GDP.MKTP.CD,1979,3704551600.0
Panama,PAN,NY.GDP.MKTP.CD,1980,4614086400.0
Panama,PAN,NY.GDP.MKTP.CD,1981,5222421500.0
Panama,PAN,NY.GDP.MKTP.CD,1982,5769767900.0
Panama,PAN,NY.GDP.MKTP.CD,1983,5923755900.0
Panama,PAN,NY.GDP.MKTP.CD,1984,6183387100.0
Panama,PAN,NY.GDP.MKTP.CD,1985,6541517100.0
Panama,PAN,NY.GDP.MKTP.CD,1986,6797834200.0
Panama,PAN,NY.GDP.MKTP.CD,1987,6827665300.0
Panama,PAN,NY.GDP.MKTP.CD,1988,5902783400.0
Panama,PAN,NY.GDP.MKTP.CD,1989,5918469800.0
Panama,PAN,NY.GDP.MKTP.CD,1990,6433967000.0
Panama,PAN,NY.GDP.MKTP.CD,1991,7074675500.0
Panama,PAN,NY.GDP.MKTP.CD,1992,8042337700.0
Panama,PAN,NY.GDP.MKTP.CD,1993,8782585400.0
Panama,PAN,NY.GDP.MKTP.CD,1994,9365289800.0
Panama,PAN,NY.GDP.MKTP.CD,1995,9573813700.0
Panama,PAN,NY.GDP.MKTP.CD,1996,9197503300.0
Panama,PAN,NY.GDP.MKTP.CD,1997,10058854400.0
Panama,PAN,NY.GDP.MKTP.CD,1998,11019557700.0
Panama,PAN,NY.GDP.MKTP.CD,1999,11660704800.0
Panama,PAN,NY.GDP.MKTP.CD,2000,11966497000.0
Panama,PAN,NY.GDP.MKTP.CD,2001,12252906300.0
Panama,PAN,NY.GDP.MKTP.CD,2002,12800851300.0
Panama,PAN,NY.GDP.MKTP.CD,2003,13603456000.0
Panama,PAN,NY.GDP.MKTP.CD,2004,15100203400.0
Panama,PAN,NY.GDP.MKTP.CD,2005,16623906700.0
Panama,PAN,NY.GDP.MKTP.CD,2006,18659721500.0
Panama,PAN,NY.GDP.MKTP.CD,2007,21717433800.0
Panama,PAN,NY.GDP.MKTP.CD,2008,25721328000.0
Panama,PAN,NY.GDP.MKTP.CD,2009,27791215500.0
Panama,PAN,NY.GDP.MKTP.CD,2010,30231009500.0
Panama,PAN,NY.GDP.MKTP.CD,2011,35687738300.0
Panama,PAN,NY.GDP.MKTP.CD,2012,41595439700.0
Panama,PAN,NY.GDP.MKTP.CD,2013,46949496500.0
Panama,PAN,NY.GDP.MKTP.CD,2014,51427104900.0
Panama,PAN,NY.GDP.MKTP.CD,2015,55767806100.0
Panama,PAN,NY.GDP.MKTP.CD,2016,59760858700.0
Panama,PAN,NY.GDP.MKTP.CD,2017,64327688800.0
Panama,PAN,NY.GDP.MKTP.CD,2018,67316471200.0
Panama,PAN,NY.GDP.MKTP.CD,2019,69778991200.0
Panama,PAN,NY.GDP.MKTP.CD,2020,57059846500.0
Panama,PAN,NY.GDP.MKTP.CD,2021,67396392500.0
Panama,PAN,NY.GDP.MKTP.CD,2022,76479304500.0
Panama,PAN,NY.GDP.MKTP.CD,2023,83812155200.0
Panama,PAN,NY.GDP.MKTP.CD,2024,86523959100.0
Panama,PAN,NY.GDP.MKTP.CD,2025,90462600000.0
Peru,PER,NY.GDP.MKTP.CD,1960,2571986572.12719
Peru,PER,NY.GDP.MKTP.CD,1961,2897852693.27494
Peru,PER,NY.GDP.MKTP.CD,1962,3284322201.27831
Peru,PER,NY.GDP.MKTP.CD,1963,3598272493.3109
Peru,PER,NY.GDP.MKTP.CD,1964,4353664866.67985
Peru,PER,NY.GDP.MKTP.CD,1965,5163008077.37371
Peru,PER,NY.GDP.MKTP.CD,1966,6109048736.61853
Peru,PER,NY.GDP.MKTP.CD,1967,6194340079.8786
Peru,PER,NY.GDP.MKTP.CD,1968,5736083835.29034
Peru,PER,NY.GDP.MKTP.CD,1969,6420909789.83
Peru,PER,NY.GDP.MKTP.CD,1970,7432223176.93623
Peru,PER,NY.GDP.MKTP.CD,1971,8289582883.67673
Peru,PER,NY.GDP.MKTP.CD,1972,9189413409.28138
Peru,PER,NY.GDP.MKTP.CD,1973,10994381895.1161
Peru,PER,NY.GDP.MKTP.CD,1974,13858441211.4692
Peru,PER,NY.GDP.MKTP.CD,1975,16931162355.4802
Peru,PER,NY.GDP.MKTP.CD,1976,16131958850.6444
Peru,PER,NY.GDP.MKTP.CD,1977,14544913960.5062
Peru,PER,NY.GDP.MKTP.CD,1978,12491876742.9708
Peru,PER,NY.GDP.MKTP.CD,1979,15954012439.1662
Peru,PER,NY.GDP.MKTP.CD,1980,18136838537.725
Peru,PER,NY.GDP.MKTP.CD,1981,21648214892.8828
Peru,PER,NY.GDP.MKTP.CD,1982,21794535621.216
Peru,PER,NY.GDP.MKTP.CD,1983,17345260564.4824
Peru,PER,NY.GDP.MKTP.CD,1984,17600400384.5073
Peru,PER,NY.GDP.MKTP.CD,1985,15078736875.387
Peru,PER,NY.GDP.MKTP.CD,1986,21859448586.485
Peru,PER,NY.GDP.MKTP.CD,1987,36889706592.6843
Peru,PER,NY.GDP.MKTP.CD,1988,15439408447.2
Peru,PER,NY.GDP.MKTP.CD,1989,22499558526.3682
Peru,PER,NY.GDP.MKTP.CD,1990,26410386962.8019
Peru,PER,NY.GDP.MKTP.CD,1991,34341465998.2003
Peru,PER,NY.GDP.MKTP.CD,1992,35966302303.263
Peru,PER,NY.GDP.MKTP.CD,1993,34832077220.8537
Peru,PER,NY.GDP.MKTP.CD,1994,44882079766.8913
Peru,PER,NY.GDP.MKTP.CD,1995,53312793687.3836
Peru,PER,NY.GDP.MKTP.CD,1996,55252414130.3019
Peru,PER,NY.GDP.MKTP.CD,1997,58147522522.5225
Peru,PER,NY.GDP.MKTP.CD,1998,55501467877.381
Peru,PER,NY.GDP.MKTP.CD,1999,50187324567.883
Peru,PER,NY.GDP.MKTP.CD,2000,51744749133.213
Peru,PER,NY.GDP.MKTP.CD,2001,52030158775.4055
Peru,PER,NY.GDP.MKTP.CD,2002,54777553515.0809
Peru,PER,NY.GDP.MKTP.CD,2003,58731030121.8671
Peru,PER,NY.GDP.MKTP.CD,2004,66768703497.5687
Peru,PER,NY.GDP.MKTP.CD,2005,76060606060.6061
Peru,PER,NY.GDP.MKTP.CD,2006,88643193061.748
Peru,PER,NY.GDP.MKTP.CD,2007,102170981144.136
Peru,PER,NY.GDP.MKTP.CD,2008,120550599815.441
Peru,PER,NY.GDP.MKTP.CD,2009,120822986521.479
Peru,PER,NY.GDP.MKTP.CD,2010,147527631520.729
Peru,PER,NY.GDP.MKTP.CD,2011,171761737046.585
Peru,PER,NY.GDP.MKTP.CD,2012,192650021648.583
Peru,PER,NY.GDP.MKTP.CD,2013,201175543571.392
Peru,PER,NY.GDP.MKTP.CD,2014,200786250582.943
Peru,PER,NY.GDP.MKTP.CD,2015,189802976285.619
Peru,PER,NY.GDP.MKTP.CD,2016,191898104390.379
Peru,PER,NY.GDP.MKTP.CD,2017,211007984080.911
Peru,PER,NY.GDP.MKTP.CD,2018,222597009739.235
Peru,PER,NY.GDP.MKTP.CD,2019,228346006003.648
Peru,PER,NY.GDP.MKTP.CD,2020,201409694755.934
Peru,PER,NY.GDP.MKTP.CD,2021,226406075008.878
Peru,PER,NY.GDP.MKTP.CD,2022,246169867862.821
Peru,PER,NY.GDP.MKTP.CD,2023,268025009709.319
Peru,PER,NY.GDP.MKTP.CD,2024,291751523018.903
Peru,PER,NY.GDP.MKTP.CD,2025,334854659181.893
Philippines,PHL,NY.GDP.MKTP.CD,1960,7515894110.56487
Philippines,PHL,NY.GDP.MKTP.CD,1961,8171194424.94498
Philippines,PHL,NY.GDP.MKTP.CD,1962,4954593071.82796
Philippines,PHL,NY.GDP.MKTP.CD,1963,5505023238.40669
Philippines,PHL,NY.GDP.MKTP.CD,1964,5953756194.80988
Philippines,PHL,NY.GDP.MKTP.CD,1965,6517349771.93386
Philippines,PHL,NY.GDP.MKTP.CD,1966,7189017887.69231
Philippines,PHL,NY.GDP.MKTP.CD,1967,7724873935.12821
Philippines,PHL,NY.GDP.MKTP.CD,1968,8632749269.48718
Philippines,PHL,NY.GDP.MKTP.CD,1969,9571800652.5641
Philippines,PHL,NY.GDP.MKTP.CD,1970,7559115516.69532
Philippines,PHL,NY.GDP.MKTP.CD,1971,8375075629.8327
Philippines,PHL,NY.GDP.MKTP.CD,1972,9067815521.3262
Philippines,PHL,NY.GDP.MKTP.CD,1973,11412449735.3056
Philippines,PHL,NY.GDP.MKTP.CD,1974,15607882555.2916
Philippines,PHL,NY.GDP.MKTP.CD,1975,16875240683.5083
Philippines,PHL,NY.GDP.MKTP.CD,1976,19381055197.2794
Philippines,PHL,NY.GDP.MKTP.CD,1977,22283109803.3521
Philippines,PHL,NY.GDP.MKTP.CD,1978,25762224562.6316
Philippines,PHL,NY.GDP.MKTP.CD,1979,31218296292.1295
Philippines,PHL,NY.GDP.MKTP.CD,1980,36848080898.8112
Philippines,PHL,NY.GDP.MKTP.CD,1981,40499388869.1271
Philippines,PHL,NY.GDP.MKTP.CD,1982,42206011275.1757
Philippines,PHL,NY.GDP.MKTP.CD,1983,37759179894.5298
Philippines,PHL,NY.GDP.MKTP.CD,1984,35730185633.5233
Philippines,PHL,NY.GDP.MKTP.CD,1985,34961486348.2382
Philippines,PHL,NY.GDP.MKTP.CD,1986,33987207294.9432
Philippines,PHL,NY.GDP.MKTP.CD,1987,37791488666.0743
Philippines,PHL,NY.GDP.MKTP.CD,1988,43152128958.6116
Philippines,PHL,NY.GDP.MKTP.CD,1989,48513773720.673
Philippines,PHL,NY.GDP.MKTP.CD,1990,50508286641.5746
Philippines,PHL,NY.GDP.MKTP.CD,1991,51784144942.727
Philippines,PHL,NY.GDP.MKTP.CD,1992,60422328242.1803
Philippines,PHL,NY.GDP.MKTP.CD,1993,62036529147.1831
Philippines,PHL,NY.GDP.MKTP.CD,1994,73159336915.2718
Philippines,PHL,NY.GDP.MKTP.CD,1995,84644328727.4825
Philippines,PHL,NY.GDP.MKTP.CD,1996,94648084429.0341
Philippines,PHL,NY.GDP.MKTP.CD,1997,94106317565.0846
Philippines,PHL,NY.GDP.MKTP.CD,1998,74492416329.9142
Philippines,PHL,NY.GDP.MKTP.CD,1999,85640171045.1254
Philippines,PHL,NY.GDP.MKTP.CD,2000,83669788376.9213
Philippines,PHL,NY.GDP.MKTP.CD,2001,78921234457.5487
Philippines,PHL,NY.GDP.MKTP.CD,2002,84307345887.543
Philippines,PHL,NY.GDP.MKTP.CD,2003,87039092974.2272
Philippines,PHL,NY.GDP.MKTP.CD,2004,95001999685.3314
Philippines,PHL,NY.GDP.MKTP.CD,2005,107419977318.166
Philippines,PHL,NY.GDP.MKTP.CD,2006,127652926368.069
Philippines,PHL,NY.GDP.MKTP.CD,2007,155980408673.403
Philippines,PHL,NY.GDP.MKTP.CD,2008,181624626327.361
Philippines,PHL,NY.GDP.MKTP.CD,2009,175974755881.372
Philippines,PHL,NY.GDP.MKTP.CD,2010,208368893151.144
Philippines,PHL,NY.GDP.MKTP.CD,2011,234216730291.32
Philippines,PHL,NY.GDP.MKTP.CD,2012,261920540962.63
Philippines,PHL,NY.GDP.MKTP.CD,2013,283902828588.718
Philippines,PHL,NY.GDP.MKTP.CD,2014,297483555338.044
Philippines,PHL,NY.GDP.MKTP.CD,2015,306445871242.322
Philippines,PHL,NY.GDP.MKTP.CD,2016,318627003016.731
Philippines,PHL,NY.GDP.MKTP.CD,2017,328480736802.76
Philippines,PHL,NY.GDP.MKTP.CD,2018,346841896587.313
Philippines,PHL,NY.GDP.MKTP.CD,2019,376823402239.136
Philippines,PHL,NY.GDP.MKTP.CD,2020,361751145451.597
Philippines,PHL,NY.GDP.MKTP.CD,2021,394087359848.11
Philippines,PHL,NY.GDP.MKTP.CD,2022,404353369604.631
Philippines,PHL,NY.GDP.MKTP.CD,2023,437055627245.138
Philippines,PHL,NY.GDP.MKTP.CD,2024,461671157904.74
Philippines,PHL,NY.GDP.MKTP.CD,2025,487086123720.417
Palau,PLW,NY.GDP.MKTP.CD,1970,11563041.0
Palau,PLW,NY.GDP.MKTP.CD,1971,12706874.0
Palau,PLW,NY.GDP.MKTP.CD,1972,13956474.0
Palau,PLW,NY.GDP.MKTP.CD,1973,15331889.0
Palau,PLW,NY.GDP.MKTP.CD,1974,16848759.0
Palau,PLW,NY.GDP.MKTP.CD,1975,18521112.0
Palau,PLW,NY.GDP.MKTP.CD,1976,20364420.0
Palau,PLW,NY.GDP.MKTP.CD,1977,22308104.0
Palau,PLW,NY.GDP.MKTP.CD,1978,24530015.0
Palau,PLW,NY.GDP.MKTP.CD,1979,27004251.0
Palau,PLW,NY.GDP.MKTP.CD,1980,29728054.0
Palau,PLW,NY.GDP.MKTP.CD,1981,32726594.0
Palau,PLW,NY.GDP.MKTP.CD,1982,36027583.0
Palau,PLW,NY.GDP.MKTP.CD,1983,39661530.0
Palau,PLW,NY.GDP.MKTP.CD,1984,44814259.0
Palau,PLW,NY.GDP.MKTP.CD,1985,51030637.0
Palau,PLW,NY.GDP.MKTP.CD,1986,58109314.0
Palau,PLW,NY.GDP.MKTP.CD,1987,66169905.0
Palau,PLW,NY.GDP.MKTP.CD,1988,75348615.0
Palau,PLW,NY.GDP.MKTP.CD,1989,85800543.0
Palau,PLW,NY.GDP.MKTP.CD,1990,97702303.0
Palau,PLW,NY.GDP.MKTP.CD,1991,106555300.0
Palau,PLW,NY.GDP.MKTP.CD,1992,104771300.0
Palau,PLW,NY.GDP.MKTP.CD,1993,96455700.0
Palau,PLW,NY.GDP.MKTP.CD,1994,106138500.0
Palau,PLW,NY.GDP.MKTP.CD,1995,121018500.0
Palau,PLW,NY.GDP.MKTP.CD,1996,137494600.0
Palau,PLW,NY.GDP.MKTP.CD,1997,143860800.0
Palau,PLW,NY.GDP.MKTP.CD,1998,149079600.0
Palau,PLW,NY.GDP.MKTP.CD,1999,144206500.0
Palau,PLW,NY.GDP.MKTP.CD,2000,149551484.375
Palau,PLW,NY.GDP.MKTP.CD,2001,159446234.375
Palau,PLW,NY.GDP.MKTP.CD,2002,162658718.75
Palau,PLW,NY.GDP.MKTP.CD,2003,154566781.25
Palau,PLW,NY.GDP.MKTP.CD,2004,166363734.375
Palau,PLW,NY.GDP.MKTP.CD,2005,185658171.875
Palau,PLW,NY.GDP.MKTP.CD,2006,190777421.875
Palau,PLW,NY.GDP.MKTP.CD,2007,196012718.75
Palau,PLW,NY.GDP.MKTP.CD,2008,199046109.375
Palau,PLW,NY.GDP.MKTP.CD,2009,184049765.625
Palau,PLW,NY.GDP.MKTP.CD,2010,184292328.125
Palau,PLW,NY.GDP.MKTP.CD,2011,195163578.125
Palau,PLW,NY.GDP.MKTP.CD,2012,214928296.875
Palau,PLW,NY.GDP.MKTP.CD,2013,226257828.125
Palau,PLW,NY.GDP.MKTP.CD,2014,245436546.875
Palau,PLW,NY.GDP.MKTP.CD,2015,283224750.0
Palau,PLW,NY.GDP.MKTP.CD,2016,303326125.0
Palau,PLW,NY.GDP.MKTP.CD,2017,289983656.25
Palau,PLW,NY.GDP.MKTP.CD,2018,288228343.75
Palau,PLW,NY.GDP.MKTP.CD,2019,281954000.0
Palau,PLW,NY.GDP.MKTP.CD,2020,258985859.375
Palau,PLW,NY.GDP.MKTP.CD,2021,235935734.375
Palau,PLW,NY.GDP.MKTP.CD,2022,247470812.5
Palau,PLW,NY.GDP.MKTP.CD,2023,276157406.25
Palau,PLW,NY.GDP.MKTP.CD,2024,321501812.5
Palau,PLW,NY.GDP.MKTP.CD,2025,345000000.0
Papua New Guinea,PNG,NY.GDP.MKTP.CD,1960,230496036.879366
Papua New Guinea,PNG,NY.GDP.MKTP.CD,1961,244832039.173126
Papua New Guinea,PNG,NY.GDP.MKTP.CD,1962,261184041.789447
Papua New Guinea,PNG,NY.GDP.MKTP.CD,1963,275968044.154887
Papua New Guinea,PNG,NY.GDP.MKTP.CD,1964,305312048.849928
Papua New Guinea,PNG,NY.GDP.MKTP.CD,1965,344176055.068169
Papua New Guinea,PNG,NY.GDP.MKTP.CD,1966,390992062.55873
Papua New Guinea,PNG,NY.GDP.MKTP.CD,1967,441728182.676509
Papua New Guinea,PNG,NY.GDP.MKTP.CD,1968,485184189.62947
Papua New Guinea,PNG,NY.GDP.MKTP.CD,1969,551263864.202218
Papua New Guinea,PNG,NY.GDP.MKTP.CD,1970,645568215.290914
Papua New Guinea,PNG,NY.GDP.MKTP.CD,1971,717750278.105664
Papua New Guinea,PNG,NY.GDP.MKTP.CD,1972,858761926.08968
Papua New Guinea,PNG,NY.GDP.MKTP.CD,1973,1299079410.43638
Papua New Guinea,PNG,NY.GDP.MKTP.CD,1974,1467417672.17002
Papua New Guinea,PNG,NY.GDP.MKTP.CD,1975,1356603608.09695
Papua New Guinea,PNG,NY.GDP.MKTP.CD,1976,1511843235.49111
Papua New Guinea,PNG,NY.GDP.MKTP.CD,1977,1640746618.68467
Papua New Guinea,PNG,NY.GDP.MKTP.CD,1978,1947878830.62383
Papua New Guinea,PNG,NY.GDP.MKTP.CD,1979,2293760510.9609
Papua New Guinea,PNG,NY.GDP.MKTP.CD,1980,2545808455.52399
Papua New Guinea,PNG,NY.GDP.MKTP.CD,1981,2498190847.39668
Papua New Guinea,PNG,NY.GDP.MKTP.CD,1982,2368719683.44848
Papua New Guinea,PNG,NY.GDP.MKTP.CD,1983,2562351551.04491
Papua New Guinea,PNG,NY.GDP.MKTP.CD,1984,2552662617.18854
Papua New Guinea,PNG,NY.GDP.MKTP.CD,1985,2423339171.50015
Papua New Guinea,PNG,NY.GDP.MKTP.CD,1986,2647995602.28698
Papua New Guinea,PNG,NY.GDP.MKTP.CD,1987,3143851794.08723
Papua New Guinea,PNG,NY.GDP.MKTP.CD,1988,3656177880.70625
Papua New Guinea,PNG,NY.GDP.MKTP.CD,1989,3546472565.69364
Papua New Guinea,PNG,NY.GDP.MKTP.CD,1990,3219729083.06487
Papua New Guinea,PNG,NY.GDP.MKTP.CD,1991,3787394957.98319
Papua New Guinea,PNG,NY.GDP.MKTP.CD,1992,4377980510.05598
Papua New Guinea,PNG,NY.GDP.MKTP.CD,1993,4974550286.18152
Papua New Guinea,PNG,NY.GDP.MKTP.CD,1994,5502786069.65174
Papua New Guinea,PNG,NY.GDP.MKTP.CD,1995,4636057476.42568
Papua New Guinea,PNG,NY.GDP.MKTP.CD,1996,5155311077.38998
Papua New Guinea,PNG,NY.GDP.MKTP.CD,1997,4936615298.79367
Papua New Guinea,PNG,NY.GDP.MKTP.CD,1998,3789443014.61662
Papua New Guinea,PNG,NY.GDP.MKTP.CD,1999,3477038204.01733
Papua New Guinea,PNG,NY.GDP.MKTP.CD,2000,3521339699.07407
Papua New Guinea,PNG,NY.GDP.MKTP.CD,2001,3081024212.42924
Papua New Guinea,PNG,NY.GDP.MKTP.CD,2002,2999511040.19764
Papua New Guinea,PNG,NY.GDP.MKTP.CD,2003,3536411824.2958
Papua New Guinea,PNG,NY.GDP.MKTP.CD,2004,3927157866.96465
Papua New Guinea,PNG,NY.GDP.MKTP.CD,2005,4865892972.27595
Papua New Guinea,PNG,NY.GDP.MKTP.CD,2006,8354911040.70193
Papua New Guinea,PNG,NY.GDP.MKTP.CD,2007,9545028944.34579
Papua New Guinea,PNG,NY.GDP.MKTP.CD,2008,11670892800.5309
Papua New Guinea,PNG,NY.GDP.MKTP.CD,2009,11619456449.266
Papua New Guinea,PNG,NY.GDP.MKTP.CD,2010,14250786674.7766
Papua New Guinea,PNG,NY.GDP.MKTP.CD,2011,17985138065.8549
Papua New Guinea,PNG,NY.GDP.MKTP.CD,2012,21295168665.7247
Papua New Guinea,PNG,NY.GDP.MKTP.CD,2013,21261338064.8783
Papua New Guinea,PNG,NY.GDP.MKTP.CD,2014,23210823987.308
Papua New Guinea,PNG,NY.GDP.MKTP.CD,2015,21723437010.0982
Papua New Guinea,PNG,NY.GDP.MKTP.CD,2016,20758876952.6232
Papua New Guinea,PNG,NY.GDP.MKTP.CD,2017,22742699138.356
Papua New Guinea,PNG,NY.GDP.MKTP.CD,2018,24109780708.0268
Papua New Guinea,PNG,NY.GDP.MKTP.CD,2019,24750626029.8777
Papua New Guinea,PNG,NY.GDP.MKTP.CD,2020,23848447849.6081
Papua New Guinea,PNG,NY.GDP.MKTP.CD,2021,26113409477.7318
Papua New Guinea,PNG,NY.GDP.MKTP.CD,2022,31653230962.4549
Papua New Guinea,PNG,NY.GDP.MKTP.CD,2023,30816328065.6492
Papua New Guinea,PNG,NY.GDP.MKTP.CD,2024,30803971189.4102
Papua New Guinea,PNG,NY.GDP.MKTP.CD,2025,32498658653.8415
Poland,POL,NY.GDP.MKTP.CD,1990,65977748210.5263
Poland,POL,NY.GDP.MKTP.CD,1991,85500935934.9901
Poland,POL,NY.GDP.MKTP.CD,1992,94337050693.2727
Poland,POL,NY.GDP.MKTP.CD,1993,96043157272.862
Poland,POL,NY.GDP.MKTP.CD,1994,110803635287.621
Poland,POL,NY.GDP.MKTP.CD,1995,142838527115.448
Poland,POL,NY.GDP.MKTP.CD,1996,160813026223.063
Poland,POL,NY.GDP.MKTP.CD,1997,159893964916.817
Poland,POL,NY.GDP.MKTP.CD,1998,175282269666.801
Poland,POL,NY.GDP.MKTP.CD,1999,170704452714.673
Poland,POL,NY.GDP.MKTP.CD,2000,172953527033.013
Poland,POL,NY.GDP.MKTP.CD,2001,191823200371.284
Poland,POL,NY.GDP.MKTP.CD,2002,199694463255.567
Poland,POL,NY.GDP.MKTP.CD,2003,218561225998.47
Poland,POL,NY.GDP.MKTP.CD,2004,256268656145.134
Poland,POL,NY.GDP.MKTP.CD,2005,306999913150.525
Poland,POL,NY.GDP.MKTP.CD,2006,345897630736.173
Poland,POL,NY.GDP.MKTP.CD,2007,429715132137.503
Poland,POL,NY.GDP.MKTP.CD,2008,535612030671.888
Poland,POL,NY.GDP.MKTP.CD,2009,440891472247.096
Poland,POL,NY.GDP.MKTP.CD,2010,478111630683.514
Poland,POL,NY.GDP.MKTP.CD,2011,527848543023.469
Poland,POL,NY.GDP.MKTP.CD,2012,498148649702.66
Poland,POL,NY.GDP.MKTP.CD,2013,518179836405.36
Poland,POL,NY.GDP.MKTP.CD,2014,542134167178.627
Poland,POL,NY.GDP.MKTP.CD,2015,480054118583.367
Poland,POL,NY.GDP.MKTP.CD,2016,473259623976.262
Poland,POL,NY.GDP.MKTP.CD,2017,528356723263.073
Poland,POL,NY.GDP.MKTP.CD,2018,594616632477.019
Poland,POL,NY.GDP.MKTP.CD,2019,602683770144.88
Poland,POL,NY.GDP.MKTP.CD,2020,605914237903.742
Poland,POL,NY.GDP.MKTP.CD,2021,689170230665.35
Poland,POL,NY.GDP.MKTP.CD,2022,695607470875.276
Poland,POL,NY.GDP.MKTP.CD,2023,812451193396.143
Poland,POL,NY.GDP.MKTP.CD,2024,917767106146.761
Poland,POL,NY.GDP.MKTP.CD,2025,1035491784197.44
Pre-demographic dividend,PRE,NY.GDP.MKTP.CD,1960,24364156193.6751
Pre-demographic dividend,PRE,NY.GDP.MKTP.CD,1961,25256725916.2585
Pre-demographic dividend,PRE,NY.GDP.MKTP.CD,1962,27666238152.2065
Pre-demographic dividend,PRE,NY.GDP.MKTP.CD,1963,31983402735.1923
Pre-demographic dividend,PRE,NY.GDP.MKTP.CD,1964,30268695831.8517
Pre-demographic dividend,PRE,NY.GDP.MKTP.CD,1965,33350877902.1101
Pre-demographic dividend,PRE,NY.GDP.MKTP.CD,1966,36463686475.7368
Pre-demographic dividend,PRE,NY.GDP.MKTP.CD,1967,34694458407.5893
Pre-demographic dividend,PRE,NY.GDP.MKTP.CD,1968,37417938617.9153
Pre-demographic dividend,PRE,NY.GDP.MKTP.CD,1969,42086630830.6663
Pre-demographic dividend,PRE,NY.GDP.MKTP.CD,1970,47414033706.7934
Pre-demographic dividend,PRE,NY.GDP.MKTP.CD,1971,46895053548.1857
Pre-demographic dividend,PRE,NY.GDP.MKTP.CD,1972,55102867455.823
Pre-demographic dividend,PRE,NY.GDP.MKTP.CD,1973,67902484335.5968
Pre-demographic dividend,PRE,NY.GDP.MKTP.CD,1974,93597653615.4013
Pre-demographic dividend,PRE,NY.GDP.MKTP.CD,1975,106608000583.775
Pre-demographic dividend,PRE,NY.GDP.MKTP.CD,1976,124631310796.996
Pre-demographic dividend,PRE,NY.GDP.MKTP.CD,1977,137554858322.5
Pre-demographic dividend,PRE,NY.GDP.MKTP.CD,1978,156118418496.885
Pre-demographic dividend,PRE,NY.GDP.MKTP.CD,1979,192716721393.453
Pre-demographic dividend,PRE,NY.GDP.MKTP.CD,1980,238216835061.158
Pre-demographic dividend,PRE,NY.GDP.MKTP.CD,1981,325165387006.701
Pre-demographic dividend,PRE,NY.GDP.MKTP.CD,1982,308202776425.152
Pre-demographic dividend,PRE,NY.GDP.MKTP.CD,1983,255682160761.561
Pre-demographic dividend,PRE,NY.GDP.MKTP.CD,1984,238957760966.18
Pre-demographic dividend,PRE,NY.GDP.MKTP.CD,1985,247847811937.524
Pre-demographic dividend,PRE,NY.GDP.MKTP.CD,1986,214950800439.552
Pre-demographic dividend,PRE,NY.GDP.MKTP.CD,1987,231283902157.28
Pre-demographic dividend,PRE,NY.GDP.MKTP.CD,1988,242238712773.83
Pre-demographic dividend,PRE,NY.GDP.MKTP.CD,1989,244959218938.888
Pre-demographic dividend,PRE,NY.GDP.MKTP.CD,1990,397040693431.745
Pre-demographic dividend,PRE,NY.GDP.MKTP.CD,1991,224731322067.218
Pre-demographic dividend,PRE,NY.GDP.MKTP.CD,1992,174864985460.838
Pre-demographic dividend,PRE,NY.GDP.MKTP.CD,1993,182710500407.879
Pre-demographic dividend,PRE,NY.GDP.MKTP.CD,1994,190512119843.382
Pre-demographic dividend,PRE,NY.GDP.MKTP.CD,1995,280321612127.713
Pre-demographic dividend,PRE,NY.GDP.MKTP.CD,1996,339779202888.236
Pre-demographic dividend,PRE,NY.GDP.MKTP.CD,1997,372342820435.282
Pre-demographic dividend,PRE,NY.GDP.MKTP.CD,1998,394007939420.991
Pre-demographic dividend,PRE,NY.GDP.MKTP.CD,1999,245465540937.774
Pre-demographic dividend,PRE,NY.GDP.MKTP.CD,2000,283217741818.426
Pre-demographic dividend,PRE,NY.GDP.MKTP.CD,2001,269595630764.068
Pre-demographic dividend,PRE,NY.GDP.MKTP.CD,2002,312135025048.78
Pre-demographic dividend,PRE,NY.GDP.MKTP.CD,2003,340468658769.863
Pre-demographic dividend,PRE,NY.GDP.MKTP.CD,2004,424234077245.53
Pre-demographic dividend,PRE,NY.GDP.MKTP.CD,2005,531122307170.791
Pre-demographic dividend,PRE,NY.GDP.MKTP.CD,2006,668501035348.266
Pre-demographic dividend,PRE,NY.GDP.MKTP.CD,2007,808147234881.565
Pre-demographic dividend,PRE,NY.GDP.MKTP.CD,2008,1008759607218.59
Pre-demographic dividend,PRE,NY.GDP.MKTP.CD,2009,914568494528.633
Pre-demographic dividend,PRE,NY.GDP.MKTP.CD,2010,1069026111074.64
Pre-demographic dividend,PRE,NY.GDP.MKTP.CD,2011,1236913792349.94
Pre-demographic dividend,PRE,NY.GDP.MKTP.CD,2012,1346198739594.6
Pre-demographic dividend,PRE,NY.GDP.MKTP.CD,2013,1476570945874.25
Pre-demographic dividend,PRE,NY.GDP.MKTP.CD,2014,1564268518633.72
Pre-demographic dividend,PRE,NY.GDP.MKTP.CD,2015,1327649722440.53
Pre-demographic dividend,PRE,NY.GDP.MKTP.CD,2016,1179646343672.88
Pre-demographic dividend,PRE,NY.GDP.MKTP.CD,2017,1234012453109.89
Pre-demographic dividend,PRE,NY.GDP.MKTP.CD,2018,1372992333739.42
Pre-demographic dividend,PRE,NY.GDP.MKTP.CD,2019,1634623930442.19
Pre-demographic dividend,PRE,NY.GDP.MKTP.CD,2020,1493808964934.18
Pre-demographic dividend,PRE,NY.GDP.MKTP.CD,2021,1632692476237.58
Pre-demographic dividend,PRE,NY.GDP.MKTP.CD,2022,1857970259244.7
Pre-demographic dividend,PRE,NY.GDP.MKTP.CD,2023,1679661211478.96
Pre-demographic dividend,PRE,NY.GDP.MKTP.CD,2024,1516630881743.9
Pre-demographic dividend,PRE,NY.GDP.MKTP.CD,2025,1665770125125.75
Puerto Rico (US),PRI,NY.GDP.MKTP.CD,1960,1691900000.0
Puerto Rico (US),PRI,NY.GDP.MKTP.CD,1961,1865100000.0
Puerto Rico (US),PRI,NY.GDP.MKTP.CD,1962,2094400000.0
Puerto Rico (US),PRI,NY.GDP.MKTP.CD,1963,2333600000.0
Puerto Rico (US),PRI,NY.GDP.MKTP.CD,1964,2570500000.0
Puerto Rico (US),PRI,NY.GDP.MKTP.CD,1965,2881500000.0
Puerto Rico (US),PRI,NY.GDP.MKTP.CD,1966,3170500000.0
Puerto Rico (US),PRI,NY.GDP.MKTP.CD,1967,3532700000.0
Puerto Rico (US),PRI,NY.GDP.MKTP.CD,1968,3941700000.0
Puerto Rico (US),PRI,NY.GDP.MKTP.CD,1969,4460700000.0
Puerto Rico (US),PRI,NY.GDP.MKTP.CD,1970,5034700000.0
Puerto Rico (US),PRI,NY.GDP.MKTP.CD,1971,5646800000.0
Puerto Rico (US),PRI,NY.GDP.MKTP.CD,1972,6328900000.0
Puerto Rico (US),PRI,NY.GDP.MKTP.CD,1973,7002400000.0
Puerto Rico (US),PRI,NY.GDP.MKTP.CD,1974,7684800000.0
Puerto Rico (US),PRI,NY.GDP.MKTP.CD,1975,8198300000.0
Puerto Rico (US),PRI,NY.GDP.MKTP.CD,1976,8968600000.0
Puerto Rico (US),PRI,NY.GDP.MKTP.CD,1977,9910900000.0
Puerto Rico (US),PRI,NY.GDP.MKTP.CD,1978,11165000000.0
Puerto Rico (US),PRI,NY.GDP.MKTP.CD,1979,12750000000.0
Puerto Rico (US),PRI,NY.GDP.MKTP.CD,1980,14436100000.0
Puerto Rico (US),PRI,NY.GDP.MKTP.CD,1981,15955700000.0
Puerto Rico (US),PRI,NY.GDP.MKTP.CD,1982,16764200000.0
Puerto Rico (US),PRI,NY.GDP.MKTP.CD,1983,17276600000.0
Puerto Rico (US),PRI,NY.GDP.MKTP.CD,1984,19162600000.0
Puerto Rico (US),PRI,NY.GDP.MKTP.CD,1985,20289200000.0
Puerto Rico (US),PRI,NY.GDP.MKTP.CD,1986,22009300000.0
Puerto Rico (US),PRI,NY.GDP.MKTP.CD,1987,24025800000.0
Puerto Rico (US),PRI,NY.GDP.MKTP.CD,1988,26385800000.0
Puerto Rico (US),PRI,NY.GDP.MKTP.CD,1989,28161200000.0
Puerto Rico (US),PRI,NY.GDP.MKTP.CD,1990,30603919000.0
Puerto Rico (US),PRI,NY.GDP.MKTP.CD,1991,32287031000.0
Puerto Rico (US),PRI,NY.GDP.MKTP.CD,1992,34630430000.0
Puerto Rico (US),PRI,NY.GDP.MKTP.CD,1993,36922456000.0
Puerto Rico (US),PRI,NY.GDP.MKTP.CD,1994,39690630000.0
Puerto Rico (US),PRI,NY.GDP.MKTP.CD,1995,42647331000.0
Puerto Rico (US),PRI,NY.GDP.MKTP.CD,1996,45340835000.0
Puerto Rico (US),PRI,NY.GDP.MKTP.CD,1997,48187039000.0
Puerto Rico (US),PRI,NY.GDP.MKTP.CD,1998,54086400000.0
Puerto Rico (US),PRI,NY.GDP.MKTP.CD,1999,57841000000.0
Puerto Rico (US),PRI,NY.GDP.MKTP.CD,2000,61701800000.0
Puerto Rico (US),PRI,NY.GDP.MKTP.CD,2001,69208400000.0
Puerto Rico (US),PRI,NY.GDP.MKTP.CD,2002,71623500000.0
Puerto Rico (US),PRI,NY.GDP.MKTP.CD,2003,74827400000.0
Puerto Rico (US),PRI,NY.GDP.MKTP.CD,2004,80322313000.0
Puerto Rico (US),PRI,NY.GDP.MKTP.CD,2005,83914521300.0
Puerto Rico (US),PRI,NY.GDP.MKTP.CD,2006,87276164400.0
Puerto Rico (US),PRI,NY.GDP.MKTP.CD,2007,89524131600.0
Puerto Rico (US),PRI,NY.GDP.MKTP.CD,2008,93639300000.0
Puerto Rico (US),PRI,NY.GDP.MKTP.CD,2009,96385600000.0
Puerto Rico (US),PRI,NY.GDP.MKTP.CD,2010,98381300000.0
Puerto Rico (US),PRI,NY.GDP.MKTP.CD,2011,100351700000.0
Puerto Rico (US),PRI,NY.GDP.MKTP.CD,2012,101564800000.0
Puerto Rico (US),PRI,NY.GDP.MKTP.CD,2013,102450000000.0
Puerto Rico (US),PRI,NY.GDP.MKTP.CD,2014,102445800000.0
Puerto Rico (US),PRI,NY.GDP.MKTP.CD,2015,103375500000.0
Puerto Rico (US),PRI,NY.GDP.MKTP.CD,2016,104336700000.0
Puerto Rico (US),PRI,NY.GDP.MKTP.CD,2017,103445500000.0
Puerto Rico (US),PRI,NY.GDP.MKTP.CD,2018,100958100000.0
Puerto Rico (US),PRI,NY.GDP.MKTP.CD,2019,105126400000.0
Puerto Rico (US),PRI,NY.GDP.MKTP.CD,2020,103130900000.0
Puerto Rico (US),PRI,NY.GDP.MKTP.CD,2021,106426600000.0
Puerto Rico (US),PRI,NY.GDP.MKTP.CD,2022,113843700000.0
Puerto Rico (US),PRI,NY.GDP.MKTP.CD,2023,118478754280.882
Puerto Rico (US),PRI,NY.GDP.MKTP.CD,2024,126029527033.705
Puerto Rico (US),PRI,NY.GDP.MKTP.CD,2025,129368484000.0
Portugal,PRT,NY.GDP.MKTP.CD,1960,3339150157.85605
Portugal,PRT,NY.GDP.MKTP.CD,1961,3573719084.53354
Portugal,PRT,NY.GDP.MKTP.CD,1962,3835883663.25123
Portugal,PRT,NY.GDP.MKTP.CD,1963,4084251592.81599
Portugal,PRT,NY.GDP.MKTP.CD,1964,4429202656.90741
Portugal,PRT,NY.GDP.MKTP.CD,1965,4901711247.81592
Portugal,PRT,NY.GDP.MKTP.CD,1966,5370108031.12859
Portugal,PRT,NY.GDP.MKTP.CD,1967,6002607029.64663
Portugal,PRT,NY.GDP.MKTP.CD,1968,6644693214.18343
Portugal,PRT,NY.GDP.MKTP.CD,1969,7287555035.34403
Portugal,PRT,NY.GDP.MKTP.CD,1970,8108235704.32357
Portugal,PRT,NY.GDP.MKTP.CD,1971,9201604240.28269
Portugal,PRT,NY.GDP.MKTP.CD,1972,11239117865.0852
Portugal,PRT,NY.GDP.MKTP.CD,1973,15090564186.4268
Portugal,PRT,NY.GDP.MKTP.CD,1974,17512391475.9274
Portugal,PRT,NY.GDP.MKTP.CD,1975,19347607843.1373
Portugal,PRT,NY.GDP.MKTP.CD,1976,20332831564.9867
Portugal,PRT,NY.GDP.MKTP.CD,1977,21439523310.6338
Portugal,PRT,NY.GDP.MKTP.CD,1978,23487614051.0949
Portugal,PRT,NY.GDP.MKTP.CD,1979,26622819672.1311
Portugal,PRT,NY.GDP.MKTP.CD,1980,32896519823.7885
Portugal,PRT,NY.GDP.MKTP.CD,1981,31977276872.9642
Portugal,PRT,NY.GDP.MKTP.CD,1982,30527754793.1382
Portugal,PRT,NY.GDP.MKTP.CD,1983,27239650741.9472
Portugal,PRT,NY.GDP.MKTP.CD,1984,25217969049.5755
Portugal,PRT,NY.GDP.MKTP.CD,1985,27115807742.0873
Portugal,PRT,NY.GDP.MKTP.CD,1986,38745901353.7059
Portugal,PRT,NY.GDP.MKTP.CD,1987,48182925857.4071
Portugal,PRT,NY.GDP.MKTP.CD,1988,56347250696.3788
Portugal,PRT,NY.GDP.MKTP.CD,1989,60594092182.3275
Portugal,PRT,NY.GDP.MKTP.CD,1990,78713860216.5659
Portugal,PRT,NY.GDP.MKTP.CD,1991,89233599278.4792
Portugal,PRT,NY.GDP.MKTP.CD,1992,107592098307.098
Portugal,PRT,NY.GDP.MKTP.CD,1993,95009751901.2592
Portugal,PRT,NY.GDP.MKTP.CD,1994,99688641304.3478
Portugal,PRT,NY.GDP.MKTP.CD,1995,118122007430.012
Portugal,PRT,NY.GDP.MKTP.CD,1996,122630089680.27
Portugal,PRT,NY.GDP.MKTP.CD,1997,117016535162.95
Portugal,PRT,NY.GDP.MKTP.CD,1998,123946327916.296
Portugal,PRT,NY.GDP.MKTP.CD,1999,127470385557.184
Portugal,PRT,NY.GDP.MKTP.CD,2000,118605192877.388
Portugal,PRT,NY.GDP.MKTP.CD,2001,121604107164.997
Portugal,PRT,NY.GDP.MKTP.CD,2002,134795565549.419
Portugal,PRT,NY.GDP.MKTP.CD,2003,165226175536.793
Portugal,PRT,NY.GDP.MKTP.CD,2004,189382122532.169
Portugal,PRT,NY.GDP.MKTP.CD,2005,197253876704.921
Portugal,PRT,NY.GDP.MKTP.CD,2006,208756449275.848
Portugal,PRT,NY.GDP.MKTP.CD,2007,240496147317.381
Portugal,PRT,NY.GDP.MKTP.CD,2008,263416394624.084
Portugal,PRT,NY.GDP.MKTP.CD,2009,244667762835.543
Portugal,PRT,NY.GDP.MKTP.CD,2010,238443864993.217
Portugal,PRT,NY.GDP.MKTP.CD,2011,245426767676.002
Portugal,PRT,NY.GDP.MKTP.CD,2012,216536676771.973
Portugal,PRT,NY.GDP.MKTP.CD,2013,226677408291.745
Portugal,PRT,NY.GDP.MKTP.CD,2014,230078616299.675
Portugal,PRT,NY.GDP.MKTP.CD,2015,199038523119.639
Portugal,PRT,NY.GDP.MKTP.CD,2016,206305431241.638
Portugal,PRT,NY.GDP.MKTP.CD,2017,220862990767.229
Portugal,PRT,NY.GDP.MKTP.CD,2018,242092894542.888
Portugal,PRT,NY.GDP.MKTP.CD,2019,240115970063.019
Portugal,PRT,NY.GDP.MKTP.CD,2020,229618773422.577
Portugal,PRT,NY.GDP.MKTP.CD,2021,256055879091.139
Portugal,PRT,NY.GDP.MKTP.CD,2022,256898677175.024
Portugal,PRT,NY.GDP.MKTP.CD,2023,292323800948.839
Portugal,PRT,NY.GDP.MKTP.CD,2024,313656884870.859
Portugal,PRT,NY.GDP.MKTP.CD,2025,346639825141.821
Paraguay,PRY,NY.GDP.MKTP.CD,1960,288884368.016934
Paraguay,PRY,NY.GDP.MKTP.CD,1961,322053713.15873
Paraguay,PRY,NY.GDP.MKTP.CD,1962,360698412.698413
Paraguay,PRY,NY.GDP.MKTP.CD,1963,383904761.904762
Paraguay,PRY,NY.GDP.MKTP.CD,1964,408349206.349206
Paraguay,PRY,NY.GDP.MKTP.CD,1965,443587301.587302
Paraguay,PRY,NY.GDP.MKTP.CD,1966,465888888.888889
Paraguay,PRY,NY.GDP.MKTP.CD,1967,492674603.174603
Paraguay,PRY,NY.GDP.MKTP.CD,1968,517650793.650794
Paraguay,PRY,NY.GDP.MKTP.CD,1969,556293650.793651
Paraguay,PRY,NY.GDP.MKTP.CD,1970,594611111.111111
Paraguay,PRY,NY.GDP.MKTP.CD,1971,664571428.571429
Paraguay,PRY,NY.GDP.MKTP.CD,1972,769039682.539683
Paraguay,PRY,NY.GDP.MKTP.CD,1973,995531746.031746
Paraguay,PRY,NY.GDP.MKTP.CD,1974,1333475396.8254
Paraguay,PRY,NY.GDP.MKTP.CD,1975,1511420634.92063
Paraguay,PRY,NY.GDP.MKTP.CD,1976,1698960317.46032
Paraguay,PRY,NY.GDP.MKTP.CD,1977,2092158730.15873
Paraguay,PRY,NY.GDP.MKTP.CD,1978,2559857142.85714
Paraguay,PRY,NY.GDP.MKTP.CD,1979,3416777777.77778
Paraguay,PRY,NY.GDP.MKTP.CD,1980,4448087301.5873
Paraguay,PRY,NY.GDP.MKTP.CD,1981,5624515873.01587
Paraguay,PRY,NY.GDP.MKTP.CD,1982,5419411764.70588
Paraguay,PRY,NY.GDP.MKTP.CD,1983,5673248726.16438
Paraguay,PRY,NY.GDP.MKTP.CD,1984,4502462807.13993
Paraguay,PRY,NY.GDP.MKTP.CD,1985,3282449235.76129
Paraguay,PRY,NY.GDP.MKTP.CD,1986,3723993942.79088
Paraguay,PRY,NY.GDP.MKTP.CD,1987,3971044723.8024
Paraguay,PRY,NY.GDP.MKTP.CD,1988,4255683528.33333
Paraguay,PRY,NY.GDP.MKTP.CD,1989,4757732199.96213
Paraguay,PRY,NY.GDP.MKTP.CD,1990,5812114523.01187
Paraguay,PRY,NY.GDP.MKTP.CD,1991,6984367762.90371
Paraguay,PRY,NY.GDP.MKTP.CD,1992,7157424031.06045
Paraguay,PRY,NY.GDP.MKTP.CD,1993,7249533620.30614
Paraguay,PRY,NY.GDP.MKTP.CD,1994,7870982004.8195
Paraguay,PRY,NY.GDP.MKTP.CD,1995,9062131475.02318
Paraguay,PRY,NY.GDP.MKTP.CD,1996,9788391780.52421
Paraguay,PRY,NY.GDP.MKTP.CD,1997,9965225678.05093
Paraguay,PRY,NY.GDP.MKTP.CD,1998,9260481572.42462
Paraguay,PRY,NY.GDP.MKTP.CD,1999,8837070235.51892
Paraguay,PRY,NY.GDP.MKTP.CD,2000,8855705139.55857
Paraguay,PRY,NY.GDP.MKTP.CD,2001,8495806432.18467
Paraguay,PRY,NY.GDP.MKTP.CD,2002,7196260656.84556
Paraguay,PRY,NY.GDP.MKTP.CD,2003,7691367471.17992
Paraguay,PRY,NY.GDP.MKTP.CD,2004,9624440836.29309
Paraguay,PRY,NY.GDP.MKTP.CD,2005,10737500188.1123
Paraguay,PRY,NY.GDP.MKTP.CD,2006,13429430050.261
Paraguay,PRY,NY.GDP.MKTP.CD,2007,17856393235.4338
Paraguay,PRY,NY.GDP.MKTP.CD,2008,24615267663.5456
Paraguay,PRY,NY.GDP.MKTP.CD,2009,22355151161.994
Paraguay,PRY,NY.GDP.MKTP.CD,2010,27260886405.2263
Paraguay,PRY,NY.GDP.MKTP.CD,2011,33756238766.5
Paraguay,PRY,NY.GDP.MKTP.CD,2012,33271921136.315
Paraguay,PRY,NY.GDP.MKTP.CD,2013,38501122141.4241
Paraguay,PRY,NY.GDP.MKTP.CD,2014,40377929295.6419
Paraguay,PRY,NY.GDP.MKTP.CD,2015,36211447840.0971
Paraguay,PRY,NY.GDP.MKTP.CD,2016,36089700222.9461
Paraguay,PRY,NY.GDP.MKTP.CD,2017,38997129473.5558
Paraguay,PRY,NY.GDP.MKTP.CD,2018,40225448340.6322
Paraguay,PRY,NY.GDP.MKTP.CD,2019,37925338329.1494
Paraguay,PRY,NY.GDP.MKTP.CD,2020,35432178068.1814
Paraguay,PRY,NY.GDP.MKTP.CD,2021,39937357255.8716
Paraguay,PRY,NY.GDP.MKTP.CD,2022,41841201626.7253
Paraguay,PRY,NY.GDP.MKTP.CD,2023,43140465595.6662
Paraguay,PRY,NY.GDP.MKTP.CD,2024,44738819362.3269
Paraguay,PRY,NY.GDP.MKTP.CD,2025,49278227554.3339
West Bank and Gaza,PSE,NY.GDP.MKTP.CD,1994,2843300000.0
West Bank and Gaza,PSE,NY.GDP.MKTP.CD,1995,3282800000.0
West Bank and Gaza,PSE,NY.GDP.MKTP.CD,1996,3409600000.0
West Bank and Gaza,PSE,NY.GDP.MKTP.CD,1997,3759800000.0
West Bank and Gaza,PSE,NY.GDP.MKTP.CD,1998,4067800000.0
West Bank and Gaza,PSE,NY.GDP.MKTP.CD,1999,4271200000.0
West Bank and Gaza,PSE,NY.GDP.MKTP.CD,2000,4313600000.0
West Bank and Gaza,PSE,NY.GDP.MKTP.CD,2001,4003700000.0
West Bank and Gaza,PSE,NY.GDP.MKTP.CD,2002,3555800000.0
West Bank and Gaza,PSE,NY.GDP.MKTP.CD,2003,3968000000.0
West Bank and Gaza,PSE,NY.GDP.MKTP.CD,2004,4603100000.0
West Bank and Gaza,PSE,NY.GDP.MKTP.CD,2005,5125700000.0
West Bank and Gaza,PSE,NY.GDP.MKTP.CD,2006,5348300000.0
West Bank and Gaza,PSE,NY.GDP.MKTP.CD,2007,5815700000.0
West Bank and Gaza,PSE,NY.GDP.MKTP.CD,2008,7310400000.0
West Bank and Gaza,PSE,NY.GDP.MKTP.CD,2009,8085700000.0
West Bank and Gaza,PSE,NY.GDP.MKTP.CD,2010,9681500000.0
West Bank and Gaza,PSE,NY.GDP.MKTP.CD,2011,11186100000.0
West Bank and Gaza,PSE,NY.GDP.MKTP.CD,2012,12208400000.0
West Bank and Gaza,PSE,NY.GDP.MKTP.CD,2013,13515500000.0
West Bank and Gaza,PSE,NY.GDP.MKTP.CD,2014,13989700000.0
West Bank and Gaza,PSE,NY.GDP.MKTP.CD,2015,13972400000.0
West Bank and Gaza,PSE,NY.GDP.MKTP.CD,2016,15405400000.0
West Bank and Gaza,PSE,NY.GDP.MKTP.CD,2017,16128000000.0
West Bank and Gaza,PSE,NY.GDP.MKTP.CD,2018,16276600000.0
West Bank and Gaza,PSE,NY.GDP.MKTP.CD,2019,17133500000.0
West Bank and Gaza,PSE,NY.GDP.MKTP.CD,2020,15531700000.0
West Bank and Gaza,PSE,NY.GDP.MKTP.CD,2021,18109000000.0
West Bank and Gaza,PSE,NY.GDP.MKTP.CD,2022,19165500000.0
West Bank and Gaza,PSE,NY.GDP.MKTP.CD,2023,18635100000.0
West Bank and Gaza,PSE,NY.GDP.MKTP.CD,2024,16016900000.0
West Bank and Gaza,PSE,NY.GDP.MKTP.CD,2025,17167100000.0
Pacific island small states,PSS,NY.GDP.MKTP.CD,1970,423802353.214943
Pacific island small states,PSS,NY.GDP.MKTP.CD,1971,477298982.38294
Pacific island small states,PSS,NY.GDP.MKTP.CD,1972,565885771.690898
Pacific island small states,PSS,NY.GDP.MKTP.CD,1973,757316230.701195
Pacific island small states,PSS,NY.GDP.MKTP.CD,1974,1027747649.55854
Pacific island small states,PSS,NY.GDP.MKTP.CD,1975,1136928461.97446
Pacific island small states,PSS,NY.GDP.MKTP.CD,1976,1137538860.09831
Pacific island small states,PSS,NY.GDP.MKTP.CD,1977,1196696800.8061
Pacific island small states,PSS,NY.GDP.MKTP.CD,1978,1371556833.26728
Pacific island small states,PSS,NY.GDP.MKTP.CD,1979,1652934748.58291
Pacific island small states,PSS,NY.GDP.MKTP.CD,1980,1890599862.17306
Pacific island small states,PSS,NY.GDP.MKTP.CD,1981,1955541041.41009
Pacific island small states,PSS,NY.GDP.MKTP.CD,1982,1925494376.45517
Pacific island small states,PSS,NY.GDP.MKTP.CD,1983,1843535002.96169
Pacific island small states,PSS,NY.GDP.MKTP.CD,1984,1938376709.25212
Pacific island small states,PSS,NY.GDP.MKTP.CD,1985,1862560930.08934
Pacific island small states,PSS,NY.GDP.MKTP.CD,1986,2030345446.65008
Pacific island small states,PSS,NY.GDP.MKTP.CD,1987,1986467977.58922
Pacific island small states,PSS,NY.GDP.MKTP.CD,1988,2046486236.29193
Pacific island small states,PSS,NY.GDP.MKTP.CD,1989,2132424514.70178
Pacific island small states,PSS,NY.GDP.MKTP.CD,1990,2385132399.14983
Pacific island small states,PSS,NY.GDP.MKTP.CD,1991,2529727432.96099
Pacific island small states,PSS,NY.GDP.MKTP.CD,1992,2776997611.93855
Pacific island small states,PSS,NY.GDP.MKTP.CD,1993,2916179026.94266
Pacific island small states,PSS,NY.GDP.MKTP.CD,1994,3414639447.83478
Pacific island small states,PSS,NY.GDP.MKTP.CD,1995,3704482549.69281
Pacific island small states,PSS,NY.GDP.MKTP.CD,1996,3969814416.10293
Pacific island small states,PSS,NY.GDP.MKTP.CD,1997,3979427620.50815
Pacific island small states,PSS,NY.GDP.MKTP.CD,1998,3430045707.46023
Pacific island small states,PSS,NY.GDP.MKTP.CD,1999,3741318844.91822
Pacific island small states,PSS,NY.GDP.MKTP.CD,2000,3444510932.12133
Pacific island small states,PSS,NY.GDP.MKTP.CD,2001,3387243157.37087
Pacific island small states,PSS,NY.GDP.MKTP.CD,2002,3551511786.21902
Pacific island small states,PSS,NY.GDP.MKTP.CD,2003,4235417136.34079
Pacific island small states,PSS,NY.GDP.MKTP.CD,2004,4871855213.81226
Pacific island small states,PSS,NY.GDP.MKTP.CD,2005,5404344027.47777
Pacific island small states,PSS,NY.GDP.MKTP.CD,2006,5674869059.2092
Pacific island small states,PSS,NY.GDP.MKTP.CD,2007,6250949279.73079
Pacific island small states,PSS,NY.GDP.MKTP.CD,2008,6698924092.51423
Pacific island small states,PSS,NY.GDP.MKTP.CD,2009,6033680449.649
Pacific island small states,PSS,NY.GDP.MKTP.CD,2010,6638995493.57921
Pacific island small states,PSS,NY.GDP.MKTP.CD,2011,7747875552.18314
Pacific island small states,PSS,NY.GDP.MKTP.CD,2012,8215948619.93726
Pacific island small states,PSS,NY.GDP.MKTP.CD,2013,8650287218.9751
Pacific island small states,PSS,NY.GDP.MKTP.CD,2014,9395064505.28979
Pacific island small states,PSS,NY.GDP.MKTP.CD,2015,9199527864.78686
Pacific island small states,PSS,NY.GDP.MKTP.CD,2016,9660620527.27464
Pacific island small states,PSS,NY.GDP.MKTP.CD,2017,10408975105.1516
Pacific island small states,PSS,NY.GDP.MKTP.CD,2018,10918390849.5149
Pacific island small states,PSS,NY.GDP.MKTP.CD,2019,10750020320.3809
Pacific island small states,PSS,NY.GDP.MKTP.CD,2020,9428309122.8276
Pacific island small states,PSS,NY.GDP.MKTP.CD,2021,9575143114.30798
Pacific island small states,PSS,NY.GDP.MKTP.CD,2022,10469882963.8981
Pacific island small states,PSS,NY.GDP.MKTP.CD,2023,11293798175.2794
Pacific island small states,PSS,NY.GDP.MKTP.CD,2024,12328647285.5226
Pacific island small states,PSS,NY.GDP.MKTP.CD,2025,13005809518.6945
Post-demographic dividend,PST,NY.GDP.MKTP.CD,1960,1037959409544.85
Post-demographic dividend,PST,NY.GDP.MKTP.CD,1961,1105869159912.67
Post-demographic dividend,PST,NY.GDP.MKTP.CD,1962,1196413040988.99
Post-demographic dividend,PST,NY.GDP.MKTP.CD,1963,1287337283978.73
Post-demographic dividend,PST,NY.GDP.MKTP.CD,1964,1406601628400.39
Post-demographic dividend,PST,NY.GDP.MKTP.CD,1965,1529637324850.25
Post-demographic dividend,PST,NY.GDP.MKTP.CD,1966,1673645680720.21
Post-demographic dividend,PST,NY.GDP.MKTP.CD,1967,1788839892010.5
Post-demographic dividend,PST,NY.GDP.MKTP.CD,1968,1940376264531.03
Post-demographic dividend,PST,NY.GDP.MKTP.CD,1969,2137878560891.3
Post-demographic dividend,PST,NY.GDP.MKTP.CD,1970,2345872993207.51
Post-demographic dividend,PST,NY.GDP.MKTP.CD,1971,2604193032670.94
Post-demographic dividend,PST,NY.GDP.MKTP.CD,1972,3024550254615.12
Post-demographic dividend,PST,NY.GDP.MKTP.CD,1973,3659008643960.66
Post-demographic dividend,PST,NY.GDP.MKTP.CD,1974,4087941653804.52
Post-demographic dividend,PST,NY.GDP.MKTP.CD,1975,4581012268316.78
Post-demographic dividend,PST,NY.GDP.MKTP.CD,1976,4969987460435.58
Post-demographic dividend,PST,NY.GDP.MKTP.CD,1977,5617533350348.88
Post-demographic dividend,PST,NY.GDP.MKTP.CD,1978,6770431388324.11
Post-demographic dividend,PST,NY.GDP.MKTP.CD,1979,7777153895816.37
Post-demographic dividend,PST,NY.GDP.MKTP.CD,1980,8604552678229.45
Post-demographic dividend,PST,NY.GDP.MKTP.CD,1981,8706310416643.52
Post-demographic dividend,PST,NY.GDP.MKTP.CD,1982,8665328122024.88
Post-demographic dividend,PST,NY.GDP.MKTP.CD,1983,8994080352440.54
Post-demographic dividend,PST,NY.GDP.MKTP.CD,1984,9397210164113.05
Post-demographic dividend,PST,NY.GDP.MKTP.CD,1985,9894529348405.42
Post-demographic dividend,PST,NY.GDP.MKTP.CD,1986,12104236444328.3
Post-demographic dividend,PST,NY.GDP.MKTP.CD,1987,14036962887095.9
Post-demographic dividend,PST,NY.GDP.MKTP.CD,1988,15818191302834.7
Post-demographic dividend,PST,NY.GDP.MKTP.CD,1989,16514949656851.6
Post-demographic dividend,PST,NY.GDP.MKTP.CD,1990,18523011752433.9
Post-demographic dividend,PST,NY.GDP.MKTP.CD,1991,19543831632332.8
Post-demographic dividend,PST,NY.GDP.MKTP.CD,1992,20970587190583.7
Post-demographic dividend,PST,NY.GDP.MKTP.CD,1993,21134194430801.3
Post-demographic dividend,PST,NY.GDP.MKTP.CD,1994,22640945743653.1
Post-demographic dividend,PST,NY.GDP.MKTP.CD,1995,25102168130845.7
Post-demographic dividend,PST,NY.GDP.MKTP.CD,1996,25225933434935.2
Post-demographic dividend,PST,NY.GDP.MKTP.CD,1997,24722077238172.0
Post-demographic dividend,PST,NY.GDP.MKTP.CD,1998,24783774164438.5
Post-demographic dividend,PST,NY.GDP.MKTP.CD,1999,26035692714139.7
Post-demographic dividend,PST,NY.GDP.MKTP.CD,2000,26514807286901.0
Post-demographic dividend,PST,NY.GDP.MKTP.CD,2001,26251047428649.0
Post-demographic dividend,PST,NY.GDP.MKTP.CD,2002,27380537491974.1
Post-demographic dividend,PST,NY.GDP.MKTP.CD,2003,30686884653568.0
Post-demographic dividend,PST,NY.GDP.MKTP.CD,2004,34093567886599.5
Post-demographic dividend,PST,NY.GDP.MKTP.CD,2005,35883964025378.4
Post-demographic dividend,PST,NY.GDP.MKTP.CD,2006,37770129321606.9
Post-demographic dividend,PST,NY.GDP.MKTP.CD,2007,41227786934667.2
Post-demographic dividend,PST,NY.GDP.MKTP.CD,2008,43675050278961.9
Post-demographic dividend,PST,NY.GDP.MKTP.CD,2009,41130483724941.1
Post-demographic dividend,PST,NY.GDP.MKTP.CD,2010,42907615946030.4
Post-demographic dividend,PST,NY.GDP.MKTP.CD,2011,46093024710194.0
Post-demographic dividend,PST,NY.GDP.MKTP.CD,2012,46027371705948.9
Post-demographic dividend,PST,NY.GDP.MKTP.CD,2013,46537786135637.6
Post-demographic dividend,PST,NY.GDP.MKTP.CD,2014,47527207893966.3
Post-demographic dividend,PST,NY.GDP.MKTP.CD,2015,44970537111944.2
Post-demographic dividend,PST,NY.GDP.MKTP.CD,2016,46016102013930.7
Post-demographic dividend,PST,NY.GDP.MKTP.CD,2017,48003116664049.3
Post-demographic dividend,PST,NY.GDP.MKTP.CD,2018,50874931441807.4
Post-demographic dividend,PST,NY.GDP.MKTP.CD,2019,51425400491830.9
Post-demographic dividend,PST,NY.GDP.MKTP.CD,2020,50460094948336.7
Post-demographic dividend,PST,NY.GDP.MKTP.CD,2021,56312999693620.9
Post-demographic dividend,PST,NY.GDP.MKTP.CD,2022,57655583144884.1
Post-demographic dividend,PST,NY.GDP.MKTP.CD,2023,61116976921687.7
Post-demographic dividend,PST,NY.GDP.MKTP.CD,2024,63619224251453.8
Post-demographic dividend,PST,NY.GDP.MKTP.CD,2025,67379697065259.9
French Polynesia,PYF,NY.GDP.MKTP.CD,1965,176534588.403052
French Polynesia,PYF,NY.GDP.MKTP.CD,1966,215659453.550939
French Polynesia,PYF,NY.GDP.MKTP.CD,1967,220984367.626581
French Polynesia,PYF,NY.GDP.MKTP.CD,1968,259590074.527934
French Polynesia,PYF,NY.GDP.MKTP.CD,1969,242943783.142736
French Polynesia,PYF,NY.GDP.MKTP.CD,1970,254036000.752587
French Polynesia,PYF,NY.GDP.MKTP.CD,1971,296865513.746817
French Polynesia,PYF,NY.GDP.MKTP.CD,1972,326433558.076079
French Polynesia,PYF,NY.GDP.MKTP.CD,1973,431252938.061046
French Polynesia,PYF,NY.GDP.MKTP.CD,1974,555340842.860311
French Polynesia,PYF,NY.GDP.MKTP.CD,1975,690323388.529907
French Polynesia,PYF,NY.GDP.MKTP.CD,1976,732288906.273954
French Polynesia,PYF,NY.GDP.MKTP.CD,1977,793196378.708826
French Polynesia,PYF,NY.GDP.MKTP.CD,1978,1005569835.39664
French Polynesia,PYF,NY.GDP.MKTP.CD,1979,1215032463.67336
French Polynesia,PYF,NY.GDP.MKTP.CD,1980,1320416024.95218
French Polynesia,PYF,NY.GDP.MKTP.CD,1981,1234743073.00034
French Polynesia,PYF,NY.GDP.MKTP.CD,1982,1235897957.88874
French Polynesia,PYF,NY.GDP.MKTP.CD,1983,1284180701.00787
French Polynesia,PYF,NY.GDP.MKTP.CD,1984,1325515445.08362
French Polynesia,PYF,NY.GDP.MKTP.CD,1985,1448281228.15738
French Polynesia,PYF,NY.GDP.MKTP.CD,1986,2212028299.56001
French Polynesia,PYF,NY.GDP.MKTP.CD,1987,2677977163.2095
French Polynesia,PYF,NY.GDP.MKTP.CD,1988,2723496362.0482
French Polynesia,PYF,NY.GDP.MKTP.CD,1989,2731683484.45369
French Polynesia,PYF,NY.GDP.MKTP.CD,1990,3320159522.36546
French Polynesia,PYF,NY.GDP.MKTP.CD,1991,3410078967.89823
French Polynesia,PYF,NY.GDP.MKTP.CD,1992,3713785765.42205
French Polynesia,PYF,NY.GDP.MKTP.CD,1993,3544608548.41734
French Polynesia,PYF,NY.GDP.MKTP.CD,1994,3676123788.0323
French Polynesia,PYF,NY.GDP.MKTP.CD,1995,4186994249.08861
French Polynesia,PYF,NY.GDP.MKTP.CD,1996,4166072829.60099
French Polynesia,PYF,NY.GDP.MKTP.CD,1997,3762859093.26192
French Polynesia,PYF,NY.GDP.MKTP.CD,1998,3903186592.82431
French Polynesia,PYF,NY.GDP.MKTP.CD,1999,3911602004.14205
French Polynesia,PYF,NY.GDP.MKTP.CD,2000,3599845480.34359
French Polynesia,PYF,NY.GDP.MKTP.CD,2001,3573808556.31268
French Polynesia,PYF,NY.GDP.MKTP.CD,2002,3965405552.5203
French Polynesia,PYF,NY.GDP.MKTP.CD,2003,4927780606.7707
French Polynesia,PYF,NY.GDP.MKTP.CD,2004,5564109981.9138
French Polynesia,PYF,NY.GDP.MKTP.CD,2005,5705052134.54253
French Polynesia,PYF,NY.GDP.MKTP.CD,2006,5877997979.62266
French Polynesia,PYF,NY.GDP.MKTP.CD,2007,6631156405.59637
French Polynesia,PYF,NY.GDP.MKTP.CD,2008,7136741421.95908
French Polynesia,PYF,NY.GDP.MKTP.CD,2009,6584557973.9375
French Polynesia,PYF,NY.GDP.MKTP.CD,2010,6086644798.55982
French Polynesia,PYF,NY.GDP.MKTP.CD,2011,6203940036.91982
French Polynesia,PYF,NY.GDP.MKTP.CD,2012,5692858099.00217
French Polynesia,PYF,NY.GDP.MKTP.CD,2013,6031827122.60663
French Polynesia,PYF,NY.GDP.MKTP.CD,2014,6151996560.84289
French Polynesia,PYF,NY.GDP.MKTP.CD,2015,5325846361.81186
French Polynesia,PYF,NY.GDP.MKTP.CD,2016,5497036476.8031
French Polynesia,PYF,NY.GDP.MKTP.CD,2017,5833352692.7995
French Polynesia,PYF,NY.GDP.MKTP.CD,2018,6135116253.33452
French Polynesia,PYF,NY.GDP.MKTP.CD,2019,6022276196.13871
French Polynesia,PYF,NY.GDP.MKTP.CD,2020,5574821989.38239
French Polynesia,PYF,NY.GDP.MKTP.CD,2021,5994931236.42282
French Polynesia,PYF,NY.GDP.MKTP.CD,2022,5622688338.06317
French Polynesia,PYF,NY.GDP.MKTP.CD,2023,6137447782.87066
French Polynesia,PYF,NY.GDP.MKTP.CD,2024,6323716355.05009
Qatar,QAT,NY.GDP.MKTP.CD,1970,301791301.791302
Qatar,QAT,NY.GDP.MKTP.CD,1971,387703105.521252
Qatar,QAT,NY.GDP.MKTP.CD,1972,510262500.1767
Qatar,QAT,NY.GDP.MKTP.CD,1973,793885559.971313
Qatar,QAT,NY.GDP.MKTP.CD,1974,2401403227.44085
Qatar,QAT,NY.GDP.MKTP.CD,1975,2512773165.81173
Qatar,QAT,NY.GDP.MKTP.CD,1976,3284273986.71808
Qatar,QAT,NY.GDP.MKTP.CD,1977,3617564637.88865
Qatar,QAT,NY.GDP.MKTP.CD,1978,4052000412.70087
Qatar,QAT,NY.GDP.MKTP.CD,1979,5632962996.82641
Qatar,QAT,NY.GDP.MKTP.CD,1980,7837915956.03679
Qatar,QAT,NY.GDP.MKTP.CD,1981,8672527472.52747
Qatar,QAT,NY.GDP.MKTP.CD,1982,7611263736.26374
Qatar,QAT,NY.GDP.MKTP.CD,1983,6484890109.89011
Qatar,QAT,NY.GDP.MKTP.CD,1984,6870329670.32967
Qatar,QAT,NY.GDP.MKTP.CD,1985,6153296703.2967
Qatar,QAT,NY.GDP.MKTP.CD,1986,5053021978.02198
Qatar,QAT,NY.GDP.MKTP.CD,1987,5446428571.42857
Qatar,QAT,NY.GDP.MKTP.CD,1988,6038186813.18681
Qatar,QAT,NY.GDP.MKTP.CD,1989,6487912087.91209
Qatar,QAT,NY.GDP.MKTP.CD,1990,7360439560.43956
Qatar,QAT,NY.GDP.MKTP.CD,1991,6883516483.51648
Qatar,QAT,NY.GDP.MKTP.CD,1992,7646153846.15385
Qatar,QAT,NY.GDP.MKTP.CD,1993,7156593406.59341
Qatar,QAT,NY.GDP.MKTP.CD,1994,7374450549.45055
Qatar,QAT,NY.GDP.MKTP.CD,1995,8137912087.91209
Qatar,QAT,NY.GDP.MKTP.CD,1996,9059340659.34066
Qatar,QAT,NY.GDP.MKTP.CD,1997,11297802197.8022
Qatar,QAT,NY.GDP.MKTP.CD,1998,10255494505.4945
Qatar,QAT,NY.GDP.MKTP.CD,1999,12393131868.1319
Qatar,QAT,NY.GDP.MKTP.CD,2000,17759890109.8901
Qatar,QAT,NY.GDP.MKTP.CD,2001,17538461538.4615
Qatar,QAT,NY.GDP.MKTP.CD,2002,19363736263.7363
Qatar,QAT,NY.GDP.MKTP.CD,2003,23533791208.7912
Qatar,QAT,NY.GDP.MKTP.CD,2004,31734065934.0659
Qatar,QAT,NY.GDP.MKTP.CD,2005,44530494505.4945
Qatar,QAT,NY.GDP.MKTP.CD,2006,60882142857.1429
Qatar,QAT,NY.GDP.MKTP.CD,2007,79711813186.8132
Qatar,QAT,NY.GDP.MKTP.CD,2008,115269780219.78
Qatar,QAT,NY.GDP.MKTP.CD,2009,97798351648.3516
Qatar,QAT,NY.GDP.MKTP.CD,2010,125122252747.253
Qatar,QAT,NY.GDP.MKTP.CD,2011,167775274725.275
Qatar,QAT,NY.GDP.MKTP.CD,2012,186833502362.637
Qatar,QAT,NY.GDP.MKTP.CD,2013,198727642967.033
Qatar,QAT,NY.GDP.MKTP.CD,2014,206224598571.429
Qatar,QAT,NY.GDP.MKTP.CD,2015,161739955576.923
Qatar,QAT,NY.GDP.MKTP.CD,2016,151732181868.132
Qatar,QAT,NY.GDP.MKTP.CD,2017,161099122225.275
Qatar,QAT,NY.GDP.MKTP.CD,2018,183334953818.681
Qatar,QAT,NY.GDP.MKTP.CD,2019,176371267692.308
Qatar,QAT,NY.GDP.MKTP.CD,2020,144411363351.648
Qatar,QAT,NY.GDP.MKTP.CD,2021,179732009560.44
Qatar,QAT,NY.GDP.MKTP.CD,2022,235709325714.286
Qatar,QAT,NY.GDP.MKTP.CD,2023,213002809340.659
Qatar,QAT,NY.GDP.MKTP.CD,2024,216294505494.505
Qatar,QAT,NY.GDP.MKTP.CD,2025,215559615384.615
Romania,ROU,NY.GDP.MKTP.CD,1987,38067567567.5676
Romania,ROU,NY.GDP.MKTP.CD,1988,40424528301.8868
Romania,ROU,NY.GDP.MKTP.CD,1989,41450777202.0725
Romania,ROU,NY.GDP.MKTP.CD,1990,38247882300.4904
Romania,ROU,NY.GDP.MKTP.CD,1991,28850634899.856
Romania,ROU,NY.GDP.MKTP.CD,1992,25121666666.6667
Romania,ROU,NY.GDP.MKTP.CD,1993,26361160449.9704
Romania,ROU,NY.GDP.MKTP.CD,1994,30072805104.2542
Romania,ROU,NY.GDP.MKTP.CD,1995,37430162102.6125
Romania,ROU,NY.GDP.MKTP.CD,1996,36937074278.3004
Romania,ROU,NY.GDP.MKTP.CD,1997,35575214078.2428
Romania,ROU,NY.GDP.MKTP.CD,1998,41696091973.7076
Romania,ROU,NY.GDP.MKTP.CD,1999,35953156753.739
Romania,ROU,NY.GDP.MKTP.CD,2000,37253739511.1273
Romania,ROU,NY.GDP.MKTP.CD,2001,40395116581.4832
Romania,ROU,NY.GDP.MKTP.CD,2002,46065502702.5817
Romania,ROU,NY.GDP.MKTP.CD,2003,57806384143.166
Romania,ROU,NY.GDP.MKTP.CD,2004,74973656851.8076
Romania,ROU,NY.GDP.MKTP.CD,2005,98454380120.0761
Romania,ROU,NY.GDP.MKTP.CD,2006,122023735992.706
Romania,ROU,NY.GDP.MKTP.CD,2007,174588782938.583
Romania,ROU,NY.GDP.MKTP.CD,2008,214315932061.275
Romania,ROU,NY.GDP.MKTP.CD,2009,174110532658.867
Romania,ROU,NY.GDP.MKTP.CD,2010,170064350671.827
Romania,ROU,NY.GDP.MKTP.CD,2011,192623977894.173
Romania,ROU,NY.GDP.MKTP.CD,2012,179117323107.087
Romania,ROU,NY.GDP.MKTP.CD,2013,189798603751.235
Romania,ROU,NY.GDP.MKTP.CD,2014,199722319675.741
Romania,ROU,NY.GDP.MKTP.CD,2015,177885131240.315
Romania,ROU,NY.GDP.MKTP.CD,2016,185290759248.844
Romania,ROU,NY.GDP.MKTP.CD,2017,210147385855.419
Romania,ROU,NY.GDP.MKTP.CD,2018,241791427223.903
Romania,ROU,NY.GDP.MKTP.CD,2019,250080428511.595
Romania,ROU,NY.GDP.MKTP.CD,2020,250624575871.819
Romania,ROU,NY.GDP.MKTP.CD,2021,285072444957.216
Romania,ROU,NY.GDP.MKTP.CD,2022,295317862855.924
Romania,ROU,NY.GDP.MKTP.CD,2023,347757995758.914
Romania,ROU,NY.GDP.MKTP.CD,2024,382564217988.866
Romania,ROU,NY.GDP.MKTP.CD,2025,428677977854.826
Russian Federation,RUS,NY.GDP.MKTP.CD,1988,554828660436.137
Russian Federation,RUS,NY.GDP.MKTP.CD,1989,506631299734.748
Russian Federation,RUS,NY.GDP.MKTP.CD,1990,517014446227.929
Russian Federation,RUS,NY.GDP.MKTP.CD,1991,517962962962.963
Russian Federation,RUS,NY.GDP.MKTP.CD,1992,460290556900.726
Russian Federation,RUS,NY.GDP.MKTP.CD,1993,435083713850.837
Russian Federation,RUS,NY.GDP.MKTP.CD,1994,395077301248.464
Russian Federation,RUS,NY.GDP.MKTP.CD,1995,395537185734.854
Russian Federation,RUS,NY.GDP.MKTP.CD,1996,391724890744.498
Russian Federation,RUS,NY.GDP.MKTP.CD,1997,404928954191.876
Russian Federation,RUS,NY.GDP.MKTP.CD,1998,270955486862.442
Russian Federation,RUS,NY.GDP.MKTP.CD,1999,195907128350.934
Russian Federation,RUS,NY.GDP.MKTP.CD,2000,259710142196.943
Russian Federation,RUS,NY.GDP.MKTP.CD,2001,306602070620.5
Russian Federation,RUS,NY.GDP.MKTP.CD,2002,345470494417.863
Russian Federation,RUS,NY.GDP.MKTP.CD,2003,430347420184.885
Russian Federation,RUS,NY.GDP.MKTP.CD,2004,591016690732.385
Russian Federation,RUS,NY.GDP.MKTP.CD,2005,764015973481.11
Russian Federation,RUS,NY.GDP.MKTP.CD,2006,989932071352.543
Russian Federation,RUS,NY.GDP.MKTP.CD,2007,1299703478481.65
Russian Federation,RUS,NY.GDP.MKTP.CD,2008,1660848058303.11
Russian Federation,RUS,NY.GDP.MKTP.CD,2009,1222645900055.7
Russian Federation,RUS,NY.GDP.MKTP.CD,2010,1524916715223.95
Russian Federation,RUS,NY.GDP.MKTP.CD,2011,2045922753398.04
Russian Federation,RUS,NY.GDP.MKTP.CD,2012,2208293553878.42
Russian Federation,RUS,NY.GDP.MKTP.CD,2013,2292470078346.22
Russian Federation,RUS,NY.GDP.MKTP.CD,2014,2059241589895.01
Russian Federation,RUS,NY.GDP.MKTP.CD,2015,1363482182197.71
Russian Federation,RUS,NY.GDP.MKTP.CD,2016,1276786350881.14
Russian Federation,RUS,NY.GDP.MKTP.CD,2017,1574199360089.0
Russian Federation,RUS,NY.GDP.MKTP.CD,2018,1657328773461.31
Russian Federation,RUS,NY.GDP.MKTP.CD,2019,1693115002708.32
Russian Federation,RUS,NY.GDP.MKTP.CD,2020,1493075894362.14
Russian Federation,RUS,NY.GDP.MKTP.CD,2021,1829186719575.1
Russian Federation,RUS,NY.GDP.MKTP.CD,2022,2292495097681.47
Russian Federation,RUS,NY.GDP.MKTP.CD,2023,2046284838151.09
Russian Federation,RUS,NY.GDP.MKTP.CD,2024,2186462268813.08
Russian Federation,RUS,NY.GDP.MKTP.CD,2025,2561310169358.74
Rwanda,RWA,NY.GDP.MKTP.CD,1960,119000024.001543
Rwanda,RWA,NY.GDP.MKTP.CD,1961,122000016.001582
Rwanda,RWA,NY.GDP.MKTP.CD,1962,125000008.001621
Rwanda,RWA,NY.GDP.MKTP.CD,1963,128000000.001659
Rwanda,RWA,NY.GDP.MKTP.CD,1964,129999994.001685
Rwanda,RWA,NY.GDP.MKTP.CD,1965,148799980.001929
Rwanda,RWA,NY.GDP.MKTP.CD,1966,124525702.858758
Rwanda,RWA,NY.GDP.MKTP.CD,1967,159560018.002069
Rwanda,RWA,NY.GDP.MKTP.CD,1968,172200018.002233
Rwanda,RWA,NY.GDP.MKTP.CD,1969,188700037.002446
Rwanda,RWA,NY.GDP.MKTP.CD,1970,219900006.002851
Rwanda,RWA,NY.GDP.MKTP.CD,1971,222952504.408961
Rwanda,RWA,NY.GDP.MKTP.CD,1972,246457838.339876
Rwanda,RWA,NY.GDP.MKTP.CD,1973,290746157.14969
Rwanda,RWA,NY.GDP.MKTP.CD,1974,308458423.187853
Rwanda,RWA,NY.GDP.MKTP.CD,1975,571863500.256072
Rwanda,RWA,NY.GDP.MKTP.CD,1976,637753853.133788
Rwanda,RWA,NY.GDP.MKTP.CD,1977,746650613.044475
Rwanda,RWA,NY.GDP.MKTP.CD,1978,905709076.434772
Rwanda,RWA,NY.GDP.MKTP.CD,1979,1109346130.96703
Rwanda,RWA,NY.GDP.MKTP.CD,1980,1254765641.53743
Rwanda,RWA,NY.GDP.MKTP.CD,1981,1407062526.93345
Rwanda,RWA,NY.GDP.MKTP.CD,1982,1407243139.27274
Rwanda,RWA,NY.GDP.MKTP.CD,1983,1479687586.9621
Rwanda,RWA,NY.GDP.MKTP.CD,1984,1587413083.94118
Rwanda,RWA,NY.GDP.MKTP.CD,1985,1715626330.61697
Rwanda,RWA,NY.GDP.MKTP.CD,1986,1944710683.89669
Rwanda,RWA,NY.GDP.MKTP.CD,1987,2157432667.64396
Rwanda,RWA,NY.GDP.MKTP.CD,1988,2395492686.81271
Rwanda,RWA,NY.GDP.MKTP.CD,1989,2405022593.08283
Rwanda,RWA,NY.GDP.MKTP.CD,1990,2550185679.11415
Rwanda,RWA,NY.GDP.MKTP.CD,1991,1911600236.67461
Rwanda,RWA,NY.GDP.MKTP.CD,1992,2029026961.55894
Rwanda,RWA,NY.GDP.MKTP.CD,1993,1971525711.83511
Rwanda,RWA,NY.GDP.MKTP.CD,1994,753636370.454545
Rwanda,RWA,NY.GDP.MKTP.CD,1995,1293535193.49248
Rwanda,RWA,NY.GDP.MKTP.CD,1996,1382334879.40812
Rwanda,RWA,NY.GDP.MKTP.CD,1997,1851558197.31088
Rwanda,RWA,NY.GDP.MKTP.CD,1998,1989343546.17594
Rwanda,RWA,NY.GDP.MKTP.CD,1999,2157108262.84452
Rwanda,RWA,NY.GDP.MKTP.CD,2000,2068836754.37431
Rwanda,RWA,NY.GDP.MKTP.CD,2001,1966600715.49841
Rwanda,RWA,NY.GDP.MKTP.CD,2002,1966003468.49117
Rwanda,RWA,NY.GDP.MKTP.CD,2003,2138237278.73822
Rwanda,RWA,NY.GDP.MKTP.CD,2004,2376496067.01198
Rwanda,RWA,NY.GDP.MKTP.CD,2005,2933819766.17656
Rwanda,RWA,NY.GDP.MKTP.CD,2006,3274207945.36553
Rwanda,RWA,NY.GDP.MKTP.CD,2007,4017977506.55904
Rwanda,RWA,NY.GDP.MKTP.CD,2008,5120655375.24365
Rwanda,RWA,NY.GDP.MKTP.CD,2009,5603399014.71331
Rwanda,RWA,NY.GDP.MKTP.CD,2010,6052276077.6354
Rwanda,RWA,NY.GDP.MKTP.CD,2011,6802676033.65947
Rwanda,RWA,NY.GDP.MKTP.CD,2012,7556673275.95438
Rwanda,RWA,NY.GDP.MKTP.CD,2013,7714276919.73722
Rwanda,RWA,NY.GDP.MKTP.CD,2014,8129984483.78727
Rwanda,RWA,NY.GDP.MKTP.CD,2015,8447064078.84373
Rwanda,RWA,NY.GDP.MKTP.CD,2016,8596812240.52305
Rwanda,RWA,NY.GDP.MKTP.CD,2017,9164345443.2575
Rwanda,RWA,NY.GDP.MKTP.CD,2018,9650161136.17648
Rwanda,RWA,NY.GDP.MKTP.CD,2019,10519272170.3346
Rwanda,RWA,NY.GDP.MKTP.CD,2020,10487146253.4025
Rwanda,RWA,NY.GDP.MKTP.CD,2021,11252894909.5043
Rwanda,RWA,NY.GDP.MKTP.CD,2022,13747404814.2677
Rwanda,RWA,NY.GDP.MKTP.CD,2023,14806501437.282
Rwanda,RWA,NY.GDP.MKTP.CD,2024,15111064181.9687
Rwanda,RWA,NY.GDP.MKTP.CD,2025,16372132990.2271
South Asia,SAS,NY.GDP.MKTP.CD,1960,43270012739.1649
South Asia,SAS,NY.GDP.MKTP.CD,1961,46076379864.3708
South Asia,SAS,NY.GDP.MKTP.CD,1962,49304727903.0606
South Asia,SAS,NY.GDP.MKTP.CD,1963,55539363101.615
South Asia,SAS,NY.GDP.MKTP.CD,1964,63741466508.7531
South Asia,SAS,NY.GDP.MKTP.CD,1965,67970199332.8318
South Asia,SAS,NY.GDP.MKTP.CD,1966,54738691616.6907
South Asia,SAS,NY.GDP.MKTP.CD,1967,60155334542.3489
South Asia,SAS,NY.GDP.MKTP.CD,1968,63211416560.9717
South Asia,SAS,NY.GDP.MKTP.CD,1969,69748993757.947
South Asia,SAS,NY.GDP.MKTP.CD,1970,74658791269.593
South Asia,SAS,NY.GDP.MKTP.CD,1971,79443177465.6173
South Asia,SAS,NY.GDP.MKTP.CD,1972,81426298286.7553
South Asia,SAS,NY.GDP.MKTP.CD,1973,97561887957.8079
South Asia,SAS,NY.GDP.MKTP.CD,1974,116963620422.229
South Asia,SAS,NY.GDP.MKTP.CD,1975,123400629130.854
South Asia,SAS,NY.GDP.MKTP.CD,1976,117988534885.073
South Asia,SAS,NY.GDP.MKTP.CD,1977,136743438548.561
South Asia,SAS,NY.GDP.MKTP.CD,1978,155039888662.564
South Asia,SAS,NY.GDP.MKTP.CD,1979,173920685619.916
South Asia,SAS,NY.GDP.MKTP.CD,1980,210608299657.661
South Asia,SAS,NY.GDP.MKTP.CD,1981,220616445555.575
South Asia,SAS,NY.GDP.MKTP.CD,1982,226594563448.698
South Asia,SAS,NY.GDP.MKTP.CD,1983,243700817417.399
South Asia,SAS,NY.GDP.MKTP.CD,1984,239973094448.251
South Asia,SAS,NY.GDP.MKTP.CD,1985,263678832418.149
South Asia,SAS,NY.GDP.MKTP.CD,1986,280349120351.567
South Asia,SAS,NY.GDP.MKTP.CD,1987,313355004645.126
South Asia,SAS,NY.GDP.MKTP.CD,1988,334074870363.848
South Asia,SAS,NY.GDP.MKTP.CD,1989,335790574664.33
South Asia,SAS,NY.GDP.MKTP.CD,1990,364740287587.943
South Asia,SAS,NY.GDP.MKTP.CD,1991,314469355543.217
South Asia,SAS,NY.GDP.MKTP.CD,1992,333546277429.535
South Asia,SAS,NY.GDP.MKTP.CD,1993,327009281232.946
South Asia,SAS,NY.GDP.MKTP.CD,1994,377442853701.433
South Asia,SAS,NY.GDP.MKTP.CD,1995,416341940329.578
South Asia,SAS,NY.GDP.MKTP.CD,1996,458508459742.388
South Asia,SAS,NY.GDP.MKTP.CD,1997,484982931205.649
South Asia,SAS,NY.GDP.MKTP.CD,1998,492856423475.407
South Asia,SAS,NY.GDP.MKTP.CD,1999,531825749349.825
South Asia,SAS,NY.GDP.MKTP.CD,2000,544940514563.357
South Asia,SAS,NY.GDP.MKTP.CD,2001,562554379798.02
South Asia,SAS,NY.GDP.MKTP.CD,2002,593707009776.721
South Asia,SAS,NY.GDP.MKTP.CD,2003,694775911444.331
South Asia,SAS,NY.GDP.MKTP.CD,2004,804159915389.764
South Asia,SAS,NY.GDP.MKTP.CD,2005,924419567611.272
South Asia,SAS,NY.GDP.MKTP.CD,2006,1051884831127.45
South Asia,SAS,NY.GDP.MKTP.CD,2007,1342148092012.26
South Asia,SAS,NY.GDP.MKTP.CD,2008,1347380565219.4
South Asia,SAS,NY.GDP.MKTP.CD,2009,1502961023415.75
South Asia,SAS,NY.GDP.MKTP.CD,2010,1869826822336.76
South Asia,SAS,NY.GDP.MKTP.CD,2011,2045738549406.63
South Asia,SAS,NY.GDP.MKTP.CD,2012,2057958207007.53
South Asia,SAS,NY.GDP.MKTP.CD,2013,2111097580244.47
South Asia,SAS,NY.GDP.MKTP.CD,2014,2323062261802.12
South Asia,SAS,NY.GDP.MKTP.CD,2015,2414503392327.99
South Asia,SAS,NY.GDP.MKTP.CD,2016,2679313169084.49
South Asia,SAS,NY.GDP.MKTP.CD,2017,3075955433025.62
South Asia,SAS,NY.GDP.MKTP.CD,2018,3159841615195.03
South Asia,SAS,NY.GDP.MKTP.CD,2019,3318484576408.75
South Asia,SAS,NY.GDP.MKTP.CD,2020,3172770463540.28
South Asia,SAS,NY.GDP.MKTP.CD,2021,3717045071947.61
South Asia,SAS,NY.GDP.MKTP.CD,2022,3834471492016.05
South Asia,SAS,NY.GDP.MKTP.CD,2023,4073084906363.46
South Asia,SAS,NY.GDP.MKTP.CD,2024,4364256137661.4
South Asia,SAS,NY.GDP.MKTP.CD,2025,4578021773987.28
Saudi Arabia,SAU,NY.GDP.MKTP.CD,1960,1748124063.55556
Saudi Arabia,SAU,NY.GDP.MKTP.CD,1961,1920811284.22222
Saudi Arabia,SAU,NY.GDP.MKTP.CD,1962,2130606531.77778
Saudi Arabia,SAU,NY.GDP.MKTP.CD,1963,2207393171.55556
Saudi Arabia,SAU,NY.GDP.MKTP.CD,1964,2371808712.88889
Saudi Arabia,SAU,NY.GDP.MKTP.CD,1965,2647955557.55556
Saudi Arabia,SAU,NY.GDP.MKTP.CD,1966,2920555557.11111
Saudi Arabia,SAU,NY.GDP.MKTP.CD,1967,3257022222.66667
Saudi Arabia,SAU,NY.GDP.MKTP.CD,1968,4187777711.11111
Saudi Arabia,SAU,NY.GDP.MKTP.CD,1969,4485777644.44444
Saudi Arabia,SAU,NY.GDP.MKTP.CD,1970,5377333333.33333
Saudi Arabia,SAU,NY.GDP.MKTP.CD,1971,7184806909.28939
Saudi Arabia,SAU,NY.GDP.MKTP.CD,1972,9664267086.60323
Saudi Arabia,SAU,NY.GDP.MKTP.CD,1973,14947435499.323
Saudi Arabia,SAU,NY.GDP.MKTP.CD,1974,45412957746.4789
Saudi Arabia,SAU,NY.GDP.MKTP.CD,1975,46773208642.6814
Saudi Arabia,SAU,NY.GDP.MKTP.CD,1976,64005665722.3796
Saudi Arabia,SAU,NY.GDP.MKTP.CD,1977,74188986586.0629
Saudi Arabia,SAU,NY.GDP.MKTP.CD,1978,80266516686.5614
Saudi Arabia,SAU,NY.GDP.MKTP.CD,1979,111858444786.224
Saudi Arabia,SAU,NY.GDP.MKTP.CD,1980,164539660725.118
Saudi Arabia,SAU,NY.GDP.MKTP.CD,1981,184291360138.69
Saudi Arabia,SAU,NY.GDP.MKTP.CD,1982,153240313858.323
Saudi Arabia,SAU,NY.GDP.MKTP.CD,1983,129171635311.143
Saudi Arabia,SAU,NY.GDP.MKTP.CD,1984,119624858115.778
Saudi Arabia,SAU,NY.GDP.MKTP.CD,1985,103897846493.65
Saudi Arabia,SAU,NY.GDP.MKTP.CD,1986,86961922765.3254
Saudi Arabia,SAU,NY.GDP.MKTP.CD,1987,85695861148.1976
Saudi Arabia,SAU,NY.GDP.MKTP.CD,1988,88256074766.3551
Saudi Arabia,SAU,NY.GDP.MKTP.CD,1989,95344459279.0387
Saudi Arabia,SAU,NY.GDP.MKTP.CD,1990,117630173564.753
Saudi Arabia,SAU,NY.GDP.MKTP.CD,1991,132223230974.633
Saudi Arabia,SAU,NY.GDP.MKTP.CD,1992,137087850467.29
Saudi Arabia,SAU,NY.GDP.MKTP.CD,1993,132967957276.368
Saudi Arabia,SAU,NY.GDP.MKTP.CD,1994,135174899866.489
Saudi Arabia,SAU,NY.GDP.MKTP.CD,1995,143343124165.554
Saudi Arabia,SAU,NY.GDP.MKTP.CD,1996,158662483311.081
Saudi Arabia,SAU,NY.GDP.MKTP.CD,1997,165963684913.218
Saudi Arabia,SAU,NY.GDP.MKTP.CD,1998,146775466666.667
Saudi Arabia,SAU,NY.GDP.MKTP.CD,1999,161717066666.667
Saudi Arabia,SAU,NY.GDP.MKTP.CD,2000,189514933333.333
Saudi Arabia,SAU,NY.GDP.MKTP.CD,2001,184137600000.0
Saudi Arabia,SAU,NY.GDP.MKTP.CD,2002,189605866666.667
Saudi Arabia,SAU,NY.GDP.MKTP.CD,2003,215807733333.333
Saudi Arabia,SAU,NY.GDP.MKTP.CD,2004,258742133333.333
Saudi Arabia,SAU,NY.GDP.MKTP.CD,2005,328459608764.111
Saudi Arabia,SAU,NY.GDP.MKTP.CD,2006,376900133511.348
Saudi Arabia,SAU,NY.GDP.MKTP.CD,2007,415964509673.115
Saudi Arabia,SAU,NY.GDP.MKTP.CD,2008,519796800000.0
Saudi Arabia,SAU,NY.GDP.MKTP.CD,2009,429097866666.667
Saudi Arabia,SAU,NY.GDP.MKTP.CD,2010,528207466666.667
Saudi Arabia,SAU,NY.GDP.MKTP.CD,2011,680660800000.0
Saudi Arabia,SAU,NY.GDP.MKTP.CD,2012,751921333333.333
Saudi Arabia,SAU,NY.GDP.MKTP.CD,2013,769755733333.333
Saudi Arabia,SAU,NY.GDP.MKTP.CD,2014,787153066666.667
Saudi Arabia,SAU,NY.GDP.MKTP.CD,2015,693414400000.0
Saudi Arabia,SAU,NY.GDP.MKTP.CD,2016,689279466666.667
Saudi Arabia,SAU,NY.GDP.MKTP.CD,2017,741266133333.333
Saudi Arabia,SAU,NY.GDP.MKTP.CD,2018,886564800000.0
Saudi Arabia,SAU,NY.GDP.MKTP.CD,2019,888890133333.333
Saudi Arabia,SAU,NY.GDP.MKTP.CD,2020,767951200000.0
Saudi Arabia,SAU,NY.GDP.MKTP.CD,2021,982661066666.667
Saudi Arabia,SAU,NY.GDP.MKTP.CD,2022,1239075200000.0
Saudi Arabia,SAU,NY.GDP.MKTP.CD,2023,1218584800000.0
Saudi Arabia,SAU,NY.GDP.MKTP.CD,2024,1254140800000.0
Saudi Arabia,SAU,NY.GDP.MKTP.CD,2025,1276942933333.33
Sudan,SDN,NY.GDP.MKTP.CD,1960,1126364161.7644
Sudan,SDN,NY.GDP.MKTP.CD,1961,1222860428.55503
Sudan,SDN,NY.GDP.MKTP.CD,1962,1328259624.72217
Sudan,SDN,NY.GDP.MKTP.CD,1963,1351234926.33899
Sudan,SDN,NY.GDP.MKTP.CD,1964,1388282600.1961
Sudan,SDN,NY.GDP.MKTP.CD,1965,1446869619.31898
Sudan,SDN,NY.GDP.MKTP.CD,1966,1484491675.71652
Sudan,SDN,NY.GDP.MKTP.CD,1967,1607409539.36648
Sudan,SDN,NY.GDP.MKTP.CD,1968,1677771400.56798
Sudan,SDN,NY.GDP.MKTP.CD,1969,1847501441.26221
Sudan,SDN,NY.GDP.MKTP.CD,1970,2100229759.04718
Sudan,SDN,NY.GDP.MKTP.CD,1971,2288340041.03486
Sudan,SDN,NY.GDP.MKTP.CD,1972,2483055722.23738
Sudan,SDN,NY.GDP.MKTP.CD,1973,3077254460.30228
Sudan,SDN,NY.GDP.MKTP.CD,1974,3958931659.84759
Sudan,SDN,NY.GDP.MKTP.CD,1975,4823090191.91008
Sudan,SDN,NY.GDP.MKTP.CD,1976,6013210815.66115
Sudan,SDN,NY.GDP.MKTP.CD,1977,7499005639.37649
Sudan,SDN,NY.GDP.MKTP.CD,1978,8128719315.0792
Sudan,SDN,NY.GDP.MKTP.CD,1979,8418407786.60599
Sudan,SDN,NY.GDP.MKTP.CD,1980,8951800000.0
Sudan,SDN,NY.GDP.MKTP.CD,1981,10753888154.2798
Sudan,SDN,NY.GDP.MKTP.CD,1982,8732542273.73424
Sudan,SDN,NY.GDP.MKTP.CD,1983,8230153846.15385
Sudan,SDN,NY.GDP.MKTP.CD,1984,10447615384.6154
Sudan,SDN,NY.GDP.MKTP.CD,1985,8075259600.3398
Sudan,SDN,NY.GDP.MKTP.CD,1986,10092200000.0
Sudan,SDN,NY.GDP.MKTP.CD,1987,12093333333.3333
Sudan,SDN,NY.GDP.MKTP.CD,1988,14372555555.5556
Sudan,SDN,NY.GDP.MKTP.CD,1989,21408111111.1111
Sudan,SDN,NY.GDP.MKTP.CD,1990,33641222222.2222
Sudan,SDN,NY.GDP.MKTP.CD,1991,44171194366.2039
Sudan,SDN,NY.GDP.MKTP.CD,1992,7031933491.84899
Sudan,SDN,NY.GDP.MKTP.CD,1993,8881005435.80602
Sudan,SDN,NY.GDP.MKTP.CD,1994,12793794737.042
Sudan,SDN,NY.GDP.MKTP.CD,1995,13830363899.9163
Sudan,SDN,NY.GDP.MKTP.CD,1996,9018300724.66086
Sudan,SDN,NY.GDP.MKTP.CD,1997,11681175864.3383
Sudan,SDN,NY.GDP.MKTP.CD,1998,11250221536.7484
Sudan,SDN,NY.GDP.MKTP.CD,1999,10682028339.6898
Sudan,SDN,NY.GDP.MKTP.CD,2000,12257299147.2936
Sudan,SDN,NY.GDP.MKTP.CD,2001,15716361792.1926
Sudan,SDN,NY.GDP.MKTP.CD,2002,18137128388.3606
Sudan,SDN,NY.GDP.MKTP.CD,2003,21355298459.5955
Sudan,SDN,NY.GDP.MKTP.CD,2004,26646007250.7319
Sudan,SDN,NY.GDP.MKTP.CD,2005,35182711987.974
Sudan,SDN,NY.GDP.MKTP.CD,2006,45263831634.1497
Sudan,SDN,NY.GDP.MKTP.CD,2007,59440139774.8128
Sudan,SDN,NY.GDP.MKTP.CD,2008,64833083257.1431
Sudan,SDN,NY.GDP.MKTP.CD,2009,51621044076.9231
Sudan,SDN,NY.GDP.MKTP.CD,2010,58962978034.4828
Sudan,SDN,NY.GDP.MKTP.CD,2011,55018567210.5263
Sudan,SDN,NY.GDP.MKTP.CD,2012,37632919966.6667
Sudan,SDN,NY.GDP.MKTP.CD,2013,43024018082.1918
Sudan,SDN,NY.GDP.MKTP.CD,2014,49516748617.9775
Sudan,SDN,NY.GDP.MKTP.CD,2015,51726758676.7677
Sudan,SDN,NY.GDP.MKTP.CD,2016,42630376000.0
Sudan,SDN,NY.GDP.MKTP.CD,2017,41283617976.1905
Sudan,SDN,NY.GDP.MKTP.CD,2018,32333780383.2924
Sudan,SDN,NY.GDP.MKTP.CD,2019,32338079165.2893
Sudan,SDN,NY.GDP.MKTP.CD,2020,27034593750.0
Sudan,SDN,NY.GDP.MKTP.CD,2021,34229513774.9936
Sudan,SDN,NY.GDP.MKTP.CD,2022,51666875363.0963
Sudan,SDN,NY.GDP.MKTP.CD,2023,39898289820.7951
Sudan,SDN,NY.GDP.MKTP.CD,2024,49672435513.1126
Sudan,SDN,NY.GDP.MKTP.CD,2025,60162634574.4689
Senegal,SEN,NY.GDP.MKTP.CD,1960,1003692370.46869
Senegal,SEN,NY.GDP.MKTP.CD,1961,1058975256.97025
Senegal,SEN,NY.GDP.MKTP.CD,1962,1085475790.59112
Senegal,SEN,NY.GDP.MKTP.CD,1963,1122139861.67805
Senegal,SEN,NY.GDP.MKTP.CD,1964,1188930645.34423
Senegal,SEN,NY.GDP.MKTP.CD,1965,1210058228.17112
Senegal,SEN,NY.GDP.MKTP.CD,1966,1246908185.96343
Senegal,SEN,NY.GDP.MKTP.CD,1967,1246480765.97984
Senegal,SEN,NY.GDP.MKTP.CD,1968,1309384861.92219
Senegal,SEN,NY.GDP.MKTP.CD,1969,1245234931.43233
Senegal,SEN,NY.GDP.MKTP.CD,1970,1297407654.92832
Senegal,SEN,NY.GDP.MKTP.CD,1971,1339549032.83782
Senegal,SEN,NY.GDP.MKTP.CD,1972,1620857103.53492
Senegal,SEN,NY.GDP.MKTP.CD,1973,1863398590.4556
Senegal,SEN,NY.GDP.MKTP.CD,1974,2099325228.95651
Senegal,SEN,NY.GDP.MKTP.CD,1975,2830388404.8977
Senegal,SEN,NY.GDP.MKTP.CD,1976,2869777884.45166
Senegal,SEN,NY.GDP.MKTP.CD,1977,2938046462.7098
Senegal,SEN,NY.GDP.MKTP.CD,1978,3280354920.8516
Senegal,SEN,NY.GDP.MKTP.CD,1979,4084877822.91679
Senegal,SEN,NY.GDP.MKTP.CD,1980,4510108290.69571
Senegal,SEN,NY.GDP.MKTP.CD,1981,4095892780.58289
Senegal,SEN,NY.GDP.MKTP.CD,1982,4013951442.67081
Senegal,SEN,NY.GDP.MKTP.CD,1983,3569356124.93159
Senegal,SEN,NY.GDP.MKTP.CD,1984,3485165431.71354
Senegal,SEN,NY.GDP.MKTP.CD,1985,3818944917.56713
Senegal,SEN,NY.GDP.MKTP.CD,1986,5392093445.51053
Senegal,SEN,NY.GDP.MKTP.CD,1987,6487353102.81483
Senegal,SEN,NY.GDP.MKTP.CD,1988,6418419388.63499
Senegal,SEN,NY.GDP.MKTP.CD,1989,6366039372.53683
Senegal,SEN,NY.GDP.MKTP.CD,1990,7390967360.42121
Senegal,SEN,NY.GDP.MKTP.CD,1991,7255210469.51743
Senegal,SEN,NY.GDP.MKTP.CD,1992,7769817839.95644
Senegal,SEN,NY.GDP.MKTP.CD,1993,7367986241.21869
Senegal,SEN,NY.GDP.MKTP.CD,1994,5034588195.55806
Senegal,SEN,NY.GDP.MKTP.CD,1995,6326342633.4034
Senegal,SEN,NY.GDP.MKTP.CD,1996,6559712165.96508
Senegal,SEN,NY.GDP.MKTP.CD,1997,6041478725.90443
Senegal,SEN,NY.GDP.MKTP.CD,1998,6505607909.05324
Senegal,SEN,NY.GDP.MKTP.CD,1999,6592834932.80876
Senegal,SEN,NY.GDP.MKTP.CD,2000,6013185003.97525
Senegal,SEN,NY.GDP.MKTP.CD,2001,6507824829.26254
Senegal,SEN,NY.GDP.MKTP.CD,2002,7006402319.75856
Senegal,SEN,NY.GDP.MKTP.CD,2003,8768721563.18211
Senegal,SEN,NY.GDP.MKTP.CD,2004,10076816666.6196
Senegal,SEN,NY.GDP.MKTP.CD,2005,11009033437.939
Senegal,SEN,NY.GDP.MKTP.CD,2006,11697918243.0035
Senegal,SEN,NY.GDP.MKTP.CD,2007,13994218412.9619
Senegal,SEN,NY.GDP.MKTP.CD,2008,16853989627.548
Senegal,SEN,NY.GDP.MKTP.CD,2009,16145867494.9405
Senegal,SEN,NY.GDP.MKTP.CD,2010,16121315909.0758
Senegal,SEN,NY.GDP.MKTP.CD,2011,17814283639.3119
Senegal,SEN,NY.GDP.MKTP.CD,2012,17660870411.5235
Senegal,SEN,NY.GDP.MKTP.CD,2013,18918667724.8817
Senegal,SEN,NY.GDP.MKTP.CD,2014,19797253440.2679
Senegal,SEN,NY.GDP.MKTP.CD,2015,17774766696.1759
Senegal,SEN,NY.GDP.MKTP.CD,2016,19040312333.1864
Senegal,SEN,NY.GDP.MKTP.CD,2017,20965069572.7168
Senegal,SEN,NY.GDP.MKTP.CD,2018,23116701556.1381
Senegal,SEN,NY.GDP.MKTP.CD,2019,23403995992.1354
Senegal,SEN,NY.GDP.MKTP.CD,2020,24530513037.7518
Senegal,SEN,NY.GDP.MKTP.CD,2021,27520784129.7508
Senegal,SEN,NY.GDP.MKTP.CD,2022,27783332222.6759
Senegal,SEN,NY.GDP.MKTP.CD,2023,30696331295.7826
Senegal,SEN,NY.GDP.MKTP.CD,2024,32169996051.8502
Senegal,SEN,NY.GDP.MKTP.CD,2025,37006536238.3731
Singapore,SGP,NY.GDP.MKTP.CD,1960,704751700.302494
Singapore,SGP,NY.GDP.MKTP.CD,1961,764629788.123689
Singapore,SGP,NY.GDP.MKTP.CD,1962,826239211.817511
Singapore,SGP,NY.GDP.MKTP.CD,1963,917608012.491752
Singapore,SGP,NY.GDP.MKTP.CD,1964,894153311.424857
Singapore,SGP,NY.GDP.MKTP.CD,1965,974644096.144674
Singapore,SGP,NY.GDP.MKTP.CD,1966,1096425608.09089
Singapore,SGP,NY.GDP.MKTP.CD,1967,1238035815.78586
Singapore,SGP,NY.GDP.MKTP.CD,1968,1425706091.0356
Singapore,SGP,NY.GDP.MKTP.CD,1969,1659893767.84419
Singapore,SGP,NY.GDP.MKTP.CD,1970,1920574150.17542
Singapore,SGP,NY.GDP.MKTP.CD,1971,2263785443.61688
Singapore,SGP,NY.GDP.MKTP.CD,1972,2721440980.75851
Singapore,SGP,NY.GDP.MKTP.CD,1973,3696213333.33333
Singapore,SGP,NY.GDP.MKTP.CD,1974,5221534955.64418
Singapore,SGP,NY.GDP.MKTP.CD,1975,5633673929.99302
Singapore,SGP,NY.GDP.MKTP.CD,1976,6327077974.10703
Singapore,SGP,NY.GDP.MKTP.CD,1977,6618585073.66035
Singapore,SGP,NY.GDP.MKTP.CD,1978,7517176354.84135
Singapore,SGP,NY.GDP.MKTP.CD,1979,9296921723.83465
Singapore,SGP,NY.GDP.MKTP.CD,1980,11896256782.8566
Singapore,SGP,NY.GDP.MKTP.CD,1981,14175228843.6391
Singapore,SGP,NY.GDP.MKTP.CD,1982,16084252378.473
Singapore,SGP,NY.GDP.MKTP.CD,1983,17784112149.5327
Singapore,SGP,NY.GDP.MKTP.CD,1984,19749361097.965
Singapore,SGP,NY.GDP.MKTP.CD,1985,19156532745.7691
Singapore,SGP,NY.GDP.MKTP.CD,1986,18586746056.9974
Singapore,SGP,NY.GDP.MKTP.CD,1987,20919215578.2125
Singapore,SGP,NY.GDP.MKTP.CD,1988,25371462488.1292
Singapore,SGP,NY.GDP.MKTP.CD,1989,30465364738.6206
Singapore,SGP,NY.GDP.MKTP.CD,1990,36144336768.7023
Singapore,SGP,NY.GDP.MKTP.CD,1991,45466164978.2923
Singapore,SGP,NY.GDP.MKTP.CD,1992,52131320032.8797
Singapore,SGP,NY.GDP.MKTP.CD,1993,60603815716.2653
Singapore,SGP,NY.GDP.MKTP.CD,1994,73688724431.1412
Singapore,SGP,NY.GDP.MKTP.CD,1995,87812540788.4293
Singapore,SGP,NY.GDP.MKTP.CD,1996,96293086513.0872
Singapore,SGP,NY.GDP.MKTP.CD,1997,100123787215.299
Singapore,SGP,NY.GDP.MKTP.CD,1998,85728207781.7785
Singapore,SGP,NY.GDP.MKTP.CD,1999,86286849754.8905
Singapore,SGP,NY.GDP.MKTP.CD,2000,96076539925.7409
Singapore,SGP,NY.GDP.MKTP.CD,2001,89793790669.6515
Singapore,SGP,NY.GDP.MKTP.CD,2002,92538372869.6942
Singapore,SGP,NY.GDP.MKTP.CD,2003,97646401095.6369
Singapore,SGP,NY.GDP.MKTP.CD,2004,115033593101.049
Singapore,SGP,NY.GDP.MKTP.CD,2005,127807848728.398
Singapore,SGP,NY.GDP.MKTP.CD,2006,148627286361.351
Singapore,SGP,NY.GDP.MKTP.CD,2007,180941701357.97
Singapore,SGP,NY.GDP.MKTP.CD,2008,193617323539.203
Singapore,SGP,NY.GDP.MKTP.CD,2009,194150283771.566
Singapore,SGP,NY.GDP.MKTP.CD,2010,239807980591.24
Singapore,SGP,NY.GDP.MKTP.CD,2011,279356499090.458
Singapore,SGP,NY.GDP.MKTP.CD,2012,295092888076.589
Singapore,SGP,NY.GDP.MKTP.CD,2013,307576360584.992
Singapore,SGP,NY.GDP.MKTP.CD,2014,314863580758.455
Singapore,SGP,NY.GDP.MKTP.CD,2015,307998545269.398
Singapore,SGP,NY.GDP.MKTP.CD,2016,320759207438.623
Singapore,SGP,NY.GDP.MKTP.CD,2017,344795119213.571
Singapore,SGP,NY.GDP.MKTP.CD,2018,377976367877.038
Singapore,SGP,NY.GDP.MKTP.CD,2019,376827390962.044
Singapore,SGP,NY.GDP.MKTP.CD,2020,351226533656.292
Singapore,SGP,NY.GDP.MKTP.CD,2021,441110903524.645
Singapore,SGP,NY.GDP.MKTP.CD,2022,514252535238.749
Singapore,SGP,NY.GDP.MKTP.CD,2023,511181761243.76
Singapore,SGP,NY.GDP.MKTP.CD,2024,572877260178.427
Singapore,SGP,NY.GDP.MKTP.CD,2025,603869516998.738
Solomon Islands,SLB,NY.GDP.MKTP.CD,1967,25203524.0325638
Solomon Islands,SLB,NY.GDP.MKTP.CD,1968,28084252.7582748
Solomon Islands,SLB,NY.GDP.MKTP.CD,1969,28606411.398041
Solomon Islands,SLB,NY.GDP.MKTP.CD,1971,50056882.8213879
Solomon Islands,SLB,NY.GDP.MKTP.CD,1972,40606712.050639
Solomon Islands,SLB,NY.GDP.MKTP.CD,1973,55272108.8435374
Solomon Islands,SLB,NY.GDP.MKTP.CD,1974,84539332.282562
Solomon Islands,SLB,NY.GDP.MKTP.CD,1975,74620320.0295339
Solomon Islands,SLB,NY.GDP.MKTP.CD,1976,83100834.307935
Solomon Islands,SLB,NY.GDP.MKTP.CD,1977,93145283.3557141
Solomon Islands,SLB,NY.GDP.MKTP.CD,1978,111027427.208358
Solomon Islands,SLB,NY.GDP.MKTP.CD,1979,151276496.482533
Solomon Islands,SLB,NY.GDP.MKTP.CD,1980,182852106.523408
Solomon Islands,SLB,NY.GDP.MKTP.CD,1981,193750540.701429
Solomon Islands,SLB,NY.GDP.MKTP.CD,1982,192902018.733318
Solomon Islands,SLB,NY.GDP.MKTP.CD,1983,181220398.969839
Solomon Islands,SLB,NY.GDP.MKTP.CD,1984,181570473.771605
Solomon Islands,SLB,NY.GDP.MKTP.CD,1985,165524943.492123
Solomon Islands,SLB,NY.GDP.MKTP.CD,1986,147620047.660063
Solomon Islands,SLB,NY.GDP.MKTP.CD,1987,155128542.419178
Solomon Islands,SLB,NY.GDP.MKTP.CD,1988,176494394.043362
Solomon Islands,SLB,NY.GDP.MKTP.CD,1989,172882410.578561
Solomon Islands,SLB,NY.GDP.MKTP.CD,1990,214877666.846068
Solomon Islands,SLB,NY.GDP.MKTP.CD,1991,227540473.340087
Solomon Islands,SLB,NY.GDP.MKTP.CD,1992,269034595.812985
Solomon Islands,SLB,NY.GDP.MKTP.CD,1993,300746361.128739
Solomon Islands,SLB,NY.GDP.MKTP.CD,1994,402837005.272596
Solomon Islands,SLB,NY.GDP.MKTP.CD,1995,469443201.503274
Solomon Islands,SLB,NY.GDP.MKTP.CD,1996,510586430.190127
Solomon Islands,SLB,NY.GDP.MKTP.CD,1997,526554005.954357
Solomon Islands,SLB,NY.GDP.MKTP.CD,1998,457579840.225066
Solomon Islands,SLB,NY.GDP.MKTP.CD,1999,488024514.369359
Solomon Islands,SLB,NY.GDP.MKTP.CD,2000,419842674.227652
Solomon Islands,SLB,NY.GDP.MKTP.CD,2001,409508552.979972
Solomon Islands,SLB,NY.GDP.MKTP.CD,2002,346406738.885237
Solomon Islands,SLB,NY.GDP.MKTP.CD,2003,417666638.600021
Solomon Islands,SLB,NY.GDP.MKTP.CD,2004,468000121.313434
Solomon Islands,SLB,NY.GDP.MKTP.CD,2005,552881356.697517
Solomon Islands,SLB,NY.GDP.MKTP.CD,2006,617257457.758489
Solomon Islands,SLB,NY.GDP.MKTP.CD,2007,695291217.982227
Solomon Islands,SLB,NY.GDP.MKTP.CD,2008,776335523.470373
Solomon Islands,SLB,NY.GDP.MKTP.CD,2009,805557289.459198
Solomon Islands,SLB,NY.GDP.MKTP.CD,2010,898128551.289162
Solomon Islands,SLB,NY.GDP.MKTP.CD,2011,1063898226.71892
Solomon Islands,SLB,NY.GDP.MKTP.CD,2012,1185217634.37393
Solomon Islands,SLB,NY.GDP.MKTP.CD,2013,1285905957.64116
Solomon Islands,SLB,NY.GDP.MKTP.CD,2014,1335576762.84974
Solomon Islands,SLB,NY.GDP.MKTP.CD,2015,1307908813.59962
Solomon Islands,SLB,NY.GDP.MKTP.CD,2016,1379486290.71433
Solomon Islands,SLB,NY.GDP.MKTP.CD,2017,1469790526.3972
Solomon Islands,SLB,NY.GDP.MKTP.CD,2018,1615473250.25259
Solomon Islands,SLB,NY.GDP.MKTP.CD,2019,1619150563.92084
Solomon Islands,SLB,NY.GDP.MKTP.CD,2020,1536143427.82958
Solomon Islands,SLB,NY.GDP.MKTP.CD,2021,1558312103.84225
Solomon Islands,SLB,NY.GDP.MKTP.CD,2022,1466670929.62333
Solomon Islands,SLB,NY.GDP.MKTP.CD,2023,1506124566.40404
Solomon Islands,SLB,NY.GDP.MKTP.CD,2024,1583964703.75061
Solomon Islands,SLB,NY.GDP.MKTP.CD,2025,1749572442.95016
Sierra Leone,SLE,NY.GDP.MKTP.CD,1960,322009961.547048
Sierra Leone,SLE,NY.GDP.MKTP.CD,1961,327834190.577094
Sierra Leone,SLE,NY.GDP.MKTP.CD,1962,342721416.490967
Sierra Leone,SLE,NY.GDP.MKTP.CD,1963,348547278.787707
Sierra Leone,SLE,NY.GDP.MKTP.CD,1964,371847461.441278
Sierra Leone,SLE,NY.GDP.MKTP.CD,1965,359379856.248058
Sierra Leone,SLE,NY.GDP.MKTP.CD,1966,375479849.80806
Sierra Leone,SLE,NY.GDP.MKTP.CD,1967,348795303.000385
Sierra Leone,SLE,NY.GDP.MKTP.CD,1968,329859731.943893
Sierra Leone,SLE,NY.GDP.MKTP.CD,1969,408690163.476065
Sierra Leone,SLE,NY.GDP.MKTP.CD,1970,434410973.76439
Sierra Leone,SLE,NY.GDP.MKTP.CD,1971,419549304.72479
Sierra Leone,SLE,NY.GDP.MKTP.CD,1972,465381339.740404
Sierra Leone,SLE,NY.GDP.MKTP.CD,1973,575230724.377773
Sierra Leone,SLE,NY.GDP.MKTP.CD,1974,648590642.939889
Sierra Leone,SLE,NY.GDP.MKTP.CD,1975,679336343.584559
Sierra Leone,SLE,NY.GDP.MKTP.CD,1976,594895941.914381
Sierra Leone,SLE,NY.GDP.MKTP.CD,1977,691777583.951156
Sierra Leone,SLE,NY.GDP.MKTP.CD,1978,960728338.93643
Sierra Leone,SLE,NY.GDP.MKTP.CD,1979,1109374911.30306
Sierra Leone,SLE,NY.GDP.MKTP.CD,1980,1100685844.92284
Sierra Leone,SLE,NY.GDP.MKTP.CD,1981,1114830471.91787
Sierra Leone,SLE,NY.GDP.MKTP.CD,1982,1295361885.92419
Sierra Leone,SLE,NY.GDP.MKTP.CD,1983,995104305.347075
Sierra Leone,SLE,NY.GDP.MKTP.CD,1984,1087471861.98928
Sierra Leone,SLE,NY.GDP.MKTP.CD,1985,856890459.363958
Sierra Leone,SLE,NY.GDP.MKTP.CD,1986,490181456.62441
Sierra Leone,SLE,NY.GDP.MKTP.CD,1987,660106336.104339
Sierra Leone,SLE,NY.GDP.MKTP.CD,1988,1055083933.07498
Sierra Leone,SLE,NY.GDP.MKTP.CD,1989,932974420.276529
Sierra Leone,SLE,NY.GDP.MKTP.CD,1990,649644097.566129
Sierra Leone,SLE,NY.GDP.MKTP.CD,1991,779981987.10656
Sierra Leone,SLE,NY.GDP.MKTP.CD,1992,679940813.948366
Sierra Leone,SLE,NY.GDP.MKTP.CD,1993,768867882.965994
Sierra Leone,SLE,NY.GDP.MKTP.CD,1994,911853802.365613
Sierra Leone,SLE,NY.GDP.MKTP.CD,1995,870740291.519248
Sierra Leone,SLE,NY.GDP.MKTP.CD,1996,941709422.502965
Sierra Leone,SLE,NY.GDP.MKTP.CD,1997,850232760.017239
Sierra Leone,SLE,NY.GDP.MKTP.CD,1998,672368187.114756
Sierra Leone,SLE,NY.GDP.MKTP.CD,1999,669386623.951402
Sierra Leone,SLE,NY.GDP.MKTP.CD,2000,635866403.776065
Sierra Leone,SLE,NY.GDP.MKTP.CD,2001,1681473893.76655
Sierra Leone,SLE,NY.GDP.MKTP.CD,2002,1933863910.73227
Sierra Leone,SLE,NY.GDP.MKTP.CD,2003,2142618045.93129
Sierra Leone,SLE,NY.GDP.MKTP.CD,2004,2237350687.46606
Sierra Leone,SLE,NY.GDP.MKTP.CD,2005,2545275312.60512
Sierra Leone,SLE,NY.GDP.MKTP.CD,2006,3263697466.73514
Sierra Leone,SLE,NY.GDP.MKTP.CD,2007,3632957611.35152
Sierra Leone,SLE,NY.GDP.MKTP.CD,2008,4157895298.19572
Sierra Leone,SLE,NY.GDP.MKTP.CD,2009,3953403098.37107
Sierra Leone,SLE,NY.GDP.MKTP.CD,2010,4262805966.78755
Sierra Leone,SLE,NY.GDP.MKTP.CD,2011,4861632884.67985
Sierra Leone,SLE,NY.GDP.MKTP.CD,2012,6141666509.36295
Sierra Leone,SLE,NY.GDP.MKTP.CD,2013,7502762862.72657
Sierra Leone,SLE,NY.GDP.MKTP.CD,2014,7686138790.90872
Sierra Leone,SLE,NY.GDP.MKTP.CD,2015,6788352974.78329
Sierra Leone,SLE,NY.GDP.MKTP.CD,2016,6084297211.10217
Sierra Leone,SLE,NY.GDP.MKTP.CD,2017,5749846528.48046
Sierra Leone,SLE,NY.GDP.MKTP.CD,2018,6390514688.52816
Sierra Leone,SLE,NY.GDP.MKTP.CD,2019,6523577590.38319
Sierra Leone,SLE,NY.GDP.MKTP.CD,2020,6688307705.64217
Sierra Leone,SLE,NY.GDP.MKTP.CD,2021,7166931483.2953
Sierra Leone,SLE,NY.GDP.MKTP.CD,2022,7121125277.18159
Sierra Leone,SLE,NY.GDP.MKTP.CD,2023,6415852766.09227
Sierra Leone,SLE,NY.GDP.MKTP.CD,2024,6971127234.07241
Sierra Leone,SLE,NY.GDP.MKTP.CD,2025,7464157904.43509
El Salvador,SLV,NY.GDP.MKTP.CD,1965,877720000.0
El Salvador,SLV,NY.GDP.MKTP.CD,1966,929520000.0
El Salvador,SLV,NY.GDP.MKTP.CD,1967,976200000.0
El Salvador,SLV,NY.GDP.MKTP.CD,1968,1009760100.0
El Salvador,SLV,NY.GDP.MKTP.CD,1969,1049400000.0
El Salvador,SLV,NY.GDP.MKTP.CD,1970,1132920000.0
El Salvador,SLV,NY.GDP.MKTP.CD,1971,1186120000.0
El Salvador,SLV,NY.GDP.MKTP.CD,1972,1263720000.0
El Salvador,SLV,NY.GDP.MKTP.CD,1973,1442320000.0
El Salvador,SLV,NY.GDP.MKTP.CD,1974,1665880000.0
El Salvador,SLV,NY.GDP.MKTP.CD,1975,1884120100.0
El Salvador,SLV,NY.GDP.MKTP.CD,1976,2328280100.0
El Salvador,SLV,NY.GDP.MKTP.CD,1977,2941640100.0
El Salvador,SLV,NY.GDP.MKTP.CD,1978,3127960000.0
El Salvador,SLV,NY.GDP.MKTP.CD,1979,3463639900.0
El Salvador,SLV,NY.GDP.MKTP.CD,1980,3573959900.0
El Salvador,SLV,NY.GDP.MKTP.CD,1981,3437200200.0
El Salvador,SLV,NY.GDP.MKTP.CD,1982,3399189100.0
El Salvador,SLV,NY.GDP.MKTP.CD,1983,3506347800.0
El Salvador,SLV,NY.GDP.MKTP.CD,1984,3661683400.0
El Salvador,SLV,NY.GDP.MKTP.CD,1985,3800368600.0
El Salvador,SLV,NY.GDP.MKTP.CD,1986,3771663200.0
El Salvador,SLV,NY.GDP.MKTP.CD,1987,3958045800.0
El Salvador,SLV,NY.GDP.MKTP.CD,1988,4189880000.0
El Salvador,SLV,NY.GDP.MKTP.CD,1989,4372215300.0
El Salvador,SLV,NY.GDP.MKTP.CD,1990,4817542204.0
El Salvador,SLV,NY.GDP.MKTP.CD,1991,5252342400.0
El Salvador,SLV,NY.GDP.MKTP.CD,1992,5813399300.0
El Salvador,SLV,NY.GDP.MKTP.CD,1993,6680269200.0
El Salvador,SLV,NY.GDP.MKTP.CD,1994,7679384000.0
El Salvador,SLV,NY.GDP.MKTP.CD,1995,8921947100.0
El Salvador,SLV,NY.GDP.MKTP.CD,1996,9586327800.0
El Salvador,SLV,NY.GDP.MKTP.CD,1997,10221705900.0
El Salvador,SLV,NY.GDP.MKTP.CD,1998,10936669900.0
El Salvador,SLV,NY.GDP.MKTP.CD,1999,11284197000.0
El Salvador,SLV,NY.GDP.MKTP.CD,2000,11784927700.0
El Salvador,SLV,NY.GDP.MKTP.CD,2001,12282533600.0
El Salvador,SLV,NY.GDP.MKTP.CD,2002,12664190300.0
El Salvador,SLV,NY.GDP.MKTP.CD,2003,13243892200.0
El Salvador,SLV,NY.GDP.MKTP.CD,2004,13724810900.0
El Salvador,SLV,NY.GDP.MKTP.CD,2005,14698000000.0
El Salvador,SLV,NY.GDP.MKTP.CD,2006,15999890000.0
El Salvador,SLV,NY.GDP.MKTP.CD,2007,17011750000.0
El Salvador,SLV,NY.GDP.MKTP.CD,2008,17986890000.0
El Salvador,SLV,NY.GDP.MKTP.CD,2009,17601620000.0
El Salvador,SLV,NY.GDP.MKTP.CD,2010,18447920000.0
El Salvador,SLV,NY.GDP.MKTP.CD,2011,20283780000.0
El Salvador,SLV,NY.GDP.MKTP.CD,2012,21386150000.0
El Salvador,SLV,NY.GDP.MKTP.CD,2013,21990960000.0
El Salvador,SLV,NY.GDP.MKTP.CD,2014,22593470000.0
El Salvador,SLV,NY.GDP.MKTP.CD,2015,23438240000.0
El Salvador,SLV,NY.GDP.MKTP.CD,2016,24191430000.0
El Salvador,SLV,NY.GDP.MKTP.CD,2017,24979190000.0
El Salvador,SLV,NY.GDP.MKTP.CD,2018,26020850000.0
El Salvador,SLV,NY.GDP.MKTP.CD,2019,26881140000.0
El Salvador,SLV,NY.GDP.MKTP.CD,2020,24921190000.0
El Salvador,SLV,NY.GDP.MKTP.CD,2021,29043140000.0
El Salvador,SLV,NY.GDP.MKTP.CD,2022,31870110000.0
El Salvador,SLV,NY.GDP.MKTP.CD,2023,33565430000.0
El Salvador,SLV,NY.GDP.MKTP.CD,2024,34879730000.0
El Salvador,SLV,NY.GDP.MKTP.CD,2025,36708110000.0
San Marino,SMR,NY.GDP.MKTP.CD,1997,976606910.602381
San Marino,SMR,NY.GDP.MKTP.CD,1998,1048316225.70471
San Marino,SMR,NY.GDP.MKTP.CD,1999,1109473282.23938
San Marino,SMR,NY.GDP.MKTP.CD,2000,1007661290.98039
San Marino,SMR,NY.GDP.MKTP.CD,2001,1059529731.10236
San Marino,SMR,NY.GDP.MKTP.CD,2002,1148872076.47059
San Marino,SMR,NY.GDP.MKTP.CD,2003,1462590387.05882
San Marino,SMR,NY.GDP.MKTP.CD,2004,1715341294.5946
San Marino,SMR,NY.GDP.MKTP.CD,2005,1786513631.1284
San Marino,SMR,NY.GDP.MKTP.CD,2006,1909765810.58823
San Marino,SMR,NY.GDP.MKTP.CD,2007,2188653428.62746
San Marino,SMR,NY.GDP.MKTP.CD,2008,2403214435.9375
San Marino,SMR,NY.GDP.MKTP.CD,2009,2064277984.375
San Marino,SMR,NY.GDP.MKTP.CD,2010,1881191950.0
San Marino,SMR,NY.GDP.MKTP.CD,2011,1813717694.55253
San Marino,SMR,NY.GDP.MKTP.CD,2012,1604701051.17188
San Marino,SMR,NY.GDP.MKTP.CD,2013,1678741201.56863
San Marino,SMR,NY.GDP.MKTP.CD,2014,1673910988.23529
San Marino,SMR,NY.GDP.MKTP.CD,2015,1419400395.73301
San Marino,SMR,NY.GDP.MKTP.CD,2016,1468342400.08249
San Marino,SMR,NY.GDP.MKTP.CD,2017,1528621192.886
San Marino,SMR,NY.GDP.MKTP.CD,2018,1655354328.79184
San Marino,SMR,NY.GDP.MKTP.CD,2019,1616231696.04862
San Marino,SMR,NY.GDP.MKTP.CD,2020,1544713784.67674
San Marino,SMR,NY.GDP.MKTP.CD,2021,1855395712.2147
San Marino,SMR,NY.GDP.MKTP.CD,2022,1831701022.87082
San Marino,SMR,NY.GDP.MKTP.CD,2023,2027243193.5116
"Somalia, Fed. Rep.",SOM,NY.GDP.MKTP.CD,1960,180459936.776025
"Somalia, Fed. Rep.",SOM,NY.GDP.MKTP.CD,1961,191659914.376034
"Somalia, Fed. Rep.",SOM,NY.GDP.MKTP.CD,1962,203531927.547229
"Somalia, Fed. Rep.",SOM,NY.GDP.MKTP.CD,1963,216145935.941626
"Somalia, Fed. Rep.",SOM,NY.GDP.MKTP.CD,1964,229529912.668035
"Somalia, Fed. Rep.",SOM,NY.GDP.MKTP.CD,1965,243725898.029641
"Somalia, Fed. Rep.",SOM,NY.GDP.MKTP.CD,1966,257375897.049641
"Somalia, Fed. Rep.",SOM,NY.GDP.MKTP.CD,1967,271781886.807245
"Somalia, Fed. Rep.",SOM,NY.GDP.MKTP.CD,1968,286719885.312046
"Somalia, Fed. Rep.",SOM,NY.GDP.MKTP.CD,1969,306357284.571429
"Somalia, Fed. Rep.",SOM,NY.GDP.MKTP.CD,1970,347985394.285714
"Somalia, Fed. Rep.",SOM,NY.GDP.MKTP.CD,1971,347039445.705569
"Somalia, Fed. Rep.",SOM,NY.GDP.MKTP.CD,1972,447883941.190165
"Somalia, Fed. Rep.",SOM,NY.GDP.MKTP.CD,1973,483699610.602563
"Somalia, Fed. Rep.",SOM,NY.GDP.MKTP.CD,1974,572504035.901509
"Somalia, Fed. Rep.",SOM,NY.GDP.MKTP.CD,1975,757015878.792693
"Somalia, Fed. Rep.",SOM,NY.GDP.MKTP.CD,1976,871344245.115171
"Somalia, Fed. Rep.",SOM,NY.GDP.MKTP.CD,1977,498550724.637681
"Somalia, Fed. Rep.",SOM,NY.GDP.MKTP.CD,1978,564571823.20442
"Somalia, Fed. Rep.",SOM,NY.GDP.MKTP.CD,1979,589566929.133858
"Somalia, Fed. Rep.",SOM,NY.GDP.MKTP.CD,1980,602515548.452104
"Somalia, Fed. Rep.",SOM,NY.GDP.MKTP.CD,1981,699302473.050095
"Somalia, Fed. Rep.",SOM,NY.GDP.MKTP.CD,1982,774578931.96392
"Somalia, Fed. Rep.",SOM,NY.GDP.MKTP.CD,1983,735408641.768548
"Somalia, Fed. Rep.",SOM,NY.GDP.MKTP.CD,1984,787434541.728857
"Somalia, Fed. Rep.",SOM,NY.GDP.MKTP.CD,1985,875702247.191011
"Somalia, Fed. Rep.",SOM,NY.GDP.MKTP.CD,1986,916590786.326105
"Somalia, Fed. Rep.",SOM,NY.GDP.MKTP.CD,1987,1018972664.4638
"Somalia, Fed. Rep.",SOM,NY.GDP.MKTP.CD,1988,1051596967.1287
"Somalia, Fed. Rep.",SOM,NY.GDP.MKTP.CD,1989,1181360843.93549
"Somalia, Fed. Rep.",SOM,NY.GDP.MKTP.CD,1990,1031282081.16683
"Somalia, Fed. Rep.",SOM,NY.GDP.MKTP.CD,1991,717974929.763158
"Somalia, Fed. Rep.",SOM,NY.GDP.MKTP.CD,1992,709297578.5
"Somalia, Fed. Rep.",SOM,NY.GDP.MKTP.CD,1993,1260132955.78746
"Somalia, Fed. Rep.",SOM,NY.GDP.MKTP.CD,1994,1481205097.98113
"Somalia, Fed. Rep.",SOM,NY.GDP.MKTP.CD,1995,1534756134.55022
"Somalia, Fed. Rep.",SOM,NY.GDP.MKTP.CD,1996,1792234297.39194
"Somalia, Fed. Rep.",SOM,NY.GDP.MKTP.CD,1997,2191749013.58124
"Somalia, Fed. Rep.",SOM,NY.GDP.MKTP.CD,1998,2962047564.41651
"Somalia, Fed. Rep.",SOM,NY.GDP.MKTP.CD,1999,3045751527.66005
"Somalia, Fed. Rep.",SOM,NY.GDP.MKTP.CD,2000,3412797450.20112
"Somalia, Fed. Rep.",SOM,NY.GDP.MKTP.CD,2001,2252847464.68608
"Somalia, Fed. Rep.",SOM,NY.GDP.MKTP.CD,2002,2192684134.59273
"Somalia, Fed. Rep.",SOM,NY.GDP.MKTP.CD,2003,2836724351.5616
"Somalia, Fed. Rep.",SOM,NY.GDP.MKTP.CD,2004,3859592813.10255
"Somalia, Fed. Rep.",SOM,NY.GDP.MKTP.CD,2005,4683246454.10048
"Somalia, Fed. Rep.",SOM,NY.GDP.MKTP.CD,2006,5026743282.04251
"Somalia, Fed. Rep.",SOM,NY.GDP.MKTP.CD,2007,5430713728.89074
"Somalia, Fed. Rep.",SOM,NY.GDP.MKTP.CD,2008,5913620292.90573
"Somalia, Fed. Rep.",SOM,NY.GDP.MKTP.CD,2009,2948594552.44952
"Somalia, Fed. Rep.",SOM,NY.GDP.MKTP.CD,2010,2687807003.73935
"Somalia, Fed. Rep.",SOM,NY.GDP.MKTP.CD,2011,2906000096.93249
"Somalia, Fed. Rep.",SOM,NY.GDP.MKTP.CD,2012,4364670159.99578
"Somalia, Fed. Rep.",SOM,NY.GDP.MKTP.CD,2013,5062881600.00104
"Somalia, Fed. Rep.",SOM,NY.GDP.MKTP.CD,2014,5728399719.99958
"Somalia, Fed. Rep.",SOM,NY.GDP.MKTP.CD,2015,6152149099.99942
"Somalia, Fed. Rep.",SOM,NY.GDP.MKTP.CD,2016,6613743069.99912
"Somalia, Fed. Rep.",SOM,NY.GDP.MKTP.CD,2017,7621501710.0012
"Somalia, Fed. Rep.",SOM,NY.GDP.MKTP.CD,2018,7873000000.0
"Somalia, Fed. Rep.",SOM,NY.GDP.MKTP.CD,2019,8656000000.0
"Somalia, Fed. Rep.",SOM,NY.GDP.MKTP.CD,2020,8628000000.0
"Somalia, Fed. Rep.",SOM,NY.GDP.MKTP.CD,2021,9483000000.0
"Somalia, Fed. Rep.",SOM,NY.GDP.MKTP.CD,2022,10203000000.0
"Somalia, Fed. Rep.",SOM,NY.GDP.MKTP.CD,2023,10958000000.0
"Somalia, Fed. Rep.",SOM,NY.GDP.MKTP.CD,2024,11967000000.0
"Somalia, Fed. Rep.",SOM,NY.GDP.MKTP.CD,2025,12995200000.2658
Serbia,SRB,NY.GDP.MKTP.CD,1995,17921892655.3672
Serbia,SRB,NY.GDP.MKTP.CD,1996,23277430167.5978
Serbia,SRB,NY.GDP.MKTP.CD,1997,27153408994.8074
Serbia,SRB,NY.GDP.MKTP.CD,1998,21004077441.4802
Serbia,SRB,NY.GDP.MKTP.CD,1999,20878694850.5767
Serbia,SRB,NY.GDP.MKTP.CD,2000,7326373882.11044
Serbia,SRB,NY.GDP.MKTP.CD,2001,13599378661.9952
Serbia,SRB,NY.GDP.MKTP.CD,2002,17930583571.3055
Serbia,SRB,NY.GDP.MKTP.CD,2003,23593044417.5086
Serbia,SRB,NY.GDP.MKTP.CD,2004,26845632341.8075
Serbia,SRB,NY.GDP.MKTP.CD,2005,28334256180.8801
Serbia,SRB,NY.GDP.MKTP.CD,2006,33298057361.7412
Serbia,SRB,NY.GDP.MKTP.CD,2007,44888028946.0854
Serbia,SRB,NY.GDP.MKTP.CD,2008,54220641201.6474
Serbia,SRB,NY.GDP.MKTP.CD,2009,46955984409.7271
Serbia,SRB,NY.GDP.MKTP.CD,2010,43536629233.1424
Serbia,SRB,NY.GDP.MKTP.CD,2011,51251098408.0924
Serbia,SRB,NY.GDP.MKTP.CD,2012,45103269969.4112
Serbia,SRB,NY.GDP.MKTP.CD,2013,50455529604.0696
Serbia,SRB,NY.GDP.MKTP.CD,2014,49114321280.3466
Serbia,SRB,NY.GDP.MKTP.CD,2015,41297410634.9586
Serbia,SRB,NY.GDP.MKTP.CD,2016,42225495909.5633
Serbia,SRB,NY.GDP.MKTP.CD,2017,45972834713.8077
Serbia,SRB,NY.GDP.MKTP.CD,2018,52787520248.9242
Serbia,SRB,NY.GDP.MKTP.CD,2019,53864693664.5568
Serbia,SRB,NY.GDP.MKTP.CD,2020,55874017668.998
Serbia,SRB,NY.GDP.MKTP.CD,2021,66159884072.5308
Serbia,SRB,NY.GDP.MKTP.CD,2022,66809895701.2152
Serbia,SRB,NY.GDP.MKTP.CD,2023,81343999280.0179
Serbia,SRB,NY.GDP.MKTP.CD,2024,90088366320.4062
Serbia,SRB,NY.GDP.MKTP.CD,2025,99953324472.9042
Sub-Saharan Africa (excluding high income),SSA,NY.GDP.MKTP.CD,1960,35981349568.2146
Sub-Saharan Africa (excluding high income),SSA,NY.GDP.MKTP.CD,1961,37510743971.9899
Sub-Saharan Africa (excluding high income),SSA,NY.GDP.MKTP.CD,1962,40541592928.5713
Sub-Saharan Africa (excluding high income),SSA,NY.GDP.MKTP.CD,1963,46114167869.2449
Sub-Saharan Africa (excluding high income),SSA,NY.GDP.MKTP.CD,1964,45876299000.7028
Sub-Saharan Africa (excluding high income),SSA,NY.GDP.MKTP.CD,1965,50528954823.2586
Sub-Saharan Africa (excluding high income),SSA,NY.GDP.MKTP.CD,1966,54764751023.0443
Sub-Saharan Africa (excluding high income),SSA,NY.GDP.MKTP.CD,1967,54827305446.5408
Sub-Saharan Africa (excluding high income),SSA,NY.GDP.MKTP.CD,1968,58671532850.0316
Sub-Saharan Africa (excluding high income),SSA,NY.GDP.MKTP.CD,1969,66243495753.1879
Sub-Saharan Africa (excluding high income),SSA,NY.GDP.MKTP.CD,1970,73982285641.5261
Sub-Saharan Africa (excluding high income),SSA,NY.GDP.MKTP.CD,1971,76058577381.5618
Sub-Saharan Africa (excluding high income),SSA,NY.GDP.MKTP.CD,1972,85698710356.4402
Sub-Saharan Africa (excluding high income),SSA,NY.GDP.MKTP.CD,1973,109245029398.87
Sub-Saharan Africa (excluding high income),SSA,NY.GDP.MKTP.CD,1974,138601593895.61
Sub-Saharan Africa (excluding high income),SSA,NY.GDP.MKTP.CD,1975,152176108976.258
Sub-Saharan Africa (excluding high income),SSA,NY.GDP.MKTP.CD,1976,164628848549.885
Sub-Saharan Africa (excluding high income),SSA,NY.GDP.MKTP.CD,1977,180898165665.774
Sub-Saharan Africa (excluding high income),SSA,NY.GDP.MKTP.CD,1978,202570446656.94
Sub-Saharan Africa (excluding high income),SSA,NY.GDP.MKTP.CD,1979,238798833853.744
Sub-Saharan Africa (excluding high income),SSA,NY.GDP.MKTP.CD,1980,299944932616.329
Sub-Saharan Africa (excluding high income),SSA,NY.GDP.MKTP.CD,1981,404804849824.919
Sub-Saharan Africa (excluding high income),SSA,NY.GDP.MKTP.CD,1982,376332410781.611
Sub-Saharan Africa (excluding high income),SSA,NY.GDP.MKTP.CD,1983,337775114854.157
Sub-Saharan Africa (excluding high income),SSA,NY.GDP.MKTP.CD,1984,301777739303.904
Sub-Saharan Africa (excluding high income),SSA,NY.GDP.MKTP.CD,1985,288131966060.292
Sub-Saharan Africa (excluding high income),SSA,NY.GDP.MKTP.CD,1986,270019348453.915
Sub-Saharan Africa (excluding high income),SSA,NY.GDP.MKTP.CD,1987,302367005061.245
Sub-Saharan Africa (excluding high income),SSA,NY.GDP.MKTP.CD,1988,318387278274.655
Sub-Saharan Africa (excluding high income),SSA,NY.GDP.MKTP.CD,1989,324065103015.043
Sub-Saharan Africa (excluding high income),SSA,NY.GDP.MKTP.CD,1990,379398895465.495
Sub-Saharan Africa (excluding high income),SSA,NY.GDP.MKTP.CD,1991,406298212694.08
Sub-Saharan Africa (excluding high income),SSA,NY.GDP.MKTP.CD,1992,365435981519.312
Sub-Saharan Africa (excluding high income),SSA,NY.GDP.MKTP.CD,1993,369351885276.884
Sub-Saharan Africa (excluding high income),SSA,NY.GDP.MKTP.CD,1994,377661601267.351
Sub-Saharan Africa (excluding high income),SSA,NY.GDP.MKTP.CD,1995,480536248746.56
Sub-Saharan Africa (excluding high income),SSA,NY.GDP.MKTP.CD,1996,536993447940.282
Sub-Saharan Africa (excluding high income),SSA,NY.GDP.MKTP.CD,1997,564682059532.031
Sub-Saharan Africa (excluding high income),SSA,NY.GDP.MKTP.CD,1998,566166520917.656
Sub-Saharan Africa (excluding high income),SSA,NY.GDP.MKTP.CD,1999,403985079543.677
Sub-Saharan Africa (excluding high income),SSA,NY.GDP.MKTP.CD,2000,428130754795.261
Sub-Saharan Africa (excluding high income),SSA,NY.GDP.MKTP.CD,2001,410270416419.428
Sub-Saharan Africa (excluding high income),SSA,NY.GDP.MKTP.CD,2002,448754410667.31
Sub-Saharan Africa (excluding high income),SSA,NY.GDP.MKTP.CD,2003,565165696847.835
Sub-Saharan Africa (excluding high income),SSA,NY.GDP.MKTP.CD,2004,701946427139.91
Sub-Saharan Africa (excluding high income),SSA,NY.GDP.MKTP.CD,2005,836012300136.335
Sub-Saharan Africa (excluding high income),SSA,NY.GDP.MKTP.CD,2006,987742442581.503
Sub-Saharan Africa (excluding high income),SSA,NY.GDP.MKTP.CD,2007,1144107728262.45
Sub-Saharan Africa (excluding high income),SSA,NY.GDP.MKTP.CD,2008,1299991378851.19
Sub-Saharan Africa (excluding high income),SSA,NY.GDP.MKTP.CD,2009,1241036741316.59
Sub-Saharan Africa (excluding high income),SSA,NY.GDP.MKTP.CD,2010,1468562341636.17
Sub-Saharan Africa (excluding high income),SSA,NY.GDP.MKTP.CD,2011,1649814720968.03
Sub-Saharan Africa (excluding high income),SSA,NY.GDP.MKTP.CD,2012,1716111793311.73
Sub-Saharan Africa (excluding high income),SSA,NY.GDP.MKTP.CD,2013,1824058015016.54
Sub-Saharan Africa (excluding high income),SSA,NY.GDP.MKTP.CD,2014,1901434469437.93
Sub-Saharan Africa (excluding high income),SSA,NY.GDP.MKTP.CD,2015,1686510433482.35
Sub-Saharan Africa (excluding high income),SSA,NY.GDP.MKTP.CD,2016,1531072388307.79
Sub-Saharan Africa (excluding high income),SSA,NY.GDP.MKTP.CD,2017,1671771628567.24
Sub-Saharan Africa (excluding high income),SSA,NY.GDP.MKTP.CD,2018,1797993099717.5
Sub-Saharan Africa (excluding high income),SSA,NY.GDP.MKTP.CD,2019,2044013272643.0
Sub-Saharan Africa (excluding high income),SSA,NY.GDP.MKTP.CD,2020,1900851749615.81
Sub-Saharan Africa (excluding high income),SSA,NY.GDP.MKTP.CD,2021,2138242804315.06
Sub-Saharan Africa (excluding high income),SSA,NY.GDP.MKTP.CD,2022,2288209678021.0
Sub-Saharan Africa (excluding high income),SSA,NY.GDP.MKTP.CD,2023,2115430662235.11
Sub-Saharan Africa (excluding high income),SSA,NY.GDP.MKTP.CD,2024,1987702493350.57
Sub-Saharan Africa (excluding high income),SSA,NY.GDP.MKTP.CD,2025,2208834023249.31
South Sudan,SSD,NY.GDP.MKTP.CD,2008,14586253383.0632
South Sudan,SSD,NY.GDP.MKTP.CD,2009,12231264525.0671
South Sudan,SSD,NY.GDP.MKTP.CD,2010,14602072410.9506
South Sudan,SSD,NY.GDP.MKTP.CD,2011,14907308932.7534
South Sudan,SSD,NY.GDP.MKTP.CD,2012,11931472169.4915
South Sudan,SSD,NY.GDP.MKTP.CD,2013,18426469016.9492
South Sudan,SSD,NY.GDP.MKTP.CD,2014,13962212847.4576
South Sudan,SSD,NY.GDP.MKTP.CD,2015,11997800760.2242
Sub-Saharan Africa,SSF,NY.GDP.MKTP.CD,1960,35992840315.6247
Sub-Saharan Africa,SSF,NY.GDP.MKTP.CD,1961,37521672250.0088
Sub-Saharan Africa,SSF,NY.GDP.MKTP.CD,1962,40553531625.494
Sub-Saharan Africa,SSF,NY.GDP.MKTP.CD,1963,46127234839.1369
Sub-Saharan Africa,SSF,NY.GDP.MKTP.CD,1964,45891029636.7017
Sub-Saharan Africa,SSF,NY.GDP.MKTP.CD,1965,50543662441.0134
Sub-Saharan Africa,SSF,NY.GDP.MKTP.CD,1966,54780166138.8791
Sub-Saharan Africa,SSF,NY.GDP.MKTP.CD,1967,54842929106.494
Sub-Saharan Africa,SSF,NY.GDP.MKTP.CD,1968,58686328764.3184
Sub-Saharan Africa,SSF,NY.GDP.MKTP.CD,1969,66258308877.6066
Sub-Saharan Africa,SSF,NY.GDP.MKTP.CD,1970,73998894005.1136
Sub-Saharan Africa,SSF,NY.GDP.MKTP.CD,1971,76078849833.2722
Sub-Saharan Africa,SSF,NY.GDP.MKTP.CD,1972,85727801728.0296
Sub-Saharan Africa,SSF,NY.GDP.MKTP.CD,1973,109279814642.668
Sub-Saharan Africa,SSF,NY.GDP.MKTP.CD,1974,138641829045.606
Sub-Saharan Africa,SSF,NY.GDP.MKTP.CD,1975,152220755514.281
Sub-Saharan Africa,SSF,NY.GDP.MKTP.CD,1976,164674566173.82
Sub-Saharan Africa,SSF,NY.GDP.MKTP.CD,1977,180959402619.766
Sub-Saharan Africa,SSF,NY.GDP.MKTP.CD,1978,202653123357.711
Sub-Saharan Africa,SSF,NY.GDP.MKTP.CD,1979,238924309636.553
Sub-Saharan Africa,SSF,NY.GDP.MKTP.CD,1980,300099287848.277
Sub-Saharan Africa,SSF,NY.GDP.MKTP.CD,1981,404964246963.97
Sub-Saharan Africa,SSF,NY.GDP.MKTP.CD,1982,376485687161.413
Sub-Saharan Africa,SSF,NY.GDP.MKTP.CD,1983,337928018074.435
Sub-Saharan Africa,SSF,NY.GDP.MKTP.CD,1984,301936361900.011
Sub-Saharan Africa,SSF,NY.GDP.MKTP.CD,1985,288309978620.849
Sub-Saharan Africa,SSF,NY.GDP.MKTP.CD,1986,270240108448.996
Sub-Saharan Africa,SSF,NY.GDP.MKTP.CD,1987,302632179778.341
Sub-Saharan Africa,SSF,NY.GDP.MKTP.CD,1988,318689734593.005
Sub-Saharan Africa,SSF,NY.GDP.MKTP.CD,1989,324390296940.169
Sub-Saharan Africa,SSF,NY.GDP.MKTP.CD,1990,379792346523.418
Sub-Saharan Africa,SSF,NY.GDP.MKTP.CD,1991,406697411520.779
Sub-Saharan Africa,SSF,NY.GDP.MKTP.CD,1992,365899500396.638
Sub-Saharan Africa,SSF,NY.GDP.MKTP.CD,1993,369858677464.712
Sub-Saharan Africa,SSF,NY.GDP.MKTP.CD,1994,378181813146.723
Sub-Saharan Africa,SSF,NY.GDP.MKTP.CD,1995,481079007260.503
Sub-Saharan Africa,SSF,NY.GDP.MKTP.CD,1996,537530179194.328
Sub-Saharan Africa,SSF,NY.GDP.MKTP.CD,1997,565282993319.412
Sub-Saharan Africa,SSF,NY.GDP.MKTP.CD,1998,566816310317.237
Sub-Saharan Africa,SSF,NY.GDP.MKTP.CD,1999,404651982255.301
Sub-Saharan Africa,SSF,NY.GDP.MKTP.CD,2000,428788727164.408
Sub-Saharan Africa,SSF,NY.GDP.MKTP.CD,2001,410936482186.298
Sub-Saharan Africa,SSF,NY.GDP.MKTP.CD,2002,449501126211.834
Sub-Saharan Africa,SSF,NY.GDP.MKTP.CD,2003,565920228913.281
Sub-Saharan Africa,SSF,NY.GDP.MKTP.CD,2004,702843567490.156
Sub-Saharan Africa,SSF,NY.GDP.MKTP.CD,2005,836994144673.233
Sub-Saharan Africa,SSF,NY.GDP.MKTP.CD,2006,988827706638.027
Sub-Saharan Africa,SSF,NY.GDP.MKTP.CD,2007,1145187476948.82
Sub-Saharan Africa,SSF,NY.GDP.MKTP.CD,2008,1300970976245.49
Sub-Saharan Africa,SSF,NY.GDP.MKTP.CD,2009,1241887642937.02
Sub-Saharan Africa,SSF,NY.GDP.MKTP.CD,2010,1469543958178.5
Sub-Saharan Africa,SSF,NY.GDP.MKTP.CD,2011,1650873639675.29
Sub-Saharan Africa,SSF,NY.GDP.MKTP.CD,2012,1717201201150.92
Sub-Saharan Africa,SSF,NY.GDP.MKTP.CD,2013,1825391175423.92
Sub-Saharan Africa,SSF,NY.GDP.MKTP.CD,2014,1902822047308.01
Sub-Saharan Africa,SSF,NY.GDP.MKTP.CD,2015,1687942836834.48
Sub-Saharan Africa,SSF,NY.GDP.MKTP.CD,2016,1532640901655.94
Sub-Saharan Africa,SSF,NY.GDP.MKTP.CD,2017,1673446999208.25
Sub-Saharan Africa,SSF,NY.GDP.MKTP.CD,2018,1799777413644.27
Sub-Saharan Africa,SSF,NY.GDP.MKTP.CD,2019,2045881962739.73
Sub-Saharan Africa,SSF,NY.GDP.MKTP.CD,2020,1902234301367.38
Sub-Saharan Africa,SSF,NY.GDP.MKTP.CD,2021,2139729978109.87
Sub-Saharan Africa,SSF,NY.GDP.MKTP.CD,2022,2290209566620.26
Sub-Saharan Africa,SSF,NY.GDP.MKTP.CD,2023,2117602210170.5
Sub-Saharan Africa,SSF,NY.GDP.MKTP.CD,2024,1989931102034.87
Sub-Saharan Africa,SSF,NY.GDP.MKTP.CD,2025,2211221046102.8
Small states,SST,NY.GDP.MKTP.CD,1970,4890889496.99746
Small states,SST,NY.GDP.MKTP.CD,1971,5468619820.41405
Small states,SST,NY.GDP.MKTP.CD,1972,6351288900.77119
Small states,SST,NY.GDP.MKTP.CD,1973,7975691955.23565
Small states,SST,NY.GDP.MKTP.CD,1974,12697499906.3869
Small states,SST,NY.GDP.MKTP.CD,1975,13756779384.7989
Small states,SST,NY.GDP.MKTP.CD,1976,15045613015.1234
Small states,SST,NY.GDP.MKTP.CD,1977,18115910570.6174
Small states,SST,NY.GDP.MKTP.CD,1978,20865461498.9433
Small states,SST,NY.GDP.MKTP.CD,1979,26701110584.6934
Small states,SST,NY.GDP.MKTP.CD,1980,37297800330.422
Small states,SST,NY.GDP.MKTP.CD,1981,37080220828.0361
Small states,SST,NY.GDP.MKTP.CD,1982,37651257006.5261
Small states,SST,NY.GDP.MKTP.CD,1983,35757123310.6083
Small states,SST,NY.GDP.MKTP.CD,1984,36203727886.5206
Small states,SST,NY.GDP.MKTP.CD,1985,35762826952.1383
Small states,SST,NY.GDP.MKTP.CD,1986,33618097085.4343
Small states,SST,NY.GDP.MKTP.CD,1987,38725831003.7765
Small states,SST,NY.GDP.MKTP.CD,1988,41025318188.0561
Small states,SST,NY.GDP.MKTP.CD,1989,41503137702.0696
Small states,SST,NY.GDP.MKTP.CD,1990,47935378887.7763
Small states,SST,NY.GDP.MKTP.CD,1991,50019032461.5015
Small states,SST,NY.GDP.MKTP.CD,1992,53255036349.5165
Small states,SST,NY.GDP.MKTP.CD,1993,51480858165.3107
Small states,SST,NY.GDP.MKTP.CD,1994,55022851743.2451
Small states,SST,NY.GDP.MKTP.CD,1995,63080936208.5003
Small states,SST,NY.GDP.MKTP.CD,1996,65815856108.6083
Small states,SST,NY.GDP.MKTP.CD,1997,69056214779.699
Small states,SST,NY.GDP.MKTP.CD,1998,70249508073.8252
Small states,SST,NY.GDP.MKTP.CD,1999,74261596877.6893
Small states,SST,NY.GDP.MKTP.CD,2000,76518051310.254
Small states,SST,NY.GDP.MKTP.CD,2001,77518242593.9385
Small states,SST,NY.GDP.MKTP.CD,2002,83416069983.4625
Small states,SST,NY.GDP.MKTP.CD,2003,99644317338.348
Small states,SST,NY.GDP.MKTP.CD,2004,115420457208.667
Small states,SST,NY.GDP.MKTP.CD,2005,129913596278.825
Small states,SST,NY.GDP.MKTP.CD,2006,145909077802.476
Small states,SST,NY.GDP.MKTP.CD,2007,171436169405.063
Small states,SST,NY.GDP.MKTP.CD,2008,189249315966.561
Small states,SST,NY.GDP.MKTP.CD,2009,161799686490.784
Small states,SST,NY.GDP.MKTP.CD,2010,172229082958.886
Small states,SST,NY.GDP.MKTP.CD,2011,193240230206.073
Small states,SST,NY.GDP.MKTP.CD,2012,194132843203.259
Small states,SST,NY.GDP.MKTP.CD,2013,201677128538.424
Small states,SST,NY.GDP.MKTP.CD,2014,208949943932.74
Small states,SST,NY.GDP.MKTP.CD,2015,193179840479.883
Small states,SST,NY.GDP.MKTP.CD,2016,195897524567.684
Small states,SST,NY.GDP.MKTP.CD,2017,213547946193.144
Small states,SST,NY.GDP.MKTP.CD,2018,230253786373.11
Small states,SST,NY.GDP.MKTP.CD,2019,231472341497.406
Small states,SST,NY.GDP.MKTP.CD,2020,208945862118.581
Small states,SST,NY.GDP.MKTP.CD,2021,244321758053.768
Small states,SST,NY.GDP.MKTP.CD,2022,270875639826.53
Small states,SST,NY.GDP.MKTP.CD,2023,287664662032.448
Small states,SST,NY.GDP.MKTP.CD,2024,311165525991.05
Small states,SST,NY.GDP.MKTP.CD,2025,337311651764.509
Sao Tome and Principe,STP,NY.GDP.MKTP.CD,1970,37211826.0869565
Sao Tome and Principe,STP,NY.GDP.MKTP.CD,1971,37288845.210287
Sao Tome and Principe,STP,NY.GDP.MKTP.CD,1972,41430256.8067496
Sao Tome and Principe,STP,NY.GDP.MKTP.CD,1973,56011244.7398414
Sao Tome and Principe,STP,NY.GDP.MKTP.CD,1974,57817591.4570048
Sao Tome and Principe,STP,NY.GDP.MKTP.CD,1975,60101709.8452627
Sao Tome and Principe,STP,NY.GDP.MKTP.CD,1976,52039421.1975774
Sao Tome and Principe,STP,NY.GDP.MKTP.CD,1977,49207692.3210324
Sao Tome and Principe,STP,NY.GDP.MKTP.CD,1978,55044562.8014217
Sao Tome and Principe,STP,NY.GDP.MKTP.CD,1979,65755928.1359723
Sao Tome and Principe,STP,NY.GDP.MKTP.CD,1980,81662231.0329968
Sao Tome and Principe,STP,NY.GDP.MKTP.CD,1981,83499263.5007481
Sao Tome and Principe,STP,NY.GDP.MKTP.CD,1982,80307762.6236105
Sao Tome and Principe,STP,NY.GDP.MKTP.CD,1983,75110289.1832665
Sao Tome and Principe,STP,NY.GDP.MKTP.CD,1984,78213795.9250336
Sao Tome and Principe,STP,NY.GDP.MKTP.CD,1985,82733069.4418031
Sao Tome and Principe,STP,NY.GDP.MKTP.CD,1986,115928906.745482
Sao Tome and Principe,STP,NY.GDP.MKTP.CD,1987,115952925.468271
Sao Tome and Principe,STP,NY.GDP.MKTP.CD,1988,99000764.3902251
Sao Tome and Principe,STP,NY.GDP.MKTP.CD,1989,98545367.0431211
Sao Tome and Principe,STP,NY.GDP.MKTP.CD,1990,119297932.757045
Sao Tome and Principe,STP,NY.GDP.MKTP.CD,1991,107484142.71556
Sao Tome and Principe,STP,NY.GDP.MKTP.CD,1992,94861780.6228352
Sao Tome and Principe,STP,NY.GDP.MKTP.CD,1993,125742228.756741
Sao Tome and Principe,STP,NY.GDP.MKTP.CD,1994,131338414.584209
Sao Tome and Principe,STP,NY.GDP.MKTP.CD,1995,103695236.781001
Sao Tome and Principe,STP,NY.GDP.MKTP.CD,1996,135188165.74708
Sao Tome and Principe,STP,NY.GDP.MKTP.CD,1997,91920274.2401657
Sao Tome and Principe,STP,NY.GDP.MKTP.CD,1998,72285403.8423458
Sao Tome and Principe,STP,NY.GDP.MKTP.CD,1999,77302211.9248351
Sao Tome and Principe,STP,NY.GDP.MKTP.CD,2000,76198394.8202671
Sao Tome and Principe,STP,NY.GDP.MKTP.CD,2001,75951133.3777948
Sao Tome and Principe,STP,NY.GDP.MKTP.CD,2002,85171073.8777498
Sao Tome and Principe,STP,NY.GDP.MKTP.CD,2003,102085769.123419
Sao Tome and Principe,STP,NY.GDP.MKTP.CD,2004,114582283.916382
Sao Tome and Principe,STP,NY.GDP.MKTP.CD,2005,136450662.390592
Sao Tome and Principe,STP,NY.GDP.MKTP.CD,2006,142775104.081626
Sao Tome and Principe,STP,NY.GDP.MKTP.CD,2007,149146918.888611
Sao Tome and Principe,STP,NY.GDP.MKTP.CD,2008,188021165.00338
Sao Tome and Principe,STP,NY.GDP.MKTP.CD,2009,200668065.03175
Sao Tome and Principe,STP,NY.GDP.MKTP.CD,2010,190021192.489536
Sao Tome and Principe,STP,NY.GDP.MKTP.CD,2011,226455001.243083
Sao Tome and Principe,STP,NY.GDP.MKTP.CD,2012,229371348.441006
Sao Tome and Principe,STP,NY.GDP.MKTP.CD,2013,267041747.584354
Sao Tome and Principe,STP,NY.GDP.MKTP.CD,2014,293119143.246825
Sao Tome and Principe,STP,NY.GDP.MKTP.CD,2015,259999643.047388
Sao Tome and Principe,STP,NY.GDP.MKTP.CD,2016,292267272.196925
Sao Tome and Principe,STP,NY.GDP.MKTP.CD,2017,322002845.229335
Sao Tome and Principe,STP,NY.GDP.MKTP.CD,2018,383717327.830508
Sao Tome and Principe,STP,NY.GDP.MKTP.CD,2019,412976082.620705
Sao Tome and Principe,STP,NY.GDP.MKTP.CD,2020,471229484.607144
Sao Tome and Principe,STP,NY.GDP.MKTP.CD,2021,524402455.54816
Sao Tome and Principe,STP,NY.GDP.MKTP.CD,2022,540809499.189348
Sao Tome and Principe,STP,NY.GDP.MKTP.CD,2023,690456806.696406
Sao Tome and Principe,STP,NY.GDP.MKTP.CD,2024,824992558.045383
Sao Tome and Principe,STP,NY.GDP.MKTP.CD,2025,981293586.906408
Suriname,SUR,NY.GDP.MKTP.CD,1960,99650000.0
Suriname,SUR,NY.GDP.MKTP.CD,1961,107700000.0
Suriname,SUR,NY.GDP.MKTP.CD,1962,116150000.0
Suriname,SUR,NY.GDP.MKTP.CD,1963,125950000.0
Suriname,SUR,NY.GDP.MKTP.CD,1964,134400000.0
Suriname,SUR,NY.GDP.MKTP.CD,1965,154150000.0
Suriname,SUR,NY.GDP.MKTP.CD,1966,190350000.0
Suriname,SUR,NY.GDP.MKTP.CD,1967,220700000.0
Suriname,SUR,NY.GDP.MKTP.CD,1968,241350000.0
Suriname,SUR,NY.GDP.MKTP.CD,1969,259650000.0
Suriname,SUR,NY.GDP.MKTP.CD,1970,274900000.0
Suriname,SUR,NY.GDP.MKTP.CD,1971,301000000.0
Suriname,SUR,NY.GDP.MKTP.CD,1972,311950000.0
Suriname,SUR,NY.GDP.MKTP.CD,1973,339450000.0
Suriname,SUR,NY.GDP.MKTP.CD,1974,409850000.0
Suriname,SUR,NY.GDP.MKTP.CD,1975,465500000.0
Suriname,SUR,NY.GDP.MKTP.CD,1976,505500000.0
Suriname,SUR,NY.GDP.MKTP.CD,1977,641500000.0
Suriname,SUR,NY.GDP.MKTP.CD,1978,735500000.0
Suriname,SUR,NY.GDP.MKTP.CD,1979,782500000.0
Suriname,SUR,NY.GDP.MKTP.CD,1980,795000000.0
Suriname,SUR,NY.GDP.MKTP.CD,1981,889000000.0
Suriname,SUR,NY.GDP.MKTP.CD,1982,915000000.0
Suriname,SUR,NY.GDP.MKTP.CD,1983,883500000.0
Suriname,SUR,NY.GDP.MKTP.CD,1984,864000000.0
Suriname,SUR,NY.GDP.MKTP.CD,1985,873000000.0
Suriname,SUR,NY.GDP.MKTP.CD,1986,891000000.0
Suriname,SUR,NY.GDP.MKTP.CD,1987,980000000.0
Suriname,SUR,NY.GDP.MKTP.CD,1988,1161000000.0
Suriname,SUR,NY.GDP.MKTP.CD,1989,542600000.0
Suriname,SUR,NY.GDP.MKTP.CD,1990,388400000.0
Suriname,SUR,NY.GDP.MKTP.CD,1991,448100000.0
Suriname,SUR,NY.GDP.MKTP.CD,1992,404600000.0
Suriname,SUR,NY.GDP.MKTP.CD,1993,428764705.882353
Suriname,SUR,NY.GDP.MKTP.CD,1994,605492537.313433
Suriname,SUR,NY.GDP.MKTP.CD,1995,691590497.737557
Suriname,SUR,NY.GDP.MKTP.CD,1996,861372806.2082
Suriname,SUR,NY.GDP.MKTP.CD,1997,926422500.0
Suriname,SUR,NY.GDP.MKTP.CD,1998,1110850000.0
Suriname,SUR,NY.GDP.MKTP.CD,1999,886290697.674419
Suriname,SUR,NY.GDP.MKTP.CD,2000,947671969.69697
Suriname,SUR,NY.GDP.MKTP.CD,2001,834279357.798165
Suriname,SUR,NY.GDP.MKTP.CD,2002,1093574468.08511
Suriname,SUR,NY.GDP.MKTP.CD,2003,1274190311.41869
Suriname,SUR,NY.GDP.MKTP.CD,2004,1484092538.40527
Suriname,SUR,NY.GDP.MKTP.CD,2005,1793410397.38738
Suriname,SUR,NY.GDP.MKTP.CD,2006,2626380435.17877
Suriname,SUR,NY.GDP.MKTP.CD,2007,2936612021.85792
Suriname,SUR,NY.GDP.MKTP.CD,2008,3532969034.60838
Suriname,SUR,NY.GDP.MKTP.CD,2009,3875409836.06557
Suriname,SUR,NY.GDP.MKTP.CD,2010,4368370997.92126
Suriname,SUR,NY.GDP.MKTP.CD,2011,4422276621.78703
Suriname,SUR,NY.GDP.MKTP.CD,2012,4980000000.0
Suriname,SUR,NY.GDP.MKTP.CD,2013,5145757575.75758
Suriname,SUR,NY.GDP.MKTP.CD,2014,5240606060.60606
Suriname,SUR,NY.GDP.MKTP.CD,2015,5126237646.22072
Suriname,SUR,NY.GDP.MKTP.CD,2016,3317421648.09918
Suriname,SUR,NY.GDP.MKTP.CD,2017,3591679430.99988
Suriname,SUR,NY.GDP.MKTP.CD,2018,3996198866.57453
Suriname,SUR,NY.GDP.MKTP.CD,2019,4016040575.08796
Suriname,SUR,NY.GDP.MKTP.CD,2020,2911807496.20227
Suriname,SUR,NY.GDP.MKTP.CD,2021,3107923197.96954
Suriname,SUR,NY.GDP.MKTP.CD,2022,3791603200.0259
Suriname,SUR,NY.GDP.MKTP.CD,2023,3472693412.08497
Suriname,SUR,NY.GDP.MKTP.CD,2024,4416775112.72266
Suriname,SUR,NY.GDP.MKTP.CD,2025,4523657796.86421
Slovak Republic,SVK,NY.GDP.MKTP.CD,1990,17068924601.58
Slovak Republic,SVK,NY.GDP.MKTP.CD,1991,11952983607.5985
Slovak Republic,SVK,NY.GDP.MKTP.CD,1992,12932972788.7293
Slovak Republic,SVK,NY.GDP.MKTP.CD,1993,13991963247.0881
Slovak Republic,SVK,NY.GDP.MKTP.CD,1994,16187735322.0356
Slovak Republic,SVK,NY.GDP.MKTP.CD,1995,20306095054.0841
Slovak Republic,SVK,NY.GDP.MKTP.CD,1996,21864845213.7406
Slovak Republic,SVK,NY.GDP.MKTP.CD,1997,22026728498.4531
Slovak Republic,SVK,NY.GDP.MKTP.CD,1998,22911708404.9614
Slovak Republic,SVK,NY.GDP.MKTP.CD,1999,20813421086.4137
Slovak Republic,SVK,NY.GDP.MKTP.CD,2000,20626538612.3376
Slovak Republic,SVK,NY.GDP.MKTP.CD,2001,21377597034.604
Slovak Republic,SVK,NY.GDP.MKTP.CD,2002,24768142566.4057
Slovak Republic,SVK,NY.GDP.MKTP.CD,2003,33761723945.8299
Slovak Republic,SVK,NY.GDP.MKTP.CD,2004,42960730480.0495
Slovak Republic,SVK,NY.GDP.MKTP.CD,2005,48823790951.4538
Slovak Republic,SVK,NY.GDP.MKTP.CD,2006,57111148619.2975
Slovak Republic,SVK,NY.GDP.MKTP.CD,2007,77019443089.3052
Slovak Republic,SVK,NY.GDP.MKTP.CD,2008,96685492864.2317
Slovak Republic,SVK,NY.GDP.MKTP.CD,2009,89342984697.5246
Slovak Republic,SVK,NY.GDP.MKTP.CD,2010,91112160800.7668
Slovak Republic,SVK,NY.GDP.MKTP.CD,2011,99705104723.4341
Slovak Republic,SVK,NY.GDP.MKTP.CD,2012,94724394278.052
Slovak Republic,SVK,NY.GDP.MKTP.CD,2013,99134277850.3418
Slovak Republic,SVK,NY.GDP.MKTP.CD,2014,101713075598.862
Slovak Republic,SVK,NY.GDP.MKTP.CD,2015,89178548717.3324
Slovak Republic,SVK,NY.GDP.MKTP.CD,2016,90347173228.6356
Slovak Republic,SVK,NY.GDP.MKTP.CD,2017,95978130734.9766
Slovak Republic,SVK,NY.GDP.MKTP.CD,2018,106611673364.837
Slovak Republic,SVK,NY.GDP.MKTP.CD,2019,105843498304.094
Slovak Republic,SVK,NY.GDP.MKTP.CD,2020,107732602896.441
Slovak Republic,SVK,NY.GDP.MKTP.CD,2021,120511265913.343
Slovak Republic,SVK,NY.GDP.MKTP.CD,2022,115792972358.209
Slovak Republic,SVK,NY.GDP.MKTP.CD,2023,133578518423.544
Slovak Republic,SVK,NY.GDP.MKTP.CD,2024,140934076532.375
Slovak Republic,SVK,NY.GDP.MKTP.CD,2025,154530066506.895
Slovenia,SVN,NY.GDP.MKTP.CD,1990,19832029087.1272
Slovenia,SVN,NY.GDP.MKTP.CD,1991,14454495058.907
Slovenia,SVN,NY.GDP.MKTP.CD,1992,14277261540.7456
Slovenia,SVN,NY.GDP.MKTP.CD,1993,14449298371.7879
Slovenia,SVN,NY.GDP.MKTP.CD,1994,16400767069.6294
Slovenia,SVN,NY.GDP.MKTP.CD,1995,21367422159.3207
Slovenia,SVN,NY.GDP.MKTP.CD,1996,21470699362.6062
Slovenia,SVN,NY.GDP.MKTP.CD,1997,20726878751.5006
Slovenia,SVN,NY.GDP.MKTP.CD,1998,22058635314.4836
Slovenia,SVN,NY.GDP.MKTP.CD,1999,22609669083.7179
Slovenia,SVN,NY.GDP.MKTP.CD,2000,20159190701.6789
Slovenia,SVN,NY.GDP.MKTP.CD,2001,20668868706.8115
Slovenia,SVN,NY.GDP.MKTP.CD,2002,23214593516.2095
Slovenia,SVN,NY.GDP.MKTP.CD,2003,29360575031.8177
Slovenia,SVN,NY.GDP.MKTP.CD,2004,34156553313.4031
Slovenia,SVN,NY.GDP.MKTP.CD,2005,35947936823.7781
Slovenia,SVN,NY.GDP.MKTP.CD,2006,39260368837.0342
Slovenia,SVN,NY.GDP.MKTP.CD,2007,47880266542.577
Slovenia,SVN,NY.GDP.MKTP.CD,2008,55509332322.3578
Slovenia,SVN,NY.GDP.MKTP.CD,2009,49975540954.8465
Slovenia,SVN,NY.GDP.MKTP.CD,2010,47793117240.9001
Slovenia,SVN,NY.GDP.MKTP.CD,2011,51199194599.3094
Slovenia,SVN,NY.GDP.MKTP.CD,2012,46167053954.3367
Slovenia,SVN,NY.GDP.MKTP.CD,2013,47867056858.8892
Slovenia,SVN,NY.GDP.MKTP.CD,2014,49514466379.6057
Slovenia,SVN,NY.GDP.MKTP.CD,2015,42709468274.8137
Slovenia,SVN,NY.GDP.MKTP.CD,2016,44290685824.0682
Slovenia,SVN,NY.GDP.MKTP.CD,2017,48153200134.6613
Slovenia,SVN,NY.GDP.MKTP.CD,2018,53689067639.9176
Slovenia,SVN,NY.GDP.MKTP.CD,2019,53909922735.545
Slovenia,SVN,NY.GDP.MKTP.CD,2020,53384760135.1581
Slovenia,SVN,NY.GDP.MKTP.CD,2021,61540813361.8556
Slovenia,SVN,NY.GDP.MKTP.CD,2022,59899117741.0022
Slovenia,SVN,NY.GDP.MKTP.CD,2023,69255264238.3855
Slovenia,SVN,NY.GDP.MKTP.CD,2024,72972015197.3859
Slovenia,SVN,NY.GDP.MKTP.CD,2025,79648204979.3618
Sweden,SWE,NY.GDP.MKTP.CD,1960,15930075466.8898
Sweden,SWE,NY.GDP.MKTP.CD,1961,17329620584.6147
Sweden,SWE,NY.GDP.MKTP.CD,1962,18794066990.0612
Sweden,SWE,NY.GDP.MKTP.CD,1963,20342131881.5074
Sweden,SWE,NY.GDP.MKTP.CD,1964,22685490195.3119
Sweden,SWE,NY.GDP.MKTP.CD,1965,24963947414.6983
Sweden,SWE,NY.GDP.MKTP.CD,1966,27154716721.2854
Sweden,SWE,NY.GDP.MKTP.CD,1967,29474881505.9928
Sweden,SWE,NY.GDP.MKTP.CD,1968,31277871668.8452
Sweden,SWE,NY.GDP.MKTP.CD,1969,33967301561.0634
Sweden,SWE,NY.GDP.MKTP.CD,1970,38037226668.2131
Sweden,SWE,NY.GDP.MKTP.CD,1971,41506151114.9262
Sweden,SWE,NY.GDP.MKTP.CD,1972,48883173399.9664
Sweden,SWE,NY.GDP.MKTP.CD,1973,59318842992.2378
Sweden,SWE,NY.GDP.MKTP.CD,1974,65917634590.2599
Sweden,SWE,NY.GDP.MKTP.CD,1975,82765232647.753
Sweden,SWE,NY.GDP.MKTP.CD,1976,89232517045.8459
Sweden,SWE,NY.GDP.MKTP.CD,1977,94331782622.2778
Sweden,SWE,NY.GDP.MKTP.CD,1978,104290933495.629
Sweden,SWE,NY.GDP.MKTP.CD,1979,123207527699.377
Sweden,SWE,NY.GDP.MKTP.CD,1980,141886067003.972
Sweden,SWE,NY.GDP.MKTP.CD,1981,129498921475.688
Sweden,SWE,NY.GDP.MKTP.CD,1982,114214731798.937
Sweden,SWE,NY.GDP.MKTP.CD,1983,104862109663.367
Sweden,SWE,NY.GDP.MKTP.CD,1984,109043045407.287
Sweden,SWE,NY.GDP.MKTP.CD,1985,113958084357.094
Sweden,SWE,NY.GDP.MKTP.CD,1986,150279869728.789
Sweden,SWE,NY.GDP.MKTP.CD,1987,182744315973.756
Sweden,SWE,NY.GDP.MKTP.CD,1988,206686590775.558
Sweden,SWE,NY.GDP.MKTP.CD,1989,217632340194.512
Sweden,SWE,NY.GDP.MKTP.CD,1990,261466577008.853
Sweden,SWE,NY.GDP.MKTP.CD,1991,273831464572.137
Sweden,SWE,NY.GDP.MKTP.CD,1992,283908914454.48
Sweden,SWE,NY.GDP.MKTP.CD,1993,212644602615.823
Sweden,SWE,NY.GDP.MKTP.CD,1994,228699066874.028
Sweden,SWE,NY.GDP.MKTP.CD,1995,267050453506.792
Sweden,SWE,NY.GDP.MKTP.CD,1996,291949597375.485
Sweden,SWE,NY.GDP.MKTP.CD,1997,268249616890.856
Sweden,SWE,NY.GDP.MKTP.CD,1998,270887306758.576
Sweden,SWE,NY.GDP.MKTP.CD,1999,274318357862.122
Sweden,SWE,NY.GDP.MKTP.CD,2000,262903560280.282
Sweden,SWE,NY.GDP.MKTP.CD,2001,242497797484.776
Sweden,SWE,NY.GDP.MKTP.CD,2002,267371907446.776
Sweden,SWE,NY.GDP.MKTP.CD,2003,334072443515.576
Sweden,SWE,NY.GDP.MKTP.CD,2004,384545442175.019
Sweden,SWE,NY.GDP.MKTP.CD,2005,391688455928.597
Sweden,SWE,NY.GDP.MKTP.CD,2006,422528394459.353
Sweden,SWE,NY.GDP.MKTP.CD,2007,490047789548.441
Sweden,SWE,NY.GDP.MKTP.CD,2008,514614100832.941
Sweden,SWE,NY.GDP.MKTP.CD,2009,434311714442.499
Sweden,SWE,NY.GDP.MKTP.CD,2010,492750897239.447
Sweden,SWE,NY.GDP.MKTP.CD,2011,570538581144.45
Sweden,SWE,NY.GDP.MKTP.CD,2012,549739674655.127
Sweden,SWE,NY.GDP.MKTP.CD,2013,584125353119.18
Sweden,SWE,NY.GDP.MKTP.CD,2014,577727767303.596
Sweden,SWE,NY.GDP.MKTP.CD,2015,501602351911.6
Sweden,SWE,NY.GDP.MKTP.CD,2016,513058312950.939
Sweden,SWE,NY.GDP.MKTP.CD,2017,535172356784.769
Sweden,SWE,NY.GDP.MKTP.CD,2018,549649344043.182
Sweden,SWE,NY.GDP.MKTP.CD,2019,530894124494.418
Sweden,SWE,NY.GDP.MKTP.CD,2020,544265668451.678
Sweden,SWE,NY.GDP.MKTP.CD,2021,631693331300.776
Sweden,SWE,NY.GDP.MKTP.CD,2022,575071237640.921
Sweden,SWE,NY.GDP.MKTP.CD,2023,578990915246.07
Sweden,SWE,NY.GDP.MKTP.CD,2024,604827393488.582
Sweden,SWE,NY.GDP.MKTP.CD,2025,668998664082.081
Eswatini,SWZ,NY.GDP.MKTP.CD,1960,35076845.9692616
Eswatini,SWZ,NY.GDP.MKTP.CD,1961,43026042.7895829
Eswatini,SWZ,NY.GDP.MKTP.CD,1962,45927961.6288154
Eswatini,SWZ,NY.GDP.MKTP.CD,1963,54129438.3482247
Eswatini,SWZ,NY.GDP.MKTP.CD,1964,64980554.0077784
Eswatini,SWZ,NY.GDP.MKTP.CD,1965,70279971.8880112
Eswatini,SWZ,NY.GDP.MKTP.CD,1966,76859969.2560123
Eswatini,SWZ,NY.GDP.MKTP.CD,1967,74759970.096012
Eswatini,SWZ,NY.GDP.MKTP.CD,1968,79799968.0800128
Eswatini,SWZ,NY.GDP.MKTP.CD,1969,105419957.832017
Eswatini,SWZ,NY.GDP.MKTP.CD,1970,112139955.144018
Eswatini,SWZ,NY.GDP.MKTP.CD,1971,136462080.739132
Eswatini,SWZ,NY.GDP.MKTP.CD,1972,146736479.235097
Eswatini,SWZ,NY.GDP.MKTP.CD,1973,221915127.550763
Eswatini,SWZ,NY.GDP.MKTP.CD,1974,264320940.959002
Eswatini,SWZ,NY.GDP.MKTP.CD,1975,288299788.508035
Eswatini,SWZ,NY.GDP.MKTP.CD,1976,272550068.137517
Eswatini,SWZ,NY.GDP.MKTP.CD,1977,304060076.015019
Eswatini,SWZ,NY.GDP.MKTP.CD,1978,340630085.157521
Eswatini,SWZ,NY.GDP.MKTP.CD,1979,412093133.760988
Eswatini,SWZ,NY.GDP.MKTP.CD,1980,541976852.577057
Eswatini,SWZ,NY.GDP.MKTP.CD,1981,570774824.830585
Eswatini,SWZ,NY.GDP.MKTP.CD,1982,537568059.413381
Eswatini,SWZ,NY.GDP.MKTP.CD,1983,555336145.767884
Eswatini,SWZ,NY.GDP.MKTP.CD,1984,494483408.878468
Eswatini,SWZ,NY.GDP.MKTP.CD,1985,360079419.385958
Eswatini,SWZ,NY.GDP.MKTP.CD,1986,449140318.385038
Eswatini,SWZ,NY.GDP.MKTP.CD,1987,584126092.258819
Eswatini,SWZ,NY.GDP.MKTP.CD,1988,692026454.737872
Eswatini,SWZ,NY.GDP.MKTP.CD,1989,696921542.378265
Eswatini,SWZ,NY.GDP.MKTP.CD,1990,1114694040.66987
Eswatini,SWZ,NY.GDP.MKTP.CD,1991,1156135717.94598
Eswatini,SWZ,NY.GDP.MKTP.CD,1992,1284759927.54594
Eswatini,SWZ,NY.GDP.MKTP.CD,1993,1357189551.68431
Eswatini,SWZ,NY.GDP.MKTP.CD,1994,1419294254.4183
Eswatini,SWZ,NY.GDP.MKTP.CD,1995,1698989463.99106
Eswatini,SWZ,NY.GDP.MKTP.CD,1996,1602741833.70552
Eswatini,SWZ,NY.GDP.MKTP.CD,1997,1716714070.12471
Eswatini,SWZ,NY.GDP.MKTP.CD,1998,1576908856.34674
Eswatini,SWZ,NY.GDP.MKTP.CD,1999,1547888495.98428
Eswatini,SWZ,NY.GDP.MKTP.CD,2000,1697161557.89452
Eswatini,SWZ,NY.GDP.MKTP.CD,2001,1502870485.88122
Eswatini,SWZ,NY.GDP.MKTP.CD,2002,1393945030.65105
Eswatini,SWZ,NY.GDP.MKTP.CD,2003,2149632433.27703
Eswatini,SWZ,NY.GDP.MKTP.CD,2004,2710331785.24986
Eswatini,SWZ,NY.GDP.MKTP.CD,2005,3097946371.06311
Eswatini,SWZ,NY.GDP.MKTP.CD,2006,3215307900.74767
Eswatini,SWZ,NY.GDP.MKTP.CD,2007,3391122887.17476
Eswatini,SWZ,NY.GDP.MKTP.CD,2008,3235921170.5095
Eswatini,SWZ,NY.GDP.MKTP.CD,2009,3525213502.43118
Eswatini,SWZ,NY.GDP.MKTP.CD,2010,4360714358.88708
Eswatini,SWZ,NY.GDP.MKTP.CD,2011,4722912047.32265
Eswatini,SWZ,NY.GDP.MKTP.CD,2012,4747813067.26006
Eswatini,SWZ,NY.GDP.MKTP.CD,2013,4463396204.01995
Eswatini,SWZ,NY.GDP.MKTP.CD,2014,4285065665.03168
Eswatini,SWZ,NY.GDP.MKTP.CD,2015,3908217914.21824
Eswatini,SWZ,NY.GDP.MKTP.CD,2016,3722306116.72872
Eswatini,SWZ,NY.GDP.MKTP.CD,2017,4462640651.49219
Eswatini,SWZ,NY.GDP.MKTP.CD,2018,4643751059.28203
Eswatini,SWZ,NY.GDP.MKTP.CD,2019,4617018958.69086
Eswatini,SWZ,NY.GDP.MKTP.CD,2020,4134677809.50096
Eswatini,SWZ,NY.GDP.MKTP.CD,2021,4807069277.20114
Eswatini,SWZ,NY.GDP.MKTP.CD,2022,4746660273.50829
Eswatini,SWZ,NY.GDP.MKTP.CD,2023,4621191261.84214
Eswatini,SWZ,NY.GDP.MKTP.CD,2024,4858885840.77236
Eswatini,SWZ,NY.GDP.MKTP.CD,2025,5160679612.81734
Sint Maarten (Dutch part),SXM,NY.GDP.MKTP.CD,2009,854972067.039106
Sint Maarten (Dutch part),SXM,NY.GDP.MKTP.CD,2010,892290502.793296
Sint Maarten (Dutch part),SXM,NY.GDP.MKTP.CD,2011,936089385.47486
Sint Maarten (Dutch part),SXM,NY.GDP.MKTP.CD,2012,985865921.787709
Sint Maarten (Dutch part),SXM,NY.GDP.MKTP.CD,2013,1022905027.93296
Sint Maarten (Dutch part),SXM,NY.GDP.MKTP.CD,2014,1361811508.37989
Sint Maarten (Dutch part),SXM,NY.GDP.MKTP.CD,2015,1417888715.0838
Sint Maarten (Dutch part),SXM,NY.GDP.MKTP.CD,2016,1427017206.70391
Sint Maarten (Dutch part),SXM,NY.GDP.MKTP.CD,2017,1353212122.90503
Sint Maarten (Dutch part),SXM,NY.GDP.MKTP.CD,2018,1259200446.92737
Sint Maarten (Dutch part),SXM,NY.GDP.MKTP.CD,2019,1407880446.92737
Sint Maarten (Dutch part),SXM,NY.GDP.MKTP.CD,2020,1236428100.55866
Sint Maarten (Dutch part),SXM,NY.GDP.MKTP.CD,2021,1353071061.45251
Sint Maarten (Dutch part),SXM,NY.GDP.MKTP.CD,2022,1592564636.87151
Sint Maarten (Dutch part),SXM,NY.GDP.MKTP.CD,2023,1686525977.65363
Sint Maarten (Dutch part),SXM,NY.GDP.MKTP.CD,2024,1797836648.04469
Sint Maarten (Dutch part),SXM,NY.GDP.MKTP.CD,2025,1887728480.44693
Seychelles,SYC,NY.GDP.MKTP.CD,1960,12012024.6246505
Seychelles,SYC,NY.GDP.MKTP.CD,1961,11592023.7636487
Seychelles,SYC,NY.GDP.MKTP.CD,1962,12642025.9161531
Seychelles,SYC,NY.GDP.MKTP.CD,1963,13923028.5422085
Seychelles,SYC,NY.GDP.MKTP.CD,1964,15393031.5557147
Seychelles,SYC,NY.GDP.MKTP.CD,1965,15603031.9862156
Seychelles,SYC,NY.GDP.MKTP.CD,1966,16443033.7082191
Seychelles,SYC,NY.GDP.MKTP.CD,1967,16632032.1339974
Seychelles,SYC,NY.GDP.MKTP.CD,1968,16074027.6473276
Seychelles,SYC,NY.GDP.MKTP.CD,1969,16452028.2974887
Seychelles,SYC,NY.GDP.MKTP.CD,1970,18432031.7030945
Seychelles,SYC,NY.GDP.MKTP.CD,1971,21965950.7711142
Seychelles,SYC,NY.GDP.MKTP.CD,1972,30645122.9204727
Seychelles,SYC,NY.GDP.MKTP.CD,1973,36896280.4764104
Seychelles,SYC,NY.GDP.MKTP.CD,1974,43134496.1645367
Seychelles,SYC,NY.GDP.MKTP.CD,1975,47803145.9480985
Seychelles,SYC,NY.GDP.MKTP.CD,1976,49278981.7550701
Seychelles,SYC,NY.GDP.MKTP.CD,1977,64526401.4638544
Seychelles,SYC,NY.GDP.MKTP.CD,1978,85552365.8005137
Seychelles,SYC,NY.GDP.MKTP.CD,1979,127261099.223864
Seychelles,SYC,NY.GDP.MKTP.CD,1980,156783829.504298
Seychelles,SYC,NY.GDP.MKTP.CD,1981,163750728.155916
Seychelles,SYC,NY.GDP.MKTP.CD,1982,157211789.714587
Seychelles,SYC,NY.GDP.MKTP.CD,1983,156098237.022585
Seychelles,SYC,NY.GDP.MKTP.CD,1984,160992920.960262
Seychelles,SYC,NY.GDP.MKTP.CD,1985,179691482.72165
Seychelles,SYC,NY.GDP.MKTP.CD,1986,221147061.290068
Seychelles,SYC,NY.GDP.MKTP.CD,1987,265212956.838633
Seychelles,SYC,NY.GDP.MKTP.CD,1988,301985618.085556
Seychelles,SYC,NY.GDP.MKTP.CD,1989,324333366.514829
Seychelles,SYC,NY.GDP.MKTP.CD,1990,392163560.868669
Seychelles,SYC,NY.GDP.MKTP.CD,1991,398307169.860405
Seychelles,SYC,NY.GDP.MKTP.CD,1992,461409398.855893
Seychelles,SYC,NY.GDP.MKTP.CD,1993,504230620.551871
Seychelles,SYC,NY.GDP.MKTP.CD,1994,517570058.151034
Seychelles,SYC,NY.GDP.MKTP.CD,1995,540733047.733048
Seychelles,SYC,NY.GDP.MKTP.CD,1996,535250347.089479
Seychelles,SYC,NY.GDP.MKTP.CD,1997,598966982.350186
Seychelles,SYC,NY.GDP.MKTP.CD,1998,647287375.762528
Seychelles,SYC,NY.GDP.MKTP.CD,1999,662838614.880674
Seychelles,SYC,NY.GDP.MKTP.CD,2000,654212394.27164
Seychelles,SYC,NY.GDP.MKTP.CD,2001,662064155.920692
Seychelles,SYC,NY.GDP.MKTP.CD,2002,742134837.50919
Seychelles,SYC,NY.GDP.MKTP.CD,2003,750847230.099263
Seychelles,SYC,NY.GDP.MKTP.CD,2004,893012218.181818
Seychelles,SYC,NY.GDP.MKTP.CD,2005,977899381.818182
Seychelles,SYC,NY.GDP.MKTP.CD,2006,1081441283.31798
Seychelles,SYC,NY.GDP.MKTP.CD,2007,1077308813.82945
Seychelles,SYC,NY.GDP.MKTP.CD,2008,979597394.293453
Seychelles,SYC,NY.GDP.MKTP.CD,2009,850901620.433301
Seychelles,SYC,NY.GDP.MKTP.CD,2010,981616542.328454
Seychelles,SYC,NY.GDP.MKTP.CD,2011,1058918707.26124
Seychelles,SYC,NY.GDP.MKTP.CD,2012,1089407839.19709
Seychelles,SYC,NY.GDP.MKTP.CD,2013,1333160407.38516
Seychelles,SYC,NY.GDP.MKTP.CD,2014,1387577870.08161
Seychelles,SYC,NY.GDP.MKTP.CD,2015,1432403352.12944
Seychelles,SYC,NY.GDP.MKTP.CD,2016,1568513348.14463
Seychelles,SYC,NY.GDP.MKTP.CD,2017,1675370641.01416
Seychelles,SYC,NY.GDP.MKTP.CD,2018,1784313926.76807
Seychelles,SYC,NY.GDP.MKTP.CD,2019,1868690096.73454
Seychelles,SYC,NY.GDP.MKTP.CD,2020,1382551751.56908
Seychelles,SYC,NY.GDP.MKTP.CD,2021,1487173794.80528
Seychelles,SYC,NY.GDP.MKTP.CD,2022,1999888599.25474
Seychelles,SYC,NY.GDP.MKTP.CD,2023,2171547935.38159
Seychelles,SYC,NY.GDP.MKTP.CD,2024,2228608684.29911
Seychelles,SYC,NY.GDP.MKTP.CD,2025,2387022853.48583
Syrian Arab Republic,SYR,NY.GDP.MKTP.CD,1960,857704413.407821
Syrian Arab Republic,SYR,NY.GDP.MKTP.CD,1961,945244972.067039
Syrian Arab Republic,SYR,NY.GDP.MKTP.CD,1962,1110565880.75881
Syrian Arab Republic,SYR,NY.GDP.MKTP.CD,1963,1200447408.37696
Syrian Arab Republic,SYR,NY.GDP.MKTP.CD,1964,1339494267.01571
Syrian Arab Republic,SYR,NY.GDP.MKTP.CD,1965,1472036540.13329
Syrian Arab Republic,SYR,NY.GDP.MKTP.CD,1966,1342287553.19149
Syrian Arab Republic,SYR,NY.GDP.MKTP.CD,1967,1580229799.42693
Syrian Arab Republic,SYR,NY.GDP.MKTP.CD,1968,1753746429.62092
Syrian Arab Republic,SYR,NY.GDP.MKTP.CD,1969,2245011514.55676
Syrian Arab Republic,SYR,NY.GDP.MKTP.CD,1970,2140384010.0724
Syrian Arab Republic,SYR,NY.GDP.MKTP.CD,1971,2589851325.14544
Syrian Arab Republic,SYR,NY.GDP.MKTP.CD,1972,3059681697.61273
Syrian Arab Republic,SYR,NY.GDP.MKTP.CD,1973,3239487516.42576
Syrian Arab Republic,SYR,NY.GDP.MKTP.CD,1974,5159557147.50895
Syrian Arab Republic,SYR,NY.GDP.MKTP.CD,1975,6826980444.14982
Syrian Arab Republic,SYR,NY.GDP.MKTP.CD,1976,7633528866.93424
Syrian Arab Republic,SYR,NY.GDP.MKTP.CD,1977,7696011396.0114
Syrian Arab Republic,SYR,NY.GDP.MKTP.CD,1978,9275200458.19015
Syrian Arab Republic,SYR,NY.GDP.MKTP.CD,1979,9929681528.66242
Syrian Arab Republic,SYR,NY.GDP.MKTP.CD,1980,13062420382.1656
Syrian Arab Republic,SYR,NY.GDP.MKTP.CD,1981,15518201335.3151
Syrian Arab Republic,SYR,NY.GDP.MKTP.CD,1982,16298929011.4681
Syrian Arab Republic,SYR,NY.GDP.MKTP.CD,1983,17589277143.1314
Syrian Arab Republic,SYR,NY.GDP.MKTP.CD,1984,17503078174.0039
Syrian Arab Republic,SYR,NY.GDP.MKTP.CD,1985,16403539892.7783
Syrian Arab Republic,SYR,NY.GDP.MKTP.CD,1986,13293205278.2803
Syrian Arab Republic,SYR,NY.GDP.MKTP.CD,1987,11356215543.3043
Syrian Arab Republic,SYR,NY.GDP.MKTP.CD,1988,10577041644.9944
Syrian Arab Republic,SYR,NY.GDP.MKTP.CD,1989,9853395761.63227
Syrian Arab Republic,SYR,NY.GDP.MKTP.CD,1990,12308624417.8268
Syrian Arab Republic,SYR,NY.GDP.MKTP.CD,1991,12981833333.3333
Syrian Arab Republic,SYR,NY.GDP.MKTP.CD,1992,13253565861.1424
Syrian Arab Republic,SYR,NY.GDP.MKTP.CD,1993,13695962055.4771
Syrian Arab Republic,SYR,NY.GDP.MKTP.CD,1994,10122020000.0
Syrian Arab Republic,SYR,NY.GDP.MKTP.CD,1995,11396706586.8263
Syrian Arab Republic,SYR,NY.GDP.MKTP.CD,1996,13789560878.2435
Syrian Arab Republic,SYR,NY.GDP.MKTP.CD,1997,14505233463.035
Syrian Arab Republic,SYR,NY.GDP.MKTP.CD,1998,15200846153.8462
Syrian Arab Republic,SYR,NY.GDP.MKTP.CD,1999,15873875968.9922
Syrian Arab Republic,SYR,NY.GDP.MKTP.CD,2000,18937031609.7969
Syrian Arab Republic,SYR,NY.GDP.MKTP.CD,2001,20078599626.0129
Syrian Arab Republic,SYR,NY.GDP.MKTP.CD,2002,20786986579.9105
Syrian Arab Republic,SYR,NY.GDP.MKTP.CD,2003,21828144686.0394
Syrian Arab Republic,SYR,NY.GDP.MKTP.CD,2004,25086910447.9968
Syrian Arab Republic,SYR,NY.GDP.MKTP.CD,2005,28858937499.1801
Syrian Arab Republic,SYR,NY.GDP.MKTP.CD,2006,33751812958.6391
Syrian Arab Republic,SYR,NY.GDP.MKTP.CD,2007,40465331020.308
Syrian Arab Republic,SYR,NY.GDP.MKTP.CD,2008,52557913397.4638
Syrian Arab Republic,SYR,NY.GDP.MKTP.CD,2009,54111721043.8087
Syrian Arab Republic,SYR,NY.GDP.MKTP.CD,2010,61390833272.6687
Syrian Arab Republic,SYR,NY.GDP.MKTP.CD,2011,67539433544.3077
Syrian Arab Republic,SYR,NY.GDP.MKTP.CD,2012,43190318032.5627
Syrian Arab Republic,SYR,NY.GDP.MKTP.CD,2013,21361254634.9336
Syrian Arab Republic,SYR,NY.GDP.MKTP.CD,2014,21502061466.067
Syrian Arab Republic,SYR,NY.GDP.MKTP.CD,2015,16466861435.0236
Syrian Arab Republic,SYR,NY.GDP.MKTP.CD,2016,12597854088.3602
Syrian Arab Republic,SYR,NY.GDP.MKTP.CD,2017,16369842725.4718
Syrian Arab Republic,SYR,NY.GDP.MKTP.CD,2018,21497779247.9835
Syrian Arab Republic,SYR,NY.GDP.MKTP.CD,2019,22583046644.6891
Syrian Arab Republic,SYR,NY.GDP.MKTP.CD,2020,12501503673.2425
Syrian Arab Republic,SYR,NY.GDP.MKTP.CD,2021,14892885528.1402
Syrian Arab Republic,SYR,NY.GDP.MKTP.CD,2022,23737634644.3994
Turks and Caicos Islands,TCA,NY.GDP.MKTP.CD,2001,358744800.0
Turks and Caicos Islands,TCA,NY.GDP.MKTP.CD,2002,366707900.0
Turks and Caicos Islands,TCA,NY.GDP.MKTP.CD,2003,409753600.0
Turks and Caicos Islands,TCA,NY.GDP.MKTP.CD,2004,485598800.0
Turks and Caicos Islands,TCA,NY.GDP.MKTP.CD,2005,578645800.0
Turks and Caicos Islands,TCA,NY.GDP.MKTP.CD,2006,721891500.0
Turks and Caicos Islands,TCA,NY.GDP.MKTP.CD,2007,773490000.0
Turks and Caicos Islands,TCA,NY.GDP.MKTP.CD,2008,862684000.0
Turks and Caicos Islands,TCA,NY.GDP.MKTP.CD,2009,703176000.0
Turks and Caicos Islands,TCA,NY.GDP.MKTP.CD,2010,686788000.0
Turks and Caicos Islands,TCA,NY.GDP.MKTP.CD,2011,842941000.0
Turks and Caicos Islands,TCA,NY.GDP.MKTP.CD,2012,832848000.0
Turks and Caicos Islands,TCA,NY.GDP.MKTP.CD,2013,863328000.0
Turks and Caicos Islands,TCA,NY.GDP.MKTP.CD,2014,956605000.0
Turks and Caicos Islands,TCA,NY.GDP.MKTP.CD,2015,1078274000.0
Turks and Caicos Islands,TCA,NY.GDP.MKTP.CD,2016,1202078000.0
Turks and Caicos Islands,TCA,NY.GDP.MKTP.CD,2017,1197958000.0
Turks and Caicos Islands,TCA,NY.GDP.MKTP.CD,2018,1314329000.0
Turks and Caicos Islands,TCA,NY.GDP.MKTP.CD,2019,1371838000.0
Turks and Caicos Islands,TCA,NY.GDP.MKTP.CD,2020,918387000.0
Turks and Caicos Islands,TCA,NY.GDP.MKTP.CD,2021,1236459000.0
Turks and Caicos Islands,TCA,NY.GDP.MKTP.CD,2022,1434119000.0
Turks and Caicos Islands,TCA,NY.GDP.MKTP.CD,2023,1638653000.0
Turks and Caicos Islands,TCA,NY.GDP.MKTP.CD,2024,1745378000.0
Chad,TCD,NY.GDP.MKTP.CD,1960,313582728.147574
Chad,TCD,NY.GDP.MKTP.CD,1961,333975336.110722
Chad,TCD,NY.GDP.MKTP.CD,1962,357635713.41932
Chad,TCD,NY.GDP.MKTP.CD,1963,371767002.194886
Chad,TCD,NY.GDP.MKTP.CD,1964,392247517.728482
Chad,TCD,NY.GDP.MKTP.CD,1965,416926303.316872
Chad,TCD,NY.GDP.MKTP.CD,1966,432794921.680489
Chad,TCD,NY.GDP.MKTP.CD,1967,449826322.613453
Chad,TCD,NY.GDP.MKTP.CD,1968,453980096.208711
Chad,TCD,NY.GDP.MKTP.CD,1969,471635621.561599
Chad,TCD,NY.GDP.MKTP.CD,1970,469266736.650677
Chad,TCD,NY.GDP.MKTP.CD,1971,501866730.148987
Chad,TCD,NY.GDP.MKTP.CD,1972,585427546.798272
Chad,TCD,NY.GDP.MKTP.CD,1973,647199482.982537
Chad,TCD,NY.GDP.MKTP.CD,1974,652532795.084805
Chad,TCD,NY.GDP.MKTP.CD,1975,864602104.679653
Chad,TCD,NY.GDP.MKTP.CD,1976,866044962.016274
Chad,TCD,NY.GDP.MKTP.CD,1977,935360464.701341
Chad,TCD,NY.GDP.MKTP.CD,1978,1113920123.76723
Chad,TCD,NY.GDP.MKTP.CD,1979,1004316496.35051
Chad,TCD,NY.GDP.MKTP.CD,1980,1033002403.85304
Chad,TCD,NY.GDP.MKTP.CD,1981,876937558.273757
Chad,TCD,NY.GDP.MKTP.CD,1982,834369859.663018
Chad,TCD,NY.GDP.MKTP.CD,1983,832415806.010064
Chad,TCD,NY.GDP.MKTP.CD,1984,919103734.876996
Chad,TCD,NY.GDP.MKTP.CD,1985,1033069709.3319
Chad,TCD,NY.GDP.MKTP.CD,1986,1067828245.86207
Chad,TCD,NY.GDP.MKTP.CD,1987,1163426852.20442
Chad,TCD,NY.GDP.MKTP.CD,1988,1482597297.98821
Chad,TCD,NY.GDP.MKTP.CD,1989,1433686312.02914
Chad,TCD,NY.GDP.MKTP.CD,1990,1738605557.76313
Chad,TCD,NY.GDP.MKTP.CD,1991,1877137981.75712
Chad,TCD,NY.GDP.MKTP.CD,1992,1881847669.69794
Chad,TCD,NY.GDP.MKTP.CD,1993,1463251163.9188
Chad,TCD,NY.GDP.MKTP.CD,1994,1179837963.22213
Chad,TCD,NY.GDP.MKTP.CD,1995,1445919894.57661
Chad,TCD,NY.GDP.MKTP.CD,1996,1607345355.78298
Chad,TCD,NY.GDP.MKTP.CD,1997,1544689576.92712
Chad,TCD,NY.GDP.MKTP.CD,1998,1744794531.21401
Chad,TCD,NY.GDP.MKTP.CD,1999,1534673583.2487
Chad,TCD,NY.GDP.MKTP.CD,2000,1388506771.58756
Chad,TCD,NY.GDP.MKTP.CD,2001,1710843377.00119
Chad,TCD,NY.GDP.MKTP.CD,2002,1997005708.81576
Chad,TCD,NY.GDP.MKTP.CD,2003,2742815071.5744
Chad,TCD,NY.GDP.MKTP.CD,2004,4422855660.82592
Chad,TCD,NY.GDP.MKTP.CD,2005,8655892392.92919
Chad,TCD,NY.GDP.MKTP.CD,2006,9709626596.13031
Chad,TCD,NY.GDP.MKTP.CD,2007,10865385131.5172
Chad,TCD,NY.GDP.MKTP.CD,2008,13385593990.3378
Chad,TCD,NY.GDP.MKTP.CD,2009,12317614053.6841
Chad,TCD,NY.GDP.MKTP.CD,2010,14058506663.7252
Chad,TCD,NY.GDP.MKTP.CD,2011,16685349673.9957
Chad,TCD,NY.GDP.MKTP.CD,2012,17892228569.8861
Chad,TCD,NY.GDP.MKTP.CD,2013,17865316886.3315
Chad,TCD,NY.GDP.MKTP.CD,2014,18144336903.7175
Chad,TCD,NY.GDP.MKTP.CD,2015,14559599499.5011
Chad,TCD,NY.GDP.MKTP.CD,2016,13026289835.7789
Chad,TCD,NY.GDP.MKTP.CD,2017,13349041408.7152
Chad,TCD,NY.GDP.MKTP.CD,2018,15327000248.8701
Chad,TCD,NY.GDP.MKTP.CD,2019,14905517742.8454
Chad,TCD,NY.GDP.MKTP.CD,2020,14932897821.2387
Chad,TCD,NY.GDP.MKTP.CD,2021,16871937697.5854
Chad,TCD,NY.GDP.MKTP.CD,2022,17828508289.6049
Chad,TCD,NY.GDP.MKTP.CD,2023,18352937976.2179
Chad,TCD,NY.GDP.MKTP.CD,2024,19906706689.7582
Chad,TCD,NY.GDP.MKTP.CD,2025,21472835225.4338
East Asia & Pacific (IDA & IBRD countries),TEA,NY.GDP.MKTP.CD,1960,80803222392.8859
East Asia & Pacific (IDA & IBRD countries),TEA,NY.GDP.MKTP.CD,1961,71174424446.8864
East Asia & Pacific (IDA & IBRD countries),TEA,NY.GDP.MKTP.CD,1962,64922599309.2546
East Asia & Pacific (IDA & IBRD countries),TEA,NY.GDP.MKTP.CD,1963,70216443534.957
East Asia & Pacific (IDA & IBRD countries),TEA,NY.GDP.MKTP.CD,1964,81101169480.9704
East Asia & Pacific (IDA & IBRD countries),TEA,NY.GDP.MKTP.CD,1965,94498004640.0973
East Asia & Pacific (IDA & IBRD countries),TEA,NY.GDP.MKTP.CD,1966,103377065683.287
East Asia & Pacific (IDA & IBRD countries),TEA,NY.GDP.MKTP.CD,1967,100371950314.405
East Asia & Pacific (IDA & IBRD countries),TEA,NY.GDP.MKTP.CD,1968,101476791156.079
East Asia & Pacific (IDA & IBRD countries),TEA,NY.GDP.MKTP.CD,1969,114101000754.857
East Asia & Pacific (IDA & IBRD countries),TEA,NY.GDP.MKTP.CD,1970,127052297158.08
East Asia & Pacific (IDA & IBRD countries),TEA,NY.GDP.MKTP.CD,1971,136440829735.232
East Asia & Pacific (IDA & IBRD countries),TEA,NY.GDP.MKTP.CD,1972,155359237838.582
East Asia & Pacific (IDA & IBRD countries),TEA,NY.GDP.MKTP.CD,1973,195413149940.391
East Asia & Pacific (IDA & IBRD countries),TEA,NY.GDP.MKTP.CD,1974,221440713584.624
East Asia & Pacific (IDA & IBRD countries),TEA,NY.GDP.MKTP.CD,1975,248519521080.329
East Asia & Pacific (IDA & IBRD countries),TEA,NY.GDP.MKTP.CD,1976,252686739157.612
East Asia & Pacific (IDA & IBRD countries),TEA,NY.GDP.MKTP.CD,1977,291229976122.31
East Asia & Pacific (IDA & IBRD countries),TEA,NY.GDP.MKTP.CD,1978,282630837737.006
East Asia & Pacific (IDA & IBRD countries),TEA,NY.GDP.MKTP.CD,1979,327249769951.168
East Asia & Pacific (IDA & IBRD countries),TEA,NY.GDP.MKTP.CD,1980,377549806578.642
East Asia & Pacific (IDA & IBRD countries),TEA,NY.GDP.MKTP.CD,1981,403129803803.166
East Asia & Pacific (IDA & IBRD countries),TEA,NY.GDP.MKTP.CD,1982,423407966724.839
East Asia & Pacific (IDA & IBRD countries),TEA,NY.GDP.MKTP.CD,1983,443371246698.137
East Asia & Pacific (IDA & IBRD countries),TEA,NY.GDP.MKTP.CD,1984,480403927228.946
East Asia & Pacific (IDA & IBRD countries),TEA,NY.GDP.MKTP.CD,1985,526032437680.959
East Asia & Pacific (IDA & IBRD countries),TEA,NY.GDP.MKTP.CD,1986,524621676243.052
East Asia & Pacific (IDA & IBRD countries),TEA,NY.GDP.MKTP.CD,1987,518488360539.102
East Asia & Pacific (IDA & IBRD countries),TEA,NY.GDP.MKTP.CD,1988,575525093193.548
East Asia & Pacific (IDA & IBRD countries),TEA,NY.GDP.MKTP.CD,1989,622193930069.763
East Asia & Pacific (IDA & IBRD countries),TEA,NY.GDP.MKTP.CD,1990,666725912038.334
East Asia & Pacific (IDA & IBRD countries),TEA,NY.GDP.MKTP.CD,1991,723904575173.197
East Asia & Pacific (IDA & IBRD countries),TEA,NY.GDP.MKTP.CD,1992,812130263840.671
East Asia & Pacific (IDA & IBRD countries),TEA,NY.GDP.MKTP.CD,1993,891466245843.004
East Asia & Pacific (IDA & IBRD countries),TEA,NY.GDP.MKTP.CD,1994,1073279171690.89
East Asia & Pacific (IDA & IBRD countries),TEA,NY.GDP.MKTP.CD,1995,1324237119504.0
East Asia & Pacific (IDA & IBRD countries),TEA,NY.GDP.MKTP.CD,1996,1521371528101.19
East Asia & Pacific (IDA & IBRD countries),TEA,NY.GDP.MKTP.CD,1997,1574968030482.32
East Asia & Pacific (IDA & IBRD countries),TEA,NY.GDP.MKTP.CD,1998,1439654527489.21
East Asia & Pacific (IDA & IBRD countries),TEA,NY.GDP.MKTP.CD,1999,1585945646832.78
East Asia & Pacific (IDA & IBRD countries),TEA,NY.GDP.MKTP.CD,2000,1746600304145.18
East Asia & Pacific (IDA & IBRD countries),TEA,NY.GDP.MKTP.CD,2001,1860776095171.98
East Asia & Pacific (IDA & IBRD countries),TEA,NY.GDP.MKTP.CD,2002,2061454246158.09
East Asia & Pacific (IDA & IBRD countries),TEA,NY.GDP.MKTP.CD,2003,2335145056826.44
East Asia & Pacific (IDA & IBRD countries),TEA,NY.GDP.MKTP.CD,2004,2709157341038.36
East Asia & Pacific (IDA & IBRD countries),TEA,NY.GDP.MKTP.CD,2005,3136370768809.06
East Asia & Pacific (IDA & IBRD countries),TEA,NY.GDP.MKTP.CD,2006,3778749876885.47
East Asia & Pacific (IDA & IBRD countries),TEA,NY.GDP.MKTP.CD,2007,4781266905492.39
East Asia & Pacific (IDA & IBRD countries),TEA,NY.GDP.MKTP.CD,2008,6054649425101.54
East Asia & Pacific (IDA & IBRD countries),TEA,NY.GDP.MKTP.CD,2009,6573323824227.51
East Asia & Pacific (IDA & IBRD countries),TEA,NY.GDP.MKTP.CD,2010,7998793934320.62
East Asia & Pacific (IDA & IBRD countries),TEA,NY.GDP.MKTP.CD,2011,9762253898511.05
East Asia & Pacific (IDA & IBRD countries),TEA,NY.GDP.MKTP.CD,2012,10891968824139.1
East Asia & Pacific (IDA & IBRD countries),TEA,NY.GDP.MKTP.CD,2013,12032819510378.6
East Asia & Pacific (IDA & IBRD countries),TEA,NY.GDP.MKTP.CD,2014,12988820106481.0
East Asia & Pacific (IDA & IBRD countries),TEA,NY.GDP.MKTP.CD,2015,13532365705740.1
East Asia & Pacific (IDA & IBRD countries),TEA,NY.GDP.MKTP.CD,2016,13827255558413.7
East Asia & Pacific (IDA & IBRD countries),TEA,NY.GDP.MKTP.CD,2017,15097175319188.0
East Asia & Pacific (IDA & IBRD countries),TEA,NY.GDP.MKTP.CD,2018,16881439039177.6
East Asia & Pacific (IDA & IBRD countries),TEA,NY.GDP.MKTP.CD,2019,17481840638100.6
East Asia & Pacific (IDA & IBRD countries),TEA,NY.GDP.MKTP.CD,2020,17783125335539.1
East Asia & Pacific (IDA & IBRD countries),TEA,NY.GDP.MKTP.CD,2021,21205167482133.0
East Asia & Pacific (IDA & IBRD countries),TEA,NY.GDP.MKTP.CD,2022,21537381722236.2
East Asia & Pacific (IDA & IBRD countries),TEA,NY.GDP.MKTP.CD,2023,21618798469116.3
East Asia & Pacific (IDA & IBRD countries),TEA,NY.GDP.MKTP.CD,2024,22221295178065.7
East Asia & Pacific (IDA & IBRD countries),TEA,NY.GDP.MKTP.CD,2025,23218679986475.4
Europe & Central Asia (IDA & IBRD countries),TEC,NY.GDP.MKTP.CD,1988,991676770953.412
Europe & Central Asia (IDA & IBRD countries),TEC,NY.GDP.MKTP.CD,1989,963860077864.432
Europe & Central Asia (IDA & IBRD countries),TEC,NY.GDP.MKTP.CD,1990,1023447655222.17
Europe & Central Asia (IDA & IBRD countries),TEC,NY.GDP.MKTP.CD,1991,1001726332504.6
Europe & Central Asia (IDA & IBRD countries),TEC,NY.GDP.MKTP.CD,1992,928560950239.102
Europe & Central Asia (IDA & IBRD countries),TEC,NY.GDP.MKTP.CD,1993,919184389271.211
Europe & Central Asia (IDA & IBRD countries),TEC,NY.GDP.MKTP.CD,1994,828931569961.887
Europe & Central Asia (IDA & IBRD countries),TEC,NY.GDP.MKTP.CD,1995,991386506668.089
Europe & Central Asia (IDA & IBRD countries),TEC,NY.GDP.MKTP.CD,1996,1021246372670.98
Europe & Central Asia (IDA & IBRD countries),TEC,NY.GDP.MKTP.CD,1997,1056346888859.98
Europe & Central Asia (IDA & IBRD countries),TEC,NY.GDP.MKTP.CD,1998,949940635053.96
Europe & Central Asia (IDA & IBRD countries),TEC,NY.GDP.MKTP.CD,1999,824136419159.807
Europe & Central Asia (IDA & IBRD countries),TEC,NY.GDP.MKTP.CD,2000,896296644399.434
Europe & Central Asia (IDA & IBRD countries),TEC,NY.GDP.MKTP.CD,2001,911685748933.185
Europe & Central Asia (IDA & IBRD countries),TEC,NY.GDP.MKTP.CD,2002,1024837356677.88
Europe & Central Asia (IDA & IBRD countries),TEC,NY.GDP.MKTP.CD,2003,1261025229727.55
Europe & Central Asia (IDA & IBRD countries),TEC,NY.GDP.MKTP.CD,2004,1631386098916.6
Europe & Central Asia (IDA & IBRD countries),TEC,NY.GDP.MKTP.CD,2005,2043000026365.16
Europe & Central Asia (IDA & IBRD countries),TEC,NY.GDP.MKTP.CD,2006,2471291016359.46
Europe & Central Asia (IDA & IBRD countries),TEC,NY.GDP.MKTP.CD,2007,3179151934107.3
Europe & Central Asia (IDA & IBRD countries),TEC,NY.GDP.MKTP.CD,2008,3936202053332.51
Europe & Central Asia (IDA & IBRD countries),TEC,NY.GDP.MKTP.CD,2009,3121840190453.83
Europe & Central Asia (IDA & IBRD countries),TEC,NY.GDP.MKTP.CD,2010,3673616542653.72
Europe & Central Asia (IDA & IBRD countries),TEC,NY.GDP.MKTP.CD,2011,4468439340114.01
Europe & Central Asia (IDA & IBRD countries),TEC,NY.GDP.MKTP.CD,2012,4664191795996.97
Europe & Central Asia (IDA & IBRD countries),TEC,NY.GDP.MKTP.CD,2013,4934304443297.29
Europe & Central Asia (IDA & IBRD countries),TEC,NY.GDP.MKTP.CD,2014,4663476749067.68
Europe & Central Asia (IDA & IBRD countries),TEC,NY.GDP.MKTP.CD,2015,3645031517122.17
Europe & Central Asia (IDA & IBRD countries),TEC,NY.GDP.MKTP.CD,2016,3500968563901.72
Europe & Central Asia (IDA & IBRD countries),TEC,NY.GDP.MKTP.CD,2017,3925651486138.39
Europe & Central Asia (IDA & IBRD countries),TEC,NY.GDP.MKTP.CD,2018,4086887247276.34
Europe & Central Asia (IDA & IBRD countries),TEC,NY.GDP.MKTP.CD,2019,4176304236875.06
Europe & Central Asia (IDA & IBRD countries),TEC,NY.GDP.MKTP.CD,2020,3913694661148.13
Europe & Central Asia (IDA & IBRD countries),TEC,NY.GDP.MKTP.CD,2021,4627341470532.29
Europe & Central Asia (IDA & IBRD countries),TEC,NY.GDP.MKTP.CD,2022,5264957389633.5
Europe & Central Asia (IDA & IBRD countries),TEC,NY.GDP.MKTP.CD,2023,5535571828711.02
Europe & Central Asia (IDA & IBRD countries),TEC,NY.GDP.MKTP.CD,2024,6147416367408.77
Europe & Central Asia (IDA & IBRD countries),TEC,NY.GDP.MKTP.CD,2025,7077191807196.39
Togo,TGO,NY.GDP.MKTP.CD,1960,171057069.137772
Togo,TGO,NY.GDP.MKTP.CD,1961,178497098.264275
Togo,TGO,NY.GDP.MKTP.CD,1962,186745757.859216
Togo,TGO,NY.GDP.MKTP.CD,1963,202305865.235908
Togo,TGO,NY.GDP.MKTP.CD,1964,234572186.455851
Togo,TGO,NY.GDP.MKTP.CD,1965,264505506.022433
Togo,TGO,NY.GDP.MKTP.CD,1966,305227594.821437
Togo,TGO,NY.GDP.MKTP.CD,1967,327215843.636336
Togo,TGO,NY.GDP.MKTP.CD,1968,341691567.465593
Togo,TGO,NY.GDP.MKTP.CD,1969,378091809.602636
Togo,TGO,NY.GDP.MKTP.CD,1970,358665753.909298
Togo,TGO,NY.GDP.MKTP.CD,1971,404648367.76644
Togo,TGO,NY.GDP.MKTP.CD,1972,474043921.843537
Togo,TGO,NY.GDP.MKTP.CD,1973,574030983.980053
Togo,TGO,NY.GDP.MKTP.CD,1974,791450308.362944
Togo,TGO,NY.GDP.MKTP.CD,1975,871781686.907321
Togo,TGO,NY.GDP.MKTP.CD,1976,874681611.928369
Togo,TGO,NY.GDP.MKTP.CD,1977,1097893825.98815
Togo,TGO,NY.GDP.MKTP.CD,1978,1164025637.26464
Togo,TGO,NY.GDP.MKTP.CD,1979,1259365711.53521
Togo,TGO,NY.GDP.MKTP.CD,1980,1604836915.96662
Togo,TGO,NY.GDP.MKTP.CD,1981,1359026709.45126
Togo,TGO,NY.GDP.MKTP.CD,1982,1160337039.38068
Togo,TGO,NY.GDP.MKTP.CD,1983,1081387264.60786
Togo,TGO,NY.GDP.MKTP.CD,1984,1014170069.21689
Togo,TGO,NY.GDP.MKTP.CD,1985,1076604520.42427
Togo,TGO,NY.GDP.MKTP.CD,1986,1498219578.86978
Togo,TGO,NY.GDP.MKTP.CD,1987,1763978065.8368
Togo,TGO,NY.GDP.MKTP.CD,1988,1947208354.22555
Togo,TGO,NY.GDP.MKTP.CD,1989,1910635575.38044
Togo,TGO,NY.GDP.MKTP.CD,1990,2299665505.61434
Togo,TGO,NY.GDP.MKTP.CD,1991,2262767860.10937
Togo,TGO,NY.GDP.MKTP.CD,1992,2390796915.91958
Togo,TGO,NY.GDP.MKTP.CD,1993,1741944426.20894
Togo,TGO,NY.GDP.MKTP.CD,1994,1387662121.46736
Togo,TGO,NY.GDP.MKTP.CD,1995,1849110468.19569
Togo,TGO,NY.GDP.MKTP.CD,1996,2069506014.46659
Togo,TGO,NY.GDP.MKTP.CD,1997,2116818622.95834
Togo,TGO,NY.GDP.MKTP.CD,1998,2241650112.33333
Togo,TGO,NY.GDP.MKTP.CD,1999,2226577203.91399
Togo,TGO,NY.GDP.MKTP.CD,2000,2106848752.27753
Togo,TGO,NY.GDP.MKTP.CD,2001,2093498674.49678
Togo,TGO,NY.GDP.MKTP.CD,2002,2410199032.43102
Togo,TGO,NY.GDP.MKTP.CD,2003,2987984050.99318
Togo,TGO,NY.GDP.MKTP.CD,2004,3191561508.69088
Togo,TGO,NY.GDP.MKTP.CD,2005,3221910408.46516
Togo,TGO,NY.GDP.MKTP.CD,2006,3320907721.74508
Togo,TGO,NY.GDP.MKTP.CD,2007,3759962853.26476
Togo,TGO,NY.GDP.MKTP.CD,2008,4578847112.70688
Togo,TGO,NY.GDP.MKTP.CD,2009,4721888275.26937
Togo,TGO,NY.GDP.MKTP.CD,2010,4746386893.22553
Togo,TGO,NY.GDP.MKTP.CD,2011,5422439152.10906
Togo,TGO,NY.GDP.MKTP.CD,2012,5413541649.14901
Togo,TGO,NY.GDP.MKTP.CD,2013,6021729629.82454
Togo,TGO,NY.GDP.MKTP.CD,2014,6393314707.85456
Togo,TGO,NY.GDP.MKTP.CD,2015,5755457836.01866
Togo,TGO,NY.GDP.MKTP.CD,2016,6071167584.1951
Togo,TGO,NY.GDP.MKTP.CD,2017,6387424239.8801
Togo,TGO,NY.GDP.MKTP.CD,2018,7029215766.46367
Togo,TGO,NY.GDP.MKTP.CD,2019,6992942458.99419
Togo,TGO,NY.GDP.MKTP.CD,2020,7486031561.86885
Togo,TGO,NY.GDP.MKTP.CD,2021,8541668141.26198
Togo,TGO,NY.GDP.MKTP.CD,2022,8646453099.4124
Togo,TGO,NY.GDP.MKTP.CD,2023,9723300576.72675
Togo,TGO,NY.GDP.MKTP.CD,2024,10643440332.2445
Togo,TGO,NY.GDP.MKTP.CD,2025,11889949067.4697
Thailand,THA,NY.GDP.MKTP.CD,1960,2760750860.62197
Thailand,THA,NY.GDP.MKTP.CD,1961,3034037810.96795
Thailand,THA,NY.GDP.MKTP.CD,1962,3308912796.93487
Thailand,THA,NY.GDP.MKTP.CD,1963,3540403456.55305
Thailand,THA,NY.GDP.MKTP.CD,1964,3889129942.30769
Thailand,THA,NY.GDP.MKTP.CD,1965,4388937649.03846
Thailand,THA,NY.GDP.MKTP.CD,1966,5279230817.30769
Thailand,THA,NY.GDP.MKTP.CD,1967,5638461442.30769
Thailand,THA,NY.GDP.MKTP.CD,1968,6081009427.88461
Thailand,THA,NY.GDP.MKTP.CD,1969,6695336567.30769
Thailand,THA,NY.GDP.MKTP.CD,1970,7086538437.5
Thailand,THA,NY.GDP.MKTP.CD,1971,7375000024.03846
Thailand,THA,NY.GDP.MKTP.CD,1972,8177873151.04224
Thailand,THA,NY.GDP.MKTP.CD,1973,10838587357.7466
Thailand,THA,NY.GDP.MKTP.CD,1974,13702998512.4492
Thailand,THA,NY.GDP.MKTP.CD,1975,14882770593.9796
Thailand,THA,NY.GDP.MKTP.CD,1976,16985208648.2112
Thailand,THA,NY.GDP.MKTP.CD,1977,19779312261.3155
Thailand,THA,NY.GDP.MKTP.CD,1978,24006566636.6855
Thailand,THA,NY.GDP.MKTP.CD,1979,27371650824.5092
Thailand,THA,NY.GDP.MKTP.CD,1980,32353514988.7287
Thailand,THA,NY.GDP.MKTP.CD,1981,34846039193.6131
Thailand,THA,NY.GDP.MKTP.CD,1982,36589772403.7566
Thailand,THA,NY.GDP.MKTP.CD,1983,40042798388.4951
Thailand,THA,NY.GDP.MKTP.CD,1984,41797647775.6238
Thailand,THA,NY.GDP.MKTP.CD,1985,38900711332.5373
Thailand,THA,NY.GDP.MKTP.CD,1986,43096773980.8569
Thailand,THA,NY.GDP.MKTP.CD,1987,50535446554.8769
Thailand,THA,NY.GDP.MKTP.CD,1988,61667253471.3736
Thailand,THA,NY.GDP.MKTP.CD,1989,72250748099.9762
Thailand,THA,NY.GDP.MKTP.CD,1990,85343190719.0107
Thailand,THA,NY.GDP.MKTP.CD,1991,98234714971.0612
Thailand,THA,NY.GDP.MKTP.CD,1992,111452746517.655
Thailand,THA,NY.GDP.MKTP.CD,1993,128889262951.157
Thailand,THA,NY.GDP.MKTP.CD,1994,146683778959.101
Thailand,THA,NY.GDP.MKTP.CD,1995,169278916592.843
Thailand,THA,NY.GDP.MKTP.CD,1996,183035237429.281
Thailand,THA,NY.GDP.MKTP.CD,1997,150180456565.728
Thailand,THA,NY.GDP.MKTP.CD,1998,113675596787.738
Thailand,THA,NY.GDP.MKTP.CD,1999,126669211778.94
Thailand,THA,NY.GDP.MKTP.CD,2000,126392224253.794
Thailand,THA,NY.GDP.MKTP.CD,2001,120296476180.402
Thailand,THA,NY.GDP.MKTP.CD,2002,134300904400.022
Thailand,THA,NY.GDP.MKTP.CD,2003,152280615245.887
Thailand,THA,NY.GDP.MKTP.CD,2004,172895685154.658
Thailand,THA,NY.GDP.MKTP.CD,2005,189318408468.595
Thailand,THA,NY.GDP.MKTP.CD,2006,221758296021.621
Thailand,THA,NY.GDP.MKTP.CD,2007,262942621455.053
Thailand,THA,NY.GDP.MKTP.CD,2008,291382982430.951
Thailand,THA,NY.GDP.MKTP.CD,2009,281710630187.319
Thailand,THA,NY.GDP.MKTP.CD,2010,341104766329.17
Thailand,THA,NY.GDP.MKTP.CD,2011,370818739623.622
Thailand,THA,NY.GDP.MKTP.CD,2012,397558325278.579
Thailand,THA,NY.GDP.MKTP.CD,2013,420333654592.547
Thailand,THA,NY.GDP.MKTP.CD,2014,407339040197.651
Thailand,THA,NY.GDP.MKTP.CD,2015,401296238228.084
Thailand,THA,NY.GDP.MKTP.CD,2016,413366349747.508
Thailand,THA,NY.GDP.MKTP.CD,2017,456356813536.764
Thailand,THA,NY.GDP.MKTP.CD,2018,506754208404.485
Thailand,THA,NY.GDP.MKTP.CD,2019,543976691793.886
Thailand,THA,NY.GDP.MKTP.CD,2020,500274927778.532
Thailand,THA,NY.GDP.MKTP.CD,2021,506049783824.94
Thailand,THA,NY.GDP.MKTP.CD,2022,495691837308.033
Thailand,THA,NY.GDP.MKTP.CD,2023,517013369475.121
Thailand,THA,NY.GDP.MKTP.CD,2024,529385520941.539
Thailand,THA,NY.GDP.MKTP.CD,2025,577009981112.015
Tajikistan,TJK,NY.GDP.MKTP.CD,1990,2629395066.27017
Tajikistan,TJK,NY.GDP.MKTP.CD,1991,2536585365.85366
Tajikistan,TJK,NY.GDP.MKTP.CD,1992,1908554572.27139
Tajikistan,TJK,NY.GDP.MKTP.CD,1993,1646623195.15603
Tajikistan,TJK,NY.GDP.MKTP.CD,1994,1522001205.54551
Tajikistan,TJK,NY.GDP.MKTP.CD,1995,1231561860.39946
Tajikistan,TJK,NY.GDP.MKTP.CD,1996,1043654822.33503
Tajikistan,TJK,NY.GDP.MKTP.CD,1997,921518032.909326
Tajikistan,TJK,NY.GDP.MKTP.CD,1998,1320199581.52261
Tajikistan,TJK,NY.GDP.MKTP.CD,1999,1086612290.27171
Tajikistan,TJK,NY.GDP.MKTP.CD,2000,860541842.263697
Tajikistan,TJK,NY.GDP.MKTP.CD,2001,1080772551.29433
Tajikistan,TJK,NY.GDP.MKTP.CD,2002,1221106220.2868
Tajikistan,TJK,NY.GDP.MKTP.CD,2003,1555318261.4172
Tajikistan,TJK,NY.GDP.MKTP.CD,2004,2076176869.41089
Tajikistan,TJK,NY.GDP.MKTP.CD,2005,2312352020.6689
Tajikistan,TJK,NY.GDP.MKTP.CD,2006,2830213848.6203
Tajikistan,TJK,NY.GDP.MKTP.CD,2007,3719524540.86193
Tajikistan,TJK,NY.GDP.MKTP.CD,2008,5161299725.27673
Tajikistan,TJK,NY.GDP.MKTP.CD,2009,4979472364.4534
Tajikistan,TJK,NY.GDP.MKTP.CD,2010,5642221099.17704
Tajikistan,TJK,NY.GDP.MKTP.CD,2011,6522756255.012
Tajikistan,TJK,NY.GDP.MKTP.CD,2012,7633036903.07634
Tajikistan,TJK,NY.GDP.MKTP.CD,2013,8448411318.25417
Tajikistan,TJK,NY.GDP.MKTP.CD,2014,9112605459.32845
Tajikistan,TJK,NY.GDP.MKTP.CD,2015,8271431485.07484
Tajikistan,TJK,NY.GDP.MKTP.CD,2016,6992416096.89018
Tajikistan,TJK,NY.GDP.MKTP.CD,2017,7536402852.85802
Tajikistan,TJK,NY.GDP.MKTP.CD,2018,7764999999.45362
Tajikistan,TJK,NY.GDP.MKTP.CD,2019,8300813599.3084
Tajikistan,TJK,NY.GDP.MKTP.CD,2020,8133963550.65742
Tajikistan,TJK,NY.GDP.MKTP.CD,2021,8937805347.13963
Tajikistan,TJK,NY.GDP.MKTP.CD,2022,10713525200.3998
Tajikistan,TJK,NY.GDP.MKTP.CD,2023,12244169292.7998
Tajikistan,TJK,NY.GDP.MKTP.CD,2024,14425113699.7925
Tajikistan,TJK,NY.GDP.MKTP.CD,2025,17660626562.4832
Turkmenistan,TKM,NY.GDP.MKTP.CD,1987,2331358819.75954
Turkmenistan,TKM,NY.GDP.MKTP.CD,1988,3010982414.24425
Turkmenistan,TKM,NY.GDP.MKTP.CD,1989,3006988216.55045
Turkmenistan,TKM,NY.GDP.MKTP.CD,1990,3189539641.3171
Turkmenistan,TKM,NY.GDP.MKTP.CD,1991,3208098919.0146
Turkmenistan,TKM,NY.GDP.MKTP.CD,1992,3200539816.0601
Turkmenistan,TKM,NY.GDP.MKTP.CD,1993,3179225948.58114
Turkmenistan,TKM,NY.GDP.MKTP.CD,1994,2561118608.35516
Turkmenistan,TKM,NY.GDP.MKTP.CD,1995,2482228439.71407
Turkmenistan,TKM,NY.GDP.MKTP.CD,1996,2378759975.44506
Turkmenistan,TKM,NY.GDP.MKTP.CD,1997,2450350625.10407
Turkmenistan,TKM,NY.GDP.MKTP.CD,1998,2605689134.49042
Turkmenistan,TKM,NY.GDP.MKTP.CD,1999,2450564100.18292
Turkmenistan,TKM,NY.GDP.MKTP.CD,2000,2904663310.9825
Turkmenistan,TKM,NY.GDP.MKTP.CD,2001,3534772732.39746
Turkmenistan,TKM,NY.GDP.MKTP.CD,2002,4462029108.72349
Turkmenistan,TKM,NY.GDP.MKTP.CD,2003,5977440582.80171
Turkmenistan,TKM,NY.GDP.MKTP.CD,2004,6838351088.46688
Turkmenistan,TKM,NY.GDP.MKTP.CD,2005,8103901996.37024
Turkmenistan,TKM,NY.GDP.MKTP.CD,2006,10276674364.8961
Turkmenistan,TKM,NY.GDP.MKTP.CD,2007,12664165103.1895
Turkmenistan,TKM,NY.GDP.MKTP.CD,2008,19271523178.8079
Turkmenistan,TKM,NY.GDP.MKTP.CD,2009,20214385964.9123
Turkmenistan,TKM,NY.GDP.MKTP.CD,2010,22583157894.7368
Turkmenistan,TKM,NY.GDP.MKTP.CD,2011,29233333333.3333
Turkmenistan,TKM,NY.GDP.MKTP.CD,2012,35164210526.3158
Turkmenistan,TKM,NY.GDP.MKTP.CD,2013,39197543859.6491
Turkmenistan,TKM,NY.GDP.MKTP.CD,2014,43524210526.3158
Turkmenistan,TKM,NY.GDP.MKTP.CD,2015,35799714285.7143
Turkmenistan,TKM,NY.GDP.MKTP.CD,2016,33313947368.4211
Turkmenistan,TKM,NY.GDP.MKTP.CD,2017,33352261306.5327
Turkmenistan,TKM,NY.GDP.MKTP.CD,2018,26036313868.6131
Turkmenistan,TKM,NY.GDP.MKTP.CD,2019,29700000000.0
Turkmenistan,TKM,NY.GDP.MKTP.CD,2020,27350527267.6636
Turkmenistan,TKM,NY.GDP.MKTP.CD,2021,26334182093.7903
Turkmenistan,TKM,NY.GDP.MKTP.CD,2022,37583913148.2791
Turkmenistan,TKM,NY.GDP.MKTP.CD,2023,39020211239.6728
Turkmenistan,TKM,NY.GDP.MKTP.CD,2024,44249447717.2312
Turkmenistan,TKM,NY.GDP.MKTP.CD,2025,49828621355.6516
Latin America & the Caribbean (IDA & IBRD countries),TLA,NY.GDP.MKTP.CD,1960,74399051115.6208
Latin America & the Caribbean (IDA & IBRD countries),TLA,NY.GDP.MKTP.CD,1961,82362832266.3746
Latin America & the Caribbean (IDA & IBRD countries),TLA,NY.GDP.MKTP.CD,1962,86399815744.6585
Latin America & the Caribbean (IDA & IBRD countries),TLA,NY.GDP.MKTP.CD,1963,93844819440.9468
Latin America & the Caribbean (IDA & IBRD countries),TLA,NY.GDP.MKTP.CD,1964,104302526502.261
Latin America & the Caribbean (IDA & IBRD countries),TLA,NY.GDP.MKTP.CD,1965,111946641395.147
Latin America & the Caribbean (IDA & IBRD countries),TLA,NY.GDP.MKTP.CD,1966,123240741042.798
Latin America & the Caribbean (IDA & IBRD countries),TLA,NY.GDP.MKTP.CD,1967,125362127677.747
Latin America & the Caribbean (IDA & IBRD countries),TLA,NY.GDP.MKTP.CD,1968,134361744441.374
Latin America & the Caribbean (IDA & IBRD countries),TLA,NY.GDP.MKTP.CD,1969,149979264961.847
Latin America & the Caribbean (IDA & IBRD countries),TLA,NY.GDP.MKTP.CD,1970,163499670766.647
Latin America & the Caribbean (IDA & IBRD countries),TLA,NY.GDP.MKTP.CD,1971,181794578090.035
Latin America & the Caribbean (IDA & IBRD countries),TLA,NY.GDP.MKTP.CD,1972,204232100660.441
Latin America & the Caribbean (IDA & IBRD countries),TLA,NY.GDP.MKTP.CD,1973,274036287245.746
Latin America & the Caribbean (IDA & IBRD countries),TLA,NY.GDP.MKTP.CD,1974,358182606143.697
Latin America & the Caribbean (IDA & IBRD countries),TLA,NY.GDP.MKTP.CD,1975,374350708856.512
Latin America & the Caribbean (IDA & IBRD countries),TLA,NY.GDP.MKTP.CD,1976,411065254886.087
Latin America & the Caribbean (IDA & IBRD countries),TLA,NY.GDP.MKTP.CD,1977,452376511736.924
Latin America & the Caribbean (IDA & IBRD countries),TLA,NY.GDP.MKTP.CD,1978,541374940142.382
Latin America & the Caribbean (IDA & IBRD countries),TLA,NY.GDP.MKTP.CD,1979,607502561689.17
Latin America & the Caribbean (IDA & IBRD countries),TLA,NY.GDP.MKTP.CD,1980,743795740311.93
Latin America & the Caribbean (IDA & IBRD countries),TLA,NY.GDP.MKTP.CD,1981,852847482696.127
Latin America & the Caribbean (IDA & IBRD countries),TLA,NY.GDP.MKTP.CD,1982,779872014723.552
Latin America & the Caribbean (IDA & IBRD countries),TLA,NY.GDP.MKTP.CD,1983,681554554313.973
Latin America & the Caribbean (IDA & IBRD countries),TLA,NY.GDP.MKTP.CD,1984,715171116848.308
Latin America & the Caribbean (IDA & IBRD countries),TLA,NY.GDP.MKTP.CD,1985,706307698037.013
Latin America & the Caribbean (IDA & IBRD countries),TLA,NY.GDP.MKTP.CD,1986,712610987834.594
Latin America & the Caribbean (IDA & IBRD countries),TLA,NY.GDP.MKTP.CD,1987,765000529871.095
Latin America & the Caribbean (IDA & IBRD countries),TLA,NY.GDP.MKTP.CD,1988,839372117493.825
Latin America & the Caribbean (IDA & IBRD countries),TLA,NY.GDP.MKTP.CD,1989,931218807729.826
Latin America & the Caribbean (IDA & IBRD countries),TLA,NY.GDP.MKTP.CD,1990,1033600786045.64
Latin America & the Caribbean (IDA & IBRD countries),TLA,NY.GDP.MKTP.CD,1991,1123495935430.92
Latin America & the Caribbean (IDA & IBRD countries),TLA,NY.GDP.MKTP.CD,1992,1232566922623.74
Latin America & the Caribbean (IDA & IBRD countries),TLA,NY.GDP.MKTP.CD,1993,1466869007644.58
Latin America & the Caribbean (IDA & IBRD countries),TLA,NY.GDP.MKTP.CD,1994,1715191251553.97
Latin America & the Caribbean (IDA & IBRD countries),TLA,NY.GDP.MKTP.CD,1995,1855934080188.14
Latin America & the Caribbean (IDA & IBRD countries),TLA,NY.GDP.MKTP.CD,1996,2016321456860.39
Latin America & the Caribbean (IDA & IBRD countries),TLA,NY.GDP.MKTP.CD,1997,2212066943070.45
Latin America & the Caribbean (IDA & IBRD countries),TLA,NY.GDP.MKTP.CD,1998,2233346783882.49
Latin America & the Caribbean (IDA & IBRD countries),TLA,NY.GDP.MKTP.CD,1999,2002746450823.54
Latin America & the Caribbean (IDA & IBRD countries),TLA,NY.GDP.MKTP.CD,2000,2214459331301.87
Latin America & the Caribbean (IDA & IBRD countries),TLA,NY.GDP.MKTP.CD,2001,2161359793667.25
Latin America & the Caribbean (IDA & IBRD countries),TLA,NY.GDP.MKTP.CD,2002,1927322088503.17
Latin America & the Caribbean (IDA & IBRD countries),TLA,NY.GDP.MKTP.CD,2003,1960517237957.0
Latin America & the Caribbean (IDA & IBRD countries),TLA,NY.GDP.MKTP.CD,2004,2264876337798.89
Latin America & the Caribbean (IDA & IBRD countries),TLA,NY.GDP.MKTP.CD,2005,2752003834143.61
Latin America & the Caribbean (IDA & IBRD countries),TLA,NY.GDP.MKTP.CD,2006,3234927436484.26
Latin America & the Caribbean (IDA & IBRD countries),TLA,NY.GDP.MKTP.CD,2007,3826960106951.6
Latin America & the Caribbean (IDA & IBRD countries),TLA,NY.GDP.MKTP.CD,2008,4465814394726.48
Latin America & the Caribbean (IDA & IBRD countries),TLA,NY.GDP.MKTP.CD,2009,4176789652249.38
Latin America & the Caribbean (IDA & IBRD countries),TLA,NY.GDP.MKTP.CD,2010,5212372072821.22
Latin America & the Caribbean (IDA & IBRD countries),TLA,NY.GDP.MKTP.CD,2011,5942123318729.2
Latin America & the Caribbean (IDA & IBRD countries),TLA,NY.GDP.MKTP.CD,2012,5998234101785.24
Latin America & the Caribbean (IDA & IBRD countries),TLA,NY.GDP.MKTP.CD,2013,6044199922527.12
Latin America & the Caribbean (IDA & IBRD countries),TLA,NY.GDP.MKTP.CD,2014,6005472855928.78
Latin America & the Caribbean (IDA & IBRD countries),TLA,NY.GDP.MKTP.CD,2015,5068412682233.61
Latin America & the Caribbean (IDA & IBRD countries),TLA,NY.GDP.MKTP.CD,2016,4922127744500.54
Latin America & the Caribbean (IDA & IBRD countries),TLA,NY.GDP.MKTP.CD,2017,5482938029714.53
Latin America & the Caribbean (IDA & IBRD countries),TLA,NY.GDP.MKTP.CD,2018,5347169359023.49
Latin America & the Caribbean (IDA & IBRD countries),TLA,NY.GDP.MKTP.CD,2019,5230913289241.76
Latin America & the Caribbean (IDA & IBRD countries),TLA,NY.GDP.MKTP.CD,2020,4388400203662.59
Latin America & the Caribbean (IDA & IBRD countries),TLA,NY.GDP.MKTP.CD,2021,5119629917733.74
Latin America & the Caribbean (IDA & IBRD countries),TLA,NY.GDP.MKTP.CD,2022,5853946060777.18
Latin America & the Caribbean (IDA & IBRD countries),TLA,NY.GDP.MKTP.CD,2023,6590712953369.3
Latin America & the Caribbean (IDA & IBRD countries),TLA,NY.GDP.MKTP.CD,2024,6755669283863.94
Latin America & the Caribbean (IDA & IBRD countries),TLA,NY.GDP.MKTP.CD,2025,7050566084338.85
Timor-Leste,TLS,NY.GDP.MKTP.CD,1990,128210142.0
Timor-Leste,TLS,NY.GDP.MKTP.CD,1991,147713000.0
Timor-Leste,TLS,NY.GDP.MKTP.CD,1992,187891500.0
Timor-Leste,TLS,NY.GDP.MKTP.CD,1993,216914400.0
Timor-Leste,TLS,NY.GDP.MKTP.CD,1994,239040500.0
Timor-Leste,TLS,NY.GDP.MKTP.CD,1995,262819900.0
Timor-Leste,TLS,NY.GDP.MKTP.CD,1996,306956900.0
Timor-Leste,TLS,NY.GDP.MKTP.CD,1997,319972700.0
Timor-Leste,TLS,NY.GDP.MKTP.CD,1998,325729800.0
Timor-Leste,TLS,NY.GDP.MKTP.CD,1999,225357600.0
Timor-Leste,TLS,NY.GDP.MKTP.CD,2000,366924300.0
Timor-Leste,TLS,NY.GDP.MKTP.CD,2001,477359300.0
Timor-Leste,TLS,NY.GDP.MKTP.CD,2002,469455500.0
Timor-Leste,TLS,NY.GDP.MKTP.CD,2003,490439100.0
Timor-Leste,TLS,NY.GDP.MKTP.CD,2004,440772000.0
Timor-Leste,TLS,NY.GDP.MKTP.CD,2005,462268000.0
Timor-Leste,TLS,NY.GDP.MKTP.CD,2006,453792400.0
Timor-Leste,TLS,NY.GDP.MKTP.CD,2007,542795400.0
Timor-Leste,TLS,NY.GDP.MKTP.CD,2008,648523600.0
Timor-Leste,TLS,NY.GDP.MKTP.CD,2009,726937800.0
Timor-Leste,TLS,NY.GDP.MKTP.CD,2010,881909300.0
Timor-Leste,TLS,NY.GDP.MKTP.CD,2011,1042534600.0
Timor-Leste,TLS,NY.GDP.MKTP.CD,2012,1160555000.0
Timor-Leste,TLS,NY.GDP.MKTP.CD,2013,1395727400.0
Timor-Leste,TLS,NY.GDP.MKTP.CD,2014,1447535200.0
Timor-Leste,TLS,NY.GDP.MKTP.CD,2015,1590282400.0
Timor-Leste,TLS,NY.GDP.MKTP.CD,2016,1640464600.0
Timor-Leste,TLS,NY.GDP.MKTP.CD,2017,1584878400.0
Timor-Leste,TLS,NY.GDP.MKTP.CD,2018,1555988600.0
Timor-Leste,TLS,NY.GDP.MKTP.CD,2019,2032550400.0
Timor-Leste,TLS,NY.GDP.MKTP.CD,2020,2162619200.0
Timor-Leste,TLS,NY.GDP.MKTP.CD,2021,3625024300.0
Timor-Leste,TLS,NY.GDP.MKTP.CD,2022,3208599900.0
Timor-Leste,TLS,NY.GDP.MKTP.CD,2023,2079767200.0
Timor-Leste,TLS,NY.GDP.MKTP.CD,2024,1865608515.41321
Timor-Leste,TLS,NY.GDP.MKTP.CD,2025,1902180257.82737
"Middle East, North Africa, Afghanistan & Pakistan (IDA & IBRD)",TMN,NY.GDP.MKTP.CD,1960,21778972843.595
"Middle East, North Africa, Afghanistan & Pakistan (IDA & IBRD)",TMN,NY.GDP.MKTP.CD,1961,22717751218.1729
"Middle East, North Africa, Afghanistan & Pakistan (IDA & IBRD)",TMN,NY.GDP.MKTP.CD,1962,23127900677.7136
"Middle East, North Africa, Afghanistan & Pakistan (IDA & IBRD)",TMN,NY.GDP.MKTP.CD,1963,25478894508.1686
"Middle East, North Africa, Afghanistan & Pakistan (IDA & IBRD)",TMN,NY.GDP.MKTP.CD,1964,28460826053.4474
"Middle East, North Africa, Afghanistan & Pakistan (IDA & IBRD)",TMN,NY.GDP.MKTP.CD,1965,31555336456.2392
"Middle East, North Africa, Afghanistan & Pakistan (IDA & IBRD)",TMN,NY.GDP.MKTP.CD,1966,33702284407.6518
"Middle East, North Africa, Afghanistan & Pakistan (IDA & IBRD)",TMN,NY.GDP.MKTP.CD,1967,37016912911.7274
"Middle East, North Africa, Afghanistan & Pakistan (IDA & IBRD)",TMN,NY.GDP.MKTP.CD,1968,41567819047.5623
"Middle East, North Africa, Afghanistan & Pakistan (IDA & IBRD)",TMN,NY.GDP.MKTP.CD,1969,46228188368.3185
"Middle East, North Africa, Afghanistan & Pakistan (IDA & IBRD)",TMN,NY.GDP.MKTP.CD,1970,51929379871.0718
"Middle East, North Africa, Afghanistan & Pakistan (IDA & IBRD)",TMN,NY.GDP.MKTP.CD,1971,58738170025.7823
"Middle East, North Africa, Afghanistan & Pakistan (IDA & IBRD)",TMN,NY.GDP.MKTP.CD,1972,66728372408.0814
"Middle East, North Africa, Afghanistan & Pakistan (IDA & IBRD)",TMN,NY.GDP.MKTP.CD,1973,82296472055.3865
"Middle East, North Africa, Afghanistan & Pakistan (IDA & IBRD)",TMN,NY.GDP.MKTP.CD,1974,126534190174.301
"Middle East, North Africa, Afghanistan & Pakistan (IDA & IBRD)",TMN,NY.GDP.MKTP.CD,1975,145360706847.237
"Middle East, North Africa, Afghanistan & Pakistan (IDA & IBRD)",TMN,NY.GDP.MKTP.CD,1976,179327380850.29
"Middle East, North Africa, Afghanistan & Pakistan (IDA & IBRD)",TMN,NY.GDP.MKTP.CD,1977,207141478367.042
"Middle East, North Africa, Afghanistan & Pakistan (IDA & IBRD)",TMN,NY.GDP.MKTP.CD,1978,222362511169.492
"Middle East, North Africa, Afghanistan & Pakistan (IDA & IBRD)",TMN,NY.GDP.MKTP.CD,1979,276440930354.188
"Middle East, North Africa, Afghanistan & Pakistan (IDA & IBRD)",TMN,NY.GDP.MKTP.CD,1980,335679627861.987
"Middle East, North Africa, Afghanistan & Pakistan (IDA & IBRD)",TMN,NY.GDP.MKTP.CD,1981,327781528067.705
"Middle East, North Africa, Afghanistan & Pakistan (IDA & IBRD)",TMN,NY.GDP.MKTP.CD,1982,366322118774.31
"Middle East, North Africa, Afghanistan & Pakistan (IDA & IBRD)",TMN,NY.GDP.MKTP.CD,1983,400996279136.591
"Middle East, North Africa, Afghanistan & Pakistan (IDA & IBRD)",TMN,NY.GDP.MKTP.CD,1984,418884127934.889
"Middle East, North Africa, Afghanistan & Pakistan (IDA & IBRD)",TMN,NY.GDP.MKTP.CD,1985,450074290381.884
"Middle East, North Africa, Afghanistan & Pakistan (IDA & IBRD)",TMN,NY.GDP.MKTP.CD,1986,483834373197.515
"Middle East, North Africa, Afghanistan & Pakistan (IDA & IBRD)",TMN,NY.GDP.MKTP.CD,1987,423609526601.928
"Middle East, North Africa, Afghanistan & Pakistan (IDA & IBRD)",TMN,NY.GDP.MKTP.CD,1988,410799887112.368
"Middle East, North Africa, Afghanistan & Pakistan (IDA & IBRD)",TMN,NY.GDP.MKTP.CD,1989,412556844401.159
"Middle East, North Africa, Afghanistan & Pakistan (IDA & IBRD)",TMN,NY.GDP.MKTP.CD,1990,557461708924.973
"Middle East, North Africa, Afghanistan & Pakistan (IDA & IBRD)",TMN,NY.GDP.MKTP.CD,1991,377590606394.643
"Middle East, North Africa, Afghanistan & Pakistan (IDA & IBRD)",TMN,NY.GDP.MKTP.CD,1992,387386092628.761
"Middle East, North Africa, Afghanistan & Pakistan (IDA & IBRD)",TMN,NY.GDP.MKTP.CD,1993,341578918010.526
"Middle East, North Africa, Afghanistan & Pakistan (IDA & IBRD)",TMN,NY.GDP.MKTP.CD,1994,359089803725.527
"Middle East, North Africa, Afghanistan & Pakistan (IDA & IBRD)",TMN,NY.GDP.MKTP.CD,1995,400070200953.642
"Middle East, North Africa, Afghanistan & Pakistan (IDA & IBRD)",TMN,NY.GDP.MKTP.CD,1996,443484189035.585
"Middle East, North Africa, Afghanistan & Pakistan (IDA & IBRD)",TMN,NY.GDP.MKTP.CD,1997,462008531499.284
"Middle East, North Africa, Afghanistan & Pakistan (IDA & IBRD)",TMN,NY.GDP.MKTP.CD,1998,471749358011.739
"Middle East, North Africa, Afghanistan & Pakistan (IDA & IBRD)",TMN,NY.GDP.MKTP.CD,1999,510969926889.365
"Middle East, North Africa, Afghanistan & Pakistan (IDA & IBRD)",TMN,NY.GDP.MKTP.CD,2000,573241793310.858
"Middle East, North Africa, Afghanistan & Pakistan (IDA & IBRD)",TMN,NY.GDP.MKTP.CD,2001,576251387940.943
"Middle East, North Africa, Afghanistan & Pakistan (IDA & IBRD)",TMN,NY.GDP.MKTP.CD,2002,561473534317.57
"Middle East, North Africa, Afghanistan & Pakistan (IDA & IBRD)",TMN,NY.GDP.MKTP.CD,2003,620751536900.607
"Middle East, North Africa, Afghanistan & Pakistan (IDA & IBRD)",TMN,NY.GDP.MKTP.CD,2004,735137824019.893
"Middle East, North Africa, Afghanistan & Pakistan (IDA & IBRD)",TMN,NY.GDP.MKTP.CD,2005,851999262326.47
"Middle East, North Africa, Afghanistan & Pakistan (IDA & IBRD)",TMN,NY.GDP.MKTP.CD,2006,991120969796.192
"Middle East, North Africa, Afghanistan & Pakistan (IDA & IBRD)",TMN,NY.GDP.MKTP.CD,2007,1204180789935.98
"Middle East, North Africa, Afghanistan & Pakistan (IDA & IBRD)",TMN,NY.GDP.MKTP.CD,2008,1461831985234.62
"Middle East, North Africa, Afghanistan & Pakistan (IDA & IBRD)",TMN,NY.GDP.MKTP.CD,2009,1413507353226.48
"Middle East, North Africa, Afghanistan & Pakistan (IDA & IBRD)",TMN,NY.GDP.MKTP.CD,2010,1619446425063.32
"Middle East, North Africa, Afghanistan & Pakistan (IDA & IBRD)",TMN,NY.GDP.MKTP.CD,2011,1897990854972.57
"Middle East, North Africa, Afghanistan & Pakistan (IDA & IBRD)",TMN,NY.GDP.MKTP.CD,2012,2043902331997.59
"Middle East, North Africa, Afghanistan & Pakistan (IDA & IBRD)",TMN,NY.GDP.MKTP.CD,2013,1920326937518.54
"Middle East, North Africa, Afghanistan & Pakistan (IDA & IBRD)",TMN,NY.GDP.MKTP.CD,2014,1909482732973.06
"Middle East, North Africa, Afghanistan & Pakistan (IDA & IBRD)",TMN,NY.GDP.MKTP.CD,2015,1770493985695.77
"Middle East, North Africa, Afghanistan & Pakistan (IDA & IBRD)",TMN,NY.GDP.MKTP.CD,2016,1837515287942.14
"Middle East, North Africa, Afghanistan & Pakistan (IDA & IBRD)",TMN,NY.GDP.MKTP.CD,2017,1866059717766.39
"Middle East, North Africa, Afghanistan & Pakistan (IDA & IBRD)",TMN,NY.GDP.MKTP.CD,2018,1865663734175.63
"Middle East, North Africa, Afghanistan & Pakistan (IDA & IBRD)",TMN,NY.GDP.MKTP.CD,2019,1821358044905.83
"Middle East, North Africa, Afghanistan & Pakistan (IDA & IBRD)",TMN,NY.GDP.MKTP.CD,2020,1657114965964.66
"Middle East, North Africa, Afghanistan & Pakistan (IDA & IBRD)",TMN,NY.GDP.MKTP.CD,2021,1926549742702.15
"Middle East, North Africa, Afghanistan & Pakistan (IDA & IBRD)",TMN,NY.GDP.MKTP.CD,2022,2146516410516.43
"Middle East, North Africa, Afghanistan & Pakistan (IDA & IBRD)",TMN,NY.GDP.MKTP.CD,2023,2075559724252.19
"Middle East, North Africa, Afghanistan & Pakistan (IDA & IBRD)",TMN,NY.GDP.MKTP.CD,2024,2181664562518.61
"Middle East, North Africa, Afghanistan & Pakistan (IDA & IBRD)",TMN,NY.GDP.MKTP.CD,2025,2115722770483.32
Tonga,TON,NY.GDP.MKTP.CD,1975,32506741.7201204
Tonga,TON,NY.GDP.MKTP.CD,1976,30036416.9619944
Tonga,TON,NY.GDP.MKTP.CD,1977,34139387.8908849
Tonga,TON,NY.GDP.MKTP.CD,1978,41567471.6721987
Tonga,TON,NY.GDP.MKTP.CD,1979,44667002.0120724
Tonga,TON,NY.GDP.MKTP.CD,1980,53260077.4311091
Tonga,TON,NY.GDP.MKTP.CD,1981,62242013.3302689
Tonga,TON,NY.GDP.MKTP.CD,1982,62068161.0711025
Tonga,TON,NY.GDP.MKTP.CD,1983,60863963.963964
Tonga,TON,NY.GDP.MKTP.CD,1984,64248354.5414656
Tonga,TON,NY.GDP.MKTP.CD,1985,60058663.3144773
Tonga,TON,NY.GDP.MKTP.CD,1986,68195855.6149733
Tonga,TON,NY.GDP.MKTP.CD,1987,81667133.4546982
Tonga,TON,NY.GDP.MKTP.CD,1988,106657267.367342
Tonga,TON,NY.GDP.MKTP.CD,1989,106344854.986095
Tonga,TON,NY.GDP.MKTP.CD,1990,113563821.577404
Tonga,TON,NY.GDP.MKTP.CD,1991,132201141.446861
Tonga,TON,NY.GDP.MKTP.CD,1992,137066290.550071
Tonga,TON,NY.GDP.MKTP.CD,1993,138489884.393064
Tonga,TON,NY.GDP.MKTP.CD,1994,195990986.21421
Tonga,TON,NY.GDP.MKTP.CD,1995,208871665.748682
Tonga,TON,NY.GDP.MKTP.CD,1996,222100576.345483
Tonga,TON,NY.GDP.MKTP.CD,1997,214991452.314998
Tonga,TON,NY.GDP.MKTP.CD,1998,191504892.761394
Tonga,TON,NY.GDP.MKTP.CD,1999,199208717.501913
Tonga,TON,NY.GDP.MKTP.CD,2000,204848487.806485
Tonga,TON,NY.GDP.MKTP.CD,2001,181117230.406546
Tonga,TON,NY.GDP.MKTP.CD,2002,182764280.828501
Tonga,TON,NY.GDP.MKTP.CD,2003,202246591.215502
Tonga,TON,NY.GDP.MKTP.CD,2004,230678011.42199
Tonga,TON,NY.GDP.MKTP.CD,2005,261823805.433238
Tonga,TON,NY.GDP.MKTP.CD,2006,292232703.306768
Tonga,TON,NY.GDP.MKTP.CD,2007,298519623.342085
Tonga,TON,NY.GDP.MKTP.CD,2008,344438844.333518
Tonga,TON,NY.GDP.MKTP.CD,2009,312415028.446113
Tonga,TON,NY.GDP.MKTP.CD,2010,366887374.989696
Tonga,TON,NY.GDP.MKTP.CD,2011,414143828.494419
Tonga,TON,NY.GDP.MKTP.CD,2012,471122971.305043
Tonga,TON,NY.GDP.MKTP.CD,2013,451788498.263614
Tonga,TON,NY.GDP.MKTP.CD,2014,440997734.928723
Tonga,TON,NY.GDP.MKTP.CD,2015,437525538.903019
Tonga,TON,NY.GDP.MKTP.CD,2016,420828254.541601
Tonga,TON,NY.GDP.MKTP.CD,2017,459976847.108128
Tonga,TON,NY.GDP.MKTP.CD,2018,493530766.930564
Tonga,TON,NY.GDP.MKTP.CD,2019,506031247.606648
Tonga,TON,NY.GDP.MKTP.CD,2020,506571486.576395
Tonga,TON,NY.GDP.MKTP.CD,2021,519306339.3498
Tonga,TON,NY.GDP.MKTP.CD,2022,556514556.392844
Tonga,TON,NY.GDP.MKTP.CD,2023,591139733.623755
Tonga,TON,NY.GDP.MKTP.CD,2024,647488243.847291
Tonga,TON,NY.GDP.MKTP.CD,2025,679218218.578017
South Asia (IDA & IBRD),TSA,NY.GDP.MKTP.CD,1960,43270012739.1649
South Asia (IDA & IBRD),TSA,NY.GDP.MKTP.CD,1961,46076379864.3708
South Asia (IDA & IBRD),TSA,NY.GDP.MKTP.CD,1962,49304727903.0606
South Asia (IDA & IBRD),TSA,NY.GDP.MKTP.CD,1963,55539363101.6149
South Asia (IDA & IBRD),TSA,NY.GDP.MKTP.CD,1964,63741466508.7531
South Asia (IDA & IBRD),TSA,NY.GDP.MKTP.CD,1965,67970199332.8318
South Asia (IDA & IBRD),TSA,NY.GDP.MKTP.CD,1966,54738691616.6906
South Asia (IDA & IBRD),TSA,NY.GDP.MKTP.CD,1967,60155334542.3489
South Asia (IDA & IBRD),TSA,NY.GDP.MKTP.CD,1968,63211416560.9716
South Asia (IDA & IBRD),TSA,NY.GDP.MKTP.CD,1969,69748993757.9469
South Asia (IDA & IBRD),TSA,NY.GDP.MKTP.CD,1970,74658791269.593
South Asia (IDA & IBRD),TSA,NY.GDP.MKTP.CD,1971,79443177465.6173
South Asia (IDA & IBRD),TSA,NY.GDP.MKTP.CD,1972,81426298286.7553
South Asia (IDA & IBRD),TSA,NY.GDP.MKTP.CD,1973,97561887957.8079
South Asia (IDA & IBRD),TSA,NY.GDP.MKTP.CD,1974,116963620422.229
South Asia (IDA & IBRD),TSA,NY.GDP.MKTP.CD,1975,123400629130.854
South Asia (IDA & IBRD),TSA,NY.GDP.MKTP.CD,1976,117988534885.073
South Asia (IDA & IBRD),TSA,NY.GDP.MKTP.CD,1977,136743438548.561
South Asia (IDA & IBRD),TSA,NY.GDP.MKTP.CD,1978,155039888662.564
South Asia (IDA & IBRD),TSA,NY.GDP.MKTP.CD,1979,173920685619.915
South Asia (IDA & IBRD),TSA,NY.GDP.MKTP.CD,1980,210608299657.661
South Asia (IDA & IBRD),TSA,NY.GDP.MKTP.CD,1981,220616445555.575
South Asia (IDA & IBRD),TSA,NY.GDP.MKTP.CD,1982,226594563448.698
South Asia (IDA & IBRD),TSA,NY.GDP.MKTP.CD,1983,243700817417.399
South Asia (IDA & IBRD),TSA,NY.GDP.MKTP.CD,1984,239973094448.251
South Asia (IDA & IBRD),TSA,NY.GDP.MKTP.CD,1985,263678832418.149
South Asia (IDA & IBRD),TSA,NY.GDP.MKTP.CD,1986,280349120351.567
South Asia (IDA & IBRD),TSA,NY.GDP.MKTP.CD,1987,313355004645.126
South Asia (IDA & IBRD),TSA,NY.GDP.MKTP.CD,1988,334074870363.848
South Asia (IDA & IBRD),TSA,NY.GDP.MKTP.CD,1989,335790574664.33
South Asia (IDA & IBRD),TSA,NY.GDP.MKTP.CD,1990,364740287587.943
South Asia (IDA & IBRD),TSA,NY.GDP.MKTP.CD,1991,314469355543.217
South Asia (IDA & IBRD),TSA,NY.GDP.MKTP.CD,1992,333546277429.535
South Asia (IDA & IBRD),TSA,NY.GDP.MKTP.CD,1993,327009281232.946
South Asia (IDA & IBRD),TSA,NY.GDP.MKTP.CD,1994,377442853701.433
South Asia (IDA & IBRD),TSA,NY.GDP.MKTP.CD,1995,416341940329.578
South Asia (IDA & IBRD),TSA,NY.GDP.MKTP.CD,1996,458508459742.388
South Asia (IDA & IBRD),TSA,NY.GDP.MKTP.CD,1997,484982931205.649
South Asia (IDA & IBRD),TSA,NY.GDP.MKTP.CD,1998,492856423475.407
South Asia (IDA & IBRD),TSA,NY.GDP.MKTP.CD,1999,531825749349.825
South Asia (IDA & IBRD),TSA,NY.GDP.MKTP.CD,2000,544940514563.357
South Asia (IDA & IBRD),TSA,NY.GDP.MKTP.CD,2001,562554379798.02
South Asia (IDA & IBRD),TSA,NY.GDP.MKTP.CD,2002,593707009776.721
South Asia (IDA & IBRD),TSA,NY.GDP.MKTP.CD,2003,694775911444.331
South Asia (IDA & IBRD),TSA,NY.GDP.MKTP.CD,2004,804159915389.764
South Asia (IDA & IBRD),TSA,NY.GDP.MKTP.CD,2005,924419567611.271
South Asia (IDA & IBRD),TSA,NY.GDP.MKTP.CD,2006,1051884831127.45
South Asia (IDA & IBRD),TSA,NY.GDP.MKTP.CD,2007,1342148092012.26
South Asia (IDA & IBRD),TSA,NY.GDP.MKTP.CD,2008,1347380565219.4
South Asia (IDA & IBRD),TSA,NY.GDP.MKTP.CD,2009,1502961023415.75
South Asia (IDA & IBRD),TSA,NY.GDP.MKTP.CD,2010,1869826822336.76
South Asia (IDA & IBRD),TSA,NY.GDP.MKTP.CD,2011,2045738549406.63
South Asia (IDA & IBRD),TSA,NY.GDP.MKTP.CD,2012,2057958207007.53
South Asia (IDA & IBRD),TSA,NY.GDP.MKTP.CD,2013,2111097580244.47
South Asia (IDA & IBRD),TSA,NY.GDP.MKTP.CD,2014,2323062261802.12
South Asia (IDA & IBRD),TSA,NY.GDP.MKTP.CD,2015,2414503392327.99
South Asia (IDA & IBRD),TSA,NY.GDP.MKTP.CD,2016,2679313169084.49
South Asia (IDA & IBRD),TSA,NY.GDP.MKTP.CD,2017,3075955433025.62
South Asia (IDA & IBRD),TSA,NY.GDP.MKTP.CD,2018,3159841615195.03
South Asia (IDA & IBRD),TSA,NY.GDP.MKTP.CD,2019,3318484576408.75
South Asia (IDA & IBRD),TSA,NY.GDP.MKTP.CD,2020,3172770463540.28
South Asia (IDA & IBRD),TSA,NY.GDP.MKTP.CD,2021,3717045071947.61
South Asia (IDA & IBRD),TSA,NY.GDP.MKTP.CD,2022,3834471492016.05
South Asia (IDA & IBRD),TSA,NY.GDP.MKTP.CD,2023,4073084906363.46
South Asia (IDA & IBRD),TSA,NY.GDP.MKTP.CD,2024,4364256137661.4
South Asia (IDA & IBRD),TSA,NY.GDP.MKTP.CD,2025,4578021773987.28
Sub-Saharan Africa (IDA & IBRD countries),TSS,NY.GDP.MKTP.CD,1960,35992840315.6247
Sub-Saharan Africa (IDA & IBRD countries),TSS,NY.GDP.MKTP.CD,1961,37521672250.0087
Sub-Saharan Africa (IDA & IBRD countries),TSS,NY.GDP.MKTP.CD,1962,40553531625.494
Sub-Saharan Africa (IDA & IBRD countries),TSS,NY.GDP.MKTP.CD,1963,46127234839.1369
Sub-Saharan Africa (IDA & IBRD countries),TSS,NY.GDP.MKTP.CD,1964,45891029636.7016
Sub-Saharan Africa (IDA & IBRD countries),TSS,NY.GDP.MKTP.CD,1965,50543662441.0134
Sub-Saharan Africa (IDA & IBRD countries),TSS,NY.GDP.MKTP.CD,1966,54780166138.879
Sub-Saharan Africa (IDA & IBRD countries),TSS,NY.GDP.MKTP.CD,1967,54842929106.4939
Sub-Saharan Africa (IDA & IBRD countries),TSS,NY.GDP.MKTP.CD,1968,58686328764.3184
Sub-Saharan Africa (IDA & IBRD countries),TSS,NY.GDP.MKTP.CD,1969,66258308877.6066
Sub-Saharan Africa (IDA & IBRD countries),TSS,NY.GDP.MKTP.CD,1970,73998894005.1136
Sub-Saharan Africa (IDA & IBRD countries),TSS,NY.GDP.MKTP.CD,1971,76078849833.2721
Sub-Saharan Africa (IDA & IBRD countries),TSS,NY.GDP.MKTP.CD,1972,85727801728.0296
Sub-Saharan Africa (IDA & IBRD countries),TSS,NY.GDP.MKTP.CD,1973,109279814642.668
Sub-Saharan Africa (IDA & IBRD countries),TSS,NY.GDP.MKTP.CD,1974,138641829045.606
Sub-Saharan Africa (IDA & IBRD countries),TSS,NY.GDP.MKTP.CD,1975,152220755514.281
Sub-Saharan Africa (IDA & IBRD countries),TSS,NY.GDP.MKTP.CD,1976,164674566173.82
Sub-Saharan Africa (IDA & IBRD countries),TSS,NY.GDP.MKTP.CD,1977,180959402619.766
Sub-Saharan Africa (IDA & IBRD countries),TSS,NY.GDP.MKTP.CD,1978,202653123357.711
Sub-Saharan Africa (IDA & IBRD countries),TSS,NY.GDP.MKTP.CD,1979,238924309636.553
Sub-Saharan Africa (IDA & IBRD countries),TSS,NY.GDP.MKTP.CD,1980,300099287848.277
Sub-Saharan Africa (IDA & IBRD countries),TSS,NY.GDP.MKTP.CD,1981,404964246963.97
Sub-Saharan Africa (IDA & IBRD countries),TSS,NY.GDP.MKTP.CD,1982,376485687161.413
Sub-Saharan Africa (IDA & IBRD countries),TSS,NY.GDP.MKTP.CD,1983,337928018074.435
Sub-Saharan Africa (IDA & IBRD countries),TSS,NY.GDP.MKTP.CD,1984,301936361900.011
Sub-Saharan Africa (IDA & IBRD countries),TSS,NY.GDP.MKTP.CD,1985,288309978620.849
Sub-Saharan Africa (IDA & IBRD countries),TSS,NY.GDP.MKTP.CD,1986,270240108448.996
Sub-Saharan Africa (IDA & IBRD countries),TSS,NY.GDP.MKTP.CD,1987,302632179778.341
Sub-Saharan Africa (IDA & IBRD countries),TSS,NY.GDP.MKTP.CD,1988,318689734593.005
Sub-Saharan Africa (IDA & IBRD countries),TSS,NY.GDP.MKTP.CD,1989,324390296940.169
Sub-Saharan Africa (IDA & IBRD countries),TSS,NY.GDP.MKTP.CD,1990,379792346523.418
Sub-Saharan Africa (IDA & IBRD countries),TSS,NY.GDP.MKTP.CD,1991,406697411520.779
Sub-Saharan Africa (IDA & IBRD countries),TSS,NY.GDP.MKTP.CD,1992,365899500396.638
Sub-Saharan Africa (IDA & IBRD countries),TSS,NY.GDP.MKTP.CD,1993,369858677464.712
Sub-Saharan Africa (IDA & IBRD countries),TSS,NY.GDP.MKTP.CD,1994,378181813146.723
Sub-Saharan Africa (IDA & IBRD countries),TSS,NY.GDP.MKTP.CD,1995,481079007260.503
Sub-Saharan Africa (IDA & IBRD countries),TSS,NY.GDP.MKTP.CD,1996,537530179194.328
Sub-Saharan Africa (IDA & IBRD countries),TSS,NY.GDP.MKTP.CD,1997,565282993319.412
Sub-Saharan Africa (IDA & IBRD countries),TSS,NY.GDP.MKTP.CD,1998,566816310317.237
Sub-Saharan Africa (IDA & IBRD countries),TSS,NY.GDP.MKTP.CD,1999,404651982255.302
Sub-Saharan Africa (IDA & IBRD countries),TSS,NY.GDP.MKTP.CD,2000,428788727164.409
Sub-Saharan Africa (IDA & IBRD countries),TSS,NY.GDP.MKTP.CD,2001,410936482186.298
Sub-Saharan Africa (IDA & IBRD countries),TSS,NY.GDP.MKTP.CD,2002,449501126211.834
Sub-Saharan Africa (IDA & IBRD countries),TSS,NY.GDP.MKTP.CD,2003,565920228913.281
Sub-Saharan Africa (IDA & IBRD countries),TSS,NY.GDP.MKTP.CD,2004,702843567490.156
Sub-Saharan Africa (IDA & IBRD countries),TSS,NY.GDP.MKTP.CD,2005,836994144673.233
Sub-Saharan Africa (IDA & IBRD countries),TSS,NY.GDP.MKTP.CD,2006,988827706638.027
Sub-Saharan Africa (IDA & IBRD countries),TSS,NY.GDP.MKTP.CD,2007,1145187476948.82
Sub-Saharan Africa (IDA & IBRD countries),TSS,NY.GDP.MKTP.CD,2008,1300970976245.49
Sub-Saharan Africa (IDA & IBRD countries),TSS,NY.GDP.MKTP.CD,2009,1241887642937.02
Sub-Saharan Africa (IDA & IBRD countries),TSS,NY.GDP.MKTP.CD,2010,1469543958178.5
Sub-Saharan Africa (IDA & IBRD countries),TSS,NY.GDP.MKTP.CD,2011,1650873639675.29
Sub-Saharan Africa (IDA & IBRD countries),TSS,NY.GDP.MKTP.CD,2012,1717201201150.92
Sub-Saharan Africa (IDA & IBRD countries),TSS,NY.GDP.MKTP.CD,2013,1825391175423.92
Sub-Saharan Africa (IDA & IBRD countries),TSS,NY.GDP.MKTP.CD,2014,1902822047308.01
Sub-Saharan Africa (IDA & IBRD countries),TSS,NY.GDP.MKTP.CD,2015,1687942836834.48
Sub-Saharan Africa (IDA & IBRD countries),TSS,NY.GDP.MKTP.CD,2016,1532640901655.94
Sub-Saharan Africa (IDA & IBRD countries),TSS,NY.GDP.MKTP.CD,2017,1673446999208.25
Sub-Saharan Africa (IDA & IBRD countries),TSS,NY.GDP.MKTP.CD,2018,1799777413644.27
Sub-Saharan Africa (IDA & IBRD countries),TSS,NY.GDP.MKTP.CD,2019,2045881962739.73
Sub-Saharan Africa (IDA & IBRD countries),TSS,NY.GDP.MKTP.CD,2020,1902234301367.38
Sub-Saharan Africa (IDA & IBRD countries),TSS,NY.GDP.MKTP.CD,2021,2139729978109.87
Sub-Saharan Africa (IDA & IBRD countries),TSS,NY.GDP.MKTP.CD,2022,2290209566620.26
Sub-Saharan Africa (IDA & IBRD countries),TSS,NY.GDP.MKTP.CD,2023,2117602210170.5
Sub-Saharan Africa (IDA & IBRD countries),TSS,NY.GDP.MKTP.CD,2024,1989931102034.87
Sub-Saharan Africa (IDA & IBRD countries),TSS,NY.GDP.MKTP.CD,2025,2211221046102.8
Trinidad and Tobago,TTO,NY.GDP.MKTP.CD,1960,535673252.483535
Trinidad and Tobago,TTO,NY.GDP.MKTP.CD,1961,584964620.921781
Trinidad and Tobago,TTO,NY.GDP.MKTP.CD,1962,619322810.026308
Trinidad and Tobago,TTO,NY.GDP.MKTP.CD,1963,678239329.401676
Trinidad and Tobago,TTO,NY.GDP.MKTP.CD,1964,711897520.256199
Trinidad and Tobago,TTO,NY.GDP.MKTP.CD,1965,736573158.567104
Trinidad and Tobago,TTO,NY.GDP.MKTP.CD,1966,723739857.317023
Trinidad and Tobago,TTO,NY.GDP.MKTP.CD,1967,761981912.42271
Trinidad and Tobago,TTO,NY.GDP.MKTP.CD,1968,758899950.0
Trinidad and Tobago,TTO,NY.GDP.MKTP.CD,1969,779200000.0
Trinidad and Tobago,TTO,NY.GDP.MKTP.CD,1970,821850000.0
Trinidad and Tobago,TTO,NY.GDP.MKTP.CD,1971,896765214.626133
Trinidad and Tobago,TTO,NY.GDP.MKTP.CD,1972,1083391757.89486
Trinidad and Tobago,TTO,NY.GDP.MKTP.CD,1973,1308785430.53591
Trinidad and Tobago,TTO,NY.GDP.MKTP.CD,1974,2042001070.5079
Trinidad and Tobago,TTO,NY.GDP.MKTP.CD,1975,2442669824.56431
Trinidad and Tobago,TTO,NY.GDP.MKTP.CD,1976,2500424955.23006
Trinidad and Tobago,TTO,NY.GDP.MKTP.CD,1977,3138666666.66667
Trinidad and Tobago,TTO,NY.GDP.MKTP.CD,1978,3562333458.33333
Trinidad and Tobago,TTO,NY.GDP.MKTP.CD,1979,4602416625.0
Trinidad and Tobago,TTO,NY.GDP.MKTP.CD,1980,6235833333.33333
Trinidad and Tobago,TTO,NY.GDP.MKTP.CD,1981,6992083333.33333
Trinidad and Tobago,TTO,NY.GDP.MKTP.CD,1982,8140416666.66667
Trinidad and Tobago,TTO,NY.GDP.MKTP.CD,1983,7763750000.0
Trinidad and Tobago,TTO,NY.GDP.MKTP.CD,1984,7757083333.33333
Trinidad and Tobago,TTO,NY.GDP.MKTP.CD,1985,7375918367.34694
Trinidad and Tobago,TTO,NY.GDP.MKTP.CD,1986,4794444444.44444
Trinidad and Tobago,TTO,NY.GDP.MKTP.CD,1987,4797777777.77778
Trinidad and Tobago,TTO,NY.GDP.MKTP.CD,1988,4496910569.10569
Trinidad and Tobago,TTO,NY.GDP.MKTP.CD,1989,4323058823.52941
Trinidad and Tobago,TTO,NY.GDP.MKTP.CD,1990,5068000000.0
Trinidad and Tobago,TTO,NY.GDP.MKTP.CD,1991,5307905882.35294
Trinidad and Tobago,TTO,NY.GDP.MKTP.CD,1992,5439552941.17647
Trinidad and Tobago,TTO,NY.GDP.MKTP.CD,1993,4669491134.2478
Trinidad and Tobago,TTO,NY.GDP.MKTP.CD,1994,4947181645.55221
Trinidad and Tobago,TTO,NY.GDP.MKTP.CD,1995,5329217747.21258
Trinidad and Tobago,TTO,NY.GDP.MKTP.CD,1996,5759570336.11287
Trinidad and Tobago,TTO,NY.GDP.MKTP.CD,1997,5737771523.10148
Trinidad and Tobago,TTO,NY.GDP.MKTP.CD,1998,6043686653.62189
Trinidad and Tobago,TTO,NY.GDP.MKTP.CD,1999,6808982520.75759
Trinidad and Tobago,TTO,NY.GDP.MKTP.CD,2000,8154342116.10311
Trinidad and Tobago,TTO,NY.GDP.MKTP.CD,2001,8824849191.03571
Trinidad and Tobago,TTO,NY.GDP.MKTP.CD,2002,9008298228.60273
Trinidad and Tobago,TTO,NY.GDP.MKTP.CD,2003,11305459802.0683
Trinidad and Tobago,TTO,NY.GDP.MKTP.CD,2004,13280291989.5755
Trinidad and Tobago,TTO,NY.GDP.MKTP.CD,2005,15982389018.4041
Trinidad and Tobago,TTO,NY.GDP.MKTP.CD,2006,18369361094.3886
Trinidad and Tobago,TTO,NY.GDP.MKTP.CD,2007,21641620049.9352
Trinidad and Tobago,TTO,NY.GDP.MKTP.CD,2008,27871587349.5413
Trinidad and Tobago,TTO,NY.GDP.MKTP.CD,2009,19172165225.5015
Trinidad and Tobago,TTO,NY.GDP.MKTP.CD,2010,22157920592.3669
Trinidad and Tobago,TTO,NY.GDP.MKTP.CD,2011,25433007437.1605
Trinidad and Tobago,TTO,NY.GDP.MKTP.CD,2012,27147349937.4689
Trinidad and Tobago,TTO,NY.GDP.MKTP.CD,2013,28560537057.1548
Trinidad and Tobago,TTO,NY.GDP.MKTP.CD,2014,29474180005.1333
Trinidad and Tobago,TTO,NY.GDP.MKTP.CD,2015,26841141793.2143
Trinidad and Tobago,TTO,NY.GDP.MKTP.CD,2016,23624322192.6274
Trinidad and Tobago,TTO,NY.GDP.MKTP.CD,2017,23830750900.6899
Trinidad and Tobago,TTO,NY.GDP.MKTP.CD,2018,23883058083.2171
Trinidad and Tobago,TTO,NY.GDP.MKTP.CD,2019,23477745791.6977
Trinidad and Tobago,TTO,NY.GDP.MKTP.CD,2020,20888515184.2239
Trinidad and Tobago,TTO,NY.GDP.MKTP.CD,2021,24222963262.7213
Trinidad and Tobago,TTO,NY.GDP.MKTP.CD,2022,28341164301.126
Trinidad and Tobago,TTO,NY.GDP.MKTP.CD,2023,25036993423.3664
Trinidad and Tobago,TTO,NY.GDP.MKTP.CD,2024,25633544529.4849
Trinidad and Tobago,TTO,NY.GDP.MKTP.CD,2025,25942749718.4685
Tunisia,TUN,NY.GDP.MKTP.CD,1961,866155428.571429
Tunisia,TUN,NY.GDP.MKTP.CD,1962,880027733.333333
Tunisia,TUN,NY.GDP.MKTP.CD,1963,1026737600.0
Tunisia,TUN,NY.GDP.MKTP.CD,1964,1025866792.15686
Tunisia,TUN,NY.GDP.MKTP.CD,1965,991047619.047619
Tunisia,TUN,NY.GDP.MKTP.CD,1966,1040952380.95238
Tunisia,TUN,NY.GDP.MKTP.CD,1967,1085714285.71429
Tunisia,TUN,NY.GDP.MKTP.CD,1968,1214666666.66667
Tunisia,TUN,NY.GDP.MKTP.CD,1969,1289904761.90476
Tunisia,TUN,NY.GDP.MKTP.CD,1970,1439238095.2381
Tunisia,TUN,NY.GDP.MKTP.CD,1971,1685162272.40652
Tunisia,TUN,NY.GDP.MKTP.CD,1972,2237556148.51085
Tunisia,TUN,NY.GDP.MKTP.CD,1973,2730813385.32624
Tunisia,TUN,NY.GDP.MKTP.CD,1974,3545868575.14639
Tunisia,TUN,NY.GDP.MKTP.CD,1975,4328965587.53266
Tunisia,TUN,NY.GDP.MKTP.CD,1976,4508191942.16081
Tunisia,TUN,NY.GDP.MKTP.CD,1977,5109324009.32401
Tunisia,TUN,NY.GDP.MKTP.CD,1978,5968460080.1113
Tunisia,TUN,NY.GDP.MKTP.CD,1979,7188863903.63675
Tunisia,TUN,NY.GDP.MKTP.CD,1980,8744134354.16152
Tunisia,TUN,NY.GDP.MKTP.CD,1981,8428445294.08429
Tunisia,TUN,NY.GDP.MKTP.CD,1982,8133580051.70251
Tunisia,TUN,NY.GDP.MKTP.CD,1983,8350582747.83541
Tunisia,TUN,NY.GDP.MKTP.CD,1984,8254541194.82566
Tunisia,TUN,NY.GDP.MKTP.CD,1985,8410226052.6114
Tunisia,TUN,NY.GDP.MKTP.CD,1986,9017806654.4169
Tunisia,TUN,NY.GDP.MKTP.CD,1987,9696715910.70907
Tunisia,TUN,NY.GDP.MKTP.CD,1988,10096245762.4352
Tunisia,TUN,NY.GDP.MKTP.CD,1989,10101851744.5627
Tunisia,TUN,NY.GDP.MKTP.CD,1990,12290568181.8182
Tunisia,TUN,NY.GDP.MKTP.CD,1991,13074782608.6957
Tunisia,TUN,NY.GDP.MKTP.CD,1992,15496708060.4184
Tunisia,TUN,NY.GDP.MKTP.CD,1993,14608335608.1543
Tunisia,TUN,NY.GDP.MKTP.CD,1994,15633174304.0905
Tunisia,TUN,NY.GDP.MKTP.CD,1995,18030876599.3444
Tunisia,TUN,NY.GDP.MKTP.CD,1996,19587161806.7655
Tunisia,TUN,NY.GDP.MKTP.CD,1997,20746210353.845
Tunisia,TUN,NY.GDP.MKTP.CD,1998,21802893587.126
Tunisia,TUN,NY.GDP.MKTP.CD,1999,22943202174.9668
Tunisia,TUN,NY.GDP.MKTP.CD,2000,21473528160.7782
Tunisia,TUN,NY.GDP.MKTP.CD,2001,22065832448.8623
Tunisia,TUN,NY.GDP.MKTP.CD,2002,23141616604.5242
Tunisia,TUN,NY.GDP.MKTP.CD,2003,27453902261.4629
Tunisia,TUN,NY.GDP.MKTP.CD,2004,31183885241.4396
Tunisia,TUN,NY.GDP.MKTP.CD,2005,32272186694.8043
Tunisia,TUN,NY.GDP.MKTP.CD,2006,34376664600.5898
Tunisia,TUN,NY.GDP.MKTP.CD,2007,38915353866.757
Tunisia,TUN,NY.GDP.MKTP.CD,2008,44859439902.2191
Tunisia,TUN,NY.GDP.MKTP.CD,2009,43455740497.3061
Tunisia,TUN,NY.GDP.MKTP.CD,2010,46206091937.9628
Tunisia,TUN,NY.GDP.MKTP.CD,2011,48123325825.0739
Tunisia,TUN,NY.GDP.MKTP.CD,2012,47311401812.6733
Tunisia,TUN,NY.GDP.MKTP.CD,2013,48685446413.953
Tunisia,TUN,NY.GDP.MKTP.CD,2014,50271812920.612
Tunisia,TUN,NY.GDP.MKTP.CD,2015,45779494041.9295
Tunisia,TUN,NY.GDP.MKTP.CD,2016,44360072680.4476
Tunisia,TUN,NY.GDP.MKTP.CD,2017,42163530590.9462
Tunisia,TUN,NY.GDP.MKTP.CD,2018,42686504459.801
Tunisia,TUN,NY.GDP.MKTP.CD,2019,41905642418.825
Tunisia,TUN,NY.GDP.MKTP.CD,2020,42491780918.361
Tunisia,TUN,NY.GDP.MKTP.CD,2021,47073234359.1819
Tunisia,TUN,NY.GDP.MKTP.CD,2022,44929920092.7955
Tunisia,TUN,NY.GDP.MKTP.CD,2023,48205328303.3398
Tunisia,TUN,NY.GDP.MKTP.CD,2024,51412122479.8468
Tunisia,TUN,NY.GDP.MKTP.CD,2025,57502836548.0878
Turkiye,TUR,NY.GDP.MKTP.CD,1960,7566666666.66667
Turkiye,TUR,NY.GDP.MKTP.CD,1961,7988888888.88889
Turkiye,TUR,NY.GDP.MKTP.CD,1962,8922222222.22222
Turkiye,TUR,NY.GDP.MKTP.CD,1963,10355555555.5556
Turkiye,TUR,NY.GDP.MKTP.CD,1964,11177777777.7778
Turkiye,TUR,NY.GDP.MKTP.CD,1965,11966666666.6667
Turkiye,TUR,NY.GDP.MKTP.CD,1966,14100000000.0
Turkiye,TUR,NY.GDP.MKTP.CD,1967,15644444444.4444
Turkiye,TUR,NY.GDP.MKTP.CD,1968,17500000000.0
Turkiye,TUR,NY.GDP.MKTP.CD,1969,19466666666.6667
Turkiye,TUR,NY.GDP.MKTP.CD,1970,17863636363.6364
Turkiye,TUR,NY.GDP.MKTP.CD,1971,16166666666.6667
Turkiye,TUR,NY.GDP.MKTP.CD,1972,20650000000.0
Turkiye,TUR,NY.GDP.MKTP.CD,1973,26000000000.0
Turkiye,TUR,NY.GDP.MKTP.CD,1974,35414285714.2857
Turkiye,TUR,NY.GDP.MKTP.CD,1975,46042857142.8571
Turkiye,TUR,NY.GDP.MKTP.CD,1976,51450000000.0
Turkiye,TUR,NY.GDP.MKTP.CD,1977,58683333333.3333
Turkiye,TUR,NY.GDP.MKTP.CD,1978,65912500000.0
Turkiye,TUR,NY.GDP.MKTP.CD,1979,89616129032.2581
Turkiye,TUR,NY.GDP.MKTP.CD,1980,68823684210.5263
Turkiye,TUR,NY.GDP.MKTP.CD,1981,71180180180.1802
Turkiye,TUR,NY.GDP.MKTP.CD,1982,64369325153.3742
Turkiye,TUR,NY.GDP.MKTP.CD,1983,61803555555.5556
Turkiye,TUR,NY.GDP.MKTP.CD,1984,59937602179.8365
Turkiye,TUR,NY.GDP.MKTP.CD,1985,67232758620.6897
Turkiye,TUR,NY.GDP.MKTP.CD,1986,75673037037.037
Turkiye,TUR,NY.GDP.MKTP.CD,1987,87190081680.28
Turkiye,TUR,NY.GDP.MKTP.CD,1988,90875175808.7201
Turkiye,TUR,NY.GDP.MKTP.CD,1989,107127191328.935
Turkiye,TUR,NY.GDP.MKTP.CD,1990,150655500191.644
Turkiye,TUR,NY.GDP.MKTP.CD,1991,151034731543.624
Turkiye,TUR,NY.GDP.MKTP.CD,1992,159104772991.851
Turkiye,TUR,NY.GDP.MKTP.CD,1993,180415757851.616
Turkiye,TUR,NY.GDP.MKTP.CD,1994,130650447499.071
Turkiye,TUR,NY.GDP.MKTP.CD,1995,234699627004.035
Turkiye,TUR,NY.GDP.MKTP.CD,1996,250366965174.129
Turkiye,TUR,NY.GDP.MKTP.CD,1997,263817553748.395
Turkiye,TUR,NY.GDP.MKTP.CD,1998,276035372654.608
Turkiye,TUR,NY.GDP.MKTP.CD,1999,256673939247.773
Turkiye,TUR,NY.GDP.MKTP.CD,2000,274748463178.502
Turkiye,TUR,NY.GDP.MKTP.CD,2001,202195080239.036
Turkiye,TUR,NY.GDP.MKTP.CD,2002,240778008473.845
Turkiye,TUR,NY.GDP.MKTP.CD,2003,315392899922.379
Turkiye,TUR,NY.GDP.MKTP.CD,2004,410156784495.948
Turkiye,TUR,NY.GDP.MKTP.CD,2005,508314210212.544
Turkiye,TUR,NY.GDP.MKTP.CD,2006,559668118237.002
Turkiye,TUR,NY.GDP.MKTP.CD,2007,685228481017.03
Turkiye,TUR,NY.GDP.MKTP.CD,2008,775415944332.866
Turkiye,TUR,NY.GDP.MKTP.CD,2009,653894449921.288
Turkiye,TUR,NY.GDP.MKTP.CD,2010,782545664268.333
Turkiye,TUR,NY.GDP.MKTP.CD,2011,844192507380.795
Turkiye,TUR,NY.GDP.MKTP.CD,2012,885327622479.052
Turkiye,TUR,NY.GDP.MKTP.CD,2013,962167643588.925
Turkiye,TUR,NY.GDP.MKTP.CD,2014,942343431928.654
Turkiye,TUR,NY.GDP.MKTP.CD,2015,865460050683.656
Turkiye,TUR,NY.GDP.MKTP.CD,2016,870818016909.84
Turkiye,TUR,NY.GDP.MKTP.CD,2017,863874522365.276
Turkiye,TUR,NY.GDP.MKTP.CD,2018,788356985773.667
Turkiye,TUR,NY.GDP.MKTP.CD,2019,775853144222.613
Turkiye,TUR,NY.GDP.MKTP.CD,2020,733628247119.077
Turkiye,TUR,NY.GDP.MKTP.CD,2021,839938668172.134
Turkiye,TUR,NY.GDP.MKTP.CD,2022,926097476913.818
Turkiye,TUR,NY.GDP.MKTP.CD,2023,1141242864657.45
Turkiye,TUR,NY.GDP.MKTP.CD,2024,1359123768774.12
Turkiye,TUR,NY.GDP.MKTP.CD,2025,1597293229287.0
Tuvalu,TUV,NY.GDP.MKTP.CD,1970,2585955.87411804
Tuvalu,TUV,NY.GDP.MKTP.CD,1971,2716989.58449994
Tuvalu,TUV,NY.GDP.MKTP.CD,1972,2968457.94392523
Tuvalu,TUV,NY.GDP.MKTP.CD,1973,3411915.43882127
Tuvalu,TUV,NY.GDP.MKTP.CD,1974,4122328.66617539
Tuvalu,TUV,NY.GDP.MKTP.CD,1975,4014748.0540762
Tuvalu,TUV,NY.GDP.MKTP.CD,1976,3919072.22992563
Tuvalu,TUV,NY.GDP.MKTP.CD,1977,3669419.59164946
Tuvalu,TUV,NY.GDP.MKTP.CD,1978,3798781.86329799
Tuvalu,TUV,NY.GDP.MKTP.CD,1979,4065659.43428377
Tuvalu,TUV,NY.GDP.MKTP.CD,1980,4206128.13370474
Tuvalu,TUV,NY.GDP.MKTP.CD,1981,4773017.53163822
Tuvalu,TUV,NY.GDP.MKTP.CD,1982,4118945.16164625
Tuvalu,TUV,NY.GDP.MKTP.CD,1983,4152550.30416472
Tuvalu,TUV,NY.GDP.MKTP.CD,1984,4481977.90255389
Tuvalu,TUV,NY.GDP.MKTP.CD,1985,3862851.88310194
Tuvalu,TUV,NY.GDP.MKTP.CD,1986,4574706.2115277
Tuvalu,TUV,NY.GDP.MKTP.CD,1987,5020513.49920593
Tuvalu,TUV,NY.GDP.MKTP.CD,1988,7011059.37136205
Tuvalu,TUV,NY.GDP.MKTP.CD,1989,8454523.24729257
Tuvalu,TUV,NY.GDP.MKTP.CD,1990,9542900.90136505
Tuvalu,TUV,NY.GDP.MKTP.CD,1991,10127313.9132358
Tuvalu,TUV,NY.GDP.MKTP.CD,1992,10535028.1423687
Tuvalu,TUV,NY.GDP.MKTP.CD,1993,10414399.9564792
Tuvalu,TUV,NY.GDP.MKTP.CD,1994,11772610.6579341
Tuvalu,TUV,NY.GDP.MKTP.CD,1995,11922614.1984666
Tuvalu,TUV,NY.GDP.MKTP.CD,1996,13338597.3300737
Tuvalu,TUV,NY.GDP.MKTP.CD,1997,13734210.096632
Tuvalu,TUV,NY.GDP.MKTP.CD,1998,13795146.2092638
Tuvalu,TUV,NY.GDP.MKTP.CD,1999,14800503.2582747
Tuvalu,TUV,NY.GDP.MKTP.CD,2000,14881202.5785774
Tuvalu,TUV,NY.GDP.MKTP.CD,2001,14139705.2510497
Tuvalu,TUV,NY.GDP.MKTP.CD,2002,16639799.8873171
Tuvalu,TUV,NY.GDP.MKTP.CD,2003,19584879.571753
Tuvalu,TUV,NY.GDP.MKTP.CD,2004,22878877.9130312
Tuvalu,TUV,NY.GDP.MKTP.CD,2005,22846519.1722166
Tuvalu,TUV,NY.GDP.MKTP.CD,2006,24274966.4338055
Tuvalu,TUV,NY.GDP.MKTP.CD,2007,28547819.7129545
Tuvalu,TUV,NY.GDP.MKTP.CD,2008,31602915.0009478
Tuvalu,TUV,NY.GDP.MKTP.CD,2009,27851666.1740196
Tuvalu,TUV,NY.GDP.MKTP.CD,2010,32425361.8050211
Tuvalu,TUV,NY.GDP.MKTP.CD,2011,39665361.1329159
Tuvalu,TUV,NY.GDP.MKTP.CD,2012,38912985.1801769
Tuvalu,TUV,NY.GDP.MKTP.CD,2013,38767554.542532
Tuvalu,TUV,NY.GDP.MKTP.CD,2014,38643167.2951054
Tuvalu,TUV,NY.GDP.MKTP.CD,2015,36755290.7767318
Tuvalu,TUV,NY.GDP.MKTP.CD,2016,41306141.62505
Tuvalu,TUV,NY.GDP.MKTP.CD,2017,45288858.1637361
Tuvalu,TUV,NY.GDP.MKTP.CD,2018,48026990.1943497
Tuvalu,TUV,NY.GDP.MKTP.CD,2019,53527720.0597564
Tuvalu,TUV,NY.GDP.MKTP.CD,2020,52302514.9939611
Tuvalu,TUV,NY.GDP.MKTP.CD,2021,61597447.1614093
Tuvalu,TUV,NY.GDP.MKTP.CD,2022,54104146.3198082
Tuvalu,TUV,NY.GDP.MKTP.CD,2023,50491930.924381
Tuvalu,TUV,NY.GDP.MKTP.CD,2024,56752265.8012166
Tuvalu,TUV,NY.GDP.MKTP.CD,2025,57345434.7234984
Tanzania,TZA,NY.GDP.MKTP.CD,1960,2651729807.38808
Tanzania,TZA,NY.GDP.MKTP.CD,1961,2826179031.22839
Tanzania,TZA,NY.GDP.MKTP.CD,1962,3101589992.664
Tanzania,TZA,NY.GDP.MKTP.CD,1963,3456579293.44828
Tanzania,TZA,NY.GDP.MKTP.CD,1964,3748840925.06363
Tanzania,TZA,NY.GDP.MKTP.CD,1965,3817226546.22938
Tanzania,TZA,NY.GDP.MKTP.CD,1966,4377998825.12047
Tanzania,TZA,NY.GDP.MKTP.CD,1967,4565132047.52718
Tanzania,TZA,NY.GDP.MKTP.CD,1968,4895251824.05927
Tanzania,TZA,NY.GDP.MKTP.CD,1969,5142066811.47328
Tanzania,TZA,NY.GDP.MKTP.CD,1970,2851419386.07225
Tanzania,TZA,NY.GDP.MKTP.CD,1971,3050673517.33059
Tanzania,TZA,NY.GDP.MKTP.CD,1972,3472787266.0964
Tanzania,TZA,NY.GDP.MKTP.CD,1973,4144104535.49655
Tanzania,TZA,NY.GDP.MKTP.CD,1974,4977337978.35959
Tanzania,TZA,NY.GDP.MKTP.CD,1975,5729917839.54264
Tanzania,TZA,NY.GDP.MKTP.CD,1976,6472511987.84735
Tanzania,TZA,NY.GDP.MKTP.CD,1977,7732598995.10303
Tanzania,TZA,NY.GDP.MKTP.CD,1978,9261675709.83072
Tanzania,TZA,NY.GDP.MKTP.CD,1979,9804637490.81892
Tanzania,TZA,NY.GDP.MKTP.CD,1980,11409228086.7463
Tanzania,TZA,NY.GDP.MKTP.CD,1981,13161540377.5792
Tanzania,TZA,NY.GDP.MKTP.CD,1982,13927383239.8322
Tanzania,TZA,NY.GDP.MKTP.CD,1983,14049883809.0089
Tanzania,TZA,NY.GDP.MKTP.CD,1984,12906635133.1557
Tanzania,TZA,NY.GDP.MKTP.CD,1985,15328295175.4067
Tanzania,TZA,NY.GDP.MKTP.CD,1986,10840864521.2338
Tanzania,TZA,NY.GDP.MKTP.CD,1987,7824193222.11908
Tanzania,TZA,NY.GDP.MKTP.CD,1988,7406614407.46127
Tanzania,TZA,NY.GDP.MKTP.CD,1989,6418799006.80247
Tanzania,TZA,NY.GDP.MKTP.CD,1990,6184384225.02712
Tanzania,TZA,NY.GDP.MKTP.CD,1991,7197768158.58347
Tanzania,TZA,NY.GDP.MKTP.CD,1992,6681997469.31292
Tanzania,TZA,NY.GDP.MKTP.CD,1993,6182872707.82523
Tanzania,TZA,NY.GDP.MKTP.CD,1994,6550480483.9385
Tanzania,TZA,NY.GDP.MKTP.CD,1995,7631431840.49992
Tanzania,TZA,NY.GDP.MKTP.CD,1996,9433528150.36609
Tanzania,TZA,NY.GDP.MKTP.CD,1997,11158197941.9152
Tanzania,TZA,NY.GDP.MKTP.CD,1998,12172790056.3733
Tanzania,TZA,NY.GDP.MKTP.CD,1999,12704334195.8151
Tanzania,TZA,NY.GDP.MKTP.CD,2000,13371767081.7428
Tanzania,TZA,NY.GDP.MKTP.CD,2001,13563990022.3641
Tanzania,TZA,NY.GDP.MKTP.CD,2002,14129651895.6911
Tanzania,TZA,NY.GDP.MKTP.CD,2003,15211487708.7684
Tanzania,TZA,NY.GDP.MKTP.CD,2004,16673062473.3981
Tanzania,TZA,NY.GDP.MKTP.CD,2005,18395383647.4975
Tanzania,TZA,NY.GDP.MKTP.CD,2006,18619859795.2852
Tanzania,TZA,NY.GDP.MKTP.CD,2007,21860434823.4808
Tanzania,TZA,NY.GDP.MKTP.CD,2008,27947821397.9272
Tanzania,TZA,NY.GDP.MKTP.CD,2009,29400573553.6075
Tanzania,TZA,NY.GDP.MKTP.CD,2010,32012892919.37
Tanzania,TZA,NY.GDP.MKTP.CD,2011,34657140096.4836
Tanzania,TZA,NY.GDP.MKTP.CD,2012,39650394362.9287
Tanzania,TZA,NY.GDP.MKTP.CD,2013,45648857242.315
Tanzania,TZA,NY.GDP.MKTP.CD,2014,49986726460.6805
Tanzania,TZA,NY.GDP.MKTP.CD,2015,47413919817.124
Tanzania,TZA,NY.GDP.MKTP.CD,2016,49774409374.4538
Tanzania,TZA,NY.GDP.MKTP.CD,2017,53274884532.7886
Tanzania,TZA,NY.GDP.MKTP.CD,2018,57003712892.0858
Tanzania,TZA,NY.GDP.MKTP.CD,2019,61026731925.9213
Tanzania,TZA,NY.GDP.MKTP.CD,2020,66068737786.0639
Tanzania,TZA,NY.GDP.MKTP.CD,2021,70655628147.8986
Tanzania,TZA,NY.GDP.MKTP.CD,2022,75749121846.9703
Tanzania,TZA,NY.GDP.MKTP.CD,2023,79030935638.1317
Tanzania,TZA,NY.GDP.MKTP.CD,2024,79235713444.9777
Tanzania,TZA,NY.GDP.MKTP.CD,2025,90143496090.4411
Uganda,UGA,NY.GDP.MKTP.CD,1960,423145605.043164
Uganda,UGA,NY.GDP.MKTP.CD,1961,441667334.611947
Uganda,UGA,NY.GDP.MKTP.CD,1962,449158233.391351
Uganda,UGA,NY.GDP.MKTP.CD,1963,516315231.449087
Uganda,UGA,NY.GDP.MKTP.CD,1964,589247687.30035
Uganda,UGA,NY.GDP.MKTP.CD,1965,884502309.953801
Uganda,UGA,NY.GDP.MKTP.CD,1966,925381492.370153
Uganda,UGA,NY.GDP.MKTP.CD,1967,967240655.186896
Uganda,UGA,NY.GDP.MKTP.CD,1968,1037379252.41495
Uganda,UGA,NY.GDP.MKTP.CD,1969,1168556628.86742
Uganda,UGA,NY.GDP.MKTP.CD,1970,1259554808.90382
Uganda,UGA,NY.GDP.MKTP.CD,1971,1417191656.16688
Uganda,UGA,NY.GDP.MKTP.CD,1972,1490970180.59639
Uganda,UGA,NY.GDP.MKTP.CD,1973,1701829789.02127
Uganda,UGA,NY.GDP.MKTP.CD,1974,2098944967.20844
Uganda,UGA,NY.GDP.MKTP.CD,1975,2359555555.55556
Uganda,UGA,NY.GDP.MKTP.CD,1976,2447300000.0
Uganda,UGA,NY.GDP.MKTP.CD,1977,2936470588.23529
Uganda,UGA,NY.GDP.MKTP.CD,1978,2420260869.56522
Uganda,UGA,NY.GDP.MKTP.CD,1979,2139025000.0
Uganda,UGA,NY.GDP.MKTP.CD,1980,1244610000.0
Uganda,UGA,NY.GDP.MKTP.CD,1981,1337300000.0
Uganda,UGA,NY.GDP.MKTP.CD,1982,2177500000.0
Uganda,UGA,NY.GDP.MKTP.CD,1983,2240333333.33333
Uganda,UGA,NY.GDP.MKTP.CD,1984,3615647477.05434
Uganda,UGA,NY.GDP.MKTP.CD,1985,3519695443.52516
Uganda,UGA,NY.GDP.MKTP.CD,1986,3923244049.95796
Uganda,UGA,NY.GDP.MKTP.CD,1987,6269522042.11556
Uganda,UGA,NY.GDP.MKTP.CD,1988,6508931651.66667
Uganda,UGA,NY.GDP.MKTP.CD,1989,5276480799.33868
Uganda,UGA,NY.GDP.MKTP.CD,1990,4304399310.30967
Uganda,UGA,NY.GDP.MKTP.CD,1991,3321729159.62277
Uganda,UGA,NY.GDP.MKTP.CD,1992,2857457761.90922
Uganda,UGA,NY.GDP.MKTP.CD,1993,3220439044.18949
Uganda,UGA,NY.GDP.MKTP.CD,1994,3990430446.71216
Uganda,UGA,NY.GDP.MKTP.CD,1995,5755818842.49246
Uganda,UGA,NY.GDP.MKTP.CD,1996,6044585326.938
Uganda,UGA,NY.GDP.MKTP.CD,1997,6269333313.17108
Uganda,UGA,NY.GDP.MKTP.CD,1998,6584815846.52754
Uganda,UGA,NY.GDP.MKTP.CD,1999,5998563257.94659
Uganda,UGA,NY.GDP.MKTP.CD,2000,6193246837.09687
Uganda,UGA,NY.GDP.MKTP.CD,2001,5840503868.51573
Uganda,UGA,NY.GDP.MKTP.CD,2002,6178563591.12051
Uganda,UGA,NY.GDP.MKTP.CD,2003,6606884275.23087
Uganda,UGA,NY.GDP.MKTP.CD,2004,7939487547.77384
Uganda,UGA,NY.GDP.MKTP.CD,2005,9239221763.05793
Uganda,UGA,NY.GDP.MKTP.CD,2006,9977647682.96954
Uganda,UGA,NY.GDP.MKTP.CD,2007,11902564494.8833
Uganda,UGA,NY.GDP.MKTP.CD,2008,14440404132.2047
Uganda,UGA,NY.GDP.MKTP.CD,2009,25127805566.6584
Uganda,UGA,NY.GDP.MKTP.CD,2010,26673441430.7857
Uganda,UGA,NY.GDP.MKTP.CD,2011,27871725241.4723
Uganda,UGA,NY.GDP.MKTP.CD,2012,27305915910.7877
Uganda,UGA,NY.GDP.MKTP.CD,2013,28915786516.6123
Uganda,UGA,NY.GDP.MKTP.CD,2014,32612397257.4458
Uganda,UGA,NY.GDP.MKTP.CD,2015,32387183730.1002
Uganda,UGA,NY.GDP.MKTP.CD,2016,29203988696.2626
Uganda,UGA,NY.GDP.MKTP.CD,2017,30744473841.424
Uganda,UGA,NY.GDP.MKTP.CD,2018,32927025619.6795
Uganda,UGA,NY.GDP.MKTP.CD,2019,35353061003.4359
Uganda,UGA,NY.GDP.MKTP.CD,2020,37600368241.6657
Uganda,UGA,NY.GDP.MKTP.CD,2021,40529788748.6737
Uganda,UGA,NY.GDP.MKTP.CD,2022,45565333210.9108
Uganda,UGA,NY.GDP.MKTP.CD,2023,48768955863.3175
Uganda,UGA,NY.GDP.MKTP.CD,2024,53911907079.0485
Uganda,UGA,NY.GDP.MKTP.CD,2025,61985829288.1496
Ukraine,UKR,NY.GDP.MKTP.CD,1987,64087694038.2333
Ukraine,UKR,NY.GDP.MKTP.CD,1988,74703517902.6642
Ukraine,UKR,NY.GDP.MKTP.CD,1989,82709161099.1244
Ukraine,UKR,NY.GDP.MKTP.CD,1990,81393558423.4406
Ukraine,UKR,NY.GDP.MKTP.CD,1991,77350733982.4458
Ukraine,UKR,NY.GDP.MKTP.CD,1992,73945908383.7046
Ukraine,UKR,NY.GDP.MKTP.CD,1993,65648559903.0571
Ukraine,UKR,NY.GDP.MKTP.CD,1994,52549580264.8064
Ukraine,UKR,NY.GDP.MKTP.CD,1995,48213856468.5718
Ukraine,UKR,NY.GDP.MKTP.CD,1996,44558831005.0621
Ukraine,UKR,NY.GDP.MKTP.CD,1997,50151531591.7317
Ukraine,UKR,NY.GDP.MKTP.CD,1998,41882523345.1804
Ukraine,UKR,NY.GDP.MKTP.CD,1999,31580639553.8298
Ukraine,UKR,NY.GDP.MKTP.CD,2000,32375083934.8241
Ukraine,UKR,NY.GDP.MKTP.CD,2001,39309580983.2282
Ukraine,UKR,NY.GDP.MKTP.CD,2002,43956163612.0433
Ukraine,UKR,NY.GDP.MKTP.CD,2003,52010355753.0461
Ukraine,UKR,NY.GDP.MKTP.CD,2004,67220154164.3166
Ukraine,UKR,NY.GDP.MKTP.CD,2005,89238865118.5263
Ukraine,UKR,NY.GDP.MKTP.CD,2006,111884752475.248
Ukraine,UKR,NY.GDP.MKTP.CD,2007,148733861386.139
Ukraine,UKR,NY.GDP.MKTP.CD,2008,188110390659.515
Ukraine,UKR,NY.GDP.MKTP.CD,2009,121552153444.124
Ukraine,UKR,NY.GDP.MKTP.CD,2010,141209170427.233
Ukraine,UKR,NY.GDP.MKTP.CD,2011,169333835201.554
Ukraine,UKR,NY.GDP.MKTP.CD,2012,182591753827.949
Ukraine,UKR,NY.GDP.MKTP.CD,2013,190498811460.028
Ukraine,UKR,NY.GDP.MKTP.CD,2014,133503871861.723
Ukraine,UKR,NY.GDP.MKTP.CD,2015,91030967789.0717
Ukraine,UKR,NY.GDP.MKTP.CD,2016,93355869403.9223
Ukraine,UKR,NY.GDP.MKTP.CD,2017,112090505081.739
Ukraine,UKR,NY.GDP.MKTP.CD,2018,130891088293.55
Ukraine,UKR,NY.GDP.MKTP.CD,2019,153883047509.577
Ukraine,UKR,NY.GDP.MKTP.CD,2020,156617722013.342
Ukraine,UKR,NY.GDP.MKTP.CD,2021,199765859570.935
Ukraine,UKR,NY.GDP.MKTP.CD,2022,161989520721.19
Ukraine,UKR,NY.GDP.MKTP.CD,2023,181221517868.744
Ukraine,UKR,NY.GDP.MKTP.CD,2024,190833835445.1
Ukraine,UKR,NY.GDP.MKTP.CD,2025,214233312784.397
Uruguay,URY,NY.GDP.MKTP.CD,1960,1242289239.20493
Uruguay,URY,NY.GDP.MKTP.CD,1961,1547388781.43133
Uruguay,URY,NY.GDP.MKTP.CD,1962,1710004407.22785
Uruguay,URY,NY.GDP.MKTP.CD,1963,1539681490.78174
Uruguay,URY,NY.GDP.MKTP.CD,1964,1975701816.46615
Uruguay,URY,NY.GDP.MKTP.CD,1965,1890767155.52622
Uruguay,URY,NY.GDP.MKTP.CD,1966,1809185093.55188
Uruguay,URY,NY.GDP.MKTP.CD,1967,1597713469.09611
Uruguay,URY,NY.GDP.MKTP.CD,1968,1593674184.56285
Uruguay,URY,NY.GDP.MKTP.CD,1969,2004435483.87097
Uruguay,URY,NY.GDP.MKTP.CD,1970,2137096774.19355
Uruguay,URY,NY.GDP.MKTP.CD,1971,2807258064.51613
Uruguay,URY,NY.GDP.MKTP.CD,1972,2189418688.80408
Uruguay,URY,NY.GDP.MKTP.CD,1973,3964296443.35254
Uruguay,URY,NY.GDP.MKTP.CD,1974,4090209681.97172
Uruguay,URY,NY.GDP.MKTP.CD,1975,3538278046.96236
Uruguay,URY,NY.GDP.MKTP.CD,1976,3667161241.48372
Uruguay,URY,NY.GDP.MKTP.CD,1977,4114670014.3472
Uruguay,URY,NY.GDP.MKTP.CD,1978,4910254565.57831
Uruguay,URY,NY.GDP.MKTP.CD,1979,7181182224.11227
Uruguay,URY,NY.GDP.MKTP.CD,1980,10163020115.7344
Uruguay,URY,NY.GDP.MKTP.CD,1981,11048301420.6301
Uruguay,URY,NY.GDP.MKTP.CD,1982,9178780076.99713
Uruguay,URY,NY.GDP.MKTP.CD,1983,5102276308.45313
Uruguay,URY,NY.GDP.MKTP.CD,1984,4850238549.61832
Uruguay,URY,NY.GDP.MKTP.CD,1985,4732017873.38369
Uruguay,URY,NY.GDP.MKTP.CD,1986,5880112788.40947
Uruguay,URY,NY.GDP.MKTP.CD,1987,7367494080.40014
Uruguay,URY,NY.GDP.MKTP.CD,1988,8213538368.84635
Uruguay,URY,NY.GDP.MKTP.CD,1989,8438951476.06644
Uruguay,URY,NY.GDP.MKTP.CD,1990,9298807850.29979
Uruguay,URY,NY.GDP.MKTP.CD,1991,11206176650.9075
Uruguay,URY,NY.GDP.MKTP.CD,1992,12878148790.7348
Uruguay,URY,NY.GDP.MKTP.CD,1993,15002136971.1745
Uruguay,URY,NY.GDP.MKTP.CD,1994,17474588895.8918
Uruguay,URY,NY.GDP.MKTP.CD,1995,19297663096.5506
Uruguay,URY,NY.GDP.MKTP.CD,1996,20515458113.5857
Uruguay,URY,NY.GDP.MKTP.CD,1997,23969739233.8966
Uruguay,URY,NY.GDP.MKTP.CD,1998,25385886977.5228
Uruguay,URY,NY.GDP.MKTP.CD,1999,23983945190.6202
Uruguay,URY,NY.GDP.MKTP.CD,2000,22823270892.1094
Uruguay,URY,NY.GDP.MKTP.CD,2001,20898761742.2386
Uruguay,URY,NY.GDP.MKTP.CD,2002,13606515722.5864
Uruguay,URY,NY.GDP.MKTP.CD,2003,12045638351.8507
Uruguay,URY,NY.GDP.MKTP.CD,2004,13686329890.1191
Uruguay,URY,NY.GDP.MKTP.CD,2005,17362857683.8545
Uruguay,URY,NY.GDP.MKTP.CD,2006,19741420739.8901
Uruguay,URY,NY.GDP.MKTP.CD,2007,23797773024.3992
Uruguay,URY,NY.GDP.MKTP.CD,2008,31119602538.8322
Uruguay,URY,NY.GDP.MKTP.CD,2009,32708319077.5179
Uruguay,URY,NY.GDP.MKTP.CD,2010,41950361211.9581
Uruguay,URY,NY.GDP.MKTP.CD,2011,50342406067.0777
Uruguay,URY,NY.GDP.MKTP.CD,2012,54232266358.7811
Uruguay,URY,NY.GDP.MKTP.CD,2013,61337621933.7857
Uruguay,URY,NY.GDP.MKTP.CD,2014,61496186973.902
Uruguay,URY,NY.GDP.MKTP.CD,2015,57680327998.6689
Uruguay,URY,NY.GDP.MKTP.CD,2016,57480787465.2716
Uruguay,URY,NY.GDP.MKTP.CD,2017,65006039809.739
Uruguay,URY,NY.GDP.MKTP.CD,2018,65344577415.7535
Uruguay,URY,NY.GDP.MKTP.CD,2019,62222324964.633
Uruguay,URY,NY.GDP.MKTP.CD,2020,53559354501.4278
Uruguay,URY,NY.GDP.MKTP.CD,2021,60739061281.1628
Uruguay,URY,NY.GDP.MKTP.CD,2022,71240669088.0587
Uruguay,URY,NY.GDP.MKTP.CD,2023,79208725899.5531
Uruguay,URY,NY.GDP.MKTP.CD,2024,82322859144.2816
Uruguay,URY,NY.GDP.MKTP.CD,2025,85347696277.6859
United States,USA,NY.GDP.MKTP.CD,1960,541988586206.897
United States,USA,NY.GDP.MKTP.CD,1961,561940310344.828
United States,USA,NY.GDP.MKTP.CD,1962,603639413793.103
United States,USA,NY.GDP.MKTP.CD,1963,637058551724.138
United States,USA,NY.GDP.MKTP.CD,1964,684144620689.655
United States,USA,NY.GDP.MKTP.CD,1965,741904862068.965
United States,USA,NY.GDP.MKTP.CD,1966,813032758620.69
United States,USA,NY.GDP.MKTP.CD,1967,859620034482.759
United States,USA,NY.GDP.MKTP.CD,1968,940225000000.0
United States,USA,NY.GDP.MKTP.CD,1969,1017438172413.79
United States,USA,NY.GDP.MKTP.CD,1970,1073303000000.0
United States,USA,NY.GDP.MKTP.CD,1971,1164850000000.0
United States,USA,NY.GDP.MKTP.CD,1972,1279110000000.0
United States,USA,NY.GDP.MKTP.CD,1973,1425376000000.0
United States,USA,NY.GDP.MKTP.CD,1974,1545243000000.0
United States,USA,NY.GDP.MKTP.CD,1975,1684904000000.0
United States,USA,NY.GDP.MKTP.CD,1976,1873412000000.0
United States,USA,NY.GDP.MKTP.CD,1977,2081826000000.0
United States,USA,NY.GDP.MKTP.CD,1978,2351599000000.0
United States,USA,NY.GDP.MKTP.CD,1979,2627333000000.0
United States,USA,NY.GDP.MKTP.CD,1980,2857307000000.0
United States,USA,NY.GDP.MKTP.CD,1981,3207041000000.0
United States,USA,NY.GDP.MKTP.CD,1982,3343789000000.0
United States,USA,NY.GDP.MKTP.CD,1983,3634038000000.0
United States,USA,NY.GDP.MKTP.CD,1984,4037613000000.0
United States,USA,NY.GDP.MKTP.CD,1985,4338979000000.0
United States,USA,NY.GDP.MKTP.CD,1986,4579631000000.0
United States,USA,NY.GDP.MKTP.CD,1987,4855215000000.0
United States,USA,NY.GDP.MKTP.CD,1988,5236438000000.0
United States,USA,NY.GDP.MKTP.CD,1989,5641580000000.0
United States,USA,NY.GDP.MKTP.CD,1990,5963144000000.0
United States,USA,NY.GDP.MKTP.CD,1991,6158129000000.0
United States,USA,NY.GDP.MKTP.CD,1992,6520327000000.0
United States,USA,NY.GDP.MKTP.CD,1993,6858559000000.0
United States,USA,NY.GDP.MKTP.CD,1994,7287236000000.0
United States,USA,NY.GDP.MKTP.CD,1995,7639749000000.0
United States,USA,NY.GDP.MKTP.CD,1996,8073122000000.0
United States,USA,NY.GDP.MKTP.CD,1997,8577552000000.0
United States,USA,NY.GDP.MKTP.CD,1998,9062817000000.0
United States,USA,NY.GDP.MKTP.CD,1999,9631172000000.0
United States,USA,NY.GDP.MKTP.CD,2000,10250952000000.0
United States,USA,NY.GDP.MKTP.CD,2001,10581929000000.0
United States,USA,NY.GDP.MKTP.CD,2002,10929108000000.0
United States,USA,NY.GDP.MKTP.CD,2003,11456450000000.0
United States,USA,NY.GDP.MKTP.CD,2004,12217196000000.0
United States,USA,NY.GDP.MKTP.CD,2005,13039197000000.0
United States,USA,NY.GDP.MKTP.CD,2006,13815583000000.0
United States,USA,NY.GDP.MKTP.CD,2007,14474228000000.0
United States,USA,NY.GDP.MKTP.CD,2008,14769862000000.0
United States,USA,NY.GDP.MKTP.CD,2009,14478067000000.0
United States,USA,NY.GDP.MKTP.CD,2010,15048971000000.0
United States,USA,NY.GDP.MKTP.CD,2011,15599732000000.0
United States,USA,NY.GDP.MKTP.CD,2012,16253970000000.0
United States,USA,NY.GDP.MKTP.CD,2013,16880683000000.0
United States,USA,NY.GDP.MKTP.CD,2014,17608138000000.0
United States,USA,NY.GDP.MKTP.CD,2015,18295019000000.0
United States,USA,NY.GDP.MKTP.CD,2016,18804913000000.0
United States,USA,NY.GDP.MKTP.CD,2017,19612102000000.0
United States,USA,NY.GDP.MKTP.CD,2018,20656516000000.0
United States,USA,NY.GDP.MKTP.CD,2019,21539982000000.0
United States,USA,NY.GDP.MKTP.CD,2020,21375281000000.0
United States,USA,NY.GDP.MKTP.CD,2021,23725645000000.0
United States,USA,NY.GDP.MKTP.CD,2022,26054614000000.0
United States,USA,NY.GDP.MKTP.CD,2023,27811517000000.0
United States,USA,NY.GDP.MKTP.CD,2024,29298013000000.0
United States,USA,NY.GDP.MKTP.CD,2025,30769700000000.0
Uzbekistan,UZB,NY.GDP.MKTP.CD,1987,8523160592.61112
Uzbekistan,UZB,NY.GDP.MKTP.CD,1988,10722799639.3121
Uzbekistan,UZB,NY.GDP.MKTP.CD,1989,11948815258.1132
Uzbekistan,UZB,NY.GDP.MKTP.CD,1990,13362340337.8657
Uzbekistan,UZB,NY.GDP.MKTP.CD,1991,13800167711.5003
Uzbekistan,UZB,NY.GDP.MKTP.CD,1992,12953801760.2414
Uzbekistan,UZB,NY.GDP.MKTP.CD,1993,13099920055.9608
Uzbekistan,UZB,NY.GDP.MKTP.CD,1994,12899074922.38
Uzbekistan,UZB,NY.GDP.MKTP.CD,1995,13350461264.9969
Uzbekistan,UZB,NY.GDP.MKTP.CD,1996,13948892215.5689
Uzbekistan,UZB,NY.GDP.MKTP.CD,1997,14744603773.5849
Uzbekistan,UZB,NY.GDP.MKTP.CD,1998,14988971210.8383
Uzbekistan,UZB,NY.GDP.MKTP.CD,1999,17078465982.0282
Uzbekistan,UZB,NY.GDP.MKTP.CD,2000,13760513969.314
Uzbekistan,UZB,NY.GDP.MKTP.CD,2001,11401421329.1974
Uzbekistan,UZB,NY.GDP.MKTP.CD,2002,9687788512.80184
Uzbekistan,UZB,NY.GDP.MKTP.CD,2003,10134453435.4603
Uzbekistan,UZB,NY.GDP.MKTP.CD,2004,12030023547.8807
Uzbekistan,UZB,NY.GDP.MKTP.CD,2005,14307509838.8053
Uzbekistan,UZB,NY.GDP.MKTP.CD,2006,17330833852.919
Uzbekistan,UZB,NY.GDP.MKTP.CD,2007,22311393927.8817
Uzbekistan,UZB,NY.GDP.MKTP.CD,2008,29549438883.8338
Uzbekistan,UZB,NY.GDP.MKTP.CD,2009,33689223673.2577
Uzbekistan,UZB,NY.GDP.MKTP.CD,2010,55544226552.8467
Uzbekistan,UZB,NY.GDP.MKTP.CD,2011,67404618404.5392
Uzbekistan,UZB,NY.GDP.MKTP.CD,2012,75318846931.3239
Uzbekistan,UZB,NY.GDP.MKTP.CD,2013,82674178351.6216
Uzbekistan,UZB,NY.GDP.MKTP.CD,2014,91303765114.0144
Uzbekistan,UZB,NY.GDP.MKTP.CD,2015,97564568986.8161
Uzbekistan,UZB,NY.GDP.MKTP.CD,2016,97871364319.3985
Uzbekistan,UZB,NY.GDP.MKTP.CD,2017,72276404057.649
Uzbekistan,UZB,NY.GDP.MKTP.CD,2018,61318332402.7908
Uzbekistan,UZB,NY.GDP.MKTP.CD,2019,70170662562.6111
Uzbekistan,UZB,NY.GDP.MKTP.CD,2020,70127127133.2164
Uzbekistan,UZB,NY.GDP.MKTP.CD,2021,81170051810.5825
Uzbekistan,UZB,NY.GDP.MKTP.CD,2022,94286355836.1594
Uzbekistan,UZB,NY.GDP.MKTP.CD,2023,107526539716.318
Uzbekistan,UZB,NY.GDP.MKTP.CD,2024,121356065241.228
Uzbekistan,UZB,NY.GDP.MKTP.CD,2025,147038081129.405
St. Vincent and the Grenadines,VCT,NY.GDP.MKTP.CD,1960,13066634.0000817
St. Vincent and the Grenadines,VCT,NY.GDP.MKTP.CD,1961,13999965.0000875
St. Vincent and the Grenadines,VCT,NY.GDP.MKTP.CD,1962,14524963.6875908
St. Vincent and the Grenadines,VCT,NY.GDP.MKTP.CD,1963,13708299.0625857
St. Vincent and the Grenadines,VCT,NY.GDP.MKTP.CD,1964,14758296.4375922
St. Vincent and the Grenadines,VCT,NY.GDP.MKTP.CD,1965,15108295.5625944
St. Vincent and the Grenadines,VCT,NY.GDP.MKTP.CD,1966,16099959.7501006
St. Vincent and the Grenadines,VCT,NY.GDP.MKTP.CD,1967,15835106.0327781
St. Vincent and the Grenadines,VCT,NY.GDP.MKTP.CD,1968,15350000.0
St. Vincent and the Grenadines,VCT,NY.GDP.MKTP.CD,1969,16650000.0
St. Vincent and the Grenadines,VCT,NY.GDP.MKTP.CD,1970,18450000.0
St. Vincent and the Grenadines,VCT,NY.GDP.MKTP.CD,1971,20051922.3261445
St. Vincent and the Grenadines,VCT,NY.GDP.MKTP.CD,1972,27585804.8653032
St. Vincent and the Grenadines,VCT,NY.GDP.MKTP.CD,1973,30165081.0858817
St. Vincent and the Grenadines,VCT,NY.GDP.MKTP.CD,1974,32923702.7281866
St. Vincent and the Grenadines,VCT,NY.GDP.MKTP.CD,1975,33237225.9880652
St. Vincent and the Grenadines,VCT,NY.GDP.MKTP.CD,1976,32792844.6829448
St. Vincent and the Grenadines,VCT,NY.GDP.MKTP.CD,1977,49353161.8518519
St. Vincent and the Grenadines,VCT,NY.GDP.MKTP.CD,1978,60844771.4814815
St. Vincent and the Grenadines,VCT,NY.GDP.MKTP.CD,1979,71096359.6296296
St. Vincent and the Grenadines,VCT,NY.GDP.MKTP.CD,1980,82340339.6296296
St. Vincent and the Grenadines,VCT,NY.GDP.MKTP.CD,1981,102086539.259259
St. Vincent and the Grenadines,VCT,NY.GDP.MKTP.CD,1982,113759203.333333
St. Vincent and the Grenadines,VCT,NY.GDP.MKTP.CD,1983,122255349.62963
St. Vincent and the Grenadines,VCT,NY.GDP.MKTP.CD,1984,135024987.777778
St. Vincent and the Grenadines,VCT,NY.GDP.MKTP.CD,1985,145641705.185185
St. Vincent and the Grenadines,VCT,NY.GDP.MKTP.CD,1986,160846656.666667
St. Vincent and the Grenadines,VCT,NY.GDP.MKTP.CD,1987,175580647.407407
St. Vincent and the Grenadines,VCT,NY.GDP.MKTP.CD,1988,200726712.592593
St. Vincent and the Grenadines,VCT,NY.GDP.MKTP.CD,1989,214745002.222222
St. Vincent and the Grenadines,VCT,NY.GDP.MKTP.CD,1990,240366666.666667
St. Vincent and the Grenadines,VCT,NY.GDP.MKTP.CD,1991,254829629.62963
St. Vincent and the Grenadines,VCT,NY.GDP.MKTP.CD,1992,277955555.555556
St. Vincent and the Grenadines,VCT,NY.GDP.MKTP.CD,1993,286307407.407407
St. Vincent and the Grenadines,VCT,NY.GDP.MKTP.CD,1994,289437037.037037
St. Vincent and the Grenadines,VCT,NY.GDP.MKTP.CD,1995,316007407.407407
St. Vincent and the Grenadines,VCT,NY.GDP.MKTP.CD,1996,331488888.888889
St. Vincent and the Grenadines,VCT,NY.GDP.MKTP.CD,1997,347770370.37037
St. Vincent and the Grenadines,VCT,NY.GDP.MKTP.CD,1998,373618518.518519
St. Vincent and the Grenadines,VCT,NY.GDP.MKTP.CD,1999,390718518.518519
St. Vincent and the Grenadines,VCT,NY.GDP.MKTP.CD,2000,427946037.037037
St. Vincent and the Grenadines,VCT,NY.GDP.MKTP.CD,2001,462072333.333333
St. Vincent and the Grenadines,VCT,NY.GDP.MKTP.CD,2002,487763851.851852
St. Vincent and the Grenadines,VCT,NY.GDP.MKTP.CD,2003,509090888.888889
St. Vincent and the Grenadines,VCT,NY.GDP.MKTP.CD,2004,549900185.185185
St. Vincent and the Grenadines,VCT,NY.GDP.MKTP.CD,2005,579948925.925926
St. Vincent and the Grenadines,VCT,NY.GDP.MKTP.CD,2006,643501148.148148
St. Vincent and the Grenadines,VCT,NY.GDP.MKTP.CD,2007,713596666.666667
St. Vincent and the Grenadines,VCT,NY.GDP.MKTP.CD,2008,732663259.259259
St. Vincent and the Grenadines,VCT,NY.GDP.MKTP.CD,2009,714300259.259259
St. Vincent and the Grenadines,VCT,NY.GDP.MKTP.CD,2010,720447888.888889
St. Vincent and the Grenadines,VCT,NY.GDP.MKTP.CD,2011,713796370.37037
St. Vincent and the Grenadines,VCT,NY.GDP.MKTP.CD,2012,730032592.592593
St. Vincent and the Grenadines,VCT,NY.GDP.MKTP.CD,2013,764781259.259259
St. Vincent and the Grenadines,VCT,NY.GDP.MKTP.CD,2014,770900000.0
St. Vincent and the Grenadines,VCT,NY.GDP.MKTP.CD,2015,786555555.555555
St. Vincent and the Grenadines,VCT,NY.GDP.MKTP.CD,2016,814303703.703704
St. Vincent and the Grenadines,VCT,NY.GDP.MKTP.CD,2017,844040740.740741
St. Vincent and the Grenadines,VCT,NY.GDP.MKTP.CD,2018,884329629.62963
St. Vincent and the Grenadines,VCT,NY.GDP.MKTP.CD,2019,910481481.481481
St. Vincent and the Grenadines,VCT,NY.GDP.MKTP.CD,2020,864566666.666667
St. Vincent and the Grenadines,VCT,NY.GDP.MKTP.CD,2021,888677777.777778
St. Vincent and the Grenadines,VCT,NY.GDP.MKTP.CD,2022,989188888.888889
St. Vincent and the Grenadines,VCT,NY.GDP.MKTP.CD,2023,1072237037.03704
St. Vincent and the Grenadines,VCT,NY.GDP.MKTP.CD,2024,1157207407.40741
St. Vincent and the Grenadines,VCT,NY.GDP.MKTP.CD,2025,1255222222.22222
"Venezuela, RB",VEN,NY.GDP.MKTP.CD,1960,7663938303.07171
"Venezuela, RB",VEN,NY.GDP.MKTP.CD,1961,8067267030.61862
"Venezuela, RB",VEN,NY.GDP.MKTP.CD,1962,8814309884.21165
"Venezuela, RB",VEN,NY.GDP.MKTP.CD,1963,9608717288.17057
"Venezuela, RB",VEN,NY.GDP.MKTP.CD,1964,8192413793.10345
"Venezuela, RB",VEN,NY.GDP.MKTP.CD,1965,8427777777.77778
"Venezuela, RB",VEN,NY.GDP.MKTP.CD,1966,8781333333.33333
"Venezuela, RB",VEN,NY.GDP.MKTP.CD,1967,9250000000.0
"Venezuela, RB",VEN,NY.GDP.MKTP.CD,1968,10034444444.4444
"Venezuela, RB",VEN,NY.GDP.MKTP.CD,1969,10285111111.1111
"Venezuela, RB",VEN,NY.GDP.MKTP.CD,1970,11561111111.1111
"Venezuela, RB",VEN,NY.GDP.MKTP.CD,1971,12986590909.0909
"Venezuela, RB",VEN,NY.GDP.MKTP.CD,1972,13977727272.7273
"Venezuela, RB",VEN,NY.GDP.MKTP.CD,1973,17035581395.3488
"Venezuela, RB",VEN,NY.GDP.MKTP.CD,1974,26100930232.5581
"Venezuela, RB",VEN,NY.GDP.MKTP.CD,1975,27464651162.7907
"Venezuela, RB",VEN,NY.GDP.MKTP.CD,1976,31419534883.7209
"Venezuela, RB",VEN,NY.GDP.MKTP.CD,1977,36210697674.4186
"Venezuela, RB",VEN,NY.GDP.MKTP.CD,1978,39316279069.7674
"Venezuela, RB",VEN,NY.GDP.MKTP.CD,1979,48310930232.5581
"Venezuela, RB",VEN,NY.GDP.MKTP.CD,1980,59116511627.907
"Venezuela, RB",VEN,NY.GDP.MKTP.CD,1981,66327441860.4651
"Venezuela, RB",VEN,NY.GDP.MKTP.CD,1982,67736744186.0465
"Venezuela, RB",VEN,NY.GDP.MKTP.CD,1983,67556279069.7674
"Venezuela, RB",VEN,NY.GDP.MKTP.CD,1984,59867743467.9335
"Venezuela, RB",VEN,NY.GDP.MKTP.CD,1985,61965466666.6667
"Venezuela, RB",VEN,NY.GDP.MKTP.CD,1986,60516123711.3402
"Venezuela, RB",VEN,NY.GDP.MKTP.CD,1987,48029034482.7586
"Venezuela, RB",VEN,NY.GDP.MKTP.CD,1988,60226413793.1035
"Venezuela, RB",VEN,NY.GDP.MKTP.CD,1989,43536709104.0115
"Venezuela, RB",VEN,NY.GDP.MKTP.CD,1990,48606952194.7752
"Venezuela, RB",VEN,NY.GDP.MKTP.CD,1991,53453444786.6256
"Venezuela, RB",VEN,NY.GDP.MKTP.CD,1992,60416519620.0849
"Venezuela, RB",VEN,NY.GDP.MKTP.CD,1993,60037460783.1941
"Venezuela, RB",VEN,NY.GDP.MKTP.CD,1994,58418666666.6667
"Venezuela, RB",VEN,NY.GDP.MKTP.CD,1995,77389487770.0883
"Venezuela, RB",VEN,NY.GDP.MKTP.CD,1996,70543211119.099
"Venezuela, RB",VEN,NY.GDP.MKTP.CD,1997,85837678559.8324
"Venezuela, RB",VEN,NY.GDP.MKTP.CD,1998,91336763255.0597
"Venezuela, RB",VEN,NY.GDP.MKTP.CD,1999,97972842461.5131
"Venezuela, RB",VEN,NY.GDP.MKTP.CD,2000,117146466002.661
"Venezuela, RB",VEN,NY.GDP.MKTP.CD,2001,122911036746.729
"Venezuela, RB",VEN,NY.GDP.MKTP.CD,2002,92893587733.6549
"Venezuela, RB",VEN,NY.GDP.MKTP.CD,2003,83620628582.1082
"Venezuela, RB",VEN,NY.GDP.MKTP.CD,2004,112451400424.964
"Venezuela, RB",VEN,NY.GDP.MKTP.CD,2005,145513489651.872
"Venezuela, RB",VEN,NY.GDP.MKTP.CD,2006,183477522123.894
"Venezuela, RB",VEN,NY.GDP.MKTP.CD,2007,230364012575.687
"Venezuela, RB",VEN,NY.GDP.MKTP.CD,2008,315953388510.678
"Venezuela, RB",VEN,NY.GDP.MKTP.CD,2009,329787628928.472
"Venezuela, RB",VEN,NY.GDP.MKTP.CD,2010,393192354510.653
"Venezuela, RB",VEN,NY.GDP.MKTP.CD,2011,316482190800.364
"Venezuela, RB",VEN,NY.GDP.MKTP.CD,2012,371846610182.327
"Venezuela, RB",VEN,NY.GDP.MKTP.CD,2013,258512396297.714
"Venezuela, RB",VEN,NY.GDP.MKTP.CD,2014,214838755021.964
"Venezuela, RB",VEN,NY.GDP.MKTP.CD,2015,125249941853.534
"Venezuela, RB",VEN,NY.GDP.MKTP.CD,2016,112948035494.959
"Venezuela, RB",VEN,NY.GDP.MKTP.CD,2017,115892475742.789
"Venezuela, RB",VEN,NY.GDP.MKTP.CD,2018,101987075928.918
"Venezuela, RB",VEN,NY.GDP.MKTP.CD,2019,73014157107.594
"Venezuela, RB",VEN,NY.GDP.MKTP.CD,2020,42837965906.8675
"Venezuela, RB",VEN,NY.GDP.MKTP.CD,2021,56615026262.6535
"Venezuela, RB",VEN,NY.GDP.MKTP.CD,2022,89013251020.9831
"Venezuela, RB",VEN,NY.GDP.MKTP.CD,2023,102377501185.925
"Venezuela, RB",VEN,NY.GDP.MKTP.CD,2024,120566112397.063
"Venezuela, RB",VEN,NY.GDP.MKTP.CD,2025,99661244155.6306
Virgin Islands (U.S.),VIR,NY.GDP.MKTP.CD,2002,3262000000.0
Virgin Islands (U.S.),VIR,NY.GDP.MKTP.CD,2003,3443000000.0
Virgin Islands (U.S.),VIR,NY.GDP.MKTP.CD,2004,3797000000.0
Virgin Islands (U.S.),VIR,NY.GDP.MKTP.CD,2005,4428000000.0
Virgin Islands (U.S.),VIR,NY.GDP.MKTP.CD,2006,4484000000.0
Virgin Islands (U.S.),VIR,NY.GDP.MKTP.CD,2007,4784000000.0
Virgin Islands (U.S.),VIR,NY.GDP.MKTP.CD,2008,4244000000.0
Virgin Islands (U.S.),VIR,NY.GDP.MKTP.CD,2009,4201000000.0
Virgin Islands (U.S.),VIR,NY.GDP.MKTP.CD,2010,4324000000.0
Virgin Islands (U.S.),VIR,NY.GDP.MKTP.CD,2011,4223000000.0
Virgin Islands (U.S.),VIR,NY.GDP.MKTP.CD,2012,4089000000.0
Virgin Islands (U.S.),VIR,NY.GDP.MKTP.CD,2013,3738000000.0
Virgin Islands (U.S.),VIR,NY.GDP.MKTP.CD,2014,3565000000.0
Virgin Islands (U.S.),VIR,NY.GDP.MKTP.CD,2015,3663000000.0
Virgin Islands (U.S.),VIR,NY.GDP.MKTP.CD,2016,3798000000.0
Virgin Islands (U.S.),VIR,NY.GDP.MKTP.CD,2017,3794000000.0
Virgin Islands (U.S.),VIR,NY.GDP.MKTP.CD,2018,3923000000.0
Virgin Islands (U.S.),VIR,NY.GDP.MKTP.CD,2019,4121000000.0
Virgin Islands (U.S.),VIR,NY.GDP.MKTP.CD,2020,4229000000.0
Virgin Islands (U.S.),VIR,NY.GDP.MKTP.CD,2021,4507000000.0
Virgin Islands (U.S.),VIR,NY.GDP.MKTP.CD,2022,4672000000.0
Viet Nam,VNM,NY.GDP.MKTP.CD,1985,14094687820.7445
Viet Nam,VNM,NY.GDP.MKTP.CD,1986,26336616250.4397
Viet Nam,VNM,NY.GDP.MKTP.CD,1987,36658108850.3148
Viet Nam,VNM,NY.GDP.MKTP.CD,1988,25423812648.5941
Viet Nam,VNM,NY.GDP.MKTP.CD,1989,6293304974.59403
Viet Nam,VNM,NY.GDP.MKTP.CD,1990,6471740805.56984
Viet Nam,VNM,NY.GDP.MKTP.CD,1991,9613369520.41885
Viet Nam,VNM,NY.GDP.MKTP.CD,1992,9866990236.43587
Viet Nam,VNM,NY.GDP.MKTP.CD,1993,13180953598.1716
Viet Nam,VNM,NY.GDP.MKTP.CD,1994,16286433533.3228
Viet Nam,VNM,NY.GDP.MKTP.CD,1995,20736164458.9505
Viet Nam,VNM,NY.GDP.MKTP.CD,1996,24657470574.7501
Viet Nam,VNM,NY.GDP.MKTP.CD,1997,26843700441.5482
Viet Nam,VNM,NY.GDP.MKTP.CD,1998,27209602050.0452
Viet Nam,VNM,NY.GDP.MKTP.CD,1999,28683659006.7752
Viet Nam,VNM,NY.GDP.MKTP.CD,2000,31172518403.3162
Viet Nam,VNM,NY.GDP.MKTP.CD,2001,32685198808.5549
Viet Nam,VNM,NY.GDP.MKTP.CD,2002,35064105500.8344
Viet Nam,VNM,NY.GDP.MKTP.CD,2003,39552513231.9169
Viet Nam,VNM,NY.GDP.MKTP.CD,2004,45427854693.2554
Viet Nam,VNM,NY.GDP.MKTP.CD,2005,57633255738.1992
Viet Nam,VNM,NY.GDP.MKTP.CD,2006,66371664817.0436
Viet Nam,VNM,NY.GDP.MKTP.CD,2007,77414425532.2452
Viet Nam,VNM,NY.GDP.MKTP.CD,2008,99130304099.1274
Viet Nam,VNM,NY.GDP.MKTP.CD,2009,106014659565.214
Viet Nam,VNM,NY.GDP.MKTP.CD,2010,147201173196.979
Viet Nam,VNM,NY.GDP.MKTP.CD,2011,172595049183.925
Viet Nam,VNM,NY.GDP.MKTP.CD,2012,195590661129.249
Viet Nam,VNM,NY.GDP.MKTP.CD,2013,213708811665.34
Viet Nam,VNM,NY.GDP.MKTP.CD,2014,233451469642.519
Viet Nam,VNM,NY.GDP.MKTP.CD,2015,239258328381.741
Viet Nam,VNM,NY.GDP.MKTP.CD,2016,257096001177.982
Viet Nam,VNM,NY.GDP.MKTP.CD,2017,281353605986.903
Viet Nam,VNM,NY.GDP.MKTP.CD,2018,310106478394.659
Viet Nam,VNM,NY.GDP.MKTP.CD,2019,334365270496.667
Viet Nam,VNM,NY.GDP.MKTP.CD,2020,346615738537.796
Viet Nam,VNM,NY.GDP.MKTP.CD,2021,366474752771.009
Viet Nam,VNM,NY.GDP.MKTP.CD,2022,413445230668.578
Viet Nam,VNM,NY.GDP.MKTP.CD,2023,433805036898.465
Viet Nam,VNM,NY.GDP.MKTP.CD,2024,476324572783.807
Viet Nam,VNM,NY.GDP.MKTP.CD,2025,514697215165.065
Vanuatu,VUT,NY.GDP.MKTP.CD,1979,119258835.335525
Vanuatu,VUT,NY.GDP.MKTP.CD,1980,121185497.569261
Vanuatu,VUT,NY.GDP.MKTP.CD,1981,113781795.82356
Vanuatu,VUT,NY.GDP.MKTP.CD,1982,114501912.522867
Vanuatu,VUT,NY.GDP.MKTP.CD,1983,117389554.191406
Vanuatu,VUT,NY.GDP.MKTP.CD,1984,144482515.368336
Vanuatu,VUT,NY.GDP.MKTP.CD,1985,131856420.703184
Vanuatu,VUT,NY.GDP.MKTP.CD,1986,126498935.335649
Vanuatu,VUT,NY.GDP.MKTP.CD,1987,139464173.547324
Vanuatu,VUT,NY.GDP.MKTP.CD,1988,158351368.433149
Vanuatu,VUT,NY.GDP.MKTP.CD,1989,154013202.116475
Vanuatu,VUT,NY.GDP.MKTP.CD,1990,168879207.244148
Vanuatu,VUT,NY.GDP.MKTP.CD,1991,201334169.054441
Vanuatu,VUT,NY.GDP.MKTP.CD,1992,209088824.608438
Vanuatu,VUT,NY.GDP.MKTP.CD,1993,200491853.167847
Vanuatu,VUT,NY.GDP.MKTP.CD,1994,233701301.490486
Vanuatu,VUT,NY.GDP.MKTP.CD,1995,249333250.082507
Vanuatu,VUT,NY.GDP.MKTP.CD,1996,261370044.486614
Vanuatu,VUT,NY.GDP.MKTP.CD,1997,272771209.113662
Vanuatu,VUT,NY.GDP.MKTP.CD,1998,262293410.708334
Vanuatu,VUT,NY.GDP.MKTP.CD,1999,268006972.690296
Vanuatu,VUT,NY.GDP.MKTP.CD,2000,272014627.835262
Vanuatu,VUT,NY.GDP.MKTP.CD,2001,257926881.72043
Vanuatu,VUT,NY.GDP.MKTP.CD,2002,262596535.549028
Vanuatu,VUT,NY.GDP.MKTP.CD,2003,314471413.001776
Vanuatu,VUT,NY.GDP.MKTP.CD,2004,364996869.129618
Vanuatu,VUT,NY.GDP.MKTP.CD,2005,394962433.029368
Vanuatu,VUT,NY.GDP.MKTP.CD,2006,439358586.535588
Vanuatu,VUT,NY.GDP.MKTP.CD,2007,516392922.513728
Vanuatu,VUT,NY.GDP.MKTP.CD,2008,590748429.401902
Vanuatu,VUT,NY.GDP.MKTP.CD,2009,592622319.145664
Vanuatu,VUT,NY.GDP.MKTP.CD,2010,670712979.682038
Vanuatu,VUT,NY.GDP.MKTP.CD,2011,770153588.218833
Vanuatu,VUT,NY.GDP.MKTP.CD,2012,747839697.746593
Vanuatu,VUT,NY.GDP.MKTP.CD,2013,863347171.906814
Vanuatu,VUT,NY.GDP.MKTP.CD,2014,879185478.498067
Vanuatu,VUT,NY.GDP.MKTP.CD,2015,855360239.609869
Vanuatu,VUT,NY.GDP.MKTP.CD,2016,908725512.790966
Vanuatu,VUT,NY.GDP.MKTP.CD,2017,998536154.882053
Vanuatu,VUT,NY.GDP.MKTP.CD,2018,1034402941.04298
Vanuatu,VUT,NY.GDP.MKTP.CD,2019,1061547512.69257
Vanuatu,VUT,NY.GDP.MKTP.CD,2020,1017403362.80118
Vanuatu,VUT,NY.GDP.MKTP.CD,2021,1093826088.94269
Vanuatu,VUT,NY.GDP.MKTP.CD,2022,1151863789.76624
Vanuatu,VUT,NY.GDP.MKTP.CD,2023,1188137265.19047
Vanuatu,VUT,NY.GDP.MKTP.CD,2024,1297956614.77783
Vanuatu,VUT,NY.GDP.MKTP.CD,2025,1353658840.63993
World,WLD,NY.GDP.MKTP.CD,1960,1367697816706.48
World,WLD,NY.GDP.MKTP.CD,1961,1445418078270.82
World,WLD,NY.GDP.MKTP.CD,1962,1546545764840.33
World,WLD,NY.GDP.MKTP.CD,1963,1672226662378.7
World,WLD,NY.GDP.MKTP.CD,1964,1833219012877.02
World,WLD,NY.GDP.MKTP.CD,1965,1997655804366.35
World,WLD,NY.GDP.MKTP.CD,1966,2165498646895.2
World,WLD,NY.GDP.MKTP.CD,1967,2298119095631.23
World,WLD,NY.GDP.MKTP.CD,1968,2483627131302.64
World,WLD,NY.GDP.MKTP.CD,1969,2743573825629.55
World,WLD,NY.GDP.MKTP.CD,1970,3009478988898.71
World,WLD,NY.GDP.MKTP.CD,1971,3325831293865.24
World,WLD,NY.GDP.MKTP.CD,1972,3842019736073.42
World,WLD,NY.GDP.MKTP.CD,1973,4699146820051.78
World,WLD,NY.GDP.MKTP.CD,1974,5431302723228.32
World,WLD,NY.GDP.MKTP.CD,1975,6048005016166.34
World,WLD,NY.GDP.MKTP.CD,1976,6574572862295.26
World,WLD,NY.GDP.MKTP.CD,1977,7433986513280.19
World,WLD,NY.GDP.MKTP.CD,1978,8804316947866.46
World,WLD,NY.GDP.MKTP.CD,1979,10181253373888.4
World,WLD,NY.GDP.MKTP.CD,1980,11479787747421.4
World,WLD,NY.GDP.MKTP.CD,1981,11872917775514.8
World,WLD,NY.GDP.MKTP.CD,1982,11747181261106.9
World,WLD,NY.GDP.MKTP.CD,1983,11993276558849.8
World,WLD,NY.GDP.MKTP.CD,1984,12459409786103.5
World,WLD,NY.GDP.MKTP.CD,1985,13050699141666.9
World,WLD,NY.GDP.MKTP.CD,1986,15397826688510.3
World,WLD,NY.GDP.MKTP.CD,1987,17532755119890.9
World,WLD,NY.GDP.MKTP.CD,1988,19597682774627.7
World,WLD,NY.GDP.MKTP.CD,1989,20467635430294.5
World,WLD,NY.GDP.MKTP.CD,1990,22991895905266.2
World,WLD,NY.GDP.MKTP.CD,1991,23998499386379.8
World,WLD,NY.GDP.MKTP.CD,1992,25631432757013.7
World,WLD,NY.GDP.MKTP.CD,1993,26071136171460.6
World,WLD,NY.GDP.MKTP.CD,1994,28066274308784.1
World,WLD,NY.GDP.MKTP.CD,1995,31338014339198.1
World,WLD,NY.GDP.MKTP.CD,1996,32064860700885.1
World,WLD,NY.GDP.MKTP.CD,1997,31954804098164.9
World,WLD,NY.GDP.MKTP.CD,1998,31780795899557.2
World,WLD,NY.GDP.MKTP.CD,1999,32829035976968.2
World,WLD,NY.GDP.MKTP.CD,2000,33965806441911.9
World,WLD,NY.GDP.MKTP.CD,2001,33747838963540.0
World,WLD,NY.GDP.MKTP.CD,2002,35048255697763.3
World,WLD,NY.GDP.MKTP.CD,2003,39288473726074.5
World,WLD,NY.GDP.MKTP.CD,2004,44264898214305.3
World,WLD,NY.GDP.MKTP.CD,2005,47938461749088.8
World,WLD,NY.GDP.MKTP.CD,2006,51965655998564.4
World,WLD,NY.GDP.MKTP.CD,2007,58574302755950.8
World,WLD,NY.GDP.MKTP.CD,2008,64378551514749.4
World,WLD,NY.GDP.MKTP.CD,2009,61049315651690.3
World,WLD,NY.GDP.MKTP.CD,2010,66893676131662.8
World,WLD,NY.GDP.MKTP.CD,2011,74388644404622.5
World,WLD,NY.GDP.MKTP.CD,2012,76055253368044.6
World,WLD,NY.GDP.MKTP.CD,2013,78171001460419.0
World,WLD,NY.GDP.MKTP.CD,2014,80243543597078.9
World,WLD,NY.GDP.MKTP.CD,2015,75839351828606.2
World,WLD,NY.GDP.MKTP.CD,2016,77084966373474.0
World,WLD,NY.GDP.MKTP.CD,2017,82110104984460.0
World,WLD,NY.GDP.MKTP.CD,2018,87310840056717.8
World,WLD,NY.GDP.MKTP.CD,2019,88796498078977.7
World,WLD,NY.GDP.MKTP.CD,2020,86388502867289.2
World,WLD,NY.GDP.MKTP.CD,2021,98780038374127.0
World,WLD,NY.GDP.MKTP.CD,2022,102862471365575.0
World,WLD,NY.GDP.MKTP.CD,2023,107348614073350.0
World,WLD,NY.GDP.MKTP.CD,2024,111669432109121.0
World,WLD,NY.GDP.MKTP.CD,2025,118350166039396.0
Samoa,WSM,NY.GDP.MKTP.CD,1970,45208337.609386
Samoa,WSM,NY.GDP.MKTP.CD,1971,53719568.9655172
Samoa,WSM,NY.GDP.MKTP.CD,1972,62566116.3754812
Samoa,WSM,NY.GDP.MKTP.CD,1973,82452985.3658537
Samoa,WSM,NY.GDP.MKTP.CD,1974,93549610.93343
Samoa,WSM,NY.GDP.MKTP.CD,1975,93489282.5537294
Samoa,WSM,NY.GDP.MKTP.CD,1976,85003077.6967563
Samoa,WSM,NY.GDP.MKTP.CD,1977,98295671.0342196
Samoa,WSM,NY.GDP.MKTP.CD,1978,108223444.248268
Samoa,WSM,NY.GDP.MKTP.CD,1979,122257392.883079
Samoa,WSM,NY.GDP.MKTP.CD,1980,125747037.963668
Samoa,WSM,NY.GDP.MKTP.CD,1981,118190654.675563
Samoa,WSM,NY.GDP.MKTP.CD,1982,121221651.619316
Samoa,WSM,NY.GDP.MKTP.CD,1983,111862823.574979
Samoa,WSM,NY.GDP.MKTP.CD,1984,109200934.328518
Samoa,WSM,NY.GDP.MKTP.CD,1985,95572172.9835657
Samoa,WSM,NY.GDP.MKTP.CD,1986,100947848.64478
Samoa,WSM,NY.GDP.MKTP.CD,1987,111713922.141578
Samoa,WSM,NY.GDP.MKTP.CD,1988,133016065.416065
Samoa,WSM,NY.GDP.MKTP.CD,1989,122888609.715243
Samoa,WSM,NY.GDP.MKTP.CD,1990,125766269.755358
Samoa,WSM,NY.GDP.MKTP.CD,1991,125597205.422315
Samoa,WSM,NY.GDP.MKTP.CD,1992,132303041.36253
Samoa,WSM,NY.GDP.MKTP.CD,1993,133122897.196262
Samoa,WSM,NY.GDP.MKTP.CD,1994,221098106.508876
Samoa,WSM,NY.GDP.MKTP.CD,1995,224865731.381903
Samoa,WSM,NY.GDP.MKTP.CD,1996,249907868.772424
Samoa,WSM,NY.GDP.MKTP.CD,1997,285475591.89651
Samoa,WSM,NY.GDP.MKTP.CD,1998,269485244.15511
Samoa,WSM,NY.GDP.MKTP.CD,1999,255408060.259486
Samoa,WSM,NY.GDP.MKTP.CD,2000,258856139.798489
Samoa,WSM,NY.GDP.MKTP.CD,2001,266299591.479428
Samoa,WSM,NY.GDP.MKTP.CD,2002,281790134.211972
Samoa,WSM,NY.GDP.MKTP.CD,2003,333426188.41876
Samoa,WSM,NY.GDP.MKTP.CD,2004,407747565.096959
Samoa,WSM,NY.GDP.MKTP.CD,2005,476801793.159429
Samoa,WSM,NY.GDP.MKTP.CD,2006,499923757.780736
Samoa,WSM,NY.GDP.MKTP.CD,2007,573548459.833372
Samoa,WSM,NY.GDP.MKTP.CD,2008,641346191.664776
Samoa,WSM,NY.GDP.MKTP.CD,2009,628006115.424052
Samoa,WSM,NY.GDP.MKTP.CD,2010,680260907.153983
Samoa,WSM,NY.GDP.MKTP.CD,2011,744097050.169115
Samoa,WSM,NY.GDP.MKTP.CD,2012,773141661.165548
Samoa,WSM,NY.GDP.MKTP.CD,2013,797736334.281305
Samoa,WSM,NY.GDP.MKTP.CD,2014,796683519.593842
Samoa,WSM,NY.GDP.MKTP.CD,2015,824150498.653536
Samoa,WSM,NY.GDP.MKTP.CD,2016,843924796.697421
Samoa,WSM,NY.GDP.MKTP.CD,2017,884844384.463214
Samoa,WSM,NY.GDP.MKTP.CD,2018,878448433.404342
Samoa,WSM,NY.GDP.MKTP.CD,2019,912950466.064906
Samoa,WSM,NY.GDP.MKTP.CD,2020,868884902.953089
Samoa,WSM,NY.GDP.MKTP.CD,2021,859724936.05765
Samoa,WSM,NY.GDP.MKTP.CD,2022,889554711.842341
Samoa,WSM,NY.GDP.MKTP.CD,2023,1044909500.02527
Samoa,WSM,NY.GDP.MKTP.CD,2024,1175749785.65113
Samoa,WSM,NY.GDP.MKTP.CD,2025,1287936621.64619
Kosovo,XKX,NY.GDP.MKTP.CD,2008,5202943075.49453
Kosovo,XKX,NY.GDP.MKTP.CD,2009,5035779642.01679
Kosovo,XKX,NY.GDP.MKTP.CD,2010,5343950626.16668
Kosovo,XKX,NY.GDP.MKTP.CD,2011,6341614504.59145
Kosovo,XKX,NY.GDP.MKTP.CD,2012,6163483291.08047
Kosovo,XKX,NY.GDP.MKTP.CD,2013,6735327512.05178
Kosovo,XKX,NY.GDP.MKTP.CD,2014,7074392884.04507
Kosovo,XKX,NY.GDP.MKTP.CD,2015,6295845465.35898
Kosovo,XKX,NY.GDP.MKTP.CD,2016,6682674062.9615
Kosovo,XKX,NY.GDP.MKTP.CD,2017,7180768692.26354
Kosovo,XKX,NY.GDP.MKTP.CD,2018,7878762812.20156
Kosovo,XKX,NY.GDP.MKTP.CD,2019,7899204690.79214
Kosovo,XKX,NY.GDP.MKTP.CD,2020,7734497455.75411
Kosovo,XKX,NY.GDP.MKTP.CD,2021,9412099545.05799
Kosovo,XKX,NY.GDP.MKTP.CD,2022,9367633202.54673
Kosovo,XKX,NY.GDP.MKTP.CD,2023,10466753839.9923
Kosovo,XKX,NY.GDP.MKTP.CD,2024,11203038332.3359
Kosovo,XKX,NY.GDP.MKTP.CD,2025,12456403306.8191
"Yemen, Rep.",YEM,NY.GDP.MKTP.CD,1990,12643821568.9626
"Yemen, Rep.",YEM,NY.GDP.MKTP.CD,1991,14665445462.1149
"Yemen, Rep.",YEM,NY.GDP.MKTP.CD,1992,17959367194.005
"Yemen, Rep.",YEM,NY.GDP.MKTP.CD,1993,21736802664.4463
"Yemen, Rep.",YEM,NY.GDP.MKTP.CD,1994,28019483763.5304
"Yemen, Rep.",YEM,NY.GDP.MKTP.CD,1995,12796345679.0123
"Yemen, Rep.",YEM,NY.GDP.MKTP.CD,1996,6496163615.66086
"Yemen, Rep.",YEM,NY.GDP.MKTP.CD,1997,6838298530.54911
"Yemen, Rep.",YEM,NY.GDP.MKTP.CD,1998,6322175565.94651
"Yemen, Rep.",YEM,NY.GDP.MKTP.CD,1999,7639325295.88287
"Yemen, Rep.",YEM,NY.GDP.MKTP.CD,2000,9679316770.18633
"Yemen, Rep.",YEM,NY.GDP.MKTP.CD,2001,9852990692.98714
"Yemen, Rep.",YEM,NY.GDP.MKTP.CD,2002,10693430511.4664
"Yemen, Rep.",YEM,NY.GDP.MKTP.CD,2003,11777532662.0499
"Yemen, Rep.",YEM,NY.GDP.MKTP.CD,2004,13867634371.4773
"Yemen, Rep.",YEM,NY.GDP.MKTP.CD,2005,16731566717.1888
"Yemen, Rep.",YEM,NY.GDP.MKTP.CD,2006,19063143369.858
"Yemen, Rep.",YEM,NY.GDP.MKTP.CD,2007,21650528674.0933
"Yemen, Rep.",YEM,NY.GDP.MKTP.CD,2008,26910855807.288
"Yemen, Rep.",YEM,NY.GDP.MKTP.CD,2009,25130278212.5575
"Yemen, Rep.",YEM,NY.GDP.MKTP.CD,2010,30906749533.221
"Yemen, Rep.",YEM,NY.GDP.MKTP.CD,2011,32726417878.391
"Yemen, Rep.",YEM,NY.GDP.MKTP.CD,2012,35401331609.5916
"Yemen, Rep.",YEM,NY.GDP.MKTP.CD,2013,40415233436.1767
"Yemen, Rep.",YEM,NY.GDP.MKTP.CD,2014,43228585321.3272
"Yemen, Rep.",YEM,NY.GDP.MKTP.CD,2015,42444490073.8555
"Yemen, Rep.",YEM,NY.GDP.MKTP.CD,2016,31317825274.1507
"Yemen, Rep.",YEM,NY.GDP.MKTP.CD,2017,26842229044.5848
"Yemen, Rep.",YEM,NY.GDP.MKTP.CD,2018,21606160663.0318
South Africa,ZAF,NY.GDP.MKTP.CD,1960,8748596500.5614
South Africa,ZAF,NY.GDP.MKTP.CD,1961,9225996309.60148
South Africa,ZAF,NY.GDP.MKTP.CD,1962,9813996074.40157
South Africa,ZAF,NY.GDP.MKTP.CD,1963,10854195658.3217
South Africa,ZAF,NY.GDP.MKTP.CD,1964,11955995217.6019
South Africa,ZAF,NY.GDP.MKTP.CD,1965,13068994772.4021
South Africa,ZAF,NY.GDP.MKTP.CD,1966,14211394315.4423
South Africa,ZAF,NY.GDP.MKTP.CD,1967,15821393671.4425
South Africa,ZAF,NY.GDP.MKTP.CD,1968,17124793150.0827
South Africa,ZAF,NY.GDP.MKTP.CD,1969,19256992297.2031
South Africa,ZAF,NY.GDP.MKTP.CD,1970,21218391512.6434
South Africa,ZAF,NY.GDP.MKTP.CD,1971,23411076638.279
South Africa,ZAF,NY.GDP.MKTP.CD,1972,24515919216.8851
South Africa,ZAF,NY.GDP.MKTP.CD,1973,33262772008.1446
South Africa,ZAF,NY.GDP.MKTP.CD,1974,41389186094.5992
South Africa,ZAF,NY.GDP.MKTP.CD,1975,42906905672.42
South Africa,ZAF,NY.GDP.MKTP.CD,1976,41150460287.6151
South Africa,ZAF,NY.GDP.MKTP.CD,1977,45328411332.1028
South Africa,ZAF,NY.GDP.MKTP.CD,1978,51607412901.8532
South Africa,ZAF,NY.GDP.MKTP.CD,1979,63038658088.9121
South Africa,ZAF,NY.GDP.MKTP.CD,1980,89411864402.4272
South Africa,ZAF,NY.GDP.MKTP.CD,1981,93141472163.7596
South Africa,ZAF,NY.GDP.MKTP.CD,1982,85904057409.3585
South Africa,ZAF,NY.GDP.MKTP.CD,1983,96204110941.5672
South Africa,ZAF,NY.GDP.MKTP.CD,1984,84870163365.9306
South Africa,ZAF,NY.GDP.MKTP.CD,1985,64459376086.6883
South Africa,ZAF,NY.GDP.MKTP.CD,1986,73354771399.2627
South Africa,ZAF,NY.GDP.MKTP.CD,1987,96535763418.3729
South Africa,ZAF,NY.GDP.MKTP.CD,1988,103976831870.957
South Africa,ZAF,NY.GDP.MKTP.CD,1989,108055624081.806
South Africa,ZAF,NY.GDP.MKTP.CD,1990,126048140141.869
South Africa,ZAF,NY.GDP.MKTP.CD,1991,135203698237.977
South Africa,ZAF,NY.GDP.MKTP.CD,1992,146956150986.636
South Africa,ZAF,NY.GDP.MKTP.CD,1993,147194747565.75
South Africa,ZAF,NY.GDP.MKTP.CD,1994,153512712381.836
South Africa,ZAF,NY.GDP.MKTP.CD,1995,171735933897.331
South Africa,ZAF,NY.GDP.MKTP.CD,1996,163234925380.563
South Africa,ZAF,NY.GDP.MKTP.CD,1997,168978057327.73
South Africa,ZAF,NY.GDP.MKTP.CD,1998,152982984557.233
South Africa,ZAF,NY.GDP.MKTP.CD,1999,151516957078.536
South Africa,ZAF,NY.GDP.MKTP.CD,2000,151752757215.309
South Africa,ZAF,NY.GDP.MKTP.CD,2001,135429905922.526
South Africa,ZAF,NY.GDP.MKTP.CD,2002,129087556612.449
South Africa,ZAF,NY.GDP.MKTP.CD,2003,197018965308.697
South Africa,ZAF,NY.GDP.MKTP.CD,2004,255806908594.573
South Africa,ZAF,NY.GDP.MKTP.CD,2005,288867217196.534
South Africa,ZAF,NY.GDP.MKTP.CD,2006,303858675363.643
South Africa,ZAF,NY.GDP.MKTP.CD,2007,333077117253.684
South Africa,ZAF,NY.GDP.MKTP.CD,2008,316131258616.309
South Africa,ZAF,NY.GDP.MKTP.CD,2009,329754060647.129
South Africa,ZAF,NY.GDP.MKTP.CD,2010,417363822801.713
South Africa,ZAF,NY.GDP.MKTP.CD,2011,458199494830.834
South Africa,ZAF,NY.GDP.MKTP.CD,2012,434400545085.811
South Africa,ZAF,NY.GDP.MKTP.CD,2013,400886013595.573
South Africa,ZAF,NY.GDP.MKTP.CD,2014,381198869776.106
South Africa,ZAF,NY.GDP.MKTP.CD,2015,346709790458.563
South Africa,ZAF,NY.GDP.MKTP.CD,2016,323585509674.481
South Africa,ZAF,NY.GDP.MKTP.CD,2017,381448814653.456
South Africa,ZAF,NY.GDP.MKTP.CD,2018,405260723892.517
South Africa,ZAF,NY.GDP.MKTP.CD,2019,389330032224.269
South Africa,ZAF,NY.GDP.MKTP.CD,2020,337974655408.055
South Africa,ZAF,NY.GDP.MKTP.CD,2021,419986284375.368
South Africa,ZAF,NY.GDP.MKTP.CD,2022,407596043067.885
South Africa,ZAF,NY.GDP.MKTP.CD,2023,381440724491.232
South Africa,ZAF,NY.GDP.MKTP.CD,2024,401144998373.585
South Africa,ZAF,NY.GDP.MKTP.CD,2025,427184325997.307
Zambia,ZMB,NY.GDP.MKTP.CD,1960,698739720.783607
Zambia,ZMB,NY.GDP.MKTP.CD,1961,682359727.329053
Zambia,ZMB,NY.GDP.MKTP.CD,1962,679279728.55982
Zambia,ZMB,NY.GDP.MKTP.CD,1963,704339718.545848
Zambia,ZMB,NY.GDP.MKTP.CD,1964,822639671.273187
Zambia,ZMB,NY.GDP.MKTP.CD,1965,1061199575.94465
Zambia,ZMB,NY.GDP.MKTP.CD,1966,1238999504.8958
Zambia,ZMB,NY.GDP.MKTP.CD,1967,1340639464.28047
Zambia,ZMB,NY.GDP.MKTP.CD,1968,1573739371.13375
Zambia,ZMB,NY.GDP.MKTP.CD,1969,1926399230.21087
Zambia,ZMB,NY.GDP.MKTP.CD,1970,1788779285.2038
Zambia,ZMB,NY.GDP.MKTP.CD,1971,1653259341.29113
Zambia,ZMB,NY.GDP.MKTP.CD,1972,1872416680.07912
Zambia,ZMB,NY.GDP.MKTP.CD,1973,2434255236.99935
Zambia,ZMB,NY.GDP.MKTP.CD,1974,2910981262.10018
Zambia,ZMB,NY.GDP.MKTP.CD,1975,2442672140.947
Zambia,ZMB,NY.GDP.MKTP.CD,1976,2742859262.9794
Zambia,ZMB,NY.GDP.MKTP.CD,1977,2515296939.60686
Zambia,ZMB,NY.GDP.MKTP.CD,1978,2811032472.93922
Zambia,ZMB,NY.GDP.MKTP.CD,1979,3353445378.15126
Zambia,ZMB,NY.GDP.MKTP.CD,1980,3884530853.76162
Zambia,ZMB,NY.GDP.MKTP.CD,1981,4008126497.36464
Zambia,ZMB,NY.GDP.MKTP.CD,1982,3871117092.86676
Zambia,ZMB,NY.GDP.MKTP.CD,1983,3321048451.15171
Zambia,ZMB,NY.GDP.MKTP.CD,1984,2719518932.99541
Zambia,ZMB,NY.GDP.MKTP.CD,1985,2252454500.14896
Zambia,ZMB,NY.GDP.MKTP.CD,1986,1664413508.09853
Zambia,ZMB,NY.GDP.MKTP.CD,1987,2265250972.34879
Zambia,ZMB,NY.GDP.MKTP.CD,1988,3728878148.80792
Zambia,ZMB,NY.GDP.MKTP.CD,1989,3994673161.02649
Zambia,ZMB,NY.GDP.MKTP.CD,1990,3288381797.32415
Zambia,ZMB,NY.GDP.MKTP.CD,1991,3376806697.1218
Zambia,ZMB,NY.GDP.MKTP.CD,1992,3182810841.01704
Zambia,ZMB,NY.GDP.MKTP.CD,1993,3273505343.85539
Zambia,ZMB,NY.GDP.MKTP.CD,1994,3656806165.78848
Zambia,ZMB,NY.GDP.MKTP.CD,1995,3806983413.16416
Zambia,ZMB,NY.GDP.MKTP.CD,1996,3597220962.00017
Zambia,ZMB,NY.GDP.MKTP.CD,1997,4303288479.7086
Zambia,ZMB,NY.GDP.MKTP.CD,1998,3537741941.89367
Zambia,ZMB,NY.GDP.MKTP.CD,1999,3404284890.5306
Zambia,ZMB,NY.GDP.MKTP.CD,2000,3600632111.41414
Zambia,ZMB,NY.GDP.MKTP.CD,2001,4094441301.21423
Zambia,ZMB,NY.GDP.MKTP.CD,2002,4193850445.42632
Zambia,ZMB,NY.GDP.MKTP.CD,2003,4901869764.05957
Zambia,ZMB,NY.GDP.MKTP.CD,2004,6221110219.45542
Zambia,ZMB,NY.GDP.MKTP.CD,2005,8331870169.14977
Zambia,ZMB,NY.GDP.MKTP.CD,2006,12756858899.2812
Zambia,ZMB,NY.GDP.MKTP.CD,2007,14056957976.2648
Zambia,ZMB,NY.GDP.MKTP.CD,2008,17910858637.9048
Zambia,ZMB,NY.GDP.MKTP.CD,2009,15328342303.9575
Zambia,ZMB,NY.GDP.MKTP.CD,2010,20265559483.8548
Zambia,ZMB,NY.GDP.MKTP.CD,2011,23459515275.5776
Zambia,ZMB,NY.GDP.MKTP.CD,2012,25503060420.026
Zambia,ZMB,NY.GDP.MKTP.CD,2013,28037239462.7142
Zambia,ZMB,NY.GDP.MKTP.CD,2014,27141023558.0829
Zambia,ZMB,NY.GDP.MKTP.CD,2015,21251216798.7762
Zambia,ZMB,NY.GDP.MKTP.CD,2016,20958412538.3093
Zambia,ZMB,NY.GDP.MKTP.CD,2017,25873601260.8353
Zambia,ZMB,NY.GDP.MKTP.CD,2018,26311507273.6735
Zambia,ZMB,NY.GDP.MKTP.CD,2019,23308667781.2258
Zambia,ZMB,NY.GDP.MKTP.CD,2020,18137764930.651
Zambia,ZMB,NY.GDP.MKTP.CD,2021,22096416932.0089
Zambia,ZMB,NY.GDP.MKTP.CD,2022,29163782140.4858
Zambia,ZMB,NY.GDP.MKTP.CD,2023,27577956471.244
Zambia,ZMB,NY.GDP.MKTP.CD,2024,25303185342.2511
Zambia,ZMB,NY.GDP.MKTP.CD,2025,28879806220.1264
Zimbabwe,ZWE,NY.GDP.MKTP.CD,1960,1053528036.42755
Zimbabwe,ZWE,NY.GDP.MKTP.CD,1961,1097206526.43457
Zimbabwe,ZWE,NY.GDP.MKTP.CD,1962,1118172225.65019
Zimbabwe,ZWE,NY.GDP.MKTP.CD,1963,1160103724.1325
Zimbabwe,ZWE,NY.GDP.MKTP.CD,1964,1217759447.00099
Zimbabwe,ZWE,NY.GDP.MKTP.CD,1965,1312105393.62448
Zimbabwe,ZWE,NY.GDP.MKTP.CD,1966,1282403936.37681
Zimbabwe,ZWE,NY.GDP.MKTP.CD,1967,1397715282.06274
Zimbabwe,ZWE,NY.GDP.MKTP.CD,1968,1480355354.94474
Zimbabwe,ZWE,NY.GDP.MKTP.CD,1969,1748891294.20526
Zimbabwe,ZWE,NY.GDP.MKTP.CD,1970,1885168339.10681
Zimbabwe,ZWE,NY.GDP.MKTP.CD,1971,2179828710.18738
Zimbabwe,ZWE,NY.GDP.MKTP.CD,1972,2679096596.57517
Zimbabwe,ZWE,NY.GDP.MKTP.CD,1973,3311043291.61257
Zimbabwe,ZWE,NY.GDP.MKTP.CD,1974,3984194614.19552
Zimbabwe,ZWE,NY.GDP.MKTP.CD,1975,4373532601.15703
Zimbabwe,ZWE,NY.GDP.MKTP.CD,1976,4320576876.79177
Zimbabwe,ZWE,NY.GDP.MKTP.CD,1977,4366610468.65438
Zimbabwe,ZWE,NY.GDP.MKTP.CD,1978,4353822342.61788
Zimbabwe,ZWE,NY.GDP.MKTP.CD,1979,5180102910.1171
Zimbabwe,ZWE,NY.GDP.MKTP.CD,1980,6682278300.2622
Zimbabwe,ZWE,NY.GDP.MKTP.CD,1981,8015464251.71692
Zimbabwe,ZWE,NY.GDP.MKTP.CD,1982,8544060905.16113
Zimbabwe,ZWE,NY.GDP.MKTP.CD,1983,7768031181.67262
Zimbabwe,ZWE,NY.GDP.MKTP.CD,1984,6355369171.99585
Zimbabwe,ZWE,NY.GDP.MKTP.CD,1985,5640137575.00727
Zimbabwe,ZWE,NY.GDP.MKTP.CD,1986,6220698246.72927
Zimbabwe,ZWE,NY.GDP.MKTP.CD,1987,6744657033.37727
Zimbabwe,ZWE,NY.GDP.MKTP.CD,1988,7818774176.83792
Zimbabwe,ZWE,NY.GDP.MKTP.CD,1989,8290553535.28012
Zimbabwe,ZWE,NY.GDP.MKTP.CD,1990,8788301546.04498
Zimbabwe,ZWE,NY.GDP.MKTP.CD,1991,8646000000.0
Zimbabwe,ZWE,NY.GDP.MKTP.CD,1992,6755000000.0
Zimbabwe,ZWE,NY.GDP.MKTP.CD,1993,6567250000.0
Zimbabwe,ZWE,NY.GDP.MKTP.CD,1994,6894250000.0
Zimbabwe,ZWE,NY.GDP.MKTP.CD,1995,7115000000.0
Zimbabwe,ZWE,NY.GDP.MKTP.CD,1996,8557500000.0
Zimbabwe,ZWE,NY.GDP.MKTP.CD,1997,8534000000.0
Zimbabwe,ZWE,NY.GDP.MKTP.CD,1998,6405250000.0
Zimbabwe,ZWE,NY.GDP.MKTP.CD,1999,6861500000.0
Zimbabwe,ZWE,NY.GDP.MKTP.CD,2000,6693250000.0
Zimbabwe,ZWE,NY.GDP.MKTP.CD,2001,6780750000.0
Zimbabwe,ZWE,NY.GDP.MKTP.CD,2002,6345250000.0
Zimbabwe,ZWE,NY.GDP.MKTP.CD,2003,5730500000.0
Zimbabwe,ZWE,NY.GDP.MKTP.CD,2004,5808500000.0
Zimbabwe,ZWE,NY.GDP.MKTP.CD,2005,5758250000.0
Zimbabwe,ZWE,NY.GDP.MKTP.CD,2006,5446750000.0
Zimbabwe,ZWE,NY.GDP.MKTP.CD,2007,5294750000.0
Zimbabwe,ZWE,NY.GDP.MKTP.CD,2008,4418000000.0
Zimbabwe,ZWE,NY.GDP.MKTP.CD,2009,9670750000.0
Zimbabwe,ZWE,NY.GDP.MKTP.CD,2010,12047750000.0
Zimbabwe,ZWE,NY.GDP.MKTP.CD,2011,14109000000.0
Zimbabwe,ZWE,NY.GDP.MKTP.CD,2012,17123500000.0
Zimbabwe,ZWE,NY.GDP.MKTP.CD,2013,19100750000.0
Zimbabwe,ZWE,NY.GDP.MKTP.CD,2014,19505500000.0
Zimbabwe,ZWE,NY.GDP.MKTP.CD,2015,19973250000.0
Zimbabwe,ZWE,NY.GDP.MKTP.CD,2016,20559250000.0
Zimbabwe,ZWE,NY.GDP.MKTP.CD,2017,51035657370.5179
Zimbabwe,ZWE,NY.GDP.MKTP.CD,2018,34141666666.6667
Zimbabwe,ZWE,NY.GDP.MKTP.CD,2019,33360632553.3556
Zimbabwe,ZWE,NY.GDP.MKTP.CD,2020,31979753644.6558
Zimbabwe,ZWE,NY.GDP.MKTP.CD,2021,41287852523.5016
Zimbabwe,ZWE,NY.GDP.MKTP.CD,2022,40757585308.5016
Zimbabwe,ZWE,NY.GDP.MKTP.CD,2023,35871781303.429
Zimbabwe,ZWE,NY.GDP.MKTP.CD,2024,41521975830.2351
Zimbabwe,ZWE,NY.GDP.MKTP.CD,2025,51215643905.5886
